序号,核心词汇,简要解释
1,abandonment,放弃
2,abnormally,不正常的
3,absolutely,当然
4,abstract,抽象的
5,abuse,虐待；滥用
6,accelerate,加速
7,accomplish,实现
8,accountant,会计
9,accrue,积累
10,accurate,精确的
11,accuse,指控
12,accustom,使习惯
13,achieve,达到，实现
14,acquaintance,熟人
15,activate,激活
16,acutely,敏锐地
17,addict,上瘾，沉溺
18,address,解决
19,administration,管理，政府
20,adopt,采纳
21,adventure,冒险
22,adventurer,冒险者
23,adverse,相反的，敌对的
24,adversely,不利地
25,affection,喜爱
26,agenda,议程
27,aggravate,加重，加剧
28,agonize,使痛苦
29,aid,援助，有助于
30,alert,机警的；提醒
31,alien,陌生的
32,allergic,过敏的
33,alternative,代替品
34,analytical,分析的
35,ancient,古代的
36,ankle,脚踝
37,anonymous,匿名的
38,anticipate,期望，预期
39,anxiety,焦虑
40,apartment,公寓
41,apathy,冷漠
42,apologize,道歉
43,applicable,可应用的
44,applicant,申请者
45,appoint,任命
46,appreciative,表示赞赏的，感谢的
47,approach,方法
48,appropriate,适当的
49,approve,赞同
50,approximately,大约
51,arm,装备，武装
52,arouse,唤起
53,arrogant,傲慢无礼的
54,artificial,人造的，虚伪的
55,aspect,方面
56,assassinate,刺杀，暗杀
57,assemble,收集，组装
58,assessment,评估，评价
59,association,联系
60,athletic,运动的，运动员的
61,atmosphere,气氛，空气
62,attendant,服务人员
63,authorities,当局
64,authority,权威
65,authorization,授权
66,automatic,自动的
67,auxiliary,辅助的
68,available,可获得的，可利用的
69,awareness,意识
70,awesome,极好的，令人敬畏的
71,backup,后补，援助
72,bacteria,细菌
73,ballet,芭蕾
74,barely,几乎不，仅仅
75,barrier,障碍，阻碍
76,battery,电池
77,battle,激战，战役
78,bias,偏见
79,biography,自传
80,bitter,痛苦的
81,bizarre,古怪的；奇怪的
82,blame,谴责
83,blouse,衬衫
84,blueprint,蓝图，设计图
85,board,董事会
86,boom,繁荣
87,boost,提高
88,botanical,植物学的
89,bother,困扰
90,branch,分支，分公司
91,breakthrough,突破性进展
92,breed,繁殖；导致
93,breezy,轻松愉快的
94,bribe,贿赂
95,bridge,缩小；架桥于…之上
96,bruise,使碰伤，擦伤
97,brutal,残酷的
98,buck,反对；美元
99,burden,负担
100,bureaucracy,官僚主义
101,burial,埋葬
102,calculation,计算
103,calorie,卡路里
104,campaign,活动
105,cancel,取消
106,capable,有能力的
107,capacity,能力，容量
108,capital,资金的，资本的
109,capture,捕捉
110,cast,投掷，扔
111,casualty,伤亡人数
112,category,种类
113,cautious,谨慎的
114,chain,连锁店
115,chaos,混乱
116,character,角色
117,check,检查；阻止
118,chronicle,记录
119,circulation,发行量
120,circumstance,情况，环境
121,citation,引文
122,claim,索取，声称
123,clarify,澄清，明确
124,classify,分类
125,clause,条款
126,clue,线索
127,coastal,海滨的
128,code,代号，密码
129,collaborative,合作的
130,collapse,坍塌，崩塌
131,collective,共同的
132,collide,撞击，碰撞
133,commerce,商业
134,commitment,承诺
135,commodity,商品
136,compartment,"车厢, 隔间"
137,compel,强迫
138,compelling,引人注目的
139,compensate,弥补
140,competence,能力
141,complaint,抱怨，投诉
142,complicated,复杂的
143,comprehensive,综合的，全面的
144,concession,妥协
145,conclusive,得出结论的
146,concrete,具体的
147,conduct,引导，管理
148,confine,限制
149,conflict,冲突
150,conformity,一致
151,confrontational,对抗的，有敌意的
152,consensus,共识，一致
153,conservation,保护
154,conservative,保守的
155,considerable,相当多的
156,console,安慰
157,constant,不断的
158,construction,建筑
159,consultancy,咨询
160,consumption,"消费, 消耗"
161,contamination,污染
162,content,满意的
163,contention,争论
164,contrary,相反的
165,contribute,有助于
166,contribution,贡献
167,controversy,争议
168,conventional,传统的
169,convert,转换，改变
170,convict,证明……有罪
171,convince,使……相信
172,coordination,协调
173,corruption,腐败
174,counsel,建议，忠告
175,counselor,咨询顾问
176,countermeasure,对策
177,cover,报道
178,coverage,报道
179,criminal,犯罪的；罪犯
180,criteria,标准
181,critical,挑剔的，批评的；关键的
182,criticism,批评
183,crucial,关键的
184,curb,限制，控制
185,currency,货币
186,dare,勇敢，敢于做
187,debris,残骸，碎片
188,decent,体面的
189,decisive,决定性的
190,decline,拒绝
191,deem,认为
192,defect,缺点
193,defensive,防守的，防御的
194,deficient,不足的，缺乏的
195,deficit,赤字
196,defy,违背，违抗
197,deliberate,故意的
198,delicate,精细的，细微的
199,deliver,发表，递送
200,democracy,民主
201,denationalize,使非国有化
202,deny,否认
203,deprive,剥夺
204,derail,脱轨
205,derive,获得
206,descendant,子孙后代
207,descriptive,描写的，描述的
208,deserve,值得
209,desperate,绝望的，不顾一切的
210,destination,目的地
211,destructive,破坏性的，毁灭性的
212,detached,冷漠的，超然的
213,detect,发现
214,detective,侦探
215,diligence,勤奋
216,dim,暗淡的；愚蠢的
217,diminish,减少
218,disadvantage,缺点，不利条件
219,disappear,消失
220,disarm,解除，消除
221,discipline,学科
222,disconnect,断开
223,discourage,阻止；使气馁
224,disengagement,分离，疏离感
225,dishonest,不诚实的
226,dismiss,忽视
227,dispatch,发送，派遣
228,disproportionately,比例不均地，不成比例地
229,disservice,帮倒忙，危害
230,distinctive,与众不同的
231,distort,扭曲
232,distribution,分布，分配
233,diverse,各种各样的
234,diversion,转移；娱乐
235,diversity,多样性
236,divert,转移
237,dividend,分红，红利
238,documentary,纪录片
239,dolphin,海豚
240,domestic,国内的
241,dominate,主导，主宰
242,donor,捐赠者
243,dorm,宿舍
244,dramatically,大幅度地；戏剧性地
245,drastically,激烈地，猛烈地
246,drift,漂流
247,dropout,辍学
248,drought,干旱
249,drown,溺水
250,dweller,居住者
251,dysfunction,失灵
252,eccentric,古怪的
253,ecological,生态学的
254,edit,剪辑，编辑
255,election,选举
256,eliminate,消除
257,elite,精英
258,eloquent,口才好的，雄辩的
259,emerge,出现
260,emphasize,强调
261,encounter,遭遇
262,encourage,鼓励
263,endless,无限的，没完没了的
264,enforce,强迫，迫使
265,engage,忙于，从事；雇佣
266,enormous,巨大的
267,enrich,丰富，使富裕
268,enrollment,入学人数
269,enthusiastic,热情的
270,entrepreneurship,企业管理
271,epidemic,流行病
272,eradicate,根除
273,erect,建立
274,erroneous,错误的
275,erupt,"喷出, 爆发"
276,essential,本质的，必须的
277,esteem,尊重
278,ethnic,种族的
279,evolution,演变；进化；发展
280,exaggerate,夸张
281,exceed,超过
282,exceptional,例外的
283,excess,过量，过度
284,excessive,过度的
285,executive,执行官
286,exert,施加
287,exotic,异域的，外国的
288,expansion,扩大
289,expectation,期望
290,expedition,探险，远征
291,expenditure,费用，花销
292,expertise,专业知识
293,extend,延伸；延期
294,extent,程度
295,extinction,灭绝
296,extreme,极端的
297,eyewitness,目击者
298,facility,设施
299,faculty,教工，教员
300,fade,褪色
301,fatal,致命的
302,fatigue,疲惫
303,favor,偏爱
304,fearlessly,无畏地，大胆地
305,fierce,激烈的
306,figure,数字
307,fiscal,财政的
308,flat,平的；公寓
309,flavor,口味
310,flaw,缺点，瑕疵
311,flee,离开
312,flexible,灵活的
313,float,漂浮
314,footnote,注脚
315,forecast,预报，预测
316,format,形式
317,formidable,可怕的；令人敬畏的，令人惊叹的
318,foster,促进；培养
319,foundation,基金会
320,frankly,坦率地
321,frantic,疯狂的
322,fresh,新颖的，新奇的
323,frighten,使害怕
324,frontier,边境
325,frustrate,使挫败，使沮丧
326,fulfill,实现
327,furious,生气的；激烈的
328,fuss,小题大做
329,gallery,美术馆
330,gap,差距
331,garage,车库
332,gender,性别
333,generate,产生
334,generous,慷慨的
335,genetic,基因的
336,genius,天才
337,genuine,真的；由衷的
338,geology,地质学
339,gesture,姿势，手势
340,glamorous,有魅力的，迷人的
341,glory,光荣，荣誉
342,govern,管理
343,grand,壮丽的，极好的
344,grasp,抓住，理解
345,gratitude,感激
346,grocery,杂货店
347,guarantee,保证
348,guard,保护
349,guesstimate,大概估计，瞎猜估计
350,habitual,习惯的
351,handgun,手枪
352,handle,把手
353,hardship,艰难
354,harsh,严酷的，严峻的
355,hatch,孵化
356,hazard,危险
357,hesitate,犹豫
358,hinder,阻碍
359,hospitality,友好
360,host,主持
361,hostile,有敌意的
362,household,家庭，一家人
363,humanistic,人文的
364,humorous,幽默的
365,hypothesis,假设，假说
366,identify,认出，识别
367,ideologically,意识形态上地
368,ideology,意识形态
369,ignore,忽视
370,imbalance,不平衡
371,immense,巨大的
372,immensely,非常，极大地
373,immigrant,移民
374,imminent,即将来临的
375,impact,影响
376,impose,强加于
377,imprison,监禁
378,inadequate,不足的
379,incentive,刺激
380,incidence,发生率
381,incompetence,无能
382,index,指数
383,indicate,表明
384,indicative,指示的
385,indifferent,冷漠的
386,indiscriminately,不加选择地，不加区分地
387,indispensable,必不可少的
388,indulge,放纵
389,industrious,勤奋的
390,ineffective,无效的
391,inevitable,不可避免的
392,inexhaustible,用不完的，无穷无尽的
393,infant,婴儿
394,infect,感染
395,inflation,通货膨胀
396,influential,有影响力的
397,inhale,吸入
398,inherit,继承
399,initiative,主动性
400,injustice,不公正
401,innovation,创新，革新
402,inspire,鼓励
403,instant,立即的
404,instinctively,本能地
405,institution,机构
406,insufficient,不足的
407,integrity,正直
408,intelligent,聪明的
409,intensely,强烈地
410,interact,互动
411,interaction,互动
412,interference,干涉
413,interpretation,解释，理解
414,interracial,种族间的
415,intervene,干涉
416,intervention,干涉
417,intriguing,有趣的
418,invasion,入侵
419,irony,讽刺
420,irrelevant,无关的
421,irritate,激怒
422,isolation,隔绝，隔离
423,judicial,司法的
424,jury,陪审团
425,justifiable,理所应当的
426,justified,正当的
427,keen,浓厚的；敏锐的
428,kidnap,绑架
429,lack,缺少
430,lag,落后
431,launch,发布，推出
432,lawn,草坪
433,layman,门外汉
434,layout,陈列
435,legend,传奇
436,legislation,立法
437,legislator,立法者
438,lest,以免
439,lobby,游说
440,luxurious,奢侈的，豪华的
441,magnify,放大
442,maintenance,维修
443,majority,大多数
444,mall,商场
445,manifest,表明
446,manufacture,生产，制造
447,marine,海洋的
448,markedly,显著地
449,mask,面具；掩饰 掩盖
450,material,材料
451,materialize,实现
452,matter,重要；要紧
453,maturity,成熟
454,measure,措施
455,mechanism,机制
456,melt,融化
457,memo,备忘录
458,memorable,值得纪念的
459,mention,提及
460,merit,值得；优点
461,migrate,移民，迁徙
462,milestone,里程碑
463,minimal,最低的，最小限度的
464,mining,矿产
465,minor,次要的，小的
466,minority,少数，少数民族
467,miracle,奇迹
468,misfortune,不幸地
469,misinterpret,误解
470,mobility,活动
471,modernize,现代化
472,moist,潮湿的
473,monopoly,垄断
474,mortality,死亡率
475,motel,汽车旅馆
476,motivation,激励，刺激
477,mount,增加
478,mourn,哀悼
479,municipal,政府的
480,narrow,变窄，缩小
481,necessity,必须，必要性
482,needy,贫穷的
483,neglect,忽视
484,negotiation,协商
485,neighborhood,附近
486,neutrality,中立
487,nightmare,噩梦
488,nominate,提名
489,notion,想法，观点
490,numerous,无数的
491,nutritious,有营养的
492,obesity,肥胖
493,objective,目标，目的
494,oblige,迫使
495,obstacle,阻碍
496,occur,发生
497,offense,冒犯
498,oppose,反对
499,opposition,反对
500,optimistic,乐观的
501,organic,有机的
502,orient,使适应，使确定方向
503,outcome,结果
504,outdated,过时的
505,outlive,比……活的时间长
506,outnumber,超过
507,outsource,外包
508,outweigh,超过
509,overcharge,多收钱
510,overexcited,过于激烈的
511,overwhelm,压倒，战胜
512,owe,欠钱
513,owl,猫头鹰
514,panic,恐慌的
515,paradise,天堂
516,paralyze,瘫痪，麻痹
517,pasture,牧场
518,pattern,模式
519,pause,暂停，迟疑
520,pave,铺路
521,payroll,工资总额
522,peculiar,特有的，奇怪的
523,penalty,惩罚
524,pension,养老金
525,perish,死亡
526,perspective,视角，观点
527,pessimist,悲观主义者
528,phenomenon,现象
529,philosopher,哲学家
530,plot,情节
531,poetry,诗歌
532,polar,（南、北）极
533,poll,民意测验
534,ponder,仔细考虑
535,portion,部分
536,pose,形成
537,position,定位，安放；；位置，职位
538,possession,拥有
539,potential,潜在的；潜力
540,potentially,潜在地
541,practical,实践的；实用的
542,precedent,先例
543,precision,精确性
544,predict,预测
545,predominantly,占主导地位地
546,preference,偏爱
547,preindustrial,工业化以前的
548,prejudice,偏见
549,premium,奖金
550,prescribe,开处方
551,present,呈现，给予
552,presentation,展示，讲话
553,presidency,总统任期
554,prestige,名声，声望
555,previous,之前的
556,priceless,无价的，难以用价格衡量的
557,primitive,原始的，简单的
558,principle,原则
559,prior,优先的，先前的
560,private,私人的
561,procedure,程序
562,productivity,生产力
563,profitable,有利可图的，有利益的
564,profound,深刻的，博学的
565,prolonged,长时间的
566,promote,促进
567,promotion,促销
568,prompt,敦促
569,property,财产
570,propose,提出
571,prospect,前景
572,prosperity,繁荣
573,publicity,宣传
574,publicize,宣传
575,purchase,购买
576,pursue,追求
577,puzzling,迷惑的，困扰的
578,quantifiable,可量化的
579,qualification,资格
580,qualify,使有资格
581,quantity,数量
582,quicken,加快
583,quota,配额，销售额
584,quote,引用
585,rally,集会
586,randomly,随机地
587,rank,排列，分级
588,rape,强奸
589,rare,罕见的，稀少的
590,rate,费用
591,realm,领域，方面
592,reap,收割，收货
593,recall,回忆起，想起
594,receipt,发票
595,reception,接待
596,recipe,秘方，食谱
597,reckless,鲁莽的
598,reckon,认为，评价
599,reconcile,使和解，使一致；调解
600,recruit,招聘
601,recurrence,再次发生
602,reflect,思考，反映，反射
603,reflective,深思熟虑的；反映的，反射的
604,refreshing,新鲜的
605,regain,重新获得
606,registration,注册，登记
607,regulation,管理，规则
608,reimbursement,返还费用
609,reinforce,增强，提高
610,release,释放，发布
611,relevant,相关的
612,reliable,可靠的
613,relieve,减轻，缓解
614,relieved,轻松的，缓解的
615,reluctance,勉强，不情愿
616,remarkable,显著的，杰出的
617,remove,消除，移除；更新
618,replacement,代替
619,representative,代表
620,reproduction,繁殖
621,reservation,预定
622,resident,居民
623,resign,辞职
624,resist,抵制
625,resolute,坚定的
626,resort,度假胜地
627,respective,各自的
628,responsibility,责任
629,responsive,灵敏的，反应的
630,restrict,限制
631,resume,简历
632,retailer,零售商
633,reunion,团聚
634,reveal,揭露
635,revenue,收入
636,reverse,相反的
637,revive,复苏
638,revolutionize,革命化
639,rewarding,有回报的
640,ridiculous,滑稽的，可笑的
641,rigorous,严格的
642,ritual,仪式
643,robbery,抢劫
644,romantic,爱情的
645,ruin,毁坏
646,rustle,发出沙沙声
647,sample,样本，样品
648,scandal,丑闻
649,scarcity,缺乏
650,scare,恐吓，惊恐
651,scent,味道
652,schedule,时间表
653,sculpture,雕塑
654,sector,部门
655,sensible,理智的
656,server,服务器
657,session,会议，学年
658,severity,严重性
659,sexism,性别歧视
660,shade,掩盖
661,shady,阴凉的
662,shareholder,股东
663,shed,流出
664,sheer,纯粹的
665,shepherd,引导，带领
666,shift,转变
667,shot,照相，照片
668,shrewd,精明的
669,shrink,缩减，缩小
670,shrug,耸肩
671,shuttle,航天飞机
672,signal,标志
673,significant,重要的
674,signify,表明，象征
675,simultaneous,同步的
676,skeptical,怀疑的
677,skip,跳过
678,skyrocket,猛增
679,skyscraper,摩天大楼
680,slack,疲软的，萧条的
681,slash,削减
682,slight,轻微的
683,slim,苗条的
684,smuggle,走私
685,solid,坚实的，稳固的
686,solution,解决，溶液
687,soothe,安慰，减轻
688,sophisticated,复杂的，老于世故的
689,spacious,宽敞的
690,specialist,专家
691,species,物种
692,specific,具体的
693,specification,说明书
694,spectacle,景象
695,sponsor,"赞助, 赞助商"
696,spot,点；发现
697,spread,传播，扩散
698,squalor,肮脏
699,standardize,标准化
700,startle,使惊讶
701,steady,稳定的
702,stereotype,刻板印象，固有印象
703,stimulate,刺激，激励
704,stockbroker,股票经理人
705,stove,炉子
706,straightforward,直接的
707,strain,压力
708,strategy,策略
709,stray,迷路，流浪
710,stress,强调
711,strike,罢工
712,strip,狭长的一块
713,stuff,材料，东西
714,submerge,淹没
715,submit,提交
716,subsidy,补助
717,substance,物质
718,subtle,微妙的
719,suburban,郊区的
720,supervisor,督导
721,surgical,手术的
722,suspect,怀疑；嫌疑犯
723,suspicious,怀疑的
724,sway,影响
725,switch,转换
726,sympathetic,同情的
727,symptom,症状
728,tackle,解决，处理
729,tangled,复杂的，纠缠的
730,tank,水箱
731,temptation,诱惑
732,testify,证明，检验
733,testimony,证词
734,texture,质地
735,therapy,疗法
736,threat,威胁
737,threaten,威胁
738,threshold,门槛
739,tough,困难的，粗暴的
740,trace,追踪
741,track,追踪；轨迹，踪迹
742,tragedy,悲剧
743,trap,捕捉
744,trend,趋势
745,trigger,引发，引起
746,tropical,热带的
747,tuition,学费
748,turbulence,喧嚣；气流
749,turtle,海龟
750,tutor,辅导
751,twist,扭曲
752,typical,典型的
753,uncertain,不确定的
754,undecided,不确定的
755,underestimate,低估
756,underfunded,资金不足的
757,underlying,潜在的，基础的
758,undertake,承担；着手，开始
759,undertaking,任务，事情
760,undocumented,无证明的
761,unethical,不道德的
762,uneven,不均衡的
763,unexpected,意想不到的
764,unified,统一的
765,unprecedented,史无前例的
766,unrealistic,不现实的
767,unstable,不稳定的
768,untiring,不知疲倦的
769,untrustworthy,不值得信任的，怀疑的
770,urban,城市的，都市的
771,urbanization,城市化
772,urge,催促
773,urgent,急迫的
774,utilization,利用
775,validity,有效性，真实性
776,variation,变化
777,vary,变化
778,vegetarian,素食主义者
779,vehicle,车辆
780,vessel,血管
781,victim,受害者
782,view,看待
783,viewpoint,观点
784,violation,违反
785,violent,暴力的
786,virtual,实际的，虚拟的
787,virtually,几乎
788,virus,病毒
789,vitamin,维他命
790,vulnerable,"脆弱的, 易受影响的"
791,welfare,福利
792,widespread,广泛传播的
793,wildfire,森林大火
794,wildlife,野生动物
795,wishful,一厢情愿的
796,wonder,想知道，好奇
797,workload,工作量
798,yield,产生
799,deposit,存放；存款
800,receptionist,接待员
801,particle,粒子，微粒
802,furnish,提供
803,elaborately,复杂地，精心设计地
804,infectious,感染的，传染的
805,diagnose,诊断
806,cripple,残疾，跛子
807,aggressive,挑衅的
808,aptly,适当地
809,assimilate,同化
810,consistent,一致的
811,suspend,暂停
812,ingenuity,创造力
813,reserved,保留意见的；矜持的
814,unbiased,公正的
815,disposal,支配；处理
816,inferior,比……差
817,stabilize,使稳固，使安定
818,fertility,多产，肥沃
819,bleak,荒凉的
820,soar,高飞
821,optimism,乐观
822,ambition,野心，报复
823,pragmatic,务实的，讲求实际的
824,compromise,妥协；危害
825,perpetual,永久的
826,dispensable,可有可无的
827,assault,攻击
828,transcend,超越
829,inherent,固有的
830,baffle,使迷惑，困惑
831,stain,污渍，污点
832,peer,同龄人
833,isolate,使隔离
834,abolition,废除
835,slavery,奴隶制度
836,script,脚本，剧本
837,manuscript,手稿
838,trait,特点
839,deviate,偏离
840,overwhelming,压倒性的
841,successively,接连着地，继续地
842,visualize,想象
843,underrepresented,未被充分代表的
844,tap,"轻敲, 导出"
845,extinguish,熄灭；使消亡
846,toxic,有毒的
847,postdoctoral,博士后的
848,recommend,推荐
849,consultation,商议
850,determine,决定
851,confidential,机密的
852,curriculum,课程
853,cafeteria,自助餐厅
854,trim,修剪
855,expel,开除，驱逐
856,refine,精炼；使……文雅
857,suicide,自杀
858,manual,手工的；体力的
859,alphabetical,按字母表顺序的
860,bloom,开花，茂盛
861,fertilizer,肥料
862,plough,犁
863,affiliate,使隶属于
864,hazardous,危险的
865,instantaneous,即时的，瞬间的
866,intrinsic,本质的，固有的
867,paradox,悖论
868,grateful,感激的
869,modify,改变
870,consent,同意
871,intuitive,直觉的
872,scaffolding,脚手架
873,outperform,胜过
874,discern,识别
875,lawsuit,诉讼
876,ruling,裁定
877,designate,指定，委派
878,endorsement,支持
879,tasteless,没有味道的
880,brilliant,才华横溢的；极好的
881,fabric,布料
882,vocational,职业的
883,carpentry,木工业
884,ventilate,使通风
885,embody,体现
886,tedious,冗长的
887,deduction,扣款
888,fluctuate,波动
889,simultaneously,同步地，同时地
890,craft,手艺；精巧地制作
891,facilitate,使便利；促进
892,deteriorate,恶化
893,hasten,加速
894,specialize,专业从事
895,liberation,解放
896,pursuit,追求
897,bemoan,抱怨；惋惜
898,evolve,进化
899,fluently,流利地
900,composition,作文
901,literal,字面的
902,honorary,荣誉的
903,hurl,猛投
904,confer,授予
905,notoriously,臭名昭著地
906,validation,证实
907,jeopardize,危害，危及
908,allegedly,据说
909,vigorous,积极的；精力充沛的
910,fake,假货
911,contestant,参赛者
912,column,专栏
913,hasty,匆忙的
914,linger,逗留，徘徊
915,inheritance,继承；遗产
916,worldly,世间的，尘世的
917,dimension,尺寸；维
918,eligible,适合的；胜任的
919,permanent,永久的
920,memorize,熟记
921,evaluation,评价
922,literacy,教育；文化
923,enviable,值得羡慕的
924,bipartisan,两党的
925,amend,修订
926,interpret,解释；口译
927,access,取得，获取
928,champion,支持，拥护
929,navigate,航行，驾驶
930,intertwine,交织，纠缠
931,collaborate,合作
932,evaluate,评价
933,domain,领域
934,accumulate,积累
935,persistent,坚持不懈的，持续的
936,boast,自夸
937,assume,假定，认为
938,forthcoming,即将来临的
939,mysteriously,神秘地
940,spoil,溺爱
941,complement,补充
942,immersive,沉浸的，身临其境的
943,cognitive,认知的
944,rhetorical,修辞的
945,impair,损害
946,competent,能胜任的，有能力的
947,undermine,暗中削弱
948,incompatibility,不兼容
949,superficial,表面的
950,endanger,使……危险
951,practice,做法
952,decode,解码
953,immigration,移民
954,inescapable,不可避免的
955,utterly,完全地，彻底地
956,inanimate,无生命的
957,irreversible,不可逆的；不可取消的
958,incalculable,不可估量的，无法计算的
959,bump,颠簸
960,demonstration,展示；游行
961,desert,放弃，抛弃
962,jail,监狱
963,cozy,舒适的
964,lounge,休息室
965,worship,崇拜，喜爱
966,seasick,晕船的
967,interfere,干涉，妨碍
968,tension,紧张
969,transition,过渡
970,accidentally,偶然地，意外地
971,exertion,运用
972,impart,传授，教授
973,provoke,激怒
974,assumption,假设
975,formula,公式
976,overlap,重叠
977,thrive,繁荣，兴旺
978,chronic,长期的；慢性的
979,adversity,逆境
980,endure,忍受
981,assert,主张，断言
982,chew,咀嚼；深思
983,tradeoff,权衡，交易
984,commentator,评论员
985,vice,恶意，恶习
986,attribute,归因于
987,vivid,生动的
988,upgrade,升级
989,prospective,未来的，预期的
990,regime,制度，管理体制
991,appeal,"请求，呼吁, 上诉"
992,weave,织布，编织
993,sew,缝上，缝纫
994,nap,小睡
995,row,划船
996,helicopter,直升飞机
997,conquer,征服
998,memorandum,备忘录
999,clarity,清晰，清楚
1000,carpenter,木匠
1001,drummer,鼓手
1002,discrimination,歧视
1003,uninformed,无知的，未受过教育的
1004,entitle,使具有资格
1005,imitate,模仿
1006,subordinate,次要的，从属的
1007,suppress,镇压，压制
1008,throne,王位
1009,athletics,体育运动
1010,coach,教练
1011,biodiversity,生物多样性
1012,accommodate,适应，容纳
1013,ultimate,最终的
1014,invasive,入侵的
1015,underscore,强调
1016,ongoing,持续的，不间断的
1017,greedy,贪婪的
1018,lessen,减少
1019,incur,引起，导致
1020,integral,完整的
1021,merge,合并
1022,unintentionally,无意地
1023,grave,严重的
1024,intimate,亲密的
1025,alleviate,减轻，缓解
1026,conspicuous,显著的
1027,territory,领域，领土
1028,displace,取代
1029,regardless,不管，不顾
1030,duplication,复制品
1031,overturn,推翻
1032,identical,相同的
1033,miniature,微型的
1034,tempting,吸引人的
1035,segregation,隔离
1036,variance,不同
1037,inaction,不作为
1038,conserve,保留，保护
1039,renewable,可再生的
1040,embrace,采纳，接受
1041,counterpart,对等物
1042,rival,对手
1043,intense,激烈的，强烈的
1044,aspirational,渴望的
1045,transform,转变
1046,grip,抓住
1047,unfold,展开
1048,ideological,意识形态的
1049,filter,过滤
1050,pronoun,代词
1051,philosophy,哲学
1052,illuminate,阐释，阐明
1053,odds,可能性
1054,confess,承认
1055,manipulate,操纵
1056,rhythm,节奏
1057,hijack,劫持
1058,sweep,扫除，清除
1059,withdraw,撤销，撤退
1060,flame,火焰
1061,spark,火花
1062,feasibility,可行
1063,fascinate,使着迷
1064,crew,机组人员
1065,cumulative,积累的
1066,awkward,尴尬的，棘手的，笨拙的
1067,obscurity,默默无闻
1068,badge,"标记, 徽章"
1069,distinction,区分
1070,formulate,制定，规划
1071,monetary,货币的
1072,portray,描述
1073,hostility,敌意
1074,robust,强健的
1075,appropriation,挪用
1076,deforestation,砍伐森林
1077,puzzle,迷惑
1078,migration,迁徙，移居
1079,constrain,限制
1080,sneak,溜走
1081,margin,利润
1082,division,分歧
1083,privilege,特权
1084,imperial,帝国的
1085,justice,公平
1086,opponent,反对者
1087,crush,压碎，压榨
1088,harness,管理，控制
1089,monopolize,垄断
1090,tremendous,巨大的
1091,vital,重要的
1092,imperative,"必须的,必要的"
1093,initial,初步的，最初的
1094,distract,分心，分散注意
1095,convincing,令人信服的
1096,consult,咨询
1097,agony,痛苦
1098,refrain,抑制，避免
1099,thrilling,令人兴奋的
1100,prematurely,早熟地，过早地
1101,conscientious,有良心的，认真负责的
1102,entail,使需要，使必须
1103,forge,铸造；伪造
1104,overstate,夸张
1105,accountable,应负责的，有责任的
1106,pessimistic,悲观的
1107,subsequently,随后
1108,hack,黑客攻击
1109,liability,责任；债务
1110,conversion,转变
1111,needle,指针，针
1112,deterioration,恶化，退化
1113,fault,过失
1114,relay,接替，转播
1115,shrank,收缩(shrink过去式)
1116,transmit,传播，传导
1117,incidentally,顺便地，附带
1118,notably,显著地，尤其
1119,worldwide,世界范围地，全世界
1120,rigor,严格
1121,readjust,重新调整，再调整
1122,prolong,延长
1123,redefine,重新定义
1124,controversial,受到争议的
1125,degeneration,退化，变质
1126,malicious,恶毒的
1127,widen,拓宽，变宽
1128,density,密度
1129,metropolitan,大都市的
1130,prominent,卓越的，突出的
1131,prevalence,流行，普遍
1132,compact,紧密的，紧凑的
1133,correlation,相关，关联
1134,simulate,模拟，模仿
1135,momentum,动力，势头
1136,fixture,固定装置
1137,proposition,提议，主题
1138,dynamics,动力学
1139,descent,"血统, 后裔"
1140,affiliation,隶属关系，单位团体
1141,perception,看法；意识
1142,permeate,渗透
1143,recruiter,招聘者
1144,dilute,稀释，冲淡
1145,prioritize,优先
1146,privileged,有特权的
1147,landmark,有重大意义或影响的
1148,extracurricular,课外的
1149,deprivation,剥夺，匮乏
1150,cater,迎合
1151,pierce,刺穿
1152,surpass,超过
1153,target,目标；把…作为目标
1154,ready,乐意的，愿意的
1155,alternatively,二选一地；非此即彼
1156,chronically,慢性地；持久地
1157,frame,设计，建造
1158,mournful,悲哀的；令人惋惜的
1159,cultivate,培养
1160,cornerstone,基石
1161,legalize,合法化
1162,rigid,严格的
1163,certify,保证，证明
1164,orbit,轨道
1165,astronomical,天文数字的
1166,Automatically,自动地；不经思考地
1167,existence,存在，生存
1168,intolerant,无法容忍的
1169,occupation,职业
1170,slightly,轻微地
1171,exploit,开发，开采
1172,regarding,关于
1173,ecosystem,生态系统
1174,noted,著名的
1175,incorporate,合并；体现
1176,interactive,互相作用的，互相影响的
1177,novel,新颖的
1178,mismanagement,管理不当
1179,irrational,不合理的，不理性的
1180,groundless,无理由的，无根据的
1181,restructure,调整，重建
1182,stimulus,刺激
1183,feasible,可行的
1184,adaptation,适应；改编
1185,institute,研究所，学会，学院
1186,biochemistry,生物化学
1187,entrepreneur,企业家
1188,arise,出现
1189,ascend,上升
1190,combination,组合，结合
1191,definite,一定的，确切的
1192,preserve,保存，保护
1193,program,计划，安排
1194,proximately,近似，接近
1195,lobbyist,游说者
1196,redundant,过剩的；失业的，被解雇的
1197,insurer,保险公司；承保人
1198,overestimate,高估
1199,cropland,农田
1200,irrigation,灌溉
1201,contaminate,污染，弄脏
1202,untreated,未经处理的
1203,sanitation,卫生环境，卫生设备
1204,echo,随声附和，发出回声
1205,duplicate,副本，复制品
1206,elevate,提升，举起；使高兴
1207,illustrate,阐明，说明
1208,inquire,询问
1209,prevail,流行，普遍
1210,strap,用带帮助
1211,turbulent,动荡的，骚乱的
1212,rebellion,叛逆
1213,lofty,崇高的
1214,render,给予
1215,recyclable,可回收利用的
1216,trick,骗局，诡计
1217,certification,证明，保证
1218,prevailing,流行的
1219,misled,(mislead过去式)误导
1220,elimination,消除，淘汰
1221,unqualified,不合格的，不胜任的
1222,subconscious,下意识的，潜意识的
1223,incompetent,无能力的，不胜任的
1224,discriminate,歧视；区别
1225,elegant,高雅的，雅致的
1226,gown,长袍
1227,bride,新娘
1228,costume,服装
1229,trade,做买卖；交换
1230,deal,买卖毒品
1231,hike,作长途徒步旅行
1232,action,行动
1233,resultant,作为结果而发生的
1234,consequent,作为结果的；必然的
1235,composer,作曲家
1236,slave,作苦工；奴役
1237,grunt,作呼噜声；咕哝
1238,abide,忍受；遵守
1239,value,尊重，重视；估价
1240,dignity,庄重；尊严；体面
1241,outermost,最外面的，最远的
1242,optimum,最优的，最适宜的
1243,initially,最初，开始
1244,makeup,化妆品；性格；构造；组成
1245,integral,作为组成部分的；内置的
1246,composition,组成，构成，结构
1247,block,阻塞；障碍物
1248,damn,谴责
1249,ample,足够的；宽敞的
1250,suffice,足够
1251,lease,租约，契约，租契
1252,charter,包租（飞机、船等）
1253,headquarters,总部
1254,executive,（机构或公司的）主管，经理
1255,main,总管道，干线
1256,overall,总的
1257,conceit,自负，自高自大
1258,ultraviolet,紫外（线）的
1259,descendant,子孙，后裔
1260,endow,资助；赋予
1261,datum,资料；数据；已知数
1262,qualification,资格；学历
1263,bourgeois,中产阶级的；庸俗的；资产阶级的
1264,woodpecker,啄木鸟
1265,bump,撞上
1266,crash,（发出巨响的） 猛撞
1267,way,（特定的）状态，状况
1268,superb,壮丽的；超等的
1269,ornament,装饰物
1270,decorative,装饰的；可作装饰的
1271,ornamental,装饰的
1272,mount,装配
1273,shipment,装载的货物；装货
1274,can,装罐头
1275,array,（美观地）排列；陈列
1276,diversion,转移；改道；娱乐
1277,convert,转变，改变，变换
1278,transition,转变，变迁；过渡
1279,torque,转（力）矩，扭（力）矩
1280,box,（法庭的）专席
1281,workshop,专题讨论会
1282,patent,专利的；专利
1283,clutch,抓住，掌握，攫
1284,nest,筑巢，为…筑巢
1285,coin,铸造（硬币）
1286,noted,著名的，知名的
1287,watchful,注意的，警惕的
1288,inject,注射；注满；喷射
1289,storage,贮藏；保管
1290,position,形势；主张，立场
1291,metropolitan,主要都市的；（东正教和天主教的）大主教
1292,principally,主要，大抵
1293,stalk,主茎，叶柄
1294,preside,主持；主奏
1295,eject,逐出，排斥；喷射
1296,bamboo,竹；竹杆，竹棍
1297,jewellery,珠宝，珠宝饰物
1298,wrinkle,皱纹；使起皱纹
1299,axial,轴的；轴向的
1300,axis,轴，轴线
1301,ambient,周围的，包围着的
1302,periodic,周期的；一定时期的
1303,anniversary,周年纪念日
1304,peripheral,外围的的；末梢的
1305,perimeter,周（边）；周长
1306,anybody,重要人物
1307,responsible,可靠的；责任重大的
1308,consequence,重要（性），重大意义
1309,category,种类，类目；范畴
1310,species,种，物种；种类
1311,hearty,热情友好的；丰盛的
1312,neutron,中子
1313,intermediate,中间体；调解人
1314,proton,质子，氕核
1315,qualitative,质的；定性的
1316,fabricate,捏造；制作
1317,fabrication,捏造；制作
1318,volunteer,志愿者；志愿
1319,rebuke,指责，非难，斥责
1320,indicative,指示的；陈述的
1321,denote,指示，意味着
1322,instructor,指导者，教员
1323,designate,指定；指示；指明
1324,colonial,殖民地的，殖民的
1325,vocation,职业，行业
1326,notable,值得注意的；著名的
1327,merit,值得；应受赏（罚）
1328,weaver,织布工，编织者
1329,brace,支柱；拉紧，撑牢
1330,check,支票；帐单
1331,second,支持
1332,bearing,方位；（机器的）承座；轴承；忍受
1333,symptom,症状；征兆，征候
1334,regime,政权，政体；制度
1335,politics,政纲，政见，策略
1336,platform,政纲，党纲，宣言
1337,confirmation,证实，确定；确认
1338,testify,作证；证明，证实
1339,audience,正式会见；拜会
1340,correctly,正确地，恰当地
1341,positive,正的，阳性的；正的，正极的，阳性的；正的，正数的
1342,normalization,正常化，标准化
1343,sign,征兆，迹象，病症
1344,conqueror,征服者，胜利者
1345,controversy,争论，辩论，争吵
1346,suppress,镇压；抑制；禁止发表；封锁；查禁
1347,gust,阵风，一阵狂风
1348,clinic,诊所，医务室；会诊；会诊时间；门诊时间
1349,diagnose,诊断（疾病）
1350,sincerity,真诚，诚意；真实
1351,cherish,珍爱；怀有（感情）
1352,detective,侦探，警探；私人侦探，私家侦探
1353,underline,着重；强调；预告
1354,grind,磨碎，碾碎，把...磨成粉
1355,discount,折扣；打折扣卖
1356,literally,照字义，逐字地
1357,illuminate,照明，照亮；阐明
1358,summon,召唤；鼓起（勇气）
1359,marsh,沼泽地，湿地
1360,entertainment,招待，招待会
1361,hindrance,障碍，妨碍
1362,hose,软管；袜类（包括连裤袜、长筒袜、短袜）
1363,sofa,长沙发，沙发
1364,tensile,张力的；能伸长的
1365,warfare,战争，战争状态
1366,battle,战斗，与…作战
1367,predominant,占优势的；主要的
1368,unfold,展开；展现，呈现
1369,cling,粘住；依附；坚持
1370,viscous,粘滞的，粘性的
1371,coherent,（文章、观点等）连贯的，有条理的，一致的
1372,album,（收存照片或邮票的） 册子
1373,glue,粘牢
1374,cement,粘结
1375,adhere,粘附；追随；坚持
1376,strip,窄条，长带
1377,grasshopper,蚱蜢，蝗虫，蚂蚱
1378,wink,眨眼；使眼色
1379,further,增进
1380,multiplication,乘法；增加
1381,liability,责任；债务
1382,shipbuilding,造船（业），造船学
1383,mint,造币厂；巨额钱财
1384,hollow,凿空，挖空
1385,hymn,赞美诗，圣歌；赞歌
1386,glorify,赞美；颂扬（上帝）
1387,fore,在（或向）船头；在（或向）飞行器头部
1388,therein,在那里
1389,overseas,在海外，（向）国外
1390,ashore,在岸上，上岸
1391,outside,在…外，向…外
1392,brand,在…上打烙印
1393,alongside,在…旁边
1394,roam,在…漫步，漫游
1395,over,在（做）…时
1396,reproduction,再生（产）；繁殖
1397,specification,规格；明确说明，详述
1398,disastrous,灾难性的；悲惨的
1399,operation,运算
1400,freight,货运；运费
1401,locomotive,运动的；机动
1402,lunar,月亮的
1403,undertake,从事；承诺
1404,primitive,远古的，未开化的
1405,dome,圆屋顶，拱顶
1406,cylinder,圆筒；柱（面）；汽缸
1407,satisfactorily,圆满地
1408,nucleus,原子核，细胞核
1409,prototype,原型；典型，范例
1410,vowel,元音；元音字母
1411,marshal,元帅；陆军元帅
1412,subscription,订阅（费）；用户费（的缴纳）
1413,prophet,预言家，先知
1414,prophecy,预言；预言能力
1415,prediction,预言，预告；预报
1416,preset,预先装置
1417,beforehand,预先；提前地
1418,budget,预算；〔政府的〕
1419,foresee,预见，预知，看穿
1420,prevention,预防，阻止，妨碍
1421,tulip,郁金香
1422,intonation,语调，声调；发声
1423,cosmic,宇宙的；广大无边的，极大的
1424,cosmos,宇宙
1425,overlap,与…交搭，重叠
1426,excuse,为…辩解；使免除
1427,senseless,愚蠢的，无意义的
1428,amusement,乐趣；娱乐，消遣
1429,torpedo,鱼雷，水雷
1430,margin,余地；（获胜者在时间或票数上领先的）幅度，差额；利润；赚头
1431,roundabout,转弯抹角的；迂回的
1432,kidnap,诱拐，绑架
1433,guilt,内疚；有罪，犯罪
1434,shadowy,有影的；幽暗的
1435,avail,有益于，有用；效用
1436,ambitious,有雄心的；热望的
1437,significant,重要的，重大的，影响深远的
1438,validity,（法律上的）有效；符合逻辑，正确
1439,availability,有效（性）；可得性
1440,finite,有限的；有尽的
1441,magnet,有吸引力的人（或物）
1442,profitable,有利的；有益的
1443,advantageous,有利的，有助的
1444,courteous,有礼貌的，谦恭的
1445,bead,有孔小珠；水珠；露珠
1446,commonsense,有常识的
1447,conservative,保守的，守旧的
1448,liable,有（法律）责任的
1449,yacht,游艇，快艇
1450,uranium,铀
1451,tanker,油船；空中加油飞机
1452,postal,邮政的，邮局的
1453,superiority,优越（性），优势
1454,elbow,用肘挤，挤进
1455,paper,贴壁纸
1456,cutter,用于切割的器械
1457,net,用网捕；用网覆盖
1458,head,用头顶（球）；朝...行进
1459,tug,用力拖；猛拉，拖
1460,hook,（使）钩住，挂住
1461,formulate,规划；制定；准备
1462,sniff,用鼻子吸，嗅
1463,courageous,勇敢的，无畏的
1464,emigrate,永久移居国外
1465,perpetual,永久的；四季开花的
1466,everlasting,永久的；持久的
1467,eternal,永久的；不朽的
1468,stiffness,硬度
1469,comply,应允，遵照，照做
1470,bound,应当的；必定的
1471,salute,（向…）行军礼，（向…）致敬
1472,cater,迎合，投合
1473,press,出版社；印刷所；印刷机
1474,printer,印刷工；印花工
1475,harbour,怀着（不好的想法、恐惧或希望）；包含，藏有；窝藏
1476,diet,日常饮食，日常食物
1477,tempt,引诱，诱惑，劝诱
1478,cite,引证；引用；〔法院〕传召，传讯
1479,ignite,引燃，着火
1480,derivation,引出；起源；衍生
1481,banker,银行家
1482,obscure,无名的；鲜为人知的
1483,inasmuch,因为，由于
1484,through,因为，由于
1485,consciousness,意识；知觉
1486,observation,意见，短评，按语
1487,cross,恼怒的
1488,refrain,抑制，制止，忍住
1489,restrain,制止；抑制
1490,singular,异常的，奇异的
1491,house,议院，会议厅
1492,obligation,义务，职责，责任
1493,formerly,以前，从前
1494,veil,以面纱遮掩；遮盖
1495,desert,遗弃；擅离（职守）
1496,forsake,遗弃，抛弃；摒绝，摒弃
1497,transmission,传播，传染
1498,displace,移置；取代；置换
1499,displacement,移置；免职；置换
1500,colonist,移民；殖民地居民
1501,instrumental,器乐的；有帮助的
1502,wardrobe,衣柜，衣橱，藏衣室
1503,garment,衣服；服装，衣着
1504,Islam,伊斯兰教，回教
1505,evenly,一致地；平静地
1506,compatible,兼容的
1507,stitch,一针，缝线；缝
1508,troop,一群，一队，大量
1509,concert,一齐，一致，协作
1510,chop,一块排骨，肉块
1511,baby,一家中年龄最小的人
1512,episode,（人生的）一段经历；（小说的）片段，插曲
1513,cluster,串，束，簇；群，组；群聚；聚集
1514,generalization,一般化；概括，综合
1515,burglar,夜盗，窃贼
1516,amateur,业余的；业余爱好者
1517,metallurgy,冶金学，冶金术
1518,Jesus,耶稣
1519,fort,要塞，堡垒
1520,postulate,假定，假设
1521,prescription,药方，处方；处方药
1522,cradle,摇篮；发源地
1523,waver,犹豫不决；摇摆
1524,wag,（狗） 摇摆 （尾巴）；摇晃 （手指）
1525,oxide,氧化物
1526,oxidize,氧化，使生锈
1527,domestic,家养的
1528,foster,培养；抚育，代养
1529,balcony,阳台；楼厅，楼座
1530,anode,阳极，正极，板极
1531,proverb,谚语，格言，箴言
1532,banquet,宴会，盛会，酒席
1533,scope,（学科、活动、书籍等的）范围；（发挥能力的）机会，施展余地；眼界
1534,cloak,掩盖，掩饰；覆盖，笼罩
1535,sharply,严厉地，苛刻地
1536,prolong,延长，拉长，拖延
1537,retard,阻碍；减缓；放慢
1538,pickle,腌制食品，泡菜
1539,dentist,牙科医生
1540,opium,鸦片；麻醉剂
1541,deposit,押金
1542,squeeze,压榨；榨取
1543,compression,压缩，压紧，浓缩
1544,squash,压碎；果汁饮料
1545,overwhelming,压倒的，势不可挡的
1546,overwhelm,使（某人）感到不能自持，使不知所措；压倒，击败
1547,velocity,迅速，快速
1548,circulation,血液循环；（资料、货币等）流通
1549,patrol,巡逻，巡查
1550,cruise,巡航，巡航于…
1551,quest,寻找，追求
1552,cigar,雪茄烟，叶卷烟
1553,scholarship,奖学金；学问，学识
1554,radiant,容光焕发的；灿烂的
1555,gorgeous,极其漂亮的，极其吸引人的；绚丽的，华丽的
1556,option,选择，取舍
1557,cock,公鸡
1558,melody,旋律，曲调；歌曲
1559,overhang,悬于…之上，悬垂
1560,console,悬臂，肘托；控制台
1561,propaganda,宣传
1562,declaration,宣布，宣言
1563,narration,叙述；故事；叙述法
1564,sequence,序列，顺序
1565,warrant,（法院授权警方采取行动的）令状；许可证
1566,requisite,需要的，必要的；必需品
1567,embroidery,绣花，刺绣；绣制品
1568,nun,修女，尼姑
1569,eloquence,雄辩；口才，修辞
1570,wind,风
1571,directory,姓名地址录
1572,pacific,性情温和的
1573,survival,幸存；残存；幸存者
1574,flush,脸红；一阵强烈情感；（流露出的）一阵激情
1575,formal,正规的；庄重的
1576,constituent,构成的；选民
1577,scarlet,猩红色；猩红的
1578,religion,宗教
1579,novelty,新颖；新奇的事物
1580,regenerative,回授的；再生的
1581,bridegroom,新郎
1582,novel,新的，异常的
1583,zinc,锌；在…上镀锌
1584,appreciation,欣赏；感激
1585,psychology,心理学；心理
1586,crab,蟹；蟹肉；捕蟹
1587,subscript,写在下方的；下标
1588,sideways,斜向一边地
1589,jean,斜纹布；牛仔裤
1590,gradient,斜坡
1591,vicious,邪恶的；恶性的
1592,evil,邪恶，罪恶；祸害
1593,collaborate,协作，合作；协调
1594,team,协作，合作
1595,coefficient,协同因素；系数，率
1596,wedge,楔；楔入；挤入
1597,calibration,校准；标定，刻度
1598,paragraph,（文章的）段，段落
1599,cautious,小心的，谨慎的
1600,caution,小心；告诫，警告
1601,suitcase,手提箱，衣箱
1602,decimal,小数的，十进制的
1603,footpath,小路，人行道
1604,puppy,小狗；幼小的动物
1605,closet,小房间；壁碗橱
1606,pamphlet,小册子
1607,slack,萧条的；懈怠的
1608,disappearance,消失，消散；失踪
1609,recreation,消遣，娱乐活动
1610,consumer,消费者，用户
1611,consumption,消费（量）
1612,depression,消沉；不景气萧条期
1613,token,辅币；象征
1614,ivory,象牙（质）；乳白色
1615,forward,向前；向将来；转递
1616,southwards,向南方
1617,orientation,定位；方向
1618,defy,向…挑战；蔑视
1619,hail,向…欢呼，招呼
1620,yearn,渴望，向往
1621,spice,香料，调味品
1622,pilgrim,香客，朝圣者
1623,fragrant,香的，芬芳的
1624,incense,香，熏香；香气
1625,uniformly,相同地；一贯
1626,resemblance,相似，相似性
1627,analogy,相似，类似；比拟
1628,interact,相互作用
1629,correlation,相互关系
1630,reciprocal,相互的；互利的
1631,coincide,相巧合；相符合
1632,inversely,相反地
1633,devotion,献身，热诚，专心
1634,linear,线的；长度的
1635,qualify,限制，限定，修饰
1636,realistic,现实的；现实主义的
1637,striking,显著的，惊人的
1638,microscopic,显微镜的；微观的，极小的
1639,apparent,显然的
1640,distinctly,显然，清楚地
1641,bacon,咸猪肉，熏猪肉
1642,gossip,闲谈；碎嘴子；漫笔
1643,ramble,闲逛，漫步；漫谈，闲聊
1644,precede,先于…，领先
1645,priority,先，前；优先，重点
1646,shower,下阵雨，使湿透
1647,decline,下倾；偏斜；衰退
1648,descent,下降；出身；斜坡
1649,subordinate,下级的，辅助的
1650,inferior,下级；晚辈；次品
1651,slim,细长的；微小的
1652,taper,细小的蜡烛；微光
1653,petty,细小的；器量小的
1654,nice,细微的，微妙的
1655,filament,细丝；长丝；灯丝
1656,bacterium,细菌
1657,germ,细菌，病原菌；幼芽
1658,systematically,系统地，有规则地
1659,spectrum,系列，范围；波谱
1660,lace,系带，用带子束紧
1661,tape,系，捆
1662,drama,戏剧性事件；戏剧性
1663,theatre,剧场，戏院
1664,comedy,喜剧；喜剧场面
1665,assault,袭击；攻击
1666,usage,习惯用法
1667,quench,熄灭，扑灭；压制
1668,extinguish,熄灭，扑灭；消灭
1669,absorption,吸收；专注
1670,intake,吸入；输入能量
1671,physically,身体上；体格上
1672,substantial,大而坚固的
1673,body,物体
1674,luncheon,午宴，午餐，便宴
1675,ignorance,无知，无学，愚昧
1676,insignificant,无意义的；低微的
1677,doubtless,无疑地；很可能
1678,indefinite,无限期的
1679,infinitely,无限地，无边地
1680,unlimited,无限的；不定的
1681,infinite,无限；无穷（大）
1682,fearless,无畏的，大胆的
1683,innumerable,无数的，数不清的
1684,inorganic,无生物的；无机的
1685,ruthless,无情的，冷酷的
1686,incapable,无能力的；无资格的
1687,unique,无可匹敌的；极好的
1688,faultless,无过失的；无缺点的
1689,foreign,外国的，国外的
1690,nought,无，零
1691,filth,污秽，污物；淫猥；淫猥
1692,snail,蜗牛；行动缓慢的人
1693,hum,嗡嗡声；哼曲子
1694,compliment,致意，问候；赞美，祝贺
1695,question,问，询问，讯问
1696,literal,文字（上）的；字面的
1697,illiterate,文盲的；文盲
1698,stationery,信笺，信纸；文具
1699,plague,瘟疫；鼠疫（尤指腺鼠疫）
1700,softness,温和，柔和；软弱
1701,graze,喂草；放牧（牲畜）
1702,locality,位置，地点，发生地
1703,situated,位于…的
1704,bachelor,未婚男子；学士
1705,unpaid,未付的；无偿的
1706,stern,艉，船尾；臀部
1707,commission,委托，委任；委托状
1708,latitude,纬度；黄纬
1709,vitamin,维生素，维他命
1710,Venus,维纳斯；美人
1711,idealism,唯心主义；理想主义
1712,mast,桅杆
1713,enclosure,围场，围栏；围绕
1714,violation,违犯；侵犯，妨碍
1715,violate,违犯，违背；侵犯
1716,towards,用于，有助于
1717,plead,为…辩护，抗辩
1718,catalogue,为…编目录
1719,microprocessor,微信息处理机
1720,subtle,微妙的；精巧的
1721,atom,原子
1722,calculus,微积分；结石
1723,gleam,微光；发微光
1724,negligible,微不足道的
1725,microwave,微波
1726,awful,威严的；令人崇敬的
1727,majesty,雄伟，威严，庄严；陛下
1728,prestige,威望，威信，声望
1729,endanger,危及，危害
1730,crisis,危机；转折点
1731,peril,危机；危险的事物
1732,dismiss,解雇，开除
1733,fro,往，去，回，向后
1734,mesh,网眼，筛孔，网络
1735,network,网络；广播网
1736,web,网，网状物
1737,stubborn,顽固的；顽强的
1738,trifle,玩忽；闲混；嬉耍
1739,completion,完成，结束，完满
1740,crooked,弯的，歪的；畸形的
1741,hull,外壳，豆荚；薄膜
1742,diplomatic,外交的；有策略的
1743,alien,外国的；外国人
1744,strange,陌生的，不熟悉的
1745,distort,歪曲，曲解；扭曲
1746,twist,歪曲，曲解
1747,tile,瓷砖；贴砖；瓦片
1748,watt,瓦（特）
1749,elliptical,椭圆的；省略的
1750,haul,拖曳；拖运
1751,hip,臀部，髋
1752,devour,吞食；吞灭，毁灭
1753,retirement,退休，引退；退隐
1754,drawback,妨碍；弊端
1755,inference,推论；推断的结果
1756,rational,合理的；适度的
1757,propulsion,推进，推进力
1758,propel,推进，推动
1759,recommendation,推荐，介绍；建议
1760,overthrow,推翻；推翻，瓦解
1761,impulse,冲动；推动
1762,presumably,推测起来，大概
1763,gather,推测，推断
1764,shove,推，（使劲）推
1765,solidarity,团结；休戚相关
1766,regiment,团，军团；一大群
1767,bandit,土匪，盗匪，歹徒
1768,lever,途径，工具，手段
1769,overtake,突然发生；压倒
1770,nose,突出部分（如船头等）
1771,bald,秃头的；无毛的
1772,projector,投影仪；探照灯
1773,poll,投票；对…进行民意测验（调查）
1774,dizzy,头晕眼花的，眩晕的
1775,steal,偷偷地做，窃取
1776,misery,痛苦，悲惨，不幸
1777,torment,痛苦；折磨
1778,thrash,痛打，鞭打，打
1779,dominant,统治的；主因
1780,dominate,统治，支配，控制
1781,statistics,统计，统计数字
1782,even,平稳的，均匀的
1783,identical,同一的；恒等的
1784,likeness,同样；类似，相似
1785,simultaneous,同时的，同时存在的
1786,accessory,同谋，帮凶；附属的
1787,homogeneous,同类的
1788,coordinate,同等的
1789,whilst,同时；然而
1790,notify,通知，告知；报告
1791,advertise,登广告
1792,correspondence,通信；相关；相似
1793,popularity,通俗性；普及，流行
1794,inflation,通货膨胀，物价飞涨
1795,currency,通货；货币
1796,entry,入口，通道；条目
1797,customary,通常的；照惯例的
1798,ordinarily,通常，大概
1799,hydrocarbon,烃，碳氢化合物
1800,resignation,听从，屈从，顺从
1801,blacksmith,铁匠，锻工
1802,ferrous,铁的；亚铁的
1803,adjoin,贴近，毗连；靠近
1804,hop,（人）单足跳
1805,skip,蹦跳着走；跳绳；略过
1806,overlook,眺望；看漏；宽容
1807,regulate,调整，调节，校准
1808,modulate,调整，调节（声音）
1809,settlement,调停；（尤指拓荒者居住的）定居点，村落
1810,mischief,调皮，捣蛋，胡闹
1811,accord,符合；协议
1812,questionnaire,调查表，征求意见表
1813,sweetness,甜蜜，芬芳；愉悦，美好
1814,dessert,甜点心
1815,Catholic,天主教的；天主教徒
1816,astronomy,天文学
1817,embody,体现；包含，收录
1818,theme,题目；主题；主旋律；（句子的）主位；词干
1819,nominate,提名，推荐；任命
1820,finance,提供资金
1821,nourish,提供养分，养育
1822,enhance,提高，增加；改进
1823,elevate,提拔；抬高
1824,purify,提纯，精炼（金属）
1825,raise,提出，发起，发出
1826,introduce,提出（议案等）
1827,peculiarity,特性，独特性；怪癖
1828,individual,特殊的
1829,essential,极其重要的；必不可少的
1830,bore,讨厌的人；麻烦事
1831,earthenware,陶器
1832,flee,逃走，逃避
1833,outlaw,逃犯，歹徒
1834,wade,趟（河），跋涉
1835,probe,探针；用探针探查
1836,expedition,探险；探险队
1837,charcoal,炭，木炭；生物炭
1838,plain,坦白的；普通的
1839,negotiate,谈判，交涉，议定
1840,greed,贪心，贪婪
1841,moss,苔藓，地衣
1842,pedal,（自行车的）踏脚，踏板，脚蹬；（汽车或机器的）踏板
1843,thereof,它的，其；由此
1844,trivial,琐碎的；平常的
1845,detail,琐碎，小事
1846,concern,所关切的事；商行
1847,what,所…的
1848,miniature,缩影；缩小的
1849,hurt,（对感情造成的）伤害，创伤
1850,deform,损坏…的形状
1851,deformation,损坏；变形；畸形
1852,fringe,穗，毛边；边缘
1853,scrap,碎片；废料；废弃
1854,random,随机；随机的
1855,garlic,蒜，大蒜
1856,plastic,塑料的；塑性的
1857,shorthand,速记，速记法
1858,scout,搜索，侦察
1859,laundry,送洗衣店去洗的东西
1860,replace,把...放回原处
1861,loosely,松松地，松散地
1862,rear,饲养，培植；抚养
1863,perish,死亡，夭折；枯萎
1864,hiss,嘶嘶声；嘶嘶作声
1865,rip,撕，扯破，划破
1866,speculate,猜测，推测；投机
1867,smuggle,私运，走私
1868,confidence,私房话，秘密，机密
1869,velvet,丝绒制的；柔软光滑的
1870,treasurer,司库，财务主管
1871,exposition,说明，解释；展览会，博览会
1872,preach,说教，布道；鼓吹
1873,observe,说，评述，评论
1874,momentary,瞬息间的，片刻的
1875,instantaneous,瞬间的，即刻的
1876,couch,睡椅，长沙发椅
1877,slumber,睡眠；沉睡状态
1878,buffalo,水牛；水陆坦克
1879,hydraulic,水力的；水力学的
1880,watery,充满水的；与水有关的；湿的；（食物、饮料等）味淡的
1881,rinse,冲洗；嗽（口）
1882,wrestle,摔交；斗争，搏斗
1883,numerical,数字的，数值的
1884,reckon,计算；认为
1885,harp,竖琴；天琴座
1886,erect,直立的
1887,terminology,术语学，术语
1888,proficient,熟练的，精通的
1889,proficiency,熟练，精通
1890,input,输入
1891,grant,拨款
1892,dependant,受赡养者
1893,miser,守财奴，吝啬鬼
1894,trolley,手推车；有轨电车
1895,manuscript,手稿，底稿，原稿
1896,handbook,手册，便览，指南
1897,adoption,收养；采纳，采取
1898,revenue,收入；收入数目
1899,oath,誓言，誓约，宣誓
1900,vow,誓言，誓约，许愿
1901,pledge,誓言；使发誓
1902,indoor,室内的；室内进行的
1903,wholesome,对健康有益的
1904,moderately,适度地，适中
1905,fitting,适当的；配件
1906,fitness,适当，恰当；健康
1907,vision,视力；眼力，想象力
1908,attendant,侍者；（要人的）侍从；（病人的）护理人员
1909,occurrence,发生的事
1910,snob,势利小人
1911,snobbish,势利的，谄上欺下的
1912,influence,势力，权势
1913,municipal,市的，市立的
1914,conform,使遵守；一致
1915,automate,使自动化
1916,divert,使转向；转移
1917,specialize,使专门化，专业化
1918,hazard,使遭危险；危险
1919,standardize,使与标准比较
1920,lengthen,使延长，变长
1921,shame,使羞愧；玷辱
1922,freshen,使显得新鲜
1923,distinguish,使显出特色，使杰出
1924,evaporate,使脱水，发散蒸气
1925,ventilate,使通风，使换气
1926,moor,使停泊；使固定
1927,resign,使顺从，使听任于
1928,perfect,使熟练，使改善
1929,infect,使受影响
1930,lubricate,使润滑，加润滑油
1931,soften,使软化，变温和
1932,facilitate,使容易；助长
1933,acquaint,使认识，使了解
1934,tiresome,使人厌倦的，讨厌的
1935,sorrowful,使人伤心的；悲伤的
1936,blaze,使燃烧，燃烧
1937,subdue,使屈服，征服
1938,bend,使屈从，屈从
1939,suit,使配合，彼此协调
1940,confront,使面对；使对证
1941,paralyse,使麻痹，使瘫痪
1942,deafen,使聋
1943,subject,使隶属
1944,terrify,使恐怖，使惊吓
1945,insulate,使绝缘，使绝热
1946,integrate,使结合，使并入
1947,alternate,使交替；交替的
1948,degrade,使降低；使堕落
1949,minimize,使减到最小
1950,mingle,使混合，混合起来
1951,interconnect,使互相联系
1952,reconcile,使和好；调停
1953,oblige,使感激；施恩惠于
1954,enrich,使富裕；使丰富
1955,embarrass,使…陷入困境
1956,decay,使腐朽，使腐烂
1957,contrast,使对比；形成对比
1958,baffle,使挫折；迷惑
1959,mature,使成熟，成熟
1960,ice,使成冰，结冰
1961,overload,使超载
1962,tangle,使缠结，使纠缠
1963,sweeten,使变甜，变甜
1964,thicken,使变厚（或粗、密）
1965,establish,使…被接受
1966,develop,使（底片）显影
1967,jog,慢跑（尤作为锻炼）
1968,engage,使（齿轮等）啮合
1969,vector,矢量；飞机航线
1970,nourishment,食物；营养（情况）
1971,pantry,食品柜，餐具室
1972,experimentally,实验上，实验性地
1973,experimentation,实验；试验
1974,virtual,实际上的，实质上的
1975,execution,实行，执行；处死刑
1976,quartz,石英
1977,graphite,石墨，石墨电极
1978,whitewash,石灰水；粉饰
1979,limestone,石灰石
1980,humidity,湿气；湿度
1981,handout,施舍物，救济品
1982,verse,诗，韵文；诗节
1983,unemployment,失业；失业人数
1984,disgrace,失宠，耻辱，丢脸
1985,residual,剩余的；残余的
1986,remainder,剩余（物）；余数
1987,excel,胜过，杰出
1988,stiff,生硬的
1989,ecology,生态学；个体生态学
1990,hide,生皮，兽皮，皮革
1991,vital,生命的，生机的
1992,producer,生产者；舞台监督
1993,productivity,生产率；多产
1994,productive,生产的；出产…的
1995,hoist,升起，扯起来
1996,kidney,肾，腰子
1997,deliberately,故意地；审慎地
1998,censor,审查，检查
1999,mystery,神秘小说，侦探小说
2000,shrine,神殿，神龛，圣祠
2001,divine,神的；敬神的
2002,deliberate,深思熟虑的；审慎的
2003,profound,见解深刻的；渊博的
2004,trench,深沟；壕沟，战壕
2005,photography,摄影术
2006,editorial,社论，期刊的社论
2007,sociology,社会学
2008,conceive,设想，以为；怀孕
2009,reject,舍弃，抛弃；排斥
2010,serpent,蛇（尤指大蛇或毒蛇）
2011,extravagant,奢侈的；过度的
2012,maid,少女；处女
2013,maiden,少女，未婚女子
2014,scorch,烧焦；枯萎
2015,context,上下文；来龙去脉
2016,Heaven,上帝，神
2017,counsel,商议；忠告；律师
2018,tradesman,商人，店主；手艺人
2019,trader,商人
2020,dealer,商人；毒品贩；发牌者
2021,ware,物品；商品，货物
2022,merchandise,商品，货物
2023,blue,伤心的；下流的
2024,goodness,善良，善行，美德
2025,underwear,衫衣，内衣，贴身衣
2026,cancel,取消
2027,gap,差距；山口，山峡
2028,sift,筛，过滤
2029,shark,鲨鱼；诈骗钱财者
2030,gravel,砂跞；砂砾层；结石
2031,sardine,沙丁鱼
2032,tone,色调，光度
2033,scan,扫描
2034,uproar,骚动，扰乱；喧嚣
2035,prose,散文
2036,emission,散发；传播；发出物
2037,stroll,散步，溜达，闲逛
2038,triangular,三角的；三者间的
2039,mute,弱音器
2040,choice,入选者；优等的
2041,tolerant,容忍的；有耐力的
2042,commodity,日用品，商品，物品
2043,routine,日常的；常规
2044,undertaking,任务，事业；承诺
2045,deem,认为，相信，想
2046,awake,认识到
2047,recognition,认出，识别
2048,identification,身份证；认出，鉴定
2049,merciful,仁慈的，宽大的
2050,hostage,人质
2051,pitch,沥青
2052,personnel,人事部门
2053,humanity,人类；人性，人情
2054,personality,人格，个性；名人
2055,thermal,热的；温热的
2056,tropic,回归线；热带地区
2057,tropical,热带的；（天气）湿热的
2058,concession,让步，迁就
2059,combustion,燃烧
2060,whisker,髯，连鬓胡子
2061,flock,群集，聚集
2062,conviction,确信，信服，深信
2063,certainty,确实性，确信，确实
2064,positively,确定的，断然
2065,quantify,确定…的数量
2066,deficient,缺乏的；欠缺的
2067,deficiency,缺乏；不足
2068,scarcity,缺乏，不足
2069,flaw,缺点，瑕疵
2070,induce,劝诱；引起
2071,persuasion,劝说，说服
2072,claim,权利，所有权
2073,late,去世不久的
2074,extract,取出；提取；摘录
2075,crank,曲柄；用曲柄转动
2076,expel,开除；驱逐；排出
2077,dissipate,驱散；消散；浪费
2078,spherical,球形的，球面的
2079,global,全球的
2080,Jupiter,木星；丘庇特
2081,plea,请愿，请求，恳求
2082,petition,请愿；向…请愿
2083,sight,景象；名胜，风景
2084,mistress,情妇，情人
2085,mosque,清真寺
2086,cleanliness,清洁
2087,inclination,倾斜，点头；斜坡
2088,rap,轻敲击声；敲击
2089,rash,轻率的；鲁莽的
2090,bronze,青铜色
2091,industrious,勤劳的，勤奋的
2092,admiration,钦佩；赞美，羡慕
2093,agreeable,惬意的；同意的
2094,section,部分
2095,segment,切片，部分；段，节
2096,slit,切开；狭长的切口
2097,hardy,强壮的，耐劳的
2098,compulsory,强迫的，义务的
2099,constraint,限制，束缚，约束
2100,mighty,强大的；巨大的
2101,thoughtless,欠考虑的；自私的
2102,denounce,谴责，声讨；告发
2103,pious,虔诚的；虔奉宗教的
2104,lobby,前厅，（剧院的）门廊
2105,consistent,前后一致的，连贯的
2106,predecessor,前辈，前任者
2107,visa,签证
2108,modesty,谦逊；端庄
2109,gracious,谦和的
2110,migrate,迁移，移居
2111,kilowatt,千瓦（特）
2112,pertinent,恰当的；有关的
2113,apt,恰当的；聪明的
2114,utensil,器皿，用具
2115,maple,槭树，枫树
2116,follower,信徒，追随者
2117,siren,汽笛，警报器
2118,motel,汽车游客旅馆
2119,garage,汽车修理站
2120,motorway,汽车道，快车路
2121,hitherto,迄今，到目前为止
2122,barometer,气压计，睛雨表
2123,pant,气喘
2124,jack,起重器；传动装置
2125,scratch,（某人皮肤上的）划痕，划伤
2126,count,起拆理由，罪状
2127,message,启示，要旨，教训
2128,enlighten,启发，开导；启蒙
2129,implore,乞求，恳求，哀求
2130,knight,骑士，武士；爵士
2131,marvel,奇迹；惊奇；惊奇
2132,subsequently,其后，其次，接着
2133,cheat,欺诈；骗取
2134,periodical,期刊，杂志
2135,currently,当前
2136,universally,普遍地，一般地
2137,bushel,蒲式耳（容量单位）
2138,raisin,葡萄干
2139,fracture,破裂；裂痕；破裂
2140,destructive,破坏（性）的，危害的
2141,bankrupt,破产的；使破产
2142,persecute,迫害，残害
2143,incline,坡度
2144,flask,瓶
2145,tack,平头钉；钉住
2146,terrace,平台，阳台，露台
2147,civilian,平民；平民的
2148,tranquil,平静的；稳定的
2149,equation,平衡；反应式
2150,equilibrium,平衡，均衡；均衡论
2151,commonplace,平凡的；平常话
2152,frequency,频繁，屡次；频率
2153,barren,贫瘠的；不孕的
2154,float,漂浮物；浮标，木筏
2155,bleach,漂白，变白
2156,flake,片，薄片
2157,deflection,偏斜，歪斜；偏差
2158,prejudice,偏见，成见；损害
2159,adjacent,毗连的；紧接着的
2160,cape,披肩，斗篷；海角
2161,clash,冲突，抵触；碰撞声
2162,collide,碰撞；冲突，抵触
2163,ingredient,配料，成分
2164,shell,炮弹，猎枪子弹
2165,battery,炮组，排炮
2166,foam,泡沫塑料；泡沫
2167,bypass,旁通管；绕过
2168,limp,蹒跚，跛行；跛行
2169,stagger,蹒跚，使摇晃
2170,ascend,攀登，登高
2171,dispatch,派遣；调度；急件
2172,faction,派别，宗派，小集团
2173,hover,徘徊；傍徨；翱翔；盘旋
2174,drainage,排水；下水道
2175,range,排列
2176,clap,拍手喝采声；霹雳声
2177,reptile,爬行动物
2178,overhear,偶然听到；偷听
2179,ohm,欧姆
2180,hostess,女主人；旅馆女老板
2181,feminine,女性的；女子气的
2182,waitress,女侍者，女服务员
2183,goddess,女神
2184,blouse,女衬衫；罩衫
2185,coward,懦怯的，胆小的
2186,radiator,暖气片；散热器
2187,strive,努力，奋斗，力求
2188,mess,弄脏，弄乱，搞糟
2189,distortion,歪曲；畸变
2190,shorten,弄短，缩小，减少
2191,Saturn,土星
2192,milky,牛奶的；乳白色的
2193,wrench,拧，扭伤；拧
2194,wring,拧，挤，扭，榨
2195,peer,凝视
2196,nickel,镍；镍币
2197,junior,年少者；晚辈
2198,annually,年年，每年
2199,practicable,能实行的；适用的
2200,capability,能力，才能
2201,basin,内海；盆地；流域
2202,interior,内部；内部的
2203,tickle,挠，胳肢；逗乐
2204,incredible,难以置信的，惊人的
2205,difficult,难以满足的
2206,refugee,难民，流亡者
2207,pumpkin,南瓜
2208,polar,南（北）极的；极性的
2209,masculine,男性的
2210,baron,男爵；贵族；巨商
2211,endurance,耐久力，持久力
2212,sodium,钠
2213,pasture,牧场
2214,intent,目不转睛的，热切的
2215,end,目标，目的
2216,oyster,牡蛎
2217,magician,魔法师；变戏法的人
2218,skyscraper,摩天楼
2219,module,模块；组件
2220,ambiguous,模棱两可的；分歧的
2221,feel,摸起来
2222,destiny,命运，天数
2223,doom,厄运，毁灭；注定
2224,proposition,命题，主题；提议
2225,bid,报价；命令
2226,destine,命定，注定；预定
2227,sensible,明显的，感觉得到的
2228,explicit,明晰的；直率的
2229,decidedly,明确地，坚决地
2230,formulation,表述方式
2231,brightness,明亮，辉煌，聪明
2232,classic,名著；不朽的
2233,promptly,敏捷地，迅速地
2234,sensitivity,敏感（性）；灵敏性
2235,representation,描写；陈述；代表
2236,nursery,苗圃
2237,deposition,免职，罢免
2238,confidential,秘密的；亲信的
2239,enchant,迷住；用魔法迷惑
2240,fascinate,迷住，迷人
2241,superstition,迷信，迷信行为
2242,stray,迷路；迷路的
2243,perplex,迷惑，困惑，难住
2244,bewilder,迷惑，把…弄糊涂
2245,snap,猛咬；突然折断
2246,hurl,猛投；猛冲
2247,jerk,猛地一拉，急拉
2248,ally,盟国；同盟者，伙伴
2249,threshold,门槛；入门，开端
2250,charm,魅力；妩媚；迷人
2251,fair,美丽的
2252,offensive,冒犯的；进攻的
2253,pore,毛孔，气孔，细孔
2254,fuss,大惊小怪；忙乱
2255,cartoon,动画片；漫画
2256,vine,蔓，藤，藤本植物
2257,expire,满期，到期；断气
2258,bull,买空的证券投机商
2259,wharf,码头，停泊所
2260,circus,马戏；马戏团
2261,filter,滤过
2262,ass,傻瓜，蠢笨的人；驴
2263,propeller,螺旋桨，推进器
2264,spiral,螺旋（形）的，盘旋的
2265,nut,螺帽，螺母
2266,Roman,古罗马人；罗马人
2267,thesis,论文；论题，论点
2268,forum,论坛，讨论会
2269,oval,卵形的；卵形
2270,video,录像的
2271,reed,芦笛，牧笛
2272,leakage,漏，泄漏；漏出物
2273,hug,搂；紧紧拥抱
2274,stairway,楼梯
2275,monopoly,垄断；独占，专利
2276,bridle,马笼头；马勒；束缚；抑制
2277,willow,柳树，柳木
2278,streamline,流线；流线型
2279,rascal,流氓，恶棍，无赖
2280,prevalent,流行的；盛行的
2281,exile,流放；被流放者
2282,flux,流；涨潮；流量
2283,track,留下足迹
2284,gramophone,留声机
2285,otherwise,另外；在其他方面
2286,province,领域，范围，职权
2287,consul,领事
2288,retail,零售
2289,flexible,灵活的，可变通的
2290,inspiration,灵感；妙想；鼓舞
2291,grove,林子，小树林，园林
2292,neighbouring,邻近的，接壤的
2293,vicinity,邻近；附近地区
2294,fission,裂开；分裂生殖
2295,prey,猎物；捕获
2296,martyr,烈士，殉难者
2297,grin,咧着嘴笑
2298,expect,料想，认为
2299,quantitative,量的；定量的
2300,blush,脸红，害臊；脸红
2301,allied,联合的；联姻的
2302,ripple,涟漪，细浪，波纹
2303,mitten,连指手套
2304,attachment,爱慕；附件；连接物
2305,junction,连接点，汇合处
2306,chestnut,栗子；栗树；栗色
2307,exceptional,优越的；例外的
2308,solar,利用太阳光的
2309,impose,将（想法、信仰等）强加于（某人）
2310,utilization,利用，效用
2311,stereo,立体声；立体声的
2312,cubic,立方体的；立方的
2313,legislation,立法；法规
2314,historian,历史学家；编史家
2315,historic,历史的；历史性的
2316,mechanics,力学，机械学
2317,intellect,理智，智力，才智
2318,ideally,理想地；理论上
2319,abstract,理论上的；抽象派作品
2320,slang,俚语；行话，黑话
2321,courtesy,礼貌，谦恭
2322,twilight,黄昏
2323,ion,离子
2324,excursion,（尤指集体）远足，短途旅行
2325,grim,严厉的
2326,prism,棱镜；棱柱（体）
2327,troublesome,困难的
2328,analogue,类似物
2329,similarity,类似，相似；类似点
2330,flank,肋，肋腹；侧面
2331,comprehend,了解，理解，领会
2332,optimism,乐观，乐观主义
2333,sophisticated,老于世故的；高级的
2334,straightforward,老实的，坦率的
2335,wasteful,浪费的
2336,idleness,懒惰；赋闲无事
2337,shabby,破旧的；褴褛的
2338,dust,灰尘
2339,flight,溃退，逃跑
2340,rapture,狂喜，欢天喜地
2341,fury,狂怒，暴怒；猛烈
2342,violent,狂暴的
2343,furious,狂暴的；强烈的
2344,satisfaction,满足，愉快
2345,snack,快餐，小吃
2346,rapidity,快，迅速；陡，险峻
2347,parade,夸耀（才能等）
2348,pants,裤子；男用短衬裤
2349,bitterness,苦味，辛酸，苦难
2350,wither,枯萎；使衰弱
2351,clasp,扣住，扣紧，钩住
2352,fastener,扣件，钮扣，揿钮
2353,stammer,口吃地说；口吃
2354,panic,恐慌，惊慌
2355,terrorist,恐怖分子
2356,peacock,孔雀
2357,fantastic,空想的；奇异的
2358,pneumatic,空气的；气动的
2359,aerial,空气的；航空的
2360,spatial,空间的，占据空间的
2361,void,无效的；空的
2362,gnaw,啃，咬断，啮
2363,longing,渴望；显示渴望的
2364,suspicious,可疑的；猜疑的
2365,shady,可疑的，靠不住的
2366,questionable,可疑的，不可靠的
2367,portable,可移动的
2368,grateful,感谢的，感激的
2369,adjustable,可调整的，可校准的
2370,frightful,可怕的；讨厌的
2371,formidable,可怕的；难对付的
2372,dreadful,可怕的；令人畏惧的
2373,monstrous,极大的；可怕的
2374,possibility,可能的事
2375,likelihood,可能（性）
2376,respectable,可敬的；人格高尚的
2377,appreciable,可察觉的
2378,shameful,可耻的；不道德的
2379,comparable,可比较的；类似的
2380,particular,特称的；苛求的
2381,whereby,靠什么；靠那个
2382,ponder,考虑，沉思
2383,exploration,考察；勘探；探查
2384,generosity,慷慨，宽宏大量
2385,discern,弄清楚，辨别；看出，辨出
2386,fell,砍倒（树等）；砍伐
2387,carry,刊登
2388,inaugurate,使就职；开始
2389,initiate,开始，创始；启蒙
2390,commence,开始；获得学位
2391,reclaim,开垦，开拓；回收
2392,evolution,进化
2393,start,开动，着手；开设
2394,unlock,开…的锁；开启
2395,sheriff,郡长
2396,monarch,君主，最高统治者
2397,sovereign,君主；统治的
2398,bugle,军号，喇叭
2399,extinct,绝种的
2400,decisive,决定性的；果断的
2401,govern,决定，支配；控制
2402,winding,蜿蜒曲折的路径；蜿蜒曲折的
2403,curly,卷曲的；有卷毛的
2404,reel,卷，绕
2405,mob,团团围住（名人等）
2406,polymer,聚合物，多聚物
2407,hurricane,飓风，十二级风
2408,sting,剧痛；刺痛；刺
2409,repel,使厌恶；拒绝
2410,gigantic,巨大的；巨人似的
2411,uphold,维护
2412,exemplify,举例证明（解释）
2413,rectangle,矩形，长方形
2414,administration,局（或署、处等）
2415,reside,居住，驻扎；属于
2416,dwell,居住；凝思，细想
2417,induction,就职；归纳推理
2418,Christ,救世主（耶稣基督）
2419,symposium,座谈会
2420,whoever,究竟是谁
2421,rectify,纠正；调整
2422,vein,静脉，血管；矿脉
2423,competitor,竞争者，敌手
2424,competitive,竞争的，比赛的
2425,contend,竞争；坚决主张
2426,alert,警惕的
2427,warning,警告，告诫，鉴诫
2428,whale,鲸
2429,selection,选择；精选的东西
2430,thorough,精心的；详尽的
2431,finely,精细地；美好地
2432,literary,文学的
2433,refinery,精炼厂，提炼厂
2434,vigorous,精力旺盛的，茁壮的
2435,fright,惊吓，恐怖
2436,astonishment,惊奇，惊讶
2437,dismay,惊慌，沮丧，灰心
2438,empirical,经验主义的
2439,longitude,经线，经度
2440,support,经受，承受
2441,economics,经济学；经济
2442,prohibition,禁止；禁令，禁律
2443,shortcut,近路；捷径
2444,inlet,水湾；进口
2445,perfection,尽善尽美；无比精确
2446,notwithstanding,尽管，虽然
2447,prudent,谨慎的；精明的
2448,compact,紧密的；使紧凑
2449,tightly,紧地，牢固地
2450,barely,勉强；仅仅
2451,metallic,金属的
2452,tuna,金枪鱼
2453,henceforth,今后，从今以后
2454,mustard,芥子，芥末
2455,presentation,介绍；呈现
2456,interpret,口译；解释
2457,version,解释
2458,untie,解开，松开；解放
2459,tackle,解决，对付；用具
2460,dissolve,解除（婚约等）
2461,tuberculosis,结核病，肺结核
2462,incorporate,结合，合并，收编
2463,construction,建筑结构
2464,economically,在经济上；节约地
2465,abbreviation,节略，缩写，缩短
2466,thrifty,节俭的
2467,interview,接见，会见，会谈
2468,receiver,接待者；收受者
2469,yeast,酵母
2470,doctrine,教义，主义；学说
2471,tutor,教，指导
2472,disillusion,觉醒，使觉醒
2473,horn,角状物；喇叭形物
2474,reef,礁，礁石，暗礁
2475,coke,焦炭
2476,symphony,交响乐；交响乐团
2477,intercourse,交际，往来，交流
2478,soy,大豆，黄豆；酱油
2479,parachute,降落伞
2480,degradation,降级；退化；衰变
2481,oar,桨
2482,discourse,讲话，演说，讲道
2483,ginger,姜，生姜
2484,splash,溅泼；泼水；溅泼声
2485,architect,建筑师；创造者
2486,theory,（未证明的）见解，看法，推测
2487,clip,剪；剪辑报刊
2488,diminish,减少，减小
2489,lessen,减少，变少
2490,inspector,检查员；巡官
2491,reserve,缄默，自我克制
2492,challenge,艰巨任务
2493,enterprise,艰巨的事业；事业心
2494,resolute,坚决的，果敢的
2495,firmness,坚固，坚定，稳固
2496,sturdy,牢固的；坚定的
2497,steady,稳定的，扎实的
2498,stability,稳定
2499,insistent,坚持的
2500,persistence,坚持；持续，存留
2501,persevere,坚持，不屈不挠
2502,shrill,尖声的；尖声地叫
2503,bridge,架桥于，用桥连接
2504,rate,价格；对…评定
2505,hypothesis,假设；前提
2506,sham,假冒；膺品；假装
2507,fake,假货，膺品；假的
2508,presume,假定，假设，揣测
2509,beetle,甲虫
2510,clamp,夹住，夹紧；夹子
2511,sandwich,夹入，挤进
2512,homely,家常的
2513,fowl,家禽；禽肉
2514,poultry,家禽
2515,heater,加热器
2516,deepen,（使色泽等）加浓
2517,heighten,加高，提高；增加
2518,line,加衬里于
2519,stillness,寂静，无声
2520,lodging,寄宿，住宿；住所
2521,successor,继承人，继任者
2522,succession,继承（权）
2523,quarterly,季度的（地）
2524,craft,技巧
2525,souvenir,纪念品
2526,documentary,纪录的；文献的
2527,marginal,边缘的；记在页边的
2528,terminal,计算机终端；线接头
2529,scheme,计划，搞阴谋
2530,geometrical,几何学的
2531,bazaar,集市，廉价商店
2532,gathering,集会，聚会，聚集
2533,set,集（合）
2534,disorder,疾病，小病
2535,complaint,疾病，病痛
2536,forthcoming,即将到来的；现成的
2537,polarity,（人、意见或观念的）截然相反，截然对立；极性
2538,extreme,极端不同的性质
2539,guitar,吉他，六弦琴
2540,timely,及时的；适时的
2541,irritate,激怒；引起不愉快
2542,drastic,激烈的；严厉的
2543,severe,艰难的；简朴的
2544,Christian,基督教的
2545,elemental,基本的；自然力的
2546,radical,基本的；激进的
2547,ultimate,首要的；基本的
2548,energetic,积极的；精力旺盛的
2549,muscular,肌肉发达的，强健的
2550,witty,机智的；风趣的
2551,mechanism,机械装置；机制
2552,tact,机敏，圆滑，得体
2553,ingenious,精巧制成的；机灵的
2554,ingenuity,机灵；设计新颖
2555,framework,体制
2556,fence,击剑（术），击剑
2557,stall,货摊，书摊；马厩
2558,fellowship,伙伴关系；联谊会
2559,Mars,火星
2560,ham,火腿
2561,piston,活塞
2562,vigour,活力，精力；元气
2563,cloudy,混浊的；模糊不清的
2564,mixer,搅拌器
2565,engagement,婚约；约会
2566,bribe,贿赂；向…行贿
2567,corrupt,使腐化；腐败的
2568,response,回应
2569,badge,徽章，像章；标志
2570,wield,挥（剑）；行使
2571,locust,蝗虫
2572,wasp,黄蜂
2573,royalty,皇家，王族，皇族
2574,desolate,荒芜的；孤独的
2575,illusion,幻想；错觉；假象
2576,modification,修改
2577,environmental,环境的，环境产生的
2578,pregnant,怀孕的；意义深长的；意义深长的
2579,fossil,化石
2580,glider,滑翔机；滑翔导弹
2581,pulley,滑轮，滑车，皮带轮
2582,slide,滑动，滑行
2583,granite,花岗岩，花岗石
2584,correlate,互相关联的事物
2585,walnut,核桃；胡桃树
2586,arc,弧，弓形物；弧光
2587,exclamation,呼喊，惊叫；感叹
2588,outcome,后果，成果
2589,ruby,红宝石
2590,hit,轰动一时的人（或事）
2591,traverse,横越
2592,transverse,横的
2593,bed,河床，（湖）底
2594,harmonious,和谐的，协调的
2595,monk,和尚，僧侣，修道士
2596,cooperative,合作的；合作社
2597,hinge,合页，折叶，铰链
2598,proper,合乎体统的，正派的
2599,composite,合成的；合成物
2600,synthesis,综合，综合物；（化学或生物学物质的）合成；（用电子方式对声音、语音或音乐的）合成
2601,applause,喝彩；夸奖，称赞
2602,applaud,鼓掌；喝彩
2603,hurrah,好哇，万岁，乌拉
2604,pal,好朋友；同谋
2605,hospitality,好客，殷勤
2606,romantic,好幻想的
2607,howl,嚎叫；哀号；吠
2608,aerospace,航空航天工业
2609,log,航海日志；飞行日志
2610,pedestrian,行人，步行者
2611,move,行动，步骤
2612,hesitate,犹豫；迟疑不决
2613,pest,害虫
2614,strait,海峡
2615,turtle,海龟，玳瑁
2616,custom,海关
2617,seaport,海港，港口，港市
2618,cable,电缆
2619,pirate,海盗
2620,seaside,海滨（胜地）；海边
2621,surplus,过剩，剩余（物资）
2622,overestimate,过高估计
2623,excessively,过分，极端地
2624,excess,过度行为，暴行
2625,orchard,果园
2626,peel,果皮，蔬菜皮
2627,stone,果核，（水果的）硬核
2628,slap,掴；巴掌
2629,inland,国内的；内地的
2630,boiler,锅炉
2631,roller,滚筒；滚柱
2632,valuable,贵重物品，财宝
2633,salmon,鲑，大马哈鱼
2634,silicon,硅（旧名矽）
2635,regulation,规章，规则
2636,regularity,规则性；整齐，端正
2637,define,规定；立（界限）
2638,provision,规定，条款，条项
2639,replacement,取代；置换
2640,spacious,广阔的，广大的
2641,amplitude,振幅；广大；充足
2642,radial,放射状的
2643,photoelectric,光电的
2644,optical,光的；光学的
2645,shrub,灌木，灌木丛
2646,irrigation,灌溉；（医）冲洗法
2647,inertia,惯性；无力
2648,orchestra,管弦乐队
2649,blast,管乐器的声音
2650,pipe,管乐器
2651,coffin,棺材，灵柩
2652,bureaucracy,官僚主义；官僚机构
2653,monster,怪物；畸形的动植物
2654,client,顾客；诉讼委托人
2655,obstinate,固执的；顽强的
2656,inherent,固有的，生来的
2657,fixture,固定设备
2658,pluck,鼓起（勇气），振作
2659,agitation,鼓动，煸动；搅动
2660,skeleton,骨骼，骷髅；骨架
2661,thigh,股，大腿
2662,cereal,谷类，五谷，禾谷
2663,antique,古代的；古物
2664,assessment,估定；查定
2665,constitute,构成，组成
2666,hound,猎犬
2667,gutter,沟，边沟；檐槽
2668,tribute,献礼；贡物
2669,number,共计，达…之数
2670,commonwealth,联邦
2671,arch,拱门；（使）拱起
2672,vault,拱顶；（教堂的）地下墓室
2673,mercury,汞，水银
2674,consolidate,巩固；合并
2675,impartial,公正的，无偏见的
2676,convention,公约，（换俘等）协定
2677,duke,公爵；君主
2678,rooster,公鸡
2679,studio,播音室；工作室
2680,earnings,工资，收入；收益
2681,implement,工具；贯彻
2682,workpiece,工（作）件
2683,combat,跟…战斗，格斗
2684,impart,给予；传递；告诉
2685,energize,供给…能量
2686,vaccinate,给…接种疫苗
2687,flavour,给…调味
2688,insulator,隔离者；绝缘体
2689,lattice,格子结构
2690,dove,鸽子，斑鸠
2691,reveal,告诉，揭示，泄露
2692,plateau,高原；平稳时期
2693,lofty,高耸的；高尚的
2694,tower,高耸，屹立；翱翔
2695,elevation,高度，海拔
2696,intervene,干涉，干预
2697,dry,干巴巴的，枯燥的
2698,olive,橄榄；橄榄树
2699,sentiment,感情；情绪
2700,perception,感知；理解力
2701,sensation,感觉，知觉；轰动
2702,Thanksgiving,感恩节
2703,chill,感到寒冷；冷藏
2704,outline,概述，概括
2705,notion,概念；看法
2706,conception,概念，观念，想法
2707,summary,概括的；速决的
2708,generalize,概括出
2709,impress,盖印，在…打记号
2710,mend,修理；改正
2711,duplicate,复制品；复制
2712,complication,复杂，混乱；并发症
2713,complexity,复杂（性）
2714,satellite,附属国
2715,appendix,附录；阑尾
2716,extra,附加物；额外的东西
2717,incidentally,附带地；顺便提及
2718,charge,负荷；充电；装满
2719,negative,负的；（结果）阴性的
2720,corrosion,腐蚀，侵蚀；锈
2721,erosion,腐蚀，侵蚀；糜烂
2722,subsidiary,辅助的，补充的
2723,coach,指导，训练；辅导
2724,answer,符合，适合
2725,emerge,浮现，出现；显露
2726,obedient,服从的，顺从的
2727,obedience,服从，顺从
2728,maintenance,扶养费；维持
2729,veto,否决，否决权；禁止
2730,denial,否定；拒绝相信
2731,Buddhism,佛教，释教
2732,dedicate,奉献；献身
2733,flatter,奉承，阿谀，谄媚
2734,pineapple,凤梨，波萝
2735,seam,缝口；接缝；骨缝
2736,landscape,风景，景色，景致
2737,windmill,风车
2738,plump,丰满的
2739,abundance,丰富，充裕
2740,indignation,愤怒，愤慨，义愤
2741,shatter,粉碎，破碎；毁坏
2742,molecular,分子的；克分子的
2743,limb,肢；手臂；腿
2744,offset,抵销
2745,fraction,分数
2746,distract,分散（心思）；打扰
2747,installment,分期付款
2748,split,分裂，分化，派系
2749,detach,分开；派遣（军队）
2750,partition,分开，分割；隔墙
2751,interface,分界面
2752,relay,分程传递；使接替；转播
2753,diverge,分岔；分歧
2754,litter,废物；杂乱；乱扔
2755,abolish,废除，取消
2756,gangster,匪徒，歹徒，暴徒
2757,extraordinarily,非常地，特别地
2758,fly,飞跑；逃跑，消失
2759,aviation,飞行（术）
2760,indulge,放纵（感情），纵情
2761,herd,成群；放牧
2762,magnify,放大，扩大
2763,imitation,仿制品，伪制物
2764,pattern,仿制，仿造，模仿
2765,reproduce,仿造
2766,estate,财产，产业；房地产
2767,hamper,妨碍，阻碍，牵制
2768,handicap,妨碍，使不利
2769,handy,方便的；便于使用的
2770,offence,犯罪，犯规；冒犯
2771,blunder,犯大错；大错
2772,mirror,反映，借鉴
2773,reactor,反应堆
2774,echo,回响
2775,contrary,反对命题
2776,contradict,反驳，否认
2777,propagation,繁殖；传播；蔓延
2778,propagate,传播，普及；繁殖
2779,toss,翻来覆去
2780,decree,法令，政令
2781,flannel,法兰绒
2782,valve,阀，阀门；电子管
2783,originate,发源；首创
2784,spokesman,发言人，代言人
2785,outlet,发泄（感情等）的方法
2786,incidence,发生率，影响；入射
2787,generate,发生，产生；生成
2788,invoice,发票，发货清单
2789,detector,发觉者，探测器
2790,flame,燃烧
2791,exert,发挥（威力），施加
2792,luminous,发光的；夜明的
2793,beam,发光，发热；开怀大笑
2794,motive,发动的，运动的
2795,dynamo,发电机
2796,rattle,发出格格声
2797,dioxide,二氧化物
2798,bait,饵；引诱物
2799,subsequent,尔后的
2800,whereas,而，却，反之
2801,youngster,儿童，少年，年轻人
2802,offspring,儿女，子孙，后代
2803,malice,恶意；蓄意犯罪
2804,spite,恶意，怨恨
2805,nightmare,恶梦；经常的恐惧
2806,yoke,轭，牛轭；枷锁
2807,deprive,夺去；使（人）失去
2808,mountainous,多山的；山一般的
2809,windy,多风的，刮风的
2810,versatile,多方面的；通用的
2811,stew,炖；炖菜
2812,mop,拖把，墩布；洗碗刷
2813,halve,对分；平摊
2814,symmetrical,对称的，匀称的
2815,symmetry,对称（性），匀称
2816,provoke,对…挑衅；激发
2817,resent,对…不满，怨恨
2818,alignment,排成直线；结盟，联合
2819,assert,断言，宣称；维护
2820,affirm,断言，证实
2821,shortage,短缺，不足额
2822,ferry,渡船；运送
2823,jealousy,妒忌，嫉妒，猜忌
2824,cuckoo,杜鹃，布谷鸟
2825,gamble,赌博；冒…的险
2826,jam,堵塞；使…堵塞
2827,distinct,清楚的
2828,solo,独唱，独奏；独唱曲
2829,dictator,独裁者，专政者
2830,linger,逗留，徘徊；拖延
2831,tease,逗乐，戏弄
2832,fighter,战斗机；斗争者
2833,champion,斗士；提倡者
2834,insight,洞察力；洞悉，见识
2835,cavity,洞，穴，空腔
2836,jelly,冻，果冻；胶状物
2837,mobilize,动员，动员起来
2838,grease,动物脂，脂肪
2839,disturbance,动乱；干扰
2840,kinetic,动力（学）的；活动的
2841,orient,东方；亚洲，远东
2842,location,定位，测位
2843,theorem,定理；原理，原则
2844,subscribe,订购；认购；预订
2845,summit,顶点，最高点；极度
2846,sculpture,雕刻品；雕刻（术）
2847,electronics,电子学
2848,pressure,大气压力
2849,capacitor,电容器
2850,capacitance,电容，电容量
2851,electrode,电极；电焊条
2852,electrician,电工，电气技师
2853,telex,电传，用户电报
2854,kindle,点燃，着火
2855,geology,地质学；（某地）地质
2856,basement,地下室；地窖；底层
2857,geographical,地理的；地区（性）的
2858,magistrate,地方法官
2859,mortgage,抵押贷款；抵押
2860,hostile,敌对的；不友好的
2861,whisper,低声地讲；私下说
2862,underestimate,低估，看轻
2863,murmur,低沉连续的声音
2864,equivalent,等面（体）积的
2865,enroll,登记，招收，参军
2866,burner,煤气头
2867,triumphant,得胜的；得意洋洋的
2868,clatter,得得声，卡嗒声
2869,morality,道德，美德，品行
2870,theft,盗窃，偷窃（行为）
2871,attendance,到场；出席人数
2872,between,当中，中间
2873,yolk,蛋黄，卵黄
2874,cartridge,弹药筒
2875,detain,扣押，拘留；耽搁
2876,simple,单纯的；迟钝的
2877,simplicity,单纯，质朴
2878,fill,担任（职务）；填补
2879,jug,带柄水罐，大壶
2880,algebra,代数学
2881,attorney,代理人；辩护律师
2882,deputy,代理人；副的
2883,representative,代表性的；代议制的
2884,delegate,代表，委员，特派员
2885,gorilla,大猩猩
2886,magnitude,重大；星等
2887,massacre,大屠杀，残杀
2888,stride,大踏步走；大步
2889,embassy,大使馆；大使的职务
2890,ambassador,大使，使节
2891,mansion,大厦，大楼；宅第
2892,multitude,大批，大群；大量
2893,barley,大麦
2894,continental,大陆的，大陆性的
2895,infinity,无穷大
2896,steak,大块牛肉；牛排
2897,butt,大酒桶，桶
2898,largely,主要地
2899,widely,大大地
2900,prairie,大草原，牧场
2901,smash,打碎，打破，粉碎
2902,sneeze,打喷嚏
2903,lighter,打火机，引燃器
2904,snore,打鼾，打呼噜
2905,thresh,打谷，脱粒
2906,forge,打（铁等），锻造
2907,passport,达到目的的手段
2908,inaccessible,达不到的，难接近的
2909,frustrate,挫败
2910,latent,存在但看不见的
2911,frail,脆弱的
2912,fragile,脆弱的；体质弱的
2913,crisp,脆的
2914,catalyst,催化剂；刺激因素
2915,promotion,促进；提升
2916,reckless,粗心大意的；鲁莽的
2917,vulgar,粗俗的，庸俗的
2918,massive,粗大的；大而重的
2919,harsh,粗糙的；严厉的
2920,jungle,丛林，密林，莽丛
2921,follow,从事（职业），经营
2922,overflow,从…中溢出
2923,smart,刺疼，扎疼，剧痛
2924,prick,刺（穿）；刺痛
2925,thereafter,此后，以后
2926,magnetism,磁；魅力
2927,porcelain,瓷；瓷的，瓷制的
2928,initial,词首的
2929,glossary,词汇表；术语汇编
2930,vocabulary,词汇表，词汇汇编
2931,stem,词干
2932,poke,戳，刺；伸（头等）
2933,lipstick,唇膏，口红
2934,stainless,不锈的；纯洁的
2935,sheer,纯粹的；全然的
2936,perpendicular,垂直的
2937,author,创造者，创始人
2938,innovation,创新，改革；新设施
2939,initiative,倡议；新方案
2940,puff,喘气；喷（烟等）
2941,shipwreck,船舶失事
2942,report,传说，议论
2943,infectious,传染的；感染性的
2944,romance,传奇；浪漫文学
2945,herald,传令官；通报者
2946,missionary,传教士
2947,sensor,传感器，灵敏元件
2948,circular,传单，通报，通函
2949,leaflet,传单
2950,convey,传达；传播；转让
2951,pierce,穿透，戳穿
2952,penetration,穿入；渗透
2953,antenna,触角；天线
2954,virgin,处女；处女的
2955,transaction,交易；处理
2956,penalty,处罚，刑罚，罚款
2957,exclusive,除外的
2958,notorious,臭名昭著的
2959,scandal,丑事，丑闻；耻辱
2960,specimen,抽样，样品
2961,extraction,抽出；提取法
2962,adore,崇拜，爱慕；很喜欢
2963,worship,崇拜；做礼拜
2964,bug,虫子；臭虫
2965,punch,打孔；冲压机
2966,strife,冲突，竞争
2967,equator,赤道，天球赤道
2968,gear,齿轮，传动装置
2969,persist,持续，存留
2970,breakfast,吃早餐
2971,dine,吃饭
2972,proceeding,程序，行动，事项
2973,length,长度
2974,acknowledge,承认；告知收到
2975,shoulder,承担；挑起
2976,integrity,诚实，正直
2977,offer,出现
2978,membership,成员资格；会员人数
2979,systematic,成体系的
2980,kit,成套工具；用具包
2981,commend,称赞，表扬；推荐
2982,brood,沉思，郁闭地沉思
2983,muse,沉思，默想，冥想
2984,meditate,沉思；冥想
2985,hush,沉默；嘘！
2986,immerse,沉浸；给…施洗礼
2987,repeal,撤销
2988,lathe,车床；用车床加工
2989,row,吵架，口角
2990,mock,嘲弄，挖苦
2991,reign,（某君主的）统治时期
2992,supersonic,超声的，超声速的
2993,ultrasonic,超声的；超声波
2994,surpass,超过，超越，胜过
2995,nickname,绰号，诨号
2996,waggon,敞蓬车厢
2997,spectacle,场面，景象；奇观
2998,resident,常住者
2999,haunt,（鬼魂）经常出没
3000,visit,拜访
3001,frequent,常见的；频繁的
3002,shovel,铲，铁铲；铲
3003,toad,蟾蜍，癞蛤蟆
3004,diesel,柴油发动机，内燃机
3005,errand,差使，差事
3006,ascertain,查明，确定，弄清
3007,horizon,地平线
3008,tactics,战术，兵法
3009,grassy,草多的
3010,herb,草本植物；香草
3011,groove,槽
3012,manipulate,操作；操纵，控制
3013,hatch,策划；密谋
3014,warehouse,仓库，货栈
3015,cruelty,残酷；残酷行为
3016,napkin,餐巾（纸）
3017,participate,参与
3018,senator,参议员
3019,reference,参考文献；参照物
3020,participant,参加者
3021,spectator,参观者，观众
3022,parameter,参（变）数；参量
3023,recipe,菜谱，烹饪法
3024,assumption,假定
3025,rule,裁决，裁定
3026,substance,内容，本旨；财产
3027,friction,摩擦
3028,sermon,布道，讲道；说教
3029,absent,不在的
3030,disagreement,争论；不一致
3031,awkward,令人尴尬的
3032,immortal,不朽的；永生的
3033,wretched,不幸的
3034,misfortune,不幸，灾祸，灾难
3035,incompatible,不相容的
3036,instability,不稳定性
3037,incomplete,不完全的，未完成的
3038,stuffy,不透气的，闷热的
3039,opaque,不透明的
3040,improper,不适当的；不合理的
3041,dissatisfaction,不满，不平
3042,watertight,不漏水的，防水的
3043,inevitably,不可避免地
3044,irrespective,不考虑的，不顾的
3045,inaccurate,不精密的，不准确的
3046,unreasonable,不讲道理的；过高的
3047,undesirable,不合需要的；讨厌的
3048,unfit,不合适的；无能力的
3049,absurd,不合理的，荒唐的
3050,irregularity,不规则；不整齐
3051,disregard,不管，不顾；忽视
3052,uncertain,不定的；无常的
3053,impurity,杂质；不纯
3054,inadequate,不充足的，不适当的
3055,invariably,不变地，永恒地
3056,uneasy,不安的；拘束的
3057,mammal,哺乳动物
3058,supplement,补角
3059,complement,补充；补足（物）
3060,compensation,补偿，赔偿，赔偿费
3061,humanitarian,博爱的；慈善家
3062,barge,驳船；大型游船
3063,fluctuation,波动
3064,fluctuate,波动，使波动
3065,invalid,病人
3066,ward,病房，病室；监房
3067,strength,兵力；强度
3068,icy,冰冷的；冷冰冰的
3069,objective,目标；宾格的
3070,villa,别墅
3071,characterize,表现…的特性
3072,signify,表示，意味着
3073,manifest,表明；明显的
3074,seemingly,表面上，外表上
3075,superficial,表面的；肤浅的
3076,criterion,标准，准则，尺度
3077,norm,标准，规范；平均数
3078,heading,标题，题词，题名
3079,reason,论证，推断
3080,advocate,拥护；辩护律师
3081,discrimination,歧视；辨别；识别力
3082,transform,变换
3083,loosen,变松
3084,alteration,变更，改变
3085,fall,变成，成为，陷入
3086,program,编制程序
3087,edit,编辑，编纂；校订
3088,verge,边缘，边界
3089,rim,边；边缘，（眼镜）框
3090,hearth,壁炉地面；炉边
3091,fireplace,壁炉
3092,patron,庇护人；赞助人
3093,diploma,毕业文凭，学位证书
3094,indispensable,必不可少的，必需的
3095,sullen,绷着脸不高兴的
3096,bandage,绷带，包带
3097,breakdown,崩溃，倒塌，失败
3098,essence,本质，本体
3099,captive,被俘虏的
3100,reverse,背面，反面
3101,deviation,背离，偏离；偏差
3102,arctic,北极的；北极
3103,tragic,悲惨的；悲剧的
3104,woe,悲哀，悲痛，苦恼
3105,grief,悲哀，悲痛，悲伤
3106,firework,爆竹，花炮，烟火
3107,storm,爆发；猛攻
3108,tyranny,暴政，专制；残暴
3109,wrath,暴怒，狂怒，愤慨
3110,tyrant,暴君；专制君主
3111,panther,豹，黑豹；美洲狮
3112,leopard,豹
3113,grumble,抱怨，发牢骚
3114,announce,报告…的来到
3115,vengeance,报复，报仇，复仇
3116,fortress,堡垒，要塞
3117,assurance,保证
3118,fuse,保险丝；导火线
3119,reservation,预定，预订；保留意见
3120,safeguard,保护措施
3121,preservation,保存，储藏；保持
3122,saturation,饱和（状态）；浸透
3123,mist,薄雾；下薄雾
3124,chip,薄片，碎片
3125,inclusive,包括的
3126,siege,包围，围攻，围困
3127,embrace,包括，包含
3128,baseball,棒球运动；棒球
3129,hemisphere,半球
3130,radius,半径距离，半径范围
3131,scar,瘢痕
3132,liner,班船，定期班机
3133,trigger,扳机；触发，引起
3134,tar,柏油；焦油
3135,blind,百叶窗；窗帘；遮帘
3136,shutter,百叶窗；（相机）快门
3137,lily,百合，百合花
3138,millionaire,百分富翁，巨富
3139,white,白种（人）的
3140,blond,白肤金发碧眼的人
3141,idiot,白痴；傻子
3142,bank,把钱存入银行
3143,tabulate,把…制成表
3144,bestow,把…赠与
3145,subdivide,把…再分
3146,dock,把…引入船坞
3147,straighten,把…弄直；挺起来
3148,flatten,把…弄平；击倒
3149,ascribe,把…归于
3150,except,把…除外，除去
3151,entitle,把…称作
3152,ballet,芭蕾舞；芭蕾舞剧
3153,haughty,傲慢的，轻蔑的
3154,foul,肮脏的；丑恶的
3155,assassinate,暗杀，行刺；中伤
3156,burial,安葬，埋葬；埋藏
3157,luxurious,爱好奢侈的，豪华的
3158,patriot,爱国者，爱国主义者
3159,patriotic,爱国的
3160,dwarf,矮子，侏儒
3161,stout,肥胖的；厚实牢固的
3162,alas,唉，哎呀
3163,Egyptian,埃及的；埃及人
3164,pathetic,哀婉动人的；可怜的
3165,should,应该；竟然会
3166,ought,早应该，本应
3167,scripture,《圣经》；圣书
3168,referee,（足球等）裁判员
3169,pendulum,（钟等的）摆
3170,shuttle,（织机的）梭
3171,outbreak,（战争、愤怒等）爆发
3172,market,推销
3173,gross,（语言、举止）粗俗的
3174,heave,（用力地）举起；抛
3175,pop,（意外地）出现
3176,lining,（衣服里的）衬里
3177,mild,味淡的
3178,panel,（选定的）专门小组
3179,rigorous,严格的
3180,climax,顶点
3181,epoch,（新）时代；历元
3182,shrimp,（小）虾，河虾，褐虾
3183,peak,（物体的）尖端
3184,cane,（藤等）茎；手杖
3185,drain,（水等）流掉
3186,switch,（树木的）软枝条
3187,board,付费（在某人家里）膳宿
3188,immigrate,（使）移居入境
3189,disperse,（使）分散；驱散
3190,lump,（使）成团，结块
3191,deviate,（使）背离，偏离
3192,pose,（使）摆好姿势
3193,expenditure,（时间等）支出，消费
3194,elapse,（时间）过去，消逝
3195,hoarse,（声音）嘶哑的
3196,clearing,（森林中的）空旷地
3197,shade,（色彩的）浓淡，深浅
3198,eclipse,（日，月）食
3199,constitution,（人的）体格，素质
3200,spill,（人）摔下，跌下
3201,unanimous,（全体）一致的
3202,quiver,（轻微地）颤动
3203,perch,（禽鸟的）栖木
3204,span,（桥墩间的）墩距
3205,pier,码头；（桥）墩
3206,frock,（女）连衣裙
3207,flutter,（鸟）振翼；飘动
3208,resume,（谋职者的）个人简历
3209,clown,（马戏的）小丑，丑角
3210,pace,踱步
3211,lounge,（旅馆等的）休息室
3212,pope,（罗马天主教的）教皇
3213,axle,（轮）轴，车轴，心棒
3214,measurement,（量得的）尺寸，大小
3215,realization,（理想等的）实现
3216,chord,和弦
3217,pyjamas,（宽大的）睡衣裤
3218,elegant,（举止、服饰等）雅致的
3219,hard,（酒）烈性的
3220,refreshment,（精力的）恢复，爽快
3221,ticket,（交通违章）罚款传票
3222,gesture,（讲话时等）做手势
3223,situation,（建筑物等的）位置
3224,software,（计算机的）软件
3225,bishop,（基督教的）主教
3226,insert,插入，放进
3227,kernel,（果实的）核；谷粒
3228,wisdom,智慧
3229,growl,（狗等）嗥叫；咆哮
3230,shaft,（工具的）柄，杆状物
3231,buzz,（蜂等）嗡嗡叫
3232,breed,（动物）品种
3233,ear,（稻麦等的）穗
3234,dean,（大学）院长，系主任
3235,fertile,（创造力）丰富的
3236,sink,（厨房内的）洗涤槽
3237,versus,（比赛等中）对
3238,ranch,（北美洲的）大牧场
3239,grope,（暗中）摸索，探索
3240,pedlar,（挨户兜售的）小贩
3241,rally,集合
3242,squat,（使）蹲下
3243,fling,（用力）扔，抛
3244,scrub,擦洗，擦净；擦洗
3245,tread,踩，踏，践踏
3246,crack,发出爆裂声
3247,slander,诽谤，诋毁
3248,escort,护卫，护送；护卫者，护送车辆
3249,swell,使膨胀；隆起
3250,menace,威胁；（进行）威胁
3251,tramp,以沉重的脚步走（过）；跋涉
3252,trample,践踏，蹂躏
3253,suicide,自杀
3254,tighten,（使）变紧
3255,jingle,（使）丁当响
3256,fret,（使）烦恼
3257,thrill,（使）激动
3258,deflect,（使）偏斜
3259,tilt,（使）倾斜
3260,revolve,（使）旋转
3261,rotate,（使）旋转
3262,compensate,补偿，赔偿
3263,default,不履行义务
3264,infer,推断
3265,repay,偿还；报答
3266,scoff,嘲笑，嘲弄
3267,hoe,锄地
3268,retort,反击；反驳
3269,broaden,放宽，变阔
3270,decompose,腐败；分解
3271,chorus,合唱，齐声说
3272,supervise,监督，监视
3273,beware,谨防，当心
3274,grab,攫取，抓取
3275,entreat,恳求
3276,concentrate,浓缩，提浓
3277,urge,强烈希望
3278,riot,骚乱，暴乱；发动骚乱
3279,shrug,耸（肩）；耸肩
3280,revive,苏醒；复兴
3281,terminate,停止，终止
3282,solidify,凝固
3283,dazzle,使目眩；使倾倒
3284,transplant,移植（器官、皮肤等）；移植，移种（植物）
3285,xerox,用静电复印
3286,peck,啄，啄起
3287,trot,（马）小跑；（马）小跑；慢跑
3288,ridicule,嘲弄，挖苦
3289,chatter,喋喋不休
3290,sneer,冷笑；嘲笑
3291,boycott,联合抵制；抵制行动，受抵制时期
3292,plunder,掠夺，劫掠；掠夺，抢劫
3293,endeavor,努力，尽力；努力，尝试
3294,scramble,爬行，攀登
3295,flap,拍打；拍打，拍动
3296,slaughter,屠杀；屠宰
3297,tow,拖引，牵引
3298,credit,相信，信任
3299,clockwise,顺时针方向转地；顺时针方向转的
3300,headlong,头向前地；头向前的
3301,counter,相反地；相反的
3302,eastward,向东
3303,Moslem,穆斯林；穆斯林的
3304,melancholy,忧郁的；忧郁，悲伤
3305,bulletin,告示，公告，公报
3306,allowance,津贴，补助费
3307,cancel,取消， 撤销， 删去
3308,numerous,众多的
3309,surgeon,外科医生
3310,analyse,分析； 分解， 解析
3311,abrupt,突然的， 意外的； 唐突的， 鲁莽的
3312,spacious,宽广的， 宽敞的
3313,disapproval,不赞成
3314,spontaneous,自发的， 无意识的； 自然的， 天真率直的
3315,remote,遥远的， 偏僻的； 关系疏远的； 脱离的； 绝少的； 微乎其微的； 孤高的， 冷淡的
3316,cafeteria,自助餐馆， 自助食堂
3317,rupture,破裂；破裂，裂开；决裂，断绝
3318,wreck,失事，残骸；精神或身体已垮的人；破坏
3319,virgin,未经开发的， 未经使用的， 未经触动的； 处女的；处女，未婚女子
3320,afflict,使苦恼， 折磨
3321,reproach,责备， 批评
3322,fluctuate,波动， 涨落， 起伏
3323,compartment,卧车包房， 隔间； 分隔的空间
3324,gloomy,忧郁的， 沮丧的； 令人沮丧的； 昏暗的， 阴沉的
3325,kidnap,绑架， 诱拐
3326,warrant,授权令；理由，根据；证明…是正当的
3327,calculate,计算， 推算； 计划， 打算
3328,persistent,坚持不懈的， 执意的； 持续的
3329,authorize,授权， 批准
3330,sake,缘故， 理由
3331,audience,听众， 观众； 读者
3332,rehearsal,排练， 排演
3333,sniff,以鼻吸气，用力吸入；嗅，闻；吸气； 嗅， 闻
3334,narrative,叙述文， 故事； 叙述， 讲述
3335,possess,占用， 拥有
3336,coincide,同时发生； 相符， 相一致； 位置重合， 重叠
3337,neutral,中立的， 中性的
3338,scratch,抓，搔，扒；刮擦，刻划；抓痕， 划痕； 抓， 搔， 刮
3339,analysis,分析， 分析报告； 分解， 解析
3340,devise,设计， 发明
3341,cooperative,有合作意向的，乐意合作的；合作的，协作的；合作社， 合作商店
3342,triple,三部分的，三方的；三倍的，三重的；增至三倍
3343,clutch,企图抓住；抓紧，紧握；离合器； 掌握， 控制； 把握， 抓紧
3344,temper,韧度；心情，情绪；调和， 使缓和； 回火
3345,grope,暗中摸索，搜索；探索，搜寻；摸索
3346,rejoice,感到高兴， 充满喜悦
3347,frantic,慌乱不安的； 发疯似的， 发狂的
3348,tickle,发痒；使发痒；使高兴，逗乐；痒
3349,object,反对， 不赞成；实物， 物体； 目的， 目标； 对象， 客体； 宾语
3350,humble,谦逊的；地位低下的；简陋的；使谦恭； 使卑下
3351,commodity,商品， 货物
3352,cliff,悬崖， 峭壁
3353,obedient,服从的， 顺从的
3354,infinite,无限的， 无数的
3355,misery,痛苦， 苦恼， 苦难； 悲惨的境遇， 贫苦
3356,blur,变模糊；模糊，模糊的东西
3357,suffice,足够
3358,concede,让步， 认输；承认，承认…为真；承认失败；允许，让予
3359,notable,值得注意的，显著的；著名的；名人， 要人
3360,plausible,似有道理的， 似乎正确的， 貌似可信的
3361,equator,赤道
3362,commission,委任状；委员会；佣金，回扣；授权，委托；委任， 委托
3363,staircase,楼梯
3364,flip,〈口〉无理的， 轻率的， 轻浮的；快速翻动，转动；捻掷，轻抛；轻拍
3365,rational,理性的， 理智的； 合理的
3366,barricade,路障，栅栏，障碍；设路障于， 挡住
3367,resume,重新开始， 继续， 恢复；摘要， 概要； 简历
3368,provocative,挑衅的， 煽动的， 刺激的； 挑逗的
3369,committee,委员会， 全体委员
3370,posture,摆出姿势， 装模作样；姿势，姿态；看法，态度
3371,spiral,盘旋上升； 不断急剧地上升；螺旋的；螺旋，螺旋式的上升
3372,subtle,微妙的， 难以捉摸的； 诡秘的， 狡诈的； 隐约的
3373,component,组成的， 构成的；组成部分，部件，组件
3374,overwhelm,使受不了， 使不知所措； 征服， 制服
3375,suite,套间； 一套家具； 套， 组， 系列
3376,consultant,顾问； 会诊医师， 专科医生
3377,disguise,假扮，化装，伪装；掩盖，掩饰；用来伪装的东西； 伪装， 掩饰
3378,imperial,帝国的， 帝王的； 英制的
3379,facet,一个方面； 面
3380,liberal,心胸宽大的， 慷慨的； 自由的， 自由主义的
3381,surgery,外科， 外科手术； 手术室
3382,harmony,调和； 协调； 和谐
3383,violent,暴力引起的， 强暴的； 猛烈的， 剧烈的
3384,resolve,决定；解决；分解；决心
3385,cozy,舒适的； 亲切友好的
3386,confront,迎面遇到， 遭遇； 勇敢地面对， 正视； 使对质， 使当面对证
3387,dominate,在…中占首要地位； 支配， 统治； 耸立于， 俯视； 拥有优势
3388,imitate,模仿； 仿效； 仿制
3389,deadly,非常， 极度地；致死的，致命的；不共戴天的；极度的，十足的
3390,compute,计算， 估算
3391,institution,协会； 制度； 习俗
3392,huddle,聚集在一起，挤作一团；把身子蜷成一团，蜷缩；使聚集在一起；挤在一起的人； 一堆杂乱的东西
3393,skeleton,骨骼； 框架， 骨干； 梗概， 提要
3394,ambition,雄心， 抱负， 野心； 期望得到的东西
3395,intersection,道路交叉口， 交点
3396,exceed,超过， 胜过， 超出
3397,implement,使生效， 履行， 实施；工具， 器具， 用具
3398,disperse,分散， 赶散； 消散， 驱散；使分散，散开；使消散，消失
3399,avert,防止， 避免； 转移
3400,fantasy,想象， 幻想； 想象的产物
3401,shipment,装运， 装船； 装载的货物
3402,vicious,恶毒的， 凶残的； 剧烈的， 严重的
3403,lace,网眼花边，透孔织品；鞋带，系带；用系带束紧
3404,enormous,巨大的， 庞大的
3405,external,外部的， 外面的
3406,gorgeous,华丽的， 灿烂的， 绚丽的； 令人十分愉快的， 极好的
3407,circumstance,情况，条件，境遇；
3408,authority,官方； 权力； 当权者， 行政管理机构； 权威， 专家
3409,erosion,腐蚀， 侵蚀， 磨损； 削弱， 减少
3410,ascend,渐渐上升，升高；攀登， 登上
3411,provided,假如， 若是
3412,instrument,仪器， 工具； 乐器
3413,medium,中等的；媒质，媒介物；传导体
3414,indispensable,必不可少的， 必需的
3415,lens,透镜， 镜片； 镜头
3416,embody,代表， 表现， 体现； 包括； 包含； 收录
3417,fatal,致命的， 灾难性的， 毁灭性的； 重大的， 决定性的
3418,motive,动机， 目的
3419,envisage,想象， 设想
3420,wrestle,摔跤； 斗争， 搏斗
3421,motivate,作为…的动机； 激励， 激发
3422,marginal,微小的， 少量的； 不重要的； 仅以微弱多数票获胜的； 记在页边的， 有旁注的
3423,spoil,变质；损坏，糟蹋；宠坏，溺爱；战利品， 掠夺物
3424,multiply,增加， 繁殖； 乘
3425,pasture,牧草地，牧场；放牧
3426,approval,赞成， 同意； 认可， 批准
3427,mobile,运动的；流动的；多变的；移动电话
3428,multiple,复合的；多重的，多样的；倍数
3429,evolution,进化， 演化； 发展
3430,peak,达到高峰； 达到最大值；最大值的；高峰的；山顶，顶点，顶峰
3431,magnet,磁铁， 磁体； 有吸引力的人和事物
3432,concentrate,全神贯注，全力以赴；集中，聚集；浓缩；浓缩物， 浓缩液
3433,expose,使暴露， 揭露
3434,versatile,多才多艺的， 有多种技能的； 有多种用途的， 多功能的， 万用的
3435,versus,以…为对手， 对； 与…相对， 与…相比之下
3436,complaint,抱怨， 怨言； 控告
3437,permissible,可允许的， 许可的
3438,cancer,癌， 癌症， 肿瘤
3439,splash,溅，泼；溅泼声； 溅出的水； 斑点
3440,inject,注射， 给…注射； 注入， 引入， 投入
3441,romance,恋爱， 恋爱关系； 浪漫气氛， 传奇色彩； 爱情小说， 传奇故事
3442,offense,犯规， 违法行为； 冒犯， 得罪
3443,atlas,地图集
3444,invisible,看不见的， 无形的
3445,focus,聚焦；集中；焦点， 中心
3446,hamper,妨碍，束缚，限制；大篮子
3447,motel,汽车旅馆
3448,approach,向…靠近；靠近； 途径， 方式
3449,exaggeration,夸张； 夸大之词
3450,peg,小钉，栓，挂物钉；桩；用钉子钉， 用钉固定； 限定； 将…看成， 将…归入
3451,myth,杜撰出来的人； 神话
3452,decisive,决定性的； 坚定的， 果断的， 决断的
3453,concise,简明的， 简要的
3454,implication,含意， 暗示， 暗指； 卷入， 牵连
3455,thesis,论文， 毕业论文； 论题， 论点
3456,bump,碰，撞；
3457,reservation,预订； 保留； 犹豫； 居留地
3458,revive,复苏
3459,cordial,热情友好的， 热诚的
3460,timid,羞怯的， 胆小的
3461,loyalty,忠诚， 忠心
3462,dismiss,不再考虑； 解雇， 解散； 驳回
3463,underlying,在下面的； 含蓄的； 潜在的
3464,reform,改革， 改良， 改造； 改正， 改过自新
3465,install,安装， 设置； 使就职， 任命
3466,ensue,接着发生， 接踵而来， 因而产生
3467,indication,指出， 指示； 迹象， 暗示
3468,bulk,变得越来越大； 使更大；物体，体积；大批
3469,bull,公牛； 雄兽； 买进证券投机图利者， 看涨的人
3470,champion,冠军， 得胜者； 捍卫者， 拥护者
3471,ceramic,陶器的；陶瓷器
3472,queer,奇怪的， 异常的； 不舒服的， 眩晕的
3473,successor,接替的人或事物， 继任者
3474,enlightenment,启发， 开导； 开明， 文明
3475,booklet,小册子
3476,magnificent,壮丽的， 华丽的； 极好的
3477,stagger,摇晃，蹒跚；使吃惊；使错开，使交错；蹒跚， 踉跄
3478,irony,反话， 冷嘲， 嘲弄； 具有讽刺意味的事
3479,restrict,限制， 约束， 限定
3480,bandage,绷带；用绷带绑扎
3481,prevalence,流行
3482,scrap,碎片，碎屑；废金属；残羹剩饭；少量，点滴；废弃， 抛弃
3483,syndrome,综合病症， 综合症状； 一系列表现
3484,tow,拖， 拉， 牵引
3485,imperative,必要的；紧急的，极重要的；命令的；必要的事， 必须完成的事； 【语】祈使语气
3486,meadow,草地
3487,hitherto,到目前为止， 迄今
3488,energetic,精力充沛的， 充满活力的
3489,haul,拖，拉；拖运，运送；拖， 拉， 托运； 一次获得的数量
3490,avail,有帮助； 有益； 有用；效用，利益，帮助
3491,consequence,结果， 后果； 重要， 重大
3492,linear,线的， 直线的， 线状的； 长度的； 线性的
3493,robust,强壮的， 健康的
3494,dominant,占优势的， 支配的， 统治的； 居高临下的， 高耸的
3495,premier,首要的， 首位的， 首次的；总理，首相
3496,peel,剥落，脱皮；削…的皮，剥…的壳；皮， 外衣
3497,intellectual,智力的；知识分子
3498,reclaim,要回； 开垦； 回收
3499,denounce,谴责， 指责； 告发
3500,verge,接近， 濒临；边，边缘
3501,pastry,油酥面团， 酥皮糕点
3502,messenger,送信人， 信使
3503,disable,丧失能力， 伤残
3504,irrespective,不考虑的， 不顾及的
3505,entity,实体， 独立存在体， 实际存在物
3506,prohibit,禁止， 不准
3507,bacteria,细菌
3508,fuel,燃料，燃料剂；给…加燃料； 刺激
3509,hostile,敌方的， 不友善的
3510,reign,当政， 统治； 占主导地位；君主的统治，君主的统治时期
3511,tempo,速度； 节奏， 行进速度
3512,descendant,后裔， 后代
3513,foresee,预见， 预知
3514,bruise,青肿，挫伤；伤痕，擦痕；打青， 使受淤伤； 挫伤， 伤害
3515,associate,把…联系在一起；使联合，结合；交往 [ə'səuʃiət]；副的；伙伴，同事
3516,gown,女礼服， 女裙服； 长袍； 罩衣
3517,crawl,爬行， 蠕动； 缓慢行进
3518,identical,完全相同的， 同一的
3519,plead,恳求，请求；申诉，答辩，辩护；为…辩护， 提出…为理由
3520,kidney,肾， 肾脏
3521,gleam,闪亮， 闪烁； 闪现， 流露
3522,ambitious,有抱负的， 雄心勃勃的； 有野心的
3523,academic,学院的；学术的；纯理论的，不切实际的；大学教师
3524,function,工作， 运行； 起作用；功能，职务；【数】函数；重大聚会
3525,stock,储备；常用的， 常备的；原料，库存品；股本，公债；世系，血统；汤汁；家畜，牲畜
3526,sneak,偷偷地走，溜；偷偷地做
3527,void,无效的；没有的，缺乏的；空虚感，寂寞感；真空，空白；使无效
3528,comparison,比较， 对照； 比拟， 比喻
3529,surge,蜂拥而出；洋溢，奔放；汹涌，奔腾；洋溢， 奔放； 急剧上升， 猛增； 浪涛般汹涌奔腾
3530,swap,交换
3531,ritual,作为仪式一部分的； 例行的；仪式；例行公事，老规矩
3532,liability,责任； 负债， 债务； 不利条件， 起妨碍作用的人
3533,hatch,孵出；筹划，；舱门； 开口； 孵化
3534,patriot,爱国者， 爱国主义者
3535,tick,发出滴答声；记号，勾号；滴答声；给…标记号
3536,basis,基础， 根据； 原则
3537,tutor,当…导师， 当…家庭教师；导师；家庭教师，私人教师
3538,senator,参议员
3539,successive,连续的， 接连的
3540,quantify,确定…的数量， 量化
3541,reconcile,使协调； 使和解； 使顺从， 使甘心
3542,tempt,吸引， 引起…的兴趣； 引诱， 诱惑
3543,obligation,义务， 责任
3544,paperback,平装本， 简装本
3545,evil,坏的；邪恶，祸害
3546,rarely,不常， 难得
3547,hawk,鹰，隼；“鹰派”人物；叫卖， 兜售
3548,twist,缠绕，盘绕；转动，旋动；捻，搓；歪曲，曲解；扭歪，扭伤；曲折前进；转身；扭弯； 转折， 转变； 弯曲， 曲折处
3549,forthcoming,即将到来的； 可得到的； 乐于提供消息的
3550,patriotic,爱国的， 有爱国心的， 显示爱国精神的
3551,complication,困难， 难题； 并发症
3552,perplex,使困惑， 使费解； 使复杂化
3553,combat,战争，斗争，格斗；与…斗争， 与…战斗
3554,despise,鄙视， 看不起
3555,levy,征收；征税， 税款
3556,indulge,沉溺， 纵容自己， 肆意从事；使沉溺于，满足；纵容，迁就
3557,intimidate,恐吓， 威胁
3558,effective,有效的； 有影响的
3559,unity,单一， 统一， 团结； 和睦， 协调
3560,pursue,继续， 从事； 追赶， 追踪； 追求
3561,vulgar,粗野的， 下流的； 庸俗的， 粗俗的
3562,catastrophe,大灾难， 灾祸
3563,convey,表达； 传递； 运送， 输送
3564,design,设计；预定，指定；设计， 构想； 图样； 企图
3565,generous,慷慨的， 宽厚的； 大量的
3566,coincidence,巧合， 巧事； 一致， 符合
3567,victim,牺牲者； 受害者
3568,bust,爆裂，坏掉；打破，打碎；胸像， 半身像； 胸部， 胸围
3569,skull,颅骨， 脑壳
3570,hysterical,情绪异常激动的， 歇斯底里般的
3571,lane,小路， 跑道； 航道， 航线
3572,contaminate,弄脏， 污染
3573,ammunition,弹药， 军火
3574,chief,主要的，为首的；总的；首领， 长官； 酋长， 族长
3575,accord,相符合， 相一致， 相和谐； 授予， 赠与， 给予；一致，符合；谅解，协议
3576,foremost,最好的， 最著名的， 最重要的
3577,automatic,自动的； 必然发生的； 无意识的；自动机械
3578,despite,不管， 不顾
3579,consecutive,连续的， 连贯的
3580,probe,探索，查究，调查；用探针探查，探测；探针， 探测器； 探索， 调查
3581,assimilation,同化， 同化作用； 消化
3582,groan,呻吟，抱怨；发出呻吟般的声音；呻吟， 抱怨； 呻吟般的声音
3583,industrial,工业的， 产业的
3584,conduct,举止，行为；指导；管理，实施 [kən'dʌkt]；进行； 管理， 指挥， 引导； 传输， 传导
3585,velvet,天鹅绒， 丝绒
3586,quantitative,量的， 定量的
3587,stable,稳定的，不变的；沉稳的，持重的；厩， 马厩， 牛棚
3588,reunion,重聚， 团聚； 聚会， 联谊活动
3589,fantastic,极好的， 极出色的； 了不起的； 极大的； 难以相信的； 异想天开的， 不实际的； 奇异的， 古怪的
3590,drainage,排水系统， 下水道； 排水， 放水
3591,respond,回答， 答复； 作出反应， 响应
3592,incident,发生的事， 事件
3593,lame,跛的， 瘸的； 站不住脚的， 差劲的； 蹩脚的
3594,tub,桶， 塑料杯， 纸杯； 盆， 洗澡盆， 浴缸
3595,cluster,群集，丛生；串，簇；群，组；使群集， 集中
3596,prey,捕食； 折磨， 使烦恼；被捕食的动物，捕获物；受害者
3597,apparatus,器械， 器具， 仪器； 机构， 组织
3598,lieutenant,陆军中尉； 海军上尉
3599,tug,用力拖；拖船； 猛拉， 牵引
3600,expedition,旅行， 远征； 远征队， 探险队， 考察队； 迅速， 动作敏捷
3601,decay,腐烂，衰败；腐烂， 衰败状态
3602,grieve,感到悲痛，伤心；使伤心， 为…而伤心
3603,absorb,吸收； 吸引…的注意， 使全神贯注； 把…并入， 同化
3604,concern,关切的事，有关的事；关心，挂念；关系，关联；公司，企业；涉及， 有关； 使关心， 使担心
3605,fracture,断裂，折断；裂缝， 裂痕； 折断
3606,rectify,纠正， 修复
3607,integrity,正直， 诚实， 诚恳； 完整， 完全， 完善
3608,refrain,抑制，克制，戒除；叠句， 副歌
3609,pact,契约， 协定， 条约
3610,notation,记号， 标记法
3611,merge,结合， 合并， 合为一体
3612,liable,易于…的， 可能的
3613,recycle,回收利用
3614,dock,靠码头， 进港；码头，船埠；被告席；使靠码头；扣
3615,marsh,沼泽， 湿地
3616,element,成分， 要素， 元素； 基础， 纲要； 自然力
3617,confidential,秘密的， 机密的； 表示信任的； 担任机密工作的
3618,abundant,丰富的， 富裕的； 大量的， 充足的
3619,exclaim,呼喊， 惊叫
3620,ballet,芭蕾舞， 芭蕾舞剧； 芭蕾舞团
3621,mute,缄默的，无声的；哑的，不会说话的；不发音的；消除， 减轻
3622,courtesy,谦恭有礼； 有礼貌的举止
3623,deteriorate,恶化， 变坏
3624,warehouse,仓库， 货栈
3625,recognize,认出， 识别； 承认， 确认， 认可； 赏识， 表彰， 报偿
3626,restraint,抑制， 限制， 克制； 约束措施， 约束条件
3627,pollutant,污染物质
3628,bamboo,竹， 竹子
3629,input,输入；投入的资金，输入的数据；把…输入计算机
3630,induce,引导， 劝； 引起， 导致
3631,abnormal,反常的， 异常的
3632,shrewd,机灵的， 敏锐的， 精明的
3633,stereotype,陈规，老套，固定的模式；对…形成固定看法
3634,molecule,分子
3635,enroll,入学，加入；招收， 吸收
3636,resign,辞职；听任；辞去， 放弃； 使顺从
3637,safeguard,保护，维护；预防措施； 保证条款
3638,diligent,勤勉的， 勤奋的
3639,sophisticated,老于世故的； 高级的； 精密的， 复杂的； 高雅的
3640,entertainment,娱乐， 文娱节目， 表演会； 招待， 款待， 请客
3641,reside,居住， 定居； 存在， 在于
3642,indicative,标示的，指示的，象征的；陈述的；【语】陈述语气
3643,ward,病房； 区； 受监护人
3644,dread,担忧，忧虑；惧怕；担忧， 畏惧
3645,scrutiny,详细检查， 仔细观察
3646,chase,追逐， 追赶， 追求
3647,accident,意外， 事故
3648,promote,促进， 增进， 发扬； 提升； 宣传， 推销
3649,routine,例行的， 常规的；例行公事，惯例，惯常的程序
3650,attack,攻击， 进攻； 突然发作
3651,divorce,离婚，离异；离婚； 分离， 脱离
3652,tariff,关税， 税率； 价目表， 收费表
3653,attach,缚， 系， 贴， 附加； 使依恋， 使喜爱； 使附属； 认为有
3654,graphic,生动的， 形象的； 绘画的， 文字的， 图表的
3655,convict,证明…有罪，宣判…有罪['kɒnvɪkt]；囚犯
3656,retention,保留， 保持
3657,creation,创造， 创建； 创造的作品， 产物； 宇宙， 天地万物
3658,legislation,法律， 法规； 立法， 法律的制定
3659,dodge,闪身躲开；回避，逃避；托辞， 伎俩； 躲闪， 躲避
3660,ingredient,组成部分， 原料； 要素
3661,surplus,过剩的， 多余的；过剩，剩余，盈余
3662,consolidate,巩固， 加强； 联为一体， 合并
3663,correspondence,信件， 函件； 通信， 通信联系； 符合， 一致， 相似
3664,inhibit,阻止， 妨碍， 抑制
3665,refresh,振作精神， 恢复活力
3666,intimate,亲密的，个人的；至交， 密友；暗示， 提示
3667,shove,用力推，挤；乱推，挤；乱塞，随意放；猛推
3668,theft,偷窃， 失窃
3669,disclose,揭露， 泄露， 透露
3670,religion,宗教， 宗教信仰
3671,yacht,快艇， 帆船， 游艇
3672,mistress,情妇； 主妇， 女主人
3673,oxide,氧化物
3674,miniature,小型的，微小的；微小的模型， 缩影； 微型画， 微型人物像
3675,clan,宗族， 家族
3676,economical,节约的； 经济学的
3677,prosperous,繁荣的， 兴旺的
3678,polish,磨光；修改，润色，使优美；擦光剂
3679,reassess,再评价
3680,cabinet,橱， 柜； 内阁
3681,optical,眼的， 视觉的； 光学的
3682,evoke,唤起， 引起， 使人想起
3683,insurance,保险； 保险费
3684,dazzle,使眩目，耀；使赞叹不已；使倾倒；耀眼的光； 令人赞叹的东西
3685,principle,原则， 原理， 道义； 基本信念， 信条
3686,thigh,大腿
3687,tedious,冗长乏味的， 沉闷的
3688,tilt,倾斜，倾侧；倾斜， 倾侧
3689,inferiority,自卑； 次等
3690,participant,参加者， 参与者
3691,initiate,开始， 创造， 发起； 使初步了解； 接纳， 让…加入；新加入组织的人
3692,domestic,本国的； 家庭的； 驯养的
3693,glare,怒目而视；发射强光，发出刺眼的光线；强光； 怒视， 瞪眼； 炫耀， 张扬
3694,irrigation,灌溉
3695,compile,汇编； 编制， 编纂
3696,vitality,活力； 生机， 元气
3697,locomotive,机车
3698,tile,瓦，瓷砖；铺瓦于， 贴瓷砖于
3699,donation,捐款， 捐赠物； 捐赠， 赠送
3700,immense,广大的， 巨大的； 无限的
3701,inherent,内在的； 固有的， 生来就有的
3702,stability,稳定， 稳固
3703,budget,规划，安排；编预算；低廉的， 收费公道的；预算，预算拨款
3704,radiate,发出， 辐射； 流露， 显示
3705,given,规定的，特定的；假设的，已知的；有癖好的，有倾向的；考虑到
3706,perish,丧生， 毁灭， 消亡； 失去弹性， 老化
3707,pastime,消遣， 娱乐
3708,ultimate,最后的，最终的；终极， 顶点
3709,adapt,使适应； 改编
3710,prosecute,起诉， 告发；对…提起公诉，告发，检举；继续从事
3711,batch,一批， 一组， 一群； 一批生产量
3712,merit,长处，优点；价值；功劳，成绩；值得， 应受
3713,verbal,口头的； 用言辞的， 用文字的； 动词的
3714,solicitor,初级律师， 事务律师
3715,intrinsic,固有的； 本质的； 内在的
3716,proximity,接近， 邻近
3717,luminous,发光的， 发亮的； 光明的
3718,lash,将系牢；鞭打，抽打；猛烈打击；猛烈抨击，严厉斥责；鞭打； 假睫毛； 鞭梢
3719,receipt,发票， 收据； 收入， 进款； 收到， 接到
3720,assume,假定， 假设； 臆断； 承担， 担任； 呈现
3721,predestine,预先确定； 注定
3722,chant,反复有节奏地喊叫；吟诵，咏唱；反复有节奏的喊叫； 赞美诗， 圣歌
3723,destiny,命运； 定数， 天命
3724,capsule,胶囊； 航天舱， 密封舱
3725,concept,概念， 观念； 设想
3726,resistant,抵抗的； 抗…的， 耐…的
3727,ozone,臭氧
3728,indefinite,无限期的； 模糊的， 不确定的
3729,disaster,灾难， 灾祸， 天灾； 彻底的失败
3730,ecology,生态； 生态学
3731,minimal,最小的， 最低限度的
3732,cocktail,鸡尾酒； 餐前开胃小吃； 混合物
3733,enhance,提高， 增加， 加强
3734,convention,习俗， 惯例； 公约； 会议
3735,disease,病， 疾病； 不健全， 弊端
3736,calcium,钙
3737,notwithstanding,尽管
3738,suspicion,怀疑， 疑心， 猜疑； 一点儿， 少量
3739,purchase,买，购买；购买； 购买的物品
3740,refusal,拒绝
3741,disposable,可任意使用的；一次性物品， 不回收物品
3742,bypass,旁道，迂回道；绕过， 绕…走； 越过， 置…于不顾
3743,silicon,硅
3744,clarity,清楚， 明晰
3745,fund,资金，基金；存款；为…提供资金
3746,typical,典型的， 有代表性的
3747,recipient,接受者， 接收者
3748,commonwealth,[C-]英联邦； 联邦， 联合体
3749,watt,瓦
3750,buzz,发出嗡嗡声；忙乱，急行；发出嘈杂的谈话声；嗡嗡声； 嘈杂的谈话声
3751,finance,财政，金融；财源，财务情况；为…提供资金
3752,incur,招致， 引起； 遭受
3753,notorious,臭名昭著的， 声名狼藉的
3754,assassination,刺杀， 暗杀
3755,infant,婴儿的， 幼稚的；婴儿
3756,gland,腺
3757,premise,房屋和地基， 经营场址； 前提， 假设
3758,circus,马戏， 马戏团； 喧闹的场面； 环形广场
3759,controversial,引起争论的， 有争议的
3760,attain,达到， 获得； 完成
3761,deprive,剥夺， 使丧失
3762,tenant,房客， 佃户
3763,resultant,作为结果的， 因而发生的
3764,pest,有害生物， 害虫； 讨厌的人
3765,pedal,踩踏板，骑车；踏板，踏脚；脚蹬， 踩动…的踏板
3766,batter,连续猛击；面糊
3767,heritage,遗产； 继承物； 传统
3768,supreme,最高的， 最大的； 极度的， 最重要的
3769,hostage,人质
3770,priority,优先， 重点； 优先考虑的事
3771,slope,倾斜；倾斜，斜面
3772,inlet,小湾， 水湾； 进口， 入口
3773,metallic,金属的， 金属制的； 有金属特性的， 像金属的
3774,shuttle,穿梭般来回；短程穿梭运行的飞机；航天飞机；梭子；短程穿梭运送
3775,regenerate,新生， 再生， 起革新作用；使新生，重建，改革，革新
3776,allocate,分配； 分派， 把…拨给
3777,latent,潜在的， 隐伏的， 不易察觉的
3778,terrific,极妙的； 极大的； 令人恐惧的
3779,standpoint,立场， 观点
3780,primary,首要的， 主要的； 基本的； 最初的， 初级的
3781,pirate,非法盗印者，侵犯版权者；海盗；盗用， 非法盗印
3782,stubborn,顽固的， 执拗的， 倔强的； 难对付的， 难于克服的
3783,formulate,构想出， 规划； 系统地阐述
3784,consume,消灭， 毁灭；消费；吃完，喝光
3785,dome,圆屋顶， 穹顶
3786,layer,层， 层次
3787,alien,外国的，外国人的；陌生的；性质不同的，不相容的；外国人， 外侨； 外星人
3788,competence,能力， 胜任， 称职
3789,fuse,熔合， 合并； 因保险丝熔断而中断工作；保险丝，熔丝；导火线
3790,elite,[总称] 上层人士， 掌权人物， 实力集团； [总称]出类拔萃的人， 精英
3791,premium,高级的，优质的；售价高的；保险金；额外费用，加付款；奖品，赠品；额外津贴
3792,ornament,装饰品，点缀品；装饰，点缀；装饰， 点缀， 美化
3793,assure,使确信； 确保， 向…保证
3794,pretext,借口， 托辞
3795,ivory,象牙； 象牙色， 乳白色
3796,theme,主题， 题目
3797,consult,请教； 查阅； 商议
3798,solidarity,团结一致
3799,tumble,跌倒，摔下，滚下；翻滚；暴跌；不由自主地卷入；跌倒， 摔倒
3800,gracious,亲切的，和蔼的；优美的；雅致的，雍容华贵的；天哪!
3801,smash,猛撞，猛冲；使粉碎，使打烂；狠打，猛击；使破灭，使失败；破碎； 猛击， 猛撞； 轰动的演出， 巨大的成功
3802,merely,仅仅， 只不过
3803,appropriation,据为己有， 占有； 挪用； 拨款
3804,contradiction,矛盾， 不一致； 否认， 反驳
3805,wealth,财富； 财产； 丰富
3806,henceforth,从今以后， 从此以后
3807,wallet,皮夹子
3808,survive,活下来，继续存在；幸免于；从中挺过来； 从…逃出； 比…活得长
3809,desire,想要，渴望；愿望， 欲望
3810,initial,最初的，开始的；首字母
3811,efficient,效率高的； 有能力的
3812,murmur,小声说； 小声抱怨， 咕哝； 发出连续而低沉的声音
3813,fury,狂怒， 暴怒； 狂暴， 狂烈
3814,unify,使联合， 统一； 使相同， 使一致
3815,muddy,泥泞的，沾满烂泥的；灰暗的，暗淡的；模糊的，糊涂的；使沾上烂泥； 使显得扑朔迷离
3816,hound,猎犬；追逼， 烦恼， 纠缠
3817,consistent,坚持的， 一贯的； 一致的， 符合的
3818,dole,救济，救济金；发放， 发给
3819,reverse,反向，倒转；反向的； 相反的； 颠倒的；撤销，废除；使完全相反，彻底转变；使反转，使次序颠倒；相反情况，对立面；反面，背面，后面；损失，倒退
3820,barren,贫瘠的， 荒芜的； 不结果实的， 不育的； 无益的， 没有结果的
3821,eternal,永久的， 永世的； 无休止的； 永恒的， 永不改变的
3822,permanent,永久的， 固定的
3823,foster,收养的；收养，养育；培养，促进
3824,barely,仅仅， 只不过， 几乎不
3825,prevalent,流行的， 普遍的
3826,cling,紧紧抓住； 黏着， 挨近； 依附， 依恋； 坚持， 墨守， 忠实于
3827,incidence,发生率
3828,clip,夹子，回形针，别针；弹夹，弹仓；剪，修剪；剪报，电影片断；夹住， 扣住； 剪， 修剪
3829,beam,面露喜色； 定向发出， 播送；梁，横梁；束，柱；笑容，喜色
3830,compact,紧凑的，小巧的；坚实的；把…压实，使坚实['kɔmpækt]；契约， 合同
3831,alliance,结盟； 联盟
3832,invaluable,非常宝贵的， 极为贵重的， 无价的
3833,fiction,小说； 虚构， 杜撰
3834,doom,注定，命定；厄运， 劫数
3835,cucumber,黄瓜
3836,aviation,航空， 航空学； 飞机制造业
3837,pessimistic,悲观的
3838,denote,意思是； 表示， 是…的标志
3839,emphasis,强调； 重视； 重要性
3840,interrupt,打断， 中止； 打扰
3841,propagate,繁殖， 增殖； 传播， 宣传， 普及
3842,feasible,可行的， 可能的
3843,majesty,陛下； 雄伟， 壮丽； 庄严
3844,flatter,向…谄媚， 奉承； 使满意， 使感到荣幸； 使显得好看， 使显得突出
3845,potential,潜在的，可能的；潜力， 潜能
3846,necessitate,成为必要， 需要
3847,orthodox,传统的； 正统的， 正宗的
3848,accustomed,惯常的， 习惯的
3849,combination,结合， 联合； 化合
3850,obtain,通用， 流行； 存在；获得
3851,statesman,国务活动家， 政治家
3852,tack,平头钉，大头钉；行动方向，方针；用平头钉钉； 附加， 增补
3853,gross,总的； 严重的； 粗俗的； 臃肿的
3854,lounge,倚，躺；闲逛，闲荡；休息厅， 休息室
3855,porch,门廊
3856,workshop,车间， 工场； 专题讨论会
3857,format,设计，安排；格式，样式，版式；使格式化
3858,sacrifice,牺牲， 舍身； 献祭， 供奉； 祭品
3859,illegal,不合法的， 非法的
3860,corps,队， 部队； 一组
3861,eclipse,食；消失，黯然失色；食， 遮掩光； 使暗淡， 使失色， 使相形见绌
3862,formal,正式的； 礼仪上的
3863,correlate,相关， 关联；使相互关联
3864,soar,猛增， 剧增； 高飞， 升腾； 高涨； 高耸， 屹立
3865,commute,乘公交车上下班，经常乘车往返于两地；减； 折合， 折偿； 上下班交通
3866,sustain,保持， 使持续下去； 供养， 维持； 支持， 支撑； 经受， 遭受
3867,critical,决定性的； 批评的
3868,shepherd,牧羊人，羊倌；带领， 引导
3869,outcry,大声疾呼， 呐喊； 强烈抗议
3870,radiant,容光焕发的， 喜形于色的； 光芒四射的， 光辉灿烂的； 辐射的
3871,principal,最重要的，主要的；负责人， 校长； 资本， 本金； 主要演员， 主角
3872,exceedingly,极端地， 非常
3873,uphold,支持， 维护
3874,exotic,外来的， 异国情调的； 奇异的
3875,relief,轻松， 宽慰； 缓解， 减轻， 解除； 使得到调剂； 接替， 替下
3876,boycott,抵制， 拒绝参与
3877,dimension,尺寸， 尺度， 面积； 方面， 特点； 面积， 规模
3878,deserve,应受， 值得
3879,process,过程；制作方法；程序；加工， 办理
3880,revenge,报复，报仇；为…报仇， 报…之仇
3881,restore,恢复， 使恢复； 修复， 整修； 归还， 交还
3882,subscribe,订阅，订购；同意，赞成；捐助， 赞助
3883,distill,蒸馏， 用蒸馏法提取； 吸取， 提炼
3884,alternative,两者选一的， 供选择的； 另类的；替换物，选择；选择的自由
3885,concentration,集中； 专注， 专心； 浓缩； 浓度
3886,velocity,速度， 速率
3887,encounter,遭遇，遇到；遭遇
3888,fellowship,伙伴关系， 交情， 友谊； 团体， 协会， 联谊会； 奖学金， 研究员职位
3889,colleague,同事， 同僚
3890,approve,赞成， 称许；赞成，称许；批准
3891,interaction,相互作用
3892,pedestrian,步行者， 行人
3893,interfere,干涉， 干预， 妨碍
3894,apartment,一套公寓房间
3895,account,说明…的原因； 占…；记述；解释；账目
3896,fitting,适合的， 恰当的；设备，家具，日用器具；配件，附件，零件；试穿，试衣
3897,stack,堆，垛；堆积， 堆放于
3898,radioactive,放射性的， 有辐射能的
3899,resent,对…表示愤恨， 怨恨
3900,stride,大踏步走；大步； 步法， 步态； 进展， 进步
3901,ambiguous,引起歧义的， 模棱两可的， 含糊不清的
3902,impulsive,冲动的
3903,qualitative,性质的， 定性的
3904,diverse,不一样的， 相异的； 多种多样的
3905,crisp,脆的，鲜脆的；挺括的；清新的，干冷的；简明扼要的，利落的；油炸土豆片
3906,prime,首要的；最好的；青春；全盛时期；使准备好
3907,intellect,智力， 理解力； 才智非凡的人
3908,preference,喜爱， 偏爱； 优先； 偏爱的事物
3909,mild,温柔的； 温暖的； 轻微的
3910,loyal,忠诚的， 忠心的
3911,impact,影响， 作用， 冲击；[Im'pækt]
3912,paralysis,麻痹， 瘫痪， 中风； 无能， 无力
3913,court,法院， 法庭； 庭院； 宫廷； 球场
3914,chapel,小教堂， 祈祷室
3915,distort,变形；歪曲，曲解；扭曲，使变形
3916,subsidiary,辅助的，次要的，附设的；子公司， 附属机构
3917,venture,冒险； 大胆行事；风险投资，风险项目；拿…冒险；敢于
3918,discern,看出， 察觉出； 识别， 认出
3919,enthusiasm,热情， 热心， 热忱； 巨大兴趣
3920,flexible,易弯曲的； 灵活的
3921,domain,领域， 范围； 领地， 势力范围
3922,census,人口普查， 统计
3923,corpse,死尸， 尸体
3924,willful,故意的， 特意的
3925,attitude,态度， 看法； 姿势
3926,relative,有关系的，相对的；亲属， 亲戚
3927,compare,比较， 对照； 把…比作
3928,depict,描绘， 描述
3929,hop,单足跳跃，单足跳行；齐足跳跃，齐足跳行；跳上；蹦跳； 短程航行
3930,characteristic,特有的，典型的；特性
3931,involvement,连累； 包含
3932,pave,铺， 铺筑
3933,integral,构成整体所必需的， 基本的
3934,lubricate,使润滑
3935,comet,彗星
3936,deadline,最后期限
3937,bully,恃强欺弱者；威吓， 欺负
3938,chip,屑片， 碎片； 炸土豆条； 集成电路片， 集成块； 缺口， 瑕疵
3939,medieval,中世纪的； 中古的
3940,tanker,油轮
3941,involve,使卷入， 牵涉； 包含， 含有
3942,pistol,手枪
3943,assemble,集合，召集；集合， 聚集； 装配
3944,watertight,不透水的， 防水的； 严密的， 无懈可击的
3945,transition,过渡， 转变
3946,repel,使厌恶； 击退， 逐回， 驱除； 排斥
3947,mutter,轻声低语； 小声抱怨
3948,series,一系列， 连续； 丛书， 连续剧
3949,complicated,复杂的， 难懂的
3950,junk,废旧物品，破烂；丢弃， 废弃
3951,maximum,最大的； 最高的； 顶点的；最大量；顶点
3952,thrive,兴旺， 繁荣， 旺盛
3953,imaginative,富有想象力的， 爱想象的
3954,penguin,企鹅
3955,represent,作为…的代表， 表示， 象征； 描绘， 表现
3956,masterpiece,杰作
3957,compete,比赛， 竞争， 对抗
3958,tolerant,宽容的， 容忍的
3959,dispatch,派遣，调遣，发送；急件， 快信； 新闻报道； 派遣， 调遣
3960,emergency,紧急情况， 突然事件
3961,dim,昏暗的，朦胧的；模糊不清的；变暗淡
3962,paralyze,使瘫痪， 使麻痹； 使丧失作用； 使惊愕， 使呆若木鸡
3963,interpersonal,人与人之间的， 关于人与人之间关系的
3964,exemplary,可作楷模的， 典范的
3965,faculty,才能， 能力； 系， 科； 全体教员
3966,layoff,解雇； 裁员； 歇工期， 停工期
3967,wretched,极不愉快的， 难受的， 可怜的； 令人苦恼的， 讨厌的； 拙劣的
3968,absurd,荒谬的， 荒唐的
3969,modesty,谦虚
3970,considerate,考虑周到的， 体贴的， 体谅的
3971,glamor,魅力， 诱惑力
3972,clue,线索， 暗示， 提示
3973,bracket,括号；等级段，档次；壁架，托架；把…置于括号内； 把…归入同一类
3974,legal,法律的； 合法的
3975,midst,中部； 中间； 当中
3976,trait,特征， 特点， 特性
3977,radius,半径， 半径范围
3978,disintegration,破裂， 分裂； 瓦解
3979,signal,显著的， 重大的；信号，暗号；标志，表示；发信号；标志着
3980,impair,损害， 损伤； 削弱
3981,dolphin,海豚
3982,sightseeing,观光， 游览
3983,stray,走失，迷路；分心，走神；离题；迷路的，走失的；孤立的，零星的；走失的家畜
3984,planet,行星
3985,exhaust,使筋疲力尽，用尽；详尽论述；排气装置； 废气
3986,thereafter,之后， 以后
3987,soluble,可溶的； 可解决的
3988,feast,尽情地吃， 宴饮； 参加宴会；盛宴，筵席；节日
3989,vision,想象力， 梦幻； 视力， 视觉
3990,accompany,陪同， 伴随； 为…伴奏
3991,armor,盔甲， 装甲； 保护物
3992,acceptance,接受， 承认； 容忍
3993,beneficial,有利的， 有益的
3994,paradise,天堂， 乐园
3995,tackle,对付，处理；与…交涉；阻截，擒抱；阻截， 擒抱； 用具， 钓具； 辘轳， 滑车
3996,reckon,认为， 估计； 指望， 盼望； 测算， 测量
3997,confusion,困惑， 糊涂； 混淆； 骚乱
3998,distract,转移， 使分心
3999,hinge,以…为转移；铰链；装铰链
4000,virtual,实质上的， 事实上的， 实际上的
4001,squeeze,压榨，挤；榨取， 勒索
4002,blank,空白的；茫然的，无表情的；空白； 空白表格
4003,additional,附加的， 追加的
4004,worthy,有价值的， 值得的
4005,primarily,首先， 主要地
4006,telecommunications,通信， 电信
4007,ferry,渡船；渡运
4008,ignore,不顾， 不理； 忽视
4009,hemisphere,地球的半球； 大脑半球
4010,reception,招待会， 欢迎会； 接受， 接纳； 接待， 迎接； 接收效果
4011,applaud,鼓掌，喝彩；向…鼓掌， 向…喝彩； 称赞， 赞许
4012,outward,向外地；外面的，外表的
4013,lunar,月的， 月球的
4014,poetry,诗， 诗歌， 诗集
4015,jury,陪审团， 评奖团
4016,arrogant,傲慢的， 自大的
4017,idiot,白痴； 傻子， 笨蛋
4018,relay,接力赛；中继转播；传送， 传达， 转述； 中继转播
4019,priest,神父， 牧师
4020,monitor,班长；监视器，检测器；显示器；监听， 检测
4021,solo,以独力，单独地；单独的，单独进行的；独奏， 独唱， 独舞
4022,tuition,教学， 讲授， 指导； 学费
4023,permeate,弥漫， 遍布， 散布； 渗入， 渗透
4024,utopian,乌托邦的； 理想的
4025,schedule,时刻表，日程安排表；清单，明细表；安排， 排定
4026,tame,驯服的，顺从的；沉闷的，乏味的；制服， 控制并利用； 驯化， 驯服
4027,adjoin,贴近； 与…毗连
4028,universe,宇宙， 世界； 领域， 范围
4029,inherit,继承
4030,overwhelming,势不可挡的， 压倒的； 巨大的
4031,interpret,解释， 说明； 口译
4032,peculiar,奇怪的， 古怪的； 特有的
4033,idiom,习语， 成语； 风格， 特色
4034,diplomat,外交官， 外交家； 有交际手腕的人， 圆滑的人
4035,hug,紧抱在一起，互相拥抱；拥抱；紧抱，怀抱；紧抱， 热烈拥抱
4036,grant,授给物；授予， 给予
4037,muscular,肌肉发达的， 强壮的； 肌肉的
4038,sparkle,发光，闪耀，闪烁；活跃，焕发；闪光， 闪耀， 闪烁； 活力， 生气
4039,hum,哼曲子；发嗡嗡声；哼；嗡嗡声， 营营声， 嘈杂声
4040,staple,主要的； 经常需要的；订书钉，U形钉；主食；主要产品；用订书钉订
4041,discount,折扣；把…打折扣； 不全信； 漠视， 低估
4042,construct,建造； 构思；建筑物； 构想； 观念
4043,royalty,王族； 版税
4044,convert,转变， 转化； 改变
4045,attempt,尝试， 试图， 努力
4046,rivalry,竞争， 竞赛； 对抗
4047,relish,享受，从…中获得乐趣；享受， 滋味， 乐趣； 调味品
4048,fluorescent,荧光的， 发荧光的
4049,division,分， 分割； 部门， 科， 处； 除法
4050,superficial,表面的， 肤浅的
4051,executive,执行的；行政的；执行者
4052,navigation,航行， 航海， 航空； 导航， 领航
4053,melt,融化； 溶化； 消散
4054,stalk,高视阔步地走；茎，梗，柄；悄悄地跟踪
4055,whereas,然而， 但是， 尽管
4056,pitch,投掷， 使猛然倒下； 表达， 定下特定程度； 定调； 架设， 搭， 扎； 颠簸；球场；程度，强度；高度，高音；沥青
4057,casualty,伤亡人员， 死伤者； 受害人， 损失的东西
4058,gauge,测量仪表；厚度，直径；规格、尺寸；估计， 判断； 计量， 度量
4059,oriental,东方的； 东方人的； 东方文化的
4060,electrical,电的； 电气科学的
4061,stall,熄火； 拖延， 推迟；货摊；
4062,protest,['prəutest]；抗议， 反对
4063,sensitive,敏感的， 灵敏的； 神经过敏的， 容易生气的； 易受伤害的
4064,classification,分类， 分级， 分类法； 类别， 级别
4065,brew,冲泡；酝酿，行将发生；酿造；冲泡；冲泡的饮料
4066,vacant,空的， 未被占用的； 空缺的； 茫然的， 空虚的
4067,menace,具有危险性的人；威胁，威吓；威胁， 威吓
4068,afford,担负得起； 提供
4069,invalid,无效的，作废的；无可靠根据的，站不住脚的；病弱者， 残疾者
4070,curse,诅咒，咒骂，天谴；祸害， 祸根； 咒骂， 诅咒， 咒语
4071,legitimate,合情合理的；合理的，法律认可的；使合法
4072,appease,平息， 抚慰； 姑息
4073,sieve,筛子，漏勺；筛， 滤
4074,whereby,凭此； 借以； 由于
4075,evaluate,评价， 估…的价
4076,status,地位， 身份； 情形， 状况
4077,machinery,机器， 机械
4078,shield,防护物，护罩；盾；保护， 防护
4079,skip,跳，蹦跳；跳绳；跳过，略过，漏过；跳， 蹦跳
4080,instantaneous,瞬间的， 即刻的
4081,phenomenon,现象， 迹象； 非凡的人
4082,quarterly,按季度，一季一次；季度的，每季一次的；季刊
4083,notify,通知， 告知； 报告
4084,bibliography,参考书目； 书目
4085,stream,流出， 涌出；河，溪流；一股，一串
4086,recur,再发生， 重现
4087,coalition,结合体， 同盟； 结合， 联合
4088,generalize,概括， 归纳， 推断； 普及
4089,accumulate,积累， 堆积
4090,crime,罪， 罪行， 犯罪
4091,dwarf,矮小的，发育不全的；矮子，侏儒；使显得矮小， 使相形见绌
4092,heave,举起，提起；扔；发出；起伏，隆起；呕吐，恶心；举起， 升降
4093,leisure,空闲时间； 悠闲
4094,nourish,养育， 喂养， 滋养； 怀有， 增强
4095,grease,油脂；润滑脂，润滑油；用油脂涂， 给…加润滑油
4096,allege,断言， 宣称， 硬说
4097,pilgrim,朝圣者
4098,trigger,扳机；引起反应的行动；触发， 引起
4099,assimilate,被吸收， 被消化； 被同化；吸收，消化；使同化
4100,positive,确实的， 明确的； 积极的， 肯定的
4101,segregate,使隔离， 使分开
4102,addict,有瘾的人； 入迷的人；使成瘾， 使入迷
4103,prospect,前景， 前途， 可能性； 景象， 景色； 可能成为主顾的人， 有希望的候选人
4104,withhold,拒绝， 不给； 抑制， 制止
4105,comparable,可比较的； 类似的； 比得上的
4106,discreet,谨慎的， 慎重的， 审慎的
4107,specialize,专攻，专门研究；使适应特殊目的， 使专用于
4108,instance,例子， 实例， 事例
4109,presumably,大概， 可能， 据推测
4110,bonus,奖金， 红利； 额外给予的东西
4111,recognition,认出， 识别； 承认， 确认， 认可； 赏识， 表彰， 报偿
4112,banquet,宴会， 盛宴
4113,thrill,非常兴奋， 非常激动；兴奋，激动；引起激动的事物
4114,aisle,过道， 通道
4115,convene,开会，集合；召集
4116,arrangement,整理， 排列； 安排； 准备工作
4117,revenue,收入， 收益； 税收， 岁入
4118,solution,解决； 解决办法； 溶液
4119,monopoly,垄断， 专卖； 垄断物， 垄断商品， 专卖商品
4120,opponent,对手； 敌手， 对抗者
4121,accelerate,使加快， 使增速
4122,supplementary,增补的， 补充的
4123,grain,谷物， 谷粒， 颗粒； 少量， 微量
4124,credit,信贷，赊欠；赞扬，荣誉；学分；信任；相信； 把…记入贷方； 把…归于
4125,oxygen,氧， 氧气
4126,intensive,加强的； 精耕细作的
4127,alter,改变， 变更， 变动
4128,combine,结合，联合；化合；联合企业； 联合收割机
4129,ideal,理想的，观念的，空想的；理想， 理想的东西
4130,occur,发生， 出现， 存在； 被想起， 被想到
4131,illustrate,说明
4132,hose,软管，水龙带；用软管淋浇
4133,definitive,最可靠的， 权威性的； 决定性的
4134,streak,飞跑，疾驶；条纹，条痕；个性特征；一阵子，一连串；在…上加条纹
4135,pressure,压，压强；压迫；对…施加压力， 迫使， 说服
4136,dentist,牙科医生
4137,brood,沉思，考虑；孵蛋；一窝； 全体孩子
4138,literacy,识字， 有文化， 读写能力
4139,originate,起源于，来自，产生；创造， 创始， 开创
4140,specialist,专家
4141,background,出身背景， 经历； 背景资料； 背景， 底子
4142,millionaire,百万富翁， 大富翁
4143,transit,运输， 载运
4144,adolescent,青春期的； 青少年的；青少年
4145,nonetheless,尽管如此， 依然， 然而
4146,dispose,去掉， 销毁； 处理， 解决； 使倾向于
4147,petty,小的， 琐碎的； 不重要的； 气量小的， 心胸狭窄的
4148,glow,发光； 燃烧；白热光；脸红；激情
4149,sentiment,意见， 观点； 感情， 情绪
4150,differentiation,区别
4151,constitution,宪法， 章程； 组成； 设立
4152,patent,专利的，受专利保护的；专利，专利权；得到…的专利权
4153,cocaine,可卡因， 古柯碱
4154,groove,沟， 槽
4155,abundance,大量， 丰富， 充足
4156,racket,喧嚷， 吵闹； 敲诈， 勒索， 诈骗； 球拍
4157,conceive,构想出， 设想； 怀孕；想出，认为；怀
4158,sour,酸的；馊的，酸味的；脾气坏的；变酸， 变馊； 变得乖戾
4159,transform,使改观， 改革； 变换， 把…转换成
4160,napkin,餐巾
4161,reckless,鲁莽的， 不考虑后果的
4162,paradox,似乎矛盾而正确的说法； 自相矛盾的人
4163,magnitude,重要性， 重大； 巨大， 广大
4164,justification,正当的理由， 借口
4165,genuine,真的， 真正的； 真诚的
4166,execution,死刑； 实行， 执行， 履行； 演奏， 表演
4167,immune,免疫的， 有免疫力的， 不受影响的； 免除的， 豁免的
4168,brochure,小册子
4169,stern,严厉的，严格的，严峻的；船尾
4170,rotary,旋转的， 转动的
4171,compound,复合的，化合的；化合物，复合物；复合词；使恶化， 加重； 使化合， 使合成
4172,dub,给…起绰号， 把…称为； 为配音， 译制
4173,masculine,男性的， 男子的； 男子气的
4174,extraordinary,非同寻常的， 特别的
4175,witness,证据；目击者，证人；目击； 为…作证， 证明
4176,conventional,普通的； 习惯的， 常规的； 因循守旧的
4177,regulation,规章， 规则； 管理， 控制， 调节
4178,conform,遵守， 适应； 顺从； 相似， 一致， 符合
4179,circulation,循环， 流通； 流传， 传播， 发行； 发行量； 流通
4180,authentic,真的， 真正的； 可靠的， 可信的
4181,mere,仅仅的， 纯粹的
4182,accommodation,住处， 膳宿
4183,evident,明显的， 明白的
4184,suburb,郊区， 郊外， 近郊
4185,pumpkin,南瓜
4186,annoy,使恼怒； 打搅
4187,profess,表示， 承认； 宣称信仰
4188,psychological,心理的
4189,credible,可信的， 可靠的
4190,empirical,以经验为依据的， 经验主义的， 经验的
4191,commit,犯， 干； 使承诺； 把…托付给； 调拨…供使用， 拨出
4192,curb,控制，约束；控制， 约束； 路缘
4193,crash,倒下，坠落；发出撞击声；垮台，破产；碰撞，砸碎；冲，闯；碰撞； 破裂声
4194,character,性格， 特性； 性质； 人物， 角色； 符号， 字
4195,reflect,反映， 显示； 反射， 映现； 深思， 考虑， 反省
4196,outfit,全套服装； 一组人； 全套装备， 全套工具
4197,contribution,贡献； 促成作用； 捐款， 捐献物； 稿件
4198,ongoing,持续的， 继续的
4199,massacre,大规模屠杀，残杀；彻底击败；大屠杀， 残杀； 惨败
4200,reassure,使放心
4201,bang,猛击， 猛撞； 发出砰的一声， 砰砰地响； 砰地敲；巨响；枪声；猛击
4202,magnetic,磁的； 有吸引力的
4203,cholesterol,胆固醇
4204,orbit,轨道；作轨道运行
4205,band,乐队；群，伙；带；条纹；波段；用带绑扎
4206,negligible,可忽略不计的， 微不足道的
4207,setback,挫折， 倒退， 失败
4208,resident,居住的， 定居的； 住校的， 住院的；居民，定居者；住院医生
4209,symbolic,符号的； 象征性的
4210,distinguish,区别， 辨别， 识别； 使杰出； 使著名
4211,mall,购物中心
4212,module,组件， 模块， 模件； 舱
4213,howl,嗥叫； 呼啸； 吼叫， 哀号
4214,execute,将…处死； 实施
4215,substantial,可观的， 大量的； 物质的， 坚固的； 实质的， 真实的
4216,benefit,得益；利益，恩惠；救济金，保险金，津贴；有益于
4217,booth,小房间， 公用电话亭， 岗亭； 售货棚， 货摊
4218,enthusiastic,满腔热情的， 热心的， 极感兴趣的
4219,disastrous,灾难性的， 造成灾害的； 极坏的， 很糟的
4220,unique,唯一的， 独一无二的； 极不寻常的， 极好的
4221,processing,处理
4222,boost,推动， 促进， 激励； 替…做广告， 宣扬； 提高， 使增长；提高，增长；推动，激励
4223,impulse,冲动， 一时的念头； 推动， 驱使； 脉冲
4224,sober,未醉的，有节制的；严肃的，持重的；素淡的，暗淡的；醒酒， 清醒
4225,crystallize,结晶； 变得清晰而明确； 使具体化
4226,religious,宗教的； 笃信宗教的， 虔诚的
4227,infectious,传染的， 有传染性的； 有感染力的
4228,shelter,掩蔽， 躲避， 庇护；掩蔽处，躲避处；掩蔽，保护
4229,prominent,突出的， 杰出的； 突起的； 凸出的
4230,expel,把…除名， 把…开除； 驱逐， 赶走， 放逐； 排出， 喷出
4231,superiority,优越， 优等
4232,outset,开始， 开端
4233,latitude,纬度； 纬度地区； 回旋余地， 自由
4234,scan,细看，审视，浏览；扫描
4235,association,协会， 团体； 联合， 交往
4236,fundamental,基础的，基本的；基本原则
4237,eliminate,消灭， 消除， 排除； 淘汰
4238,cute,漂亮的， 娇小可爱的； 聪明伶俐的， 精明的
4239,entitle,给…权利； 给题名
4240,outline,提纲，要点；外形；略图；概述； 描…的外形
4241,partition,分隔物，隔墙；分割，划分；隔开； 分割， 瓜分
4242,nominal,名义上的， 有名无实的； 很少的， 象征性的； 名词性的
4243,excess,过量的， 额外的；超越，过量，过度['3ks3s]
4244,glance,看一下；一瞥
4245,perspective,视角， 观点； 远景， 景观； 透视画法， 透视图
4246,galaxy,星系； 银河系， 银河； 一群
4247,equality,等同； 平等； 相等
4248,destruction,破坏， 毁灭； 消灭
4249,rebellion,反叛， 反抗
4250,expression,词语； 表达， 表情
4251,reaction,反应， 反作用
4252,accordance,一致， 和谐， 符合
4253,weary,厌烦， 不耐烦；疲劳的，疲倦的；使人疲劳的，令人厌倦的
4254,appeal,求助，诉请；要求；有吸引力；控诉，移交上级法院审理；吸引力； 呼吁； 上诉
4255,swamp,沼泽；淹没， 浸没； 难倒， 压倒
4256,entrepreneur,企业家
4257,dedicate,题献词于上； 把献给， 把用于
4258,peninsula,半岛
4259,extensive,广阔的； 广泛的
4260,residential,居住的， 住宅的； 寄宿的， 住在住所的
4261,definitely,一定地， 明确地
4262,stab,刺， 戳
4263,abandon,离弃， 丢弃； 遗弃； 抛弃； 放弃
4264,collaboration,合作， 协作； 勾结
4265,inspire,鼓舞； 给…以灵感
4266,impart,告知， 透露； 赋予， 给予
4267,bureaucracy,官僚主义， 官僚作风； 官僚机构； 官僚制度； 官僚
4268,household,家庭的， 家喻户晓的；家庭，户；家务
4269,glide,滑行， 滑动； 滑翔
4270,adverse,不利的， 有害的
4271,bulletin,简明新闻， 最新消息； 公告， 布告， 公报； 学报， 期刊
4272,devote,将…奉献给， 把…专用
4273,junction,联结点， 交叉点， 枢纽
4274,crumble,崩溃， 瓦解；弄碎
4275,agent,代理人， 代理商； 政府代表； 动因， 原因； 剂
4276,abortion,流产， 堕胎
4277,salvation,拯救， 解救； 解救措施
4278,instinct,本能； 直觉， 生性
4279,cannon,加农炮， 大炮， 火炮
4280,invest,投资， 投入； 授予
4281,reputation,名誉， 名气， 名声
4282,project,伸出； 投射； 放映；方案， 计划； 课题， 项目； 工程
4283,shrug,耸肩
4284,arena,表演场地， 竞技场； 活动场所
4285,independence,独立； 自主； 自立
4286,shrub,灌木
4287,presentation,提供， 显示； 外观， 图像； 授予， 赠送； 报告， 介绍； 表演
4288,nominate,提名， 任命； 推荐， 指定
4289,loom,阴森地逼近， 隐现； 即将来临；织布机
4290,stationary,固定的， 静止不动的
4291,restrain,阻止， 控制； 抑制， 遏制
4292,awkward,笨拙的， 尴尬的； 难操纵的， 使用不便的； 不灵巧的
4293,ruin,毁坏；毁灭；废墟
4294,beforehand,预先， 事先
4295,formidable,可怕的， 令人敬畏的； 难以克服的， 难对付的
4296,impatient,不耐烦的， 急躁的； 热切的， 急切的
4297,invert,使倒转， 使倒置， 使颠倒
4298,cradle,摇篮；策源地，发源地；轻轻地抱， 捧
4299,discrete,分离的， 不相关联的
4300,assurance,把握， 信心； 保证， 表示保证的话； 保险
4301,psychiatrist,精神科医生， 精神病专家
4302,squad,班， 小队， 小组
4303,disrupt,使中断； 扰乱
4304,scar,留下伤痕；伤疤，伤痕；创伤
4305,sergeant,中士， 警官
4306,vital,生死攸关的， 极其重要的； 生命的， 有生命力的
4307,eccentric,古怪的，怪癖的，异乎寻常的；古怪的人， 怪癖的人
4308,conflict,冲突， 抵触；冲突， 抵触； 争论； 战斗， 战争
4309,appliance,用具， 器具， 器械
4310,alloy,合金；将…铸成合金
4311,delusion,欺骗； 哄骗
4312,mass,大量的，大规模的；聚集， 集中；众多，大量；团，块，堆；群众；质量
4313,detect,察觉， 发觉； 侦查出
4314,update,更新；使现代化；最新信息
4315,renaissance,文艺复兴， 文艺复兴时期； 复兴， 再生
4316,poisonous,有毒的； 恶毒的
4317,condemn,谴责， 指责； 判…刑， 宣告…有罪
4318,assistance,协助， 援助
4319,auction,拍卖
4320,propel,推进， 推动； 激励， 驱使
4321,admit,承认；承认，供认；准许…进入
4322,uneven,不平坦的， 不平滑的； 不一致的， 不相等的
4323,definition,定义， 释义， 定界； 清晰， 鲜明
4324,mansion,大厦， 宅邸
4325,mask,面具，面罩，口罩；伪装；遮盖， 掩饰
4326,patrol,巡逻，巡查；巡逻， 巡查； 巡逻兵， 巡逻队
4327,nickel,镍； 五分镍币， 五分钱
4328,patron,资助人， 赞助人； 老主顾， 顾客
4329,entail,使承担； 使成为必要， 需要
4330,inferior,下等的，劣等的；下级， 下属
4331,apply,应用，实施，使用；适用；申请，请求；涂， 敷， 施
4332,propaganda,宣传
4333,overlook,忽视； 宽恕； 俯瞰
4334,refuge,庇护所， 避难处； 庇护
4335,dramatic,引人注目的， 激动人心的； 戏剧的
4336,incredible,不能相信的， 不可信的， 难以置信的； 惊人的
4337,certainty,必然的事， 确定的事实； 确信， 确实
4338,corrode,腐蚀， 侵蚀
4339,spine,脊柱， 脊椎； 刺， 刺毛； 书脊
4340,commend,称赞， 表扬； 推荐
4341,parasite,寄生生物； 寄生虫
4342,artificial,人工的， 人为的； 矫揉造作的； 模拟的
4343,deficiency,缺乏， 不足； 缺点， 缺陷
4344,imaginary,想象中的， 假想的
4345,formula,公式， 式； 原则， 方案； 配方
4346,disgust,厌恶， 憎恶
4347,transcend,超出， 超越范围
4348,tribute,颂词， 称赞， 礼物； 贡品
4349,mob,暴民，乌合之众；成群围住， 聚众袭击
4350,subordinate,下级的，级别低的；次要的，从属的；部属， 下级；使处于次要地位， 使从属于
4351,trend,伸向，倾向；倾向
4352,achievement,完成； 成就， 成绩
4353,sturdy,强壮的， 结实的， 坚固的； 坚定的， 坚强的
4354,desirable,吸引人的， 可取的
4355,consist,由…组成； 在于； 一致
4356,reliable,可靠的， 可依赖的
4357,compatible,兼容的； 能和睦相处的， 合得来的
4358,incentive,刺激， 鼓励
4359,critic,批评家， 爱挑剔的人
4360,preliminary,预备的，初步的；初步做法， 起始行为
4361,obstacle,障碍， 障碍物； 妨害
4362,profession,职业； 公开表示
4363,van,大篷车， 运货车
4364,dizzy,头晕目眩的，眩晕的；头晕的；令人发晕
4365,resemblance,相似， 形似
4366,exceptional,优越的， 杰出的； 例外的， 独特的， 异常的
4367,constitute,组成， 形成； 设立； 任命
4368,cherish,珍爱， 珍视； 爱护， 抚育； 抱有， 怀有
4369,discrepancy,不符合， 不一致
4370,spectrum,谱， 光谱， 频谱； 范围， 幅度， 系列
4371,convince,使确信， 使信服， 说服
4372,prolong,延长， 拉长， 拖延
4373,missionary,传教士
4374,terminate,停止， 终止
4375,valve,阀， 活门； 瓣膜， 活瓣
4376,refund,退款；退还
4377,remnant,残留部分
4378,internal,内的， 国内的； 内心的
4379,literary,文学的； 文人的， 书卷气的
4380,classical,古典的， 经典的
4381,privilege,特权； 优惠
4382,substitute,代替人，代用品；用…代替
4383,mortgage,抵押，抵押借款；抵押
4384,blaze,熊熊燃烧，着火；发光，放光彩；迸发，爆发；火焰， 烈火； 光辉， 强烈的光； 迸发， 爆发； 灿烂， 炫耀
4385,moreover,而且， 再者， 此外
4386,scatter,撒， 散播； 使散开， 驱散
4387,violate,违反， 违背； 亵渎； 侵犯， 妨碍
4388,federal,联邦的， 联盟的
4389,verify,证实， 查证， 证明
4390,excursion,远足， 短途旅行
4391,inaugurate,开始， 开展； 为…举行就职典礼； 为…举行开幕式， 为…举行落成仪式
4392,undergo,经历； 经受， 忍受
4393,reward,报答，奖赏；报酬，酬金；报答， 酬谢， 奖励
4394,graze,吃青草；放牧；擦伤；擦过，掠过；擦破
4395,coupon,礼券， 优惠券； 配给券， 票证
4396,multitude,大量， 许多； 大众， 民众
4397,inhabit,居住于， 栖居于
4398,siege,包围， 围困
4399,abstract,抽象的，抽象派的；摘要，梗概；抽象派艺术作品
4400,agenda,议程
4401,degenerate,衰退，堕落，蜕化；衰退的，堕落的；堕落者
4402,nurture,养育， 培育， 滋养
4403,destructive,破坏的， 毁灭的
4404,appearance,出现， 来到； 外观
4405,culture,文化， 文明； 教养； 培养； 培养菌
4406,paternity,父权， 父子关系
4407,hasty,草率的， 轻率的； 急速的， 匆忙的， 仓促完成的
4408,anonymous,无名的， 不具名的； 匿名的； 无特色的， 无个性特征的
4409,fake,假的，伪造的；假货；骗子；伪造， 捏造； 伪装
4410,span,跨距，一段时间；持续， 贯穿， 包括； 横跨， 跨越
4411,escort,护卫者，护送者；护送， 护卫
4412,bizarre,奇形怪状的， 怪诞的
4413,existence,存在， 实在； 生存
4414,ascribe,把…归因于， 把…归属于
4415,threshold,门槛， 门口； 入门， 开端， 起始点
4416,float,浮动， 漂浮， 飘动
4417,minority,少数； 少数民族
4418,axis,轴， 轴线， 中心线； 坐标轴， 基准线
4419,pole,杆； 极， 磁极， 电极
4420,preferable,更可取的， 更好的， 更合意的
4421,reference,提到， 论及； 参考， 查阅； 引文； 参考书目； 证明书， 推荐信
4422,spite,恶意，怨恨；不顾；刁难， 欺侮
4423,defendant,被告
4424,arrange,安排， 准备； 整理
4425,olive,橄榄， 橄榄树
4426,coarse,粗的， 粗糙的； 粗劣的； 粗俗的
4427,exaggerate,夸大， 夸张
4428,streamline,使成流线型； 精简， 使效率更高
4429,imply,暗示， 意指
4430,offset,补偿， 抵消
4431,commitment,承诺， 许诺， 保证； 信奉， 献身； 承担的义务
4432,cavity,洞， 穴， 凹处； 龋洞
4433,coward,胆小鬼， 懦夫
4434,fossil,化石； 食古不化的人， 老顽固
4435,poke,伸出，突出；戳，捅；用…戳，把…戳向；伸出，突出；戳， 捅
4436,rejection,拒绝
4437,fixture,固定装置； 固定在某位置的人
4438,manufacture,制造，加工；制造， 制造业
4439,collision,碰撞； 冲突， 抵触
4440,sequence,连续， 接续， 一连串； 次序， 顺序
4441,recruit,招募， 吸收
4442,provision,供应； 准备， 预备； 条款， 规定； 给养， 口粮
4443,calorie,大卡； 卡
4444,slogan,标语， 口号； 广告语
4445,invariably,不变地， 始终如一地， 总是
4446,commence,开始
4447,tract,传单， 小册子； 大片
4448,configuration,配置， 布局， 构造
4449,mercury,水银， 汞
4450,frequent,时常发生的， 常见的
4451,chunk,厚片， 大块； 相当大的部分
4452,interact,相互作用， 相互影响
4453,commonplace,普通的，平庸的；寻常的事物， 平庸的东西
4454,aggregate,总计的， 合计的；总数，合计；总计达， 合计； 使聚集， 使积聚
4455,seemingly,表面上， 看上去
4456,attendant,伴随的， 随之产生的；服务人员，侍者，随从
4457,array,展示；陈列，一系列；排列，队形；衣服，盛装；
4458,parameter,界限， 范围； 参数
4459,extinct,灭绝的， 绝种的； 不再活跃的， 熄灭了的， 已废弃的
4460,discriminate,区别， 辨别； 有差别地对待， 歧视
4461,degrade,降低…的身份， 有辱…的人格； 使降解， 使退化
4462,opaque,不透明的， 不透光的； 难理解的， 晦涩的
4463,repay,归还； 报答
4464,monetary,钱的， 货币的； 金融的
4465,grave,严重的， 严肃的；坟墓
4466,advantage,优点， 优势； 好处
4467,controversy,争论， 辩论
4468,command,命令， 指挥； 控制
4469,compulsory,必须做的， 强制性的； 必修的
4470,performance,演出； 履行， 执行， 完成； 工作情况， 表现， 工作性能
4471,serial,连续的， 顺序排列的；连续剧，连载故事
4472,anticipate,预料， 预期， 期望； 先于…行动， 提前使用
4473,detach,拆卸； 使分开， 使分离
4474,slash,砍；大幅度削减；砍， 砍痕； 斜线号
4475,fabricate,捏造， 伪造， 编造； 建造
4476,comic,喜剧的，滑稽的；连环漫画； 喜剧演员
4477,perfection,完美， 完善
4478,vague,不明确的； 含糊的； 暧昧的
4479,pope,教皇， 罗马主教
4480,exception,例外， 除外
4481,ego,自我， 自己， 自尊
4482,urge,鼓励；推进，催促；竭力主张，强烈要求；冲动， 强烈的欲望
4483,spouse,配偶
4484,score,得分，比数，成绩；二十；分， 给…打分； 画线于； 获胜
4485,isle,小岛， 岛
4486,enclosure,四周有篱笆的场地， 围场； 附件
4487,graduate,研究生的；毕业；毕业生；研究生
4488,famine,饥荒； 严重的缺乏
4489,quota,定额， 限额， 配额
4490,unanimous,全体一致的， 一致同意的
4491,scorn,轻蔑，鄙视；轻蔑， 鄙视； 拒绝， 不屑
4492,thermal,热的， 由热造成的； 保暖的
4493,sulfur,硫
4494,visual,看的， 视觉的
4495,terrain,地形， 地势
4496,grief,悲伤， 悲痛； 悲伤的事， 悲痛的缘由
4497,rap,说唱；敲击，急敲；突然厉声说出；责备，训斥；敲击， 急敲
4498,upgrade,提升，使升级；向上的斜坡
4499,instruct,教， 指示； 通知； 教育
4500,appendix,阑尾； 附录
4501,virtually,事实上， 实质上
4502,agreeable,令人愉快的， 惬意的； 同意的， 乐意的
4503,economy,经济； 节约， 节省
4504,community,社区， 社会， 公社； 团体， 界； 群落
4505,version,译文， 说法， 改写本
4506,sprinkle,撒，洒；少量， 少数
4507,bronze,青铜， 青铜色， 古铜色； 青铜制品， 铜牌
4508,conception,思想， 观念， 概念； 构想， 设想； 怀孕
4509,municipal,市的， 市政的
4510,detain,拘留， 扣留； 留住， 耽搁
4511,institute,研究所，学院；建立， 设立
4512,endure,忍受， 容忍； 持久， 持续
4513,detail,细节，枝节；零件；详细说明
4514,subculture,亚文化
4515,appropriate,适当的，恰当的；私吞； 拨款供专用
4516,criterion,标准， 准则
4517,essence,本质， 实质， 要素； 精髓， 精华
4518,pore,仔细阅读， 审视；毛孔，细孔
4519,utility,效用， 有用
4520,manual,用手的，手工做的；手册， 指南
4521,maneuver,设法变动位置； 用策略， 耍花招；谨慎而熟练的动作；策略，花招；演习；设法使变动位置；操纵，控制
4522,symphony,交响乐， 交响曲； 和谐， 协调
4523,eloquent,雄辩的， 口才流利的， 有说服力的； 明白显示出的
4524,optimistic,乐观的， 乐观主义的
4525,dual,双的， 两重的
4526,submarine,水底的， 海底的；潜水艇
4527,aspect,方面； 朝向、 方向； 样子， 外表
4528,aggressive,侵略的， 好斗的； 敢作敢为的； 有进取心的
4529,stump,脚步沉重地走；树桩；残根，残余部分；把…难住，使为难；在…做巡回演说
4530,behavior,行为， 举止， 表现
4531,federation,联合会； 联邦
4532,minimize,使减少到最低限度； 极力贬低， 对…作最低估计
4533,descend,下来，下降；走下， 爬下
4534,signify,有重要性；表示…的意思，意味，预示
4535,logical,逻辑的， 合乎常理的
4536,reconciliation,和解， 调和
4537,weird,古怪的， 离奇的； 怪诞的， 神秘而可怕的
4538,characterize,成为…的特征， 以…为特征； 描绘的特性， 描述
4539,descent,下降， 下倾； 斜坡， 坡道； 血统， 世系
4540,ridiculous,荒谬的， 可笑的
4541,turbulent,动荡的， 混乱的； 汹涌的， 狂暴的
4542,overt,公开的， 不隐蔽的
4543,refute,驳斥， 驳倒
4544,precedent,先例， 范例； 【法】 判例； 惯例
4545,severe,严重的； 严厉的， 严格的； 严峻的， 艰难的； 朴素的， 不加装饰的
4546,emerge,出现， 涌现， 冒出
4547,exemplify,是…的典型； 例示， 举例证明
4548,lease,租约，租契；出租； 租得， 租有
4549,exploit,剥削； 利用； 开拓；业绩， 功绩
4550,slap,掴，掌击，拍；啪的一声放；掴， 掌击， 拍
4551,anniversary,周年
4552,register,登记， 注册； 指示， 自动记下； 表示， 表达； 注意到， 记住； 把挂号；登记，注册；登记表，注册簿
4553,communicate,通讯， 交际， 交流； 连接， 相通； 传达， 传播； 传染
4554,evidence,根据， 证据； 证人
4555,jerk,猝然一动，猛拉；急推， 急拉， 急扭
4556,fling,扔，掷；使扑，使投身；尽情欢乐的一阵， 一时的放纵
4557,stun,使震惊， 使目瞪口呆； 把…打昏， 使昏迷
4558,acid,酸的， 酸性的； 尖刻的， 刻薄的；酸
4559,autonomy,自治， 自治权； 人身自由， 自主权
4560,transmission,传播， 发射； 传送， 传递； 传染
4561,blush,脸红
4562,dubious,怀疑的， 犹豫不决的， 无把握的； 有问题的； 靠不住的
4563,intuition,直觉； 由直觉获知的信息
4564,artillery,火炮， 大炮； 炮兵
4565,educational,教育的， 教育性的
4566,pose,造成，引起；提出，陈述；摆姿势；假装，冒充，装腔作势；样子， 姿势
4567,finite,有限的， 有限制的； 限定的
4568,amend,修改，修订，改进；赔罪， 赔偿
4569,erupt,喷发， 喷出； 爆发， 突然发生
4570,exquisite,精美的， 精致的； 敏锐的， 有高度鉴赏力的； 剧烈的， 感觉强烈的
4571,collide,碰撞， 互撞； 冲突， 抵触
4572,remedy,补救办法，纠正办法；药品，治疗法；补救， 纠正； 医治， 治疗
4573,cardinal,最重要的； 基本的；红衣主教；【数】基数
4574,consent,同意， 赞成
4575,insist,坚持； 坚持要求； 坚决认为
4576,fusion,联合， 合并； 核聚变
4577,volume,卷， 册， 书卷； 容积， 体积； 音量， 响度
4578,mutual,相互的； 共同的
4579,therefore,因此， 所以
4580,exchange,交换； 交流； 兑换
4581,indignant,愤怒的， 愤慨的， 义愤的
4582,hesitate,犹豫， 踌躇， 含糊； 不情愿
4583,decimal,十进位的；小数
4584,cynical,愤世嫉俗的， 怀疑的
4585,ventilate,使通风； 把…公开， 公开讨论
4586,scoop,舀出； 抢在之前报道新闻；勺子；抢先报道的新闻
4587,companion,同伴， 共事者； 伴侣
4588,culminate,告终
4589,breakdown,垮台， 破裂； 衰竭， 衰弱； 损坏， 故障； 明细， 清单
4590,directory,人名地址录； 工商行名录； 号码簿
4591,behave,表现，举止；运转，做出反应；检点自己的行为
4592,accomplish,达到， 完成
4593,strand,股，缕；一个组成部分；使搁浅
4594,constituent,组成的， 构成的；选民，选区居民；成分，组成；配料
4595,engine,引擎， 发动机； 机车
4596,irritate,使恼怒， 使烦躁； 使不适， 使疼痛
4597,scope,范围； 余地， 机会
4598,responsible,需负责任的， 承担责任的； 有责任感的， 负责可靠的； 责任重大的， 重要的
4599,linen,日用织品； 亚麻织品， 亚麻布
4600,expectancy,预料； 期待； 盼望
4601,illuminate,照明， 照亮； 阐明， 启发
4602,liner,衬里； 大客轮
4603,identify,认出， 鉴定； 把…等同于
4604,citizenship,"公民的身份, 公民的职责和权力"
4605,label,标签，标记，符号；贴标签于； 把…称为
4606,slippery,滑的； 狡猾的
4607,forum,论坛， 讨论会； 专题讨论节目
4608,contempt,轻视， 蔑视
4609,modify,更改， 修改； 修饰
4610,environment,环境； 外界； 围绕
4611,clone,无性繁殖， 克隆；无性繁殖系，克隆；复制品，翻版
4612,betray,背叛， 出卖； 失信于， 辜负； 泄露； 暴露， 显露
4613,progressive,前进的； 渐进的； 进行式的
4614,pledge,保证，誓言；保证， 许诺
4615,exempt,被免除的， 被豁免的；免除，豁免
4616,deliberate,故意的， 蓄意的； 慎重的， 深思熟虑的；仔细考虑， 思考
4617,physiological,生理的， 生理学的
4618,shaft,柄， 杆； 束， 光线； 轴； 竖井， 升降井
4619,aesthetic,美学的， 审美的； 悦目的， 雅致的
4620,atmosphere,大气， 空气； 气氛， 环境
4621,decorate,装饰， 装潢， 修饰
4622,electrician,电工， 电气技师
4623,occupation,占领， 占据； 职业； 从事的活动， 消遣
4624,tendency,趋向， 趋势， 倾向
4625,release,释放， 排放； 解除， 解脱； 放开， 松开； 发布； 发行
4626,caption,说明文字， 字幕
4627,hardy,能吃苦耐劳的， 坚强的； 耐寒的
4628,purify,使纯净， 提纯； 使纯洁
4629,toll,敲；过路费，过桥费；伤亡人数，损失
4630,variation,变化， 变动， 变异； 变奏
4631,moral,道德的，有道德的；品行， 道德规范； 寓意
4632,rig,操纵，垄断；给装配帆及索具；用临时替代材料迅速搭起；船桅的装置， 成套器械
4633,eject,驱逐， 逐出； 喷射， 排出； 弹出
4634,defect,变节， 叛变；缺点，缺陷，欠缺[dI'fekt]
4635,reinforce,增强， 加强， 增援
4636,casual,偶然的； 非正式的； 临时的， 不定期的； 漠不关心的， 冷淡的
4637,slack,懈怠， 懒散；懈怠的，马虎的；萧条的，清淡的，不活跃的；松的；松弛部分；宽松裤
4638,rim,边，缘；环绕边缘
4639,property,财产， 所有物； 房产； 物业； 性质， 性能
4640,rip,扯破，撕坏；裂口， 裂缝
4641,outbreak,爆发， 突然发生
4642,manipulate,操纵， 控制； 影响； 操作， 使用
4643,similar,相似的， 类似的
4644,contradict,反驳， 否认…的真实性； 与…发生矛盾， 与…抵触
4645,melody,旋律， 曲调； 悦耳的音乐
4646,likelihood,可能， 可能性
4647,converge,会合， 互相靠拢； 聚集， 集中； 趋近
4648,compose,组成， 构成； 创作， 为…谱曲； 使平静， 使镇静
4649,catholic,[C-]天主教的；普遍的，广泛的；[C-]天主教徒
4650,partial,部分的； 不公平的； 偏爱的， 偏袒的
4651,aid,帮助，救护；助手，辅助手段；帮助， 援助
4652,supersonic,超声的， 超音速的
4653,optimism,乐观， 乐观主义
4654,confident,确信的， 肯定的； 自信的
4655,retain,保留， 保持
4656,drastic,严厉的， 极端的； 激烈的， 迅猛的
4657,epoch,时期， 时代
4658,saleable,适合销售的
4659,crew,全体船员； 一队工作人员
4660,manufacturer,制造商， 制造厂
4661,defeat,战胜， 挫败
4662,valid,有效的， 正当的； 有根据的， 有理的
4663,inertia,不活动， 惰性； 惯性
4664,encourage,鼓励， 怂恿； 促进， 助长， 激发
4665,vacuum,收集； 用真空吸尘器打扫；真空；真空吸尘器
4666,extravagant,奢侈的； 过度的， 过分的， 放肆的
4667,accommodate,容纳； 向…提供住处； 使适应， 顺应
4668,bubble,冒泡， 起泡， 沸腾；泡，泡沫，水泡，气泡；幻想的计划
4669,morality,道德， 道德性； 德行， 品行； 道德观， 道德规则
4670,yield,出产；让出，放弃；屈服，顺从；倒塌，垮掉；产量
4671,electronic,电子的；电子学； 电子设备
4672,transplant,移栽，移种；移植；使迁移，使移居；移植
4673,terrace,排屋；地坪，草坪；
4674,deficit,赤字， 亏空， 亏损
4675,sacred,神圣的； 宗教的； 神圣不可侵犯的
4676,cathedral,大教堂
4677,elegant,优美的， 文雅的， 讲究的； 简练的， 简洁的
4678,synthesis,综合； 合成
4679,incidentally,顺便提及地， 顺便提一句
4680,polar,地极的， 近地极的； 磁极的； 正好相反的， 截然对立的
4681,shark,鲨鱼； 勒索者， 诈骗者， 放高利贷的人
4682,linger,继续逗留， 留恋徘徊， 继续存留； 缓慢消失
4683,historian,历史学家， 史学工作者
4684,cumulative,积累的， 渐增的
4685,prototype,原型
4686,overpass,天桥， 立交桥
4687,species,种， 类
4688,slip,滑跤，滑落，溜；下降，跌落；悄悄放进；疏漏， 差错
4689,temperament,气质， 性格
4690,cite,引用， 引证； 传唤， 传讯； 表彰， 嘉奖
4691,acquaintance,认识， 了解； 熟人
4692,moan,呻吟，呜咽；抱怨，发牢骚；抱怨；呻吟声， 呜咽声； 怨声， 牢骚
4693,quench,止； 扑灭
4694,shed,脱落，脱去；流出，流下；发出，散发；棚， 小屋， 货棚
4695,spice,香料，调味品；趣味，情趣，风味；使增添趣味； 加香料于
4696,rating,等级， 品级， 评定结果； 收视率， 收听率
4697,assertive,断定的； 过分自信的
4698,autonomous,自治的； 独立自主的
4699,referee,当裁判；裁判员；证明人，推荐人；仲裁者，调解者
4700,aerial,飞机的，航空的；空中的，架空的；天线
4701,trial,试， 试验； 审判； 讨厌的人
4702,perception,感知， 觉察； 认识， 观念， 看法
4703,elapse,消逝， 过去
4704,symmetry,对称； 匀称， 整齐
4705,visualize,想象； 设想
4706,reap,收割， 收获； 获得， 得到
4707,insect,昆虫， 虫
4708,presume,擅自行事；推测，假定，相信；冒昧，擅自；认定，推定
4709,complement,补充，互为补充的东西；编制名额；装备定额；补语['kɒmplɪm3nt]；补充， 与…相配
4710,cable,缆，索，电缆，电报；给… 发电报， 用电报传送
4711,nasty,令人讨厌的， 令人厌恶的； 难弄的， 困难的； 严重的， 恶劣的， 险恶的； 下流的， 道德败坏的
4712,intense,强烈的； 紧张的； 认真的； 热情的
4713,border,近似， 与…接壤；边，边缘，边界；给…加上边，围；邻接
4714,estate,地产， 房地产
4715,articulate,善于表达的， 发音清晰的； 表达得清楚有力的；明确有力地表达； 清楚地吐， 清晰地发
4716,adhere,黏附， 附着； 遵守； 坚持； 追随， 支持
4717,expense,花费， 消费， 费用； 开支， 业务费用
4718,traverse,横渡， 横越
4719,rigorous,严密的， 缜密的； 严格的， 严厉的
4720,yell,号叫， 叫喊
4721,contemporary,现代的， 当代的； 同时代的
4722,tribe,部落； 族
4723,activate,使活动起来； 使开始作用
4724,mobilize,动员起来；动员；调动，鼓动起
4725,mock,嘲笑，嘲弄；模拟的， 演习的； 假的， 假装的；嘲笑，嘲弄；模仿
4726,minibus,小型公共汽车
4727,repetitive,重复的， 反复性的
4728,gear,齿轮，传动装置，挡；用具，设备，衣服；使适应， 使适合
4729,facilitate,使…变得容易， 使便利
4730,precipitate,使突然发生； 猛然抛下； 使沉淀
4731,endow,资助， 捐赠； 给予， 赋予， 认为…具有某种特质
4732,financial,财政的， 金融的
4733,respective,各自的， 各个的， 分别的
4734,quiver,颤抖，发抖，抖动；颤抖， 抖动， 颤声
4735,slot,狭缝，狭槽；位置，空位；把…放入狭长开口中； 把…纳入其中， 使有位置
4736,harden,变硬
4737,rot,腐烂，腐朽；腐烂， 腐朽
4738,define,给…下定义， 限定
4739,predict,预言， 预告， 预测
4740,dictate,['dIkteIt]；口授； 命令， 规定， 要求
4741,memorize,记住， 熟记
4742,render,使得， 致使； 给予， 提供； 翻译
4743,undermine,暗中破坏， 逐渐削弱； 侵蚀…的基础
4744,subjective,主观的， 个人的
4745,blossom,开花； 发展， 长成；花
4746,radical,根本的，基本的；激进的，激进派的；激进分子
4747,manifest,明显的，显然的，明了的；显示， 表明， 证明； 使显现， 使显露
4748,blunt,钝的；率直的，直言不讳的；使迟钝； 使减弱； 使钝
4749,endeavor,努力， 尽力， 尝试
4750,relieve,使轻松， 使宽慰； 缓解， 减轻， 解除； 使得到调剂； 接替， 替下
4751,quartz,石英
4752,air-conditioning,空调设备， 空调系统
4753,adjacent,邻近的， 毗连的
4754,employment,工作； 雇用； 使用
4755,transport,运输；运输， 运输工具
4756,specific,特有的；明确的；具体的；详情， 细节
4757,analogy,比拟； 类比， 类推
4758,application,申请， 申请书； 施用， 涂抹； 应用， 实施； 实用性
4759,productive,多产的， 富饶的； 富有成效的
4760,prune,修剪， 修整； 删除， 削减
4761,engage,使从事于， 聘用； 吸引， 占用； 使订婚
4762,chord,和弦， 和音； 弦， 心弦
4763,semester,学期
4764,strategy,战略， 策略
4765,remainder,余下的部分， 剩下的人数
4766,hypothesis,假设， 假说， 前提
4767,revolve,旋转
4768,collapse,倒坍， 瓦解； 崩溃， 突然失败
4769,territory,领土， 版图； 领域
4770,summon,召唤， 传唤； 鼓起， 振作； 召集， 召开
4771,flare,闪耀，烧旺；突发，突然发怒；闪光信号， 照明弹
4772,accurate,准确的， 正确无误的
4773,legend,传说， 传奇故事； 传奇人物
4774,maintain,维持； 维修， 保养； 主张； 赡养
4775,expertise,专门知识， 专长
4776,bargain,讨价还价；特价商品；协议，交易
4777,erect,竖直的， 挺直的；建造，使竖立
4778,professional,职业的，专业的，专门的；自由职业者， 专业人员
4779,nil,无， 零
4780,identification,身份证明； 鉴定， 验明， 认出； 认同
4781,migrant,移居者， 移民； 候鸟， 迁移动物
4782,protein,蛋白质
4783,annual,每年的，一年一次的；年报， 年鉴； 一年生的植物
4784,exclusive,奢华的，高级的；独有的；排斥的；不包括…的；独家新闻
4785,repertoire,全部节目
4786,poverty,贫穷， 贫困
4787,resort,求助，凭借，诉诸；求助， 凭借， 诉诸； 求助的对象， 采用的手段； 常去之地， 胜地
4788,testify,作证，证明；表明，说明；作证， 证明
4789,pearl,珍珠； 珠状物； 珍品
4790,conclusive,确实的； 最后的； 决定性的
4791,margin,页边空白； 差数， 差额； 余地； 边缘
4792,apt,易于…的， 有…倾向的； 恰当的， 适宜的； 聪明的， 反应敏捷的
4793,remain,剩下，余留，保持；仍然是；残余； 残骸； 遗迹
4794,pregnancy,怀孕
4795,shabby,破旧的， 衣衫褴褛的； 卑鄙的； 不公正的
4796,toss,掷钱币来决定；翻来覆去；扔，抛，掷；猛抬；拌；掷；使摇动，使颠簸；掷钱币来决定； 猛抬头
4797,demand,要求，需要；询问；要求， 需要
4798,reel,摇摇晃晃地移动，蹒跚；眩晕，发昏；卷轴，卷筒，卷盘；卷， 绕
4799,pathetic,差劲的， 令人生厌的； 引起怜悯的， 可怜的， 可悲的
4800,dissipate,消散，消失；使消散， 使消失； 浪费， 挥霍
4801,flask,长颈瓶， 酒瓶， 烧瓶
4802,accuse,指责， 归咎于
4803,disturbance,扰乱， 打扰； 骚乱， 混乱； 心神不安， 烦恼
4804,visceral,内脏的， 腑脏的； 出自内心的， 发自肺腑的
4805,simultaneous,同时发生的， 同时存在的； 同步的， 一齐的
4806,instructional,指导的， 教育的
4807,guarantee,保证，担保物；保证， 担保
4808,odor,气味
4809,predecessor,前任， 前辈； 原有事物， 前身
4810,acquire,取得， 获得； 学到
4811,literal,照字面的， 原义的； 逐字的
4812,notion,概念， 观念； 意图， 想法， 念头
4813,default,不履行义务， 拖欠；违约，拖欠；弃权；预设，缺省
4814,arc,弧形； 弧； 电弧， 弧光
4815,beverage,饮料
4816,captive,被俘虏的，被捕获的；俘虏
4817,insane,极蠢的， 荒唐的； 精神病的， 精神失常的， 疯狂的
4818,attribute,把…归因于；属性
4819,cemetery,墓地， 公墓
4820,genetic,遗传的；[-s]遗传学
4821,stitch,缝， 绣；一针，线迹；缝法，针法，编结法；突然剧痛
4822,triumph,成功；凯旋，胜利
4823,vice,罪恶， 恶习， 缺点； 虎钳
4824,detection,察觉， 发觉； 侦查， 探测
4825,bowel,肠； 内部， 深处
4826,arouse,引起； 唤起， 唤醒
4827,optimum,最合适的， 最优的， 最佳的
4828,suppress,压制， 镇压； 禁止发表， 查禁； 抑制， 忍住； 阻止…的生长
4829,pudding,布丁
4830,wrinkle,起皱纹；皱纹
4831,consensus,一致， 一致同意
4832,boring,令人厌烦的， 乏味的， 无聊的
4833,classic,最优秀的，典型的，标准的；传统式样的，典雅的；文学名著，经典作品，杰作；优秀的典范；
4834,supervise,监督， 管理， 指导
4835,gossip,传播流言蜚语；流言蜚语；爱说长道短的人
4836,describe,形容， 描写； 画出
4837,dilemma,窘境， 困境
4838,engagement,订婚， 婚约； 约会
4839,wealthy,富的， 富裕的
4840,slum,贫民窟
4841,foam,起泡沫， 吐白沫；泡沫；泡沫材料，泡沫状物
4842,disregard,不理会，漠视；忽视， 漠视
4843,administration,管理； 管理部门， 行政机关； 实行， 执行
4844,occasional,偶尔的， 间或发生的
4845,dwell,居住
4846,incorporate,包含； 加上， 吸收； 把…合并， 使并入
4847,debate,争论， 辩论
4848,extinguish,熄灭， 扑灭； 使消亡， 使破灭
4849,vulnerable,易受伤的， 脆弱的； 易受攻击的， 难防御的
4850,furniture,家具
4851,segment,部分， 片段； 瓣
4852,counterpart,与对方地位相当的人， 与另一方作用相当的物
4853,preach,布道， 说教；宣讲，布道；竭力鼓吹，宣传
4854,flank,肋，肋腹，侧边；侧翼；位于…的侧面
4855,donate,捐赠， 赠送
4856,pendulum,摆， 钟摆； 摇摆不定的事态
4857,defiance,违抗； 藐视
4858,sovereign,拥有最高统治权的， 至高无上的； 具有独立主权的；君主，元首
4859,cater,满足需要， 迎合； 提供饮食及服务， 承办酒席
4860,attractive,有吸引力的， 引起注意的
4861,significant,相当数量的； 重要的， 意义重大的， 意味深长的
4862,duplicate,完全一样的， 复制的；完全一样的东西，复制品；复制， 复印； 重复
4863,bleed,出血，流血；泌脂；勒索…的钱
4864,rein,缰绳；勒缰使停步； 控制， 约束
4865,decrease,减少；[dI'kriːs]
4866,flutter,振翼，拍翅而飞；飘动，飘扬；快速跳动；紧张， 激动不安
4867,volunteer,自愿； 自愿提供； 志愿；志愿者；志愿兵
4868,overlap,部分重叠； 部分相同；重叠， 重叠的部分
4869,materialism,唯物主义
4870,installment,分期付款， 分期交付； 部分
4871,mourn,哀悼； 感到痛心
4872,cane,手杖； 茎
4873,trifle,嘲笑； 轻视；琐事，小事，无价值的东西
4874,migrate,迁徙， 移栖； 移居， 迁移
4875,Easter,复活节
4876,submit,屈从， 听从； 忍受； 甘心；屈从，听从，服从；呈送，提交；主张，建议
4877,novelty,新奇事物； 新奇， 新奇感， 新奇性； 新颖小巧而廉价的物品
4878,occupy,占领； 占； 占有
4879,string,线， 细绳； 一串， 一行
4880,boom,激增， 繁荣， 迅速发展； 发出隆隆声；激增，繁荣，迅速发展；隆隆声，嗡嗡声
4881,absence,缺席， 不在； 缺席的时间， 外出期； 缺乏， 不存在
4882,abolish,彻底废除， 废止
4883,attract,吸引， 引起…注意
4884,cautious,十分小心的， 谨慎的
4885,snatch,一把抓住；夺，夺走，抢走；一下子拉，一把抓住；抓住机会做，抽空做；片断
4886,blink,眨眼睛；闪亮，闪烁；眨眼睛； 一瞬间
4887,summit,最高点， 峰顶； 最高级会议
4888,perfume,香水，香料，香气；使充满芳香； 洒香水于
4889,magnify,放大， 扩大； 夸大， 夸张
4890,redundant,多余的， 过剩的
4891,situated,位于…的， 坐落在…的； 处于…境地的
4892,recession,衰退， 衰退期
4893,doubtless,无疑地， 肯定地
4894,negative,否定的，消极的；负的，阴性的；负片， 底片； 负数
4895,impose,把…强加； 征
4896,statement,陈述， 声明； 结算单， 报表
4897,trademark,商标， 牌号； 特征， 标记
4898,factor,因素， 因子； 系数
4899,analogous,类似的， 相似的； 可比拟的
4900,substance,物质； 实质； 大意， 要旨； 根据， 理由
4901,complexion,肤色， 面色； 局面； 性质
4902,continuity,连续， 持续
4903,sculpture,雕刻， 雕塑； 雕刻作品， 雕塑品
4904,target,靶， 标的， 目标
4905,momentum,动力， 冲力， 势头； 动量
4906,wax,蜡，蜂蜡；给…上蜡
4907,sensation,感觉能力； 感觉， 知觉； 轰动， 引起轰动的事件
4908,urban,都市的， 住在都市的
4909,furthermore,而且， 此外
4910,timely,及时的， 适时的
4911,cape,斗篷， 披肩； 海角， 岬
4912,discard,丢弃， 抛弃， 遗弃
4913,delicate,纤细的； 易碎的； 微妙的； 精美的
4914,rebel,反叛， 造反； 反对， 不服从；反叛分子，反对者
4915,subsidy,津贴， 补助金
4916,bounce,弹起，反弹，颠跳；弹， 反弹
4917,obscene,淫秽的， 下流的； 可憎的， 可恶的
4918,tissue,组织； 薄绢， 薄纸， 手巾纸
4919,Thanksgiving,感恩节
4920,proficiency,熟练， 精通
4921,modest,谦虚的； 适中的； 羞怯的
4922,cast,投，扔，抛；浇铸；演员表， 全体演员； 石膏绷带； 铸型， 铸件； 投， 抛
4923,vocational,职业的， 业务的
4924,crush,压碎， 碾碎， 镇压
4925,hatred,憎恶， 憎恨， 仇恨
4926,slice,薄片，切片，部分；切， 削， 剁
4927,electron,电子
4928,embed,把…嵌入， 扎牢； 使深留脑中
4929,incline,斜坡[In'klaIn]；使倾斜
4930,elevate,提升…的职位， 提高， 改善； 使情绪高昂； 举起， 使上升
4931,designate,指派， 委任； 标出； 把…定名为
4932,promising,有希望的， 有前途的
4933,slick,圆滑的， 口齿伶俐的； 精巧的， 巧妙的， 灵巧的； 光滑的， 滑溜的
4934,practicable,可行的， 适用的
4935,item,条， 条款
4936,counsel,律师，法律顾问；忠告，劝告；劝告， 提议
4937,canvas,帆布； 帆布画布， 油画
4938,superintendent,主管人， 监管人， 负责人； 警长
4939,probability,可能性， 可能发生的事； 概率
4940,contention,论点； 争论， 争辩
4941,lofty,高傲的， 傲慢的； 崇高的， 高尚的； 高耸的， 极高的
4942,explicit,详述的， 明确的， 明晰的； 直言的， 露骨的
4943,rely,依靠， 依赖； 信赖， 指望
4944,slide,滑；悄悄地移动；滑动； 滑道， 滑面； 幻灯片
4945,utilize,利用
4946,sticky,黏性的， 胶粘的； 湿热的
4947,prevail,流行， 盛行
4948,excessive,过多的， 极度的
4949,denial,否认； 拒绝， 拒绝给予
4950,assault,攻击， 袭击
4951,implicit,不言明的， 含蓄的； 内含的， 固有的； 无疑问的
4952,intensify,增强， 加剧
4953,feminine,女性的， 女子的； 女子气的
4954,purity,纯净， 纯洁， 纯正
4955,pattern,型，式样；模，模型；仿制， 使…仿效
4956,settle,安排， 安放； 调停； 支付， 核算； 安家； 飞落， 停留； 安定
4957,heighten,提高， 加强
4958,vehicle,车辆， 机动车； 传播媒介， 工具， 手段
4959,scrape,刮，擦；勉强过日子；刮， 擦； 刮擦声
4960,web,网； 网络； 错综复杂的事物
4961,femininity,女性气质
4962,plateau,高原； 稳定时期
4963,tragic,悲惨的， 可悲的； 悲剧的
4964,grin,咧嘴笑
4965,grip,握紧，抓牢；吸引住…的注意力；紧握
4966,reliance,依靠， 依赖
4967,explore,探险， 探索； 仔细查阅， 探究
4968,display,陈列， 展览； 显示
4969,electricity,电
4970,climate,气候； 风土， 地带； 风气， 气氛
4971,tentative,试探的， 试验的
4972,disorder,混乱， 杂乱； 骚乱
4973,aggravate,加重， 加剧， 使恶化； 激怒， 使恼火
4974,criticize,批评， 评论， 非难
4975,preside,主持，主管
4976,economic,经济的；经济学的；经济学； 经济状况
4977,transistor,晶体管， 晶体管收音机
4978,statistics,统计学； 统计表
4979,grim,讨厌的， 糟糕的； 严厉的； 冷酷的， 无情的
4980,giggle,咯咯笑， 傻笑
4981,offspring,子女， 子孙， 后代； 崽
4982,arrest,逮捕，拘留；停止，阻止；吸引；逮捕， 拘留， 扣留
4983,mature,成熟的，成年人的；深思熟虑的；到期的，应支付的；使成熟
4984,alleviate,减轻； 缓解， 缓和
4985,notification,通知， 告示； 通知书
4986,overflow,满得外溢，外流，泛滥；充满，洋溢；淹没， 从…中溢出， 多得无法容纳；容纳不下的物； 溢出， 满出； 溢流口， 溢流管
4987,provoke,对…挑衅， 激怒； 激起， 引起
4988,threaten,威胁， 恐吓； 预示快要来临； 构成威胁， 可能发生
4989,enrich,充实， 使丰富； 使富裕， 使富有
4990,foil,箔，金属薄片；陪衬，衬托；挫败， 使受挫折
4991,strain,扭伤， 拉伤； 尽力使用， 紧张； 拉紧； 尽力；拉紧；过劳，极度紧张；张力；扭伤，拉伤；旋律；品种，家系；气质，个性特点
4992,negotiate,洽谈， 协商， 谈判； 顺利通过， 成功越过
4993,cellar,地窖， 地下室； 酒窖
4994,tangle,缠结，乱作一团；乱糟糟的一堆， 混乱； 复杂的问题； 困惑
4995,package,包裹，包装；一揽子交易；把…打包； 包装
4996,intrigue,耍阴谋，施诡计；激起…的好奇心，迷住；阴谋， 诡计， 密谋
4997,orient,转向特定方向；适应[theO-]；使适应，使熟悉情况；使朝向，以…为方向；东方， 亚洲， 东半球
4998,crisis,危机， 存亡之际； 关键阶段
4999,handicap,缺陷；障碍，不利条件；妨碍， 使不利
5000,survival,幸存； 幸存者； 残存物
5001,shatter,碎裂；使粉碎，砸碎；使破灭；使震惊
5002,plea,恳求， 请求； 抗辩， 答辩， 辩护； 借口， 托辞
5003,persuasion,说服， 劝说； 信念， 信仰
5004,keen,热心的； 激烈的； 敏锐的， 敏捷的
5005,nutrition,营养
5006,detective,侦探， 私人侦探
5007,transfer,搬， 转移； 调动， 转学； 转让， 过户； 乘车， 转乘
5008,veteran,经验丰富的；老手；老兵
5009,cereal,加工而成的谷类食物； 谷类植物， 谷物
5010,esthetic,美学的， 审美的； 悦目的， 雅致的
5011,indifferent,冷漠的， 不积极的； 一般的， 平平的
5012,affection,感情； 爱， 爱慕
5013,diversion,转移， 转向； 消遣， 娱乐； 临时绕行路
5014,elementary,基本的， 初级的
5015,eagle,鹰
5016,solemn,庄严的， 隆重的； 严肃的
5017,embarrass,使窘迫， 使为难
5018,erroneous,错误的， 不正确的
5019,option,选择， 选择权， 选择自由； 选择的事物， 选课
5020,acute,严重的； 急性的； 灵敏的， 敏锐的； 精明的
5021,limitation,限制， 限度； 局限
5022,jog,慢跑； 轻轻碰撞
5023,terrify,使害怕， 使惊吓
5024,handbook,手册， 便览
5025,ascertain,弄清， 查明； 确定
5026,crucial,至关重要的， 决定性的
5027,contribute,捐献， 捐款； 投稿
5028,insert,插入， 嵌入； 登载
5029,faith,信任， 信心； 信仰， 信条
5030,inspiration,灵感； 鼓舞人心的人
5031,endurance,忍耐力； 持久， 耐久
5032,highlight,强调，突出，使显著；最精彩的部分， 最重要的事件
5033,candidate,候选人， 投考者， 申请求职者
5034,strive,努力， 奋斗， 力求
5035,database,数据库
5036,intelligible,可理解的， 明白易懂的， 清楚的
5037,parallel,并列的，平行的；类似的；对应的；并联的；可相比拟的事物，相似处；平行线，平行面；纬线；与…相似， 与… 相当， 比得上
5038,reject,拒绝； 拒纳， 退回， 摈弃；被拒货品， 不合格产品
5039,hospitality,友好款待， 好客
5040,sheer,垂直地，陡峭地；急转向， 偏离；完全的，十足的；陡峭的，垂直的；极薄的，透明的
5041,imitation,模仿； 仿制， 伪制品； 赝品
5042,compliment,赞美，恭维；致意，问候；赞美， 恭维
5043,blunder,跌跌撞撞地走， 慌乱地走； 犯错误；错误
5044,breach,破坏，违反；破裂，不和；缺口，裂口；攻破， 在…造成缺口； 破坏， 违反
5045,original,最初的；新颖的；原版的；原件， 原作
5046,comply,遵从， 依从， 服从
5047,deviate,背离， 偏离
5048,assignment,任务； 指定的作业； 分配， 指派
5049,album,粘贴簿， 集邮簿， 相册
5050,stimulus,促进； 刺激
5051,electric,电的， 电动的
5052,bewilder,使迷惑； 使难住
5053,regiment,团；大量；严格地管制， 严密地编组
5054,diminish,变少，变小，降低；减少， 减小， 降低
5055,surpass,超过， 优于， 多于； 超过…的界限， 非…所能办到
5056,various,各种各样的， 不同的
5057,depression,抑郁， 沮丧； 不景气， 萧条； 洼地， 凹陷
5058,affiliate,使隶属于；附属机构， 分公司
5059,unfold,展开， 打开； 显露， 展现
5060,extent,广度； 范围； 程度
5061,equivalent,相等的，等量的；相等物， 等价物
5062,sensational,轰动的， 耸人听闻的； 使人感动的， 非常好的
5063,wedge,楔；楔入， 塞入
5064,alienate,使疏远， 使不友好， 离间； 转让， 让渡
5065,brink,边缘， 边沿
5066,plague,瘟疫，鼠疫；灾难，祸患；使痛苦， 给…造成困难
5067,perpetual,永久的， 永恒的， 长期的； 无休止的， 没完没了的
5068,retrospect,回顾
5069,fascinate,强烈地吸引， 迷住
5070,colonial,殖民地的
5071,warfare,战争； 斗争， 冲突
5072,draft,草稿；汇票；征兵；通风；起草； 征募
5073,complex,由许多部分组成的，复合的；复杂的，难懂的；综合体， 集合体； 情结， 夸大的情绪反应
5074,assumption,假定， 臆断； 担任， 承担
5075,humidity,湿度， 潮湿， 湿气
5076,rank,列入， 占特定等级；军衔，职衔；地位，社会阶层；排，行列；把…分等，给…评定等级
5077,pamphlet,小册子
5078,preparatory,预备的
5079,neglect,忽视， 忽略； 疏忽
5080,addition,加， 加法； 附加物
5081,vein,静脉， 血管； 叶脉； 纹理， 纹路； 方式， 风格
5082,carve,切， 把…切碎； 雕刻， 刻
5083,veil,面纱，面罩；遮盖物，掩饰物；掩盖， 掩饰
5084,shrink,起皱； 收缩； 退缩， 畏缩
5085,hierarchy,等级制度； 统治集团， 领导层
5086,ancestor,祖宗， 祖先； 原型； 先驱
5087,hazardous,危险的； 冒险的
5088,locality,地区， 地点
5089,proceeding,诉讼
5090,artery,动脉； 干线， 要道
5091,panic,恐慌， 惊慌失措；恐慌，惊慌，慌乱
5092,underestimate,对…估计不足，低估；估计不足， 低估
5093,fold,折叠，合拢；褶， 折叠的部分
5094,transient,短暂的， 转瞬即逝的； 临时的， 暂住的
5095,hurl,猛投， 狠掷； 大声叫骂
5096,competitive,竞争的， 比赛的； 好竞争的， 求胜心切的； 有竞争力的
5097,dean,教长， 主任牧师； 学院院长， 系主任， 训导主任
5098,sponge,用湿海绵擦， 揩； 过寄生生活；海绵
5099,abuse,滥用； 虐待； 辱骂， 毁谤；滥用； 虐待； 辱骂
5100,scheme,密谋， 策划；计划，方案；阴谋
5101,insulate,使绝缘， 使隔热， 使隔音； 隔离， 使隔绝
5102,consequently,因此， 因而， 所以
5103,drain,慢慢减少；排去，放水；渐渐耗尽；耗竭； 排水沟， 排水管
5104,reluctance,不愿， 勉强
5105,rape,强奸
5106,isolate,使隔离， 使孤立
5107,popularity,普及， 流行； 声望
5108,nickname,绰号，诨名；给…起绰号
5109,subsequent,随后的， 后来的
5110,metabolic,代谢作用的， 新陈代谢的
5111,humanity,人类， 人； 人性； 人道， 博爱； 人文学科
5112,innovation,新方法， 新事物； 革新， 创新
5113,litter,乱扔废弃物；乱扔东西；废弃物， 被胡乱扔掉的东西； 一窝； 杂乱的东西
5114,charge,索价；控告；使充电，使充满；向前冲；费用； 管理； 控告， 指责； 电荷， 充电
5115,shutter,百叶窗； 快门
5116,alternate,交替的， 轮流的； 间隔的；轮流， 交替
5117,biography,传记
5118,procedure,程序； 手续； 步骤
5119,sample,样品，试样，样本；从…抽样； 品尝， 体验
5120,plunge,纵身投入， 猛冲， 猛跌
5121,skeptical,表示怀疑的
5122,ultraviolet,紫外的
5123,planetary,行星的
5124,visa,签证
5125,diagnose,诊断； 判断
5126,petition,请愿， 正式请求；请愿书，申请书；诉状
5127,vicinity,周围地区， 邻近地区
5128,naive,幼稚的； 天真的； 轻信的
5129,essential,必要的，本质的；要素； 必需品
5130,expenditure,经费， 支出额； 花费， 支出， 消耗
5131,vent,通风口，排放口；开衩；表达， 发泄
5132,haunt,常出没于；使苦恼，使担忧；萦绕在心头，缠绕；常去的地方
5133,precede,在…之前， 先于
5134,gasp,喘气，倒抽气；喘着气说出；喘气， 倒抽气
5135,stroll,散步， 闲逛
5136,furnish,供应， 提供； 装备
5137,differentiate,区分，区别；区分， 区别； 使不同， 使有差异
5138,contact,接触，联系，交往；与…接触， 与…取得联系
5139,garment,衣服
5140,discharge,释放，排出；卸货；释放， 放电
5141,exclude,把…排除在外
5142,scary,可怕的， 骇人的； 惊慌的， 害怕的； 胆小的， 易受惊的
5143,criticism,批评， 批判； 评论， 评论文章
5144,enlighten,启发， 开导
5145,utmost,最远的；极限
5146,prospective,预期的； 未来的； 可能的
5147,deduct,减去， 扣除
5148,plaster,灰浆，灰泥；石膏；橡皮膏，膏药；在…上抹灰泥， 厚厚地涂抹
5149,consultancy,顾问； 顾问服务公司
5150,metropolitan,大都市的， 大都会的； 首都的
5151,portray,描写， 描绘； 扮演， 饰演
5152,garbage,垃圾， 废物； 废话； 无用的资料
5153,suspicious,猜疑的， 疑心的； 可疑的； 表示怀疑的
5154,scrub,用力擦洗，把…擦净；取消；矮树丛， 灌木丛
5155,complain,抱怨， 诉苦； 控告， 投诉
5156,homogeneous,同种类的， 同性质的， 有相同特征的
5157,affirm,断言， 坚持声称； 证实， 确认
5158,profound,深度的， 深切的， 深远的； 知识渊博的， 见解深刻的； 深奥的
5159,marble,大理石； 弹子； 弹子游戏
5160,anxiety,焦虑， 忧虑； 渴望， 热望
5161,adjust,适应；调整，调节；校正
5162,aspiration,强烈的愿望； 志向， 抱负
5163,vigorous,朝气蓬勃的； 有力的， 用力的
5164,vocal,喜欢畅所欲言的，直言不讳的；嗓音的，发声的；声乐节目
5165,deem,认为， 视为
5166,origin,起源， 起因； 出身， 血统
5167,clash,发生冲突；不协调；砰地相撞，发出刺耳的撞击声；冲突； 不协调； 刺耳的撞击声
5168,overturn,倾覆， 翻转， 翻倒；使翻转，使倾覆，使倒下；颠覆，推翻
5169,compel,强迫， 迫使屈服
5170,depress,使沮丧， 使不景气； 按下
5171,capable,有能力的， 有才能的
5172,burden,重担，精神负担；加重压于， 烦扰； 负担， 装载
5173,salute,敬礼，致意；向…敬礼，向…致意；赞扬，颂扬；敬礼， 致意
5174,clasp,扣子，钩子；紧抱，紧握；抱紧， 握紧； 扣住， 扣紧
5175,symposium,讨论会， 专题报告会； 专题论文集
5176,hover,翱翔； 逗留在近旁， 徘徊； 彷徨， 犹豫
5177,random,任意的， 随机的
5178,dine,进餐；宴请
5179,personality,人格， 个性； 人物
5180,sanction,批准，认可；批准， 认可； 约束因素， 约束力； 国际制裁
5181,alert,警觉的，留神的，注意的；使认识到，使意识到；警戒， 戒备； 警报
5182,deduce,推论， 推断， 演绎
5183,oak,栎树， 橡树； 栎木， 橡木
5184,client,委托人， 当事人； 顾客
5185,sip,小口地喝，抿，呷；小口喝， 一小口的量
5186,dutiful,恭敬顺从的； 尽职的
5187,contend,争夺，竞争；搏斗，争斗；声称， 主张
5188,conversion,转变， 变换； 改变信仰， 皈依
5189,brilliant,光辉的； 卓越的
5190,gamble,赌博，打赌；投机，冒险；赌，以…为赌注；赌博； 投机， 冒险
5191,bound,一定的；有义务的；跳跃；弹回，反跃；成为…的界限，给…划界；跳跃； 界限， 限制
5192,specification,规格， 规范； 明确说明； 说明书
5193,deport,把…驱逐出境
5194,counter,柜台； 计数器； 筹码
5195,rhythm,韵律， 节奏
5196,layman,门外汉， 外行
5197,conserve,保护， 保藏， 保存
5198,stroke,中风；一举，一次努力；划桨，划水；击，敲；报时的钟声；笔画，一笔；抚摸；抚摸
5199,breed,繁殖； 养育， 培育； 酿成， 产生；品种
5200,tease,戏弄， 取笑； 挑逗， 撩拨
5201,rash,轻率的，鲁莽的；疹， 皮疹； 爆发的一连串
5202,fragrance,芳香， 香味； 香水
5203,management,管理； 处理； 管理部门， 管理人员
5204,cylinder,圆柱体， 圆筒； 气缸， 泵体
5205,fort,堡垒， 城堡
5206,avoid,避免， 躲开； 撤销
5207,comprehensive,广泛的； 综合的； 理解的
5208,tunnel,挖， 开；隧道，坑道，地道
5209,assign,指派， 分配； 布置； 指定
5210,withdraw,收回， 撤回； 撤退
5211,straightforward,正直的， 坦率的； 易懂的， 简单的
5212,elaborate,复杂的； 精心制作的；详述， 详细制定
5213,expert,熟练的；专家
5214,decade,十年， 十年期
5215,fulfill,履行， 实现， 完成； 满足， 使满意
5216,crowd,聚集， 挤， 涌；群，一批；挤；挤满
5217,congress,代表大会； 国会， 议会
5218,mechanical,机械的， 机械制造的， 机械学的， 力学的； 呆板的
5219,divine,神的， 神授的， 天赐的； 极好的， 极美的
5220,slaughter,屠杀， 杀戮； 屠宰
5221,foul,难闻的，发臭的；令人不愉快的，糟透了的；污浊的，肮脏的；下流的，辱骂性的；恶劣的，有暴风雨的；邪恶的，罪恶的；对…犯规；弄脏，弄污；犯规
5222,output,产量；输出，输出功率；输出
5223,intricate,错综复杂的， 复杂精细的
5224,fatigue,疲劳；疲劳，劳累
5225,agony,痛苦， 苦恼
5226,contemplate,盘算， 计议； 思量， 对…周密考虑； 注视， 凝视
5227,majority,多数， 大多数
5228,drag,拖，拉；迫使，硬拉；拖着脚步走；累赘； 一吸， 一抽
5229,zinc,锌
5230,costume,服装， 服饰； 戏装， 成套服装
5231,clamp,夹紧，夹住，固定；夹头， 夹具， 夹钳
5232,issue,发行； 分发， 发出；问题；发行；分发
5233,maturity,成熟
5234,vain,徒劳的； 自负的
5235,decree,法令，政令；判决，裁决；判决， 命令
5236,conservation,保存， 保护， 避免浪费； 守恒
5237,supplement,增补， 补充； 增刊， 副刊；增补， 补充
5238,contrast,形成对比， 对比之下显出区别；对比，对照；反差[kən'trɑːst]；对比，对照
5239,verdict,裁定； 定论， 判断性意见
5240,stereo,立体的；立体声的；立体声
5241,defy,违抗， 蔑视； 使成为不可能； 惹， 激
5242,doctrine,教义， 教条； 主义
5243,paragraph,段， 节
5244,mediate,调解，斡旋；经调解解决； 经斡旋促成
5245,pursuit,追求， 寻求； 追赶， 追逐； 事， 嗜好， 消遣
5246,prophet,先知； 预言者
5247,cycle,自行车、 摩托车； 循环
5248,amplify,放大， 增强； 扩大； 详述， 进一步阐述
5249,lure,吸引，引诱，诱惑；吸引力， 诱惑物； 诱饵， 鱼饵
5250,disposal,丢掉， 销毁； 处理； 排列， 布置
5251,settlement,解决； 协议； 居留地， 小社区
5252,whirl,旋转，急转；发晕，变混乱；旋转， 回旋； 混乱； 一连串的事
5253,recede,退， 退去， 渐渐远去； 向后倾斜， 缩进
5254,literature,文学， 文学作品； 文献， 图书资料
5255,digest,消化， 领会；文摘
5256,slump,大幅度下降，暴跌；突然倒下；萧条期， 低潮
5257,prejudice,偏见，成见；使有偏见； 对…不利， 损害
5258,clearance,净空， 余隙； 许可， 批准； 票据交换， 清算； 清除， 清理， 出空
5259,customary,习惯上的， 惯常的， 合乎习俗的
5260,immigrant,移民， 侨民
5261,guardian,监护人； 守卫者， 保护者
5262,veto,否决
5263,thorn,刺， 荆棘； 带刺小灌木
5264,disposition,性情， 性格； 意向， 倾向； 排列， 部署
5265,corporate,法人团体的， 公司的； 全体的， 共同的
5266,stabilize,稳定， 稳固
5267,compensate,补偿， 弥补； 抵消
5268,conscious,意识到的， 自觉的； 神志清醒的； 有意的， 存心的
5269,transaction,交易， 业务
5270,constant,经常的，不断的，连续发生的；永恒的；忠实的，忠诚的；常数， 恒量
5271,bribe,向…贿赂，买通；贿赂， 行贿物
5272,certify,证明， 证实； 发证书给
5273,intermittent,间歇的， 断断续续的
5274,outrage,义愤，愤慨；暴行，骇人听闻的事件；激起…的义愤， 激怒
5275,solitary,单独的， 独自的； 单个的， 唯一的； 孤独的， 隐居的
5276,diffuse,扩散， 弥漫； 传播， 散布；冗长的， 漫无边际的； 四散的， 弥漫的
5277,scramble,攀登，爬；争夺，抢夺；扰乱，搞乱；攀登， 爬行； 争夺， 抢夺
5278,orchestra,管弦乐队
5279,immerse,使浸没； 使沉浸在， 使专心于
5280,sufficient,足够的， 充分的
5281,marshal,元帅，最高指挥官；总指挥，司仪；执法官，警察局长，消防队长；整理， 排列， 集结
5282,champagne,香槟酒
5283,claim,声称，主张；对…提出要求，索取；使失踪或死亡；需要，值得；要求； 认领； 索赔； 声称， 断言
5284,widespread,分布广泛的， 普遍的
5285,antique,古时的，古老的；古物， 古玩， 古董
5286,communication,通讯， 交流， 交际； 通信工具， 交通联系
5287,chronic,慢性的， 久病的； 长久的， 不断的； 积习难改的
5288,toxic,有毒的， 因中毒引起的
5289,contest,竞赛， 争夺；争夺， 与…竞争； 对…提出质疑， 辩驳
5290,author,著作家， 作者
5291,lever,杠，杠杆；途径，手段，工具；撬动， 撬起
5292,preserve,保护， 维持； 保存， 保藏； 腌制
5293,establish,建立， 设立； 确立； 证实
5294,expansion,扩大； 扩充； 扩张； 膨胀
5295,wrench,猛拧，猛扭；挣脱；使扭伤；痛苦， 难受； 猛扭， 猛拉； 扳手
5296,relevant,有关的， 切题的
5297,expand,扩大， 膨胀
5298,gaze,凝视， 盯， 注视
5299,proclaim,宣告， 宣布， 声明； 显示
5300,magistrate,地方行政官， 地方法官； 治安官
5301,retrieve,重新得到， 取回， 收回； 挽回， 补救； 检索
5302,survey,俯瞰， 眺望； 全面审视， 调查； 测量， 勘定；[sə'veɪ]
5303,jeopardize,危及， 危害
5304,spy,当间谍；暗中监视；间谍；看见， 发现
5305,displace,取代， 替代； 迫使…离开家园， 使离开原位
5306,predominant,占主导地位的， 显著的
5307,recipe,烹饪法， 食谱； 方法， 秘诀， 诀窍
5308,ideology,思想， 思想意识
5309,mental,心理的， 精神的， 思想上的； 精神病的； 智力的
5310,decent,像样的， 过得去的， 体面的； 宽厚的， 大方的； 正派的； 合乎礼仪的， 得体的
5311,seam,缝， 接缝； 煤层
5312,investigate,调查， 研究
5313,racial,种族的， 人种的
5314,illusion,幻想， 错误的观念； 错觉， 幻觉， 假象
5315,considerable,相当大的； 重要的
5316,productivity,生产力； 生产率
5317,proposition,论点， 主张； 建议， 提案； 命题
5318,reserve,保留，留存；预订；储备； 保留； 拘谨， 矜持； 替补队员； 后备部队； 自然保护区
5319,savage,残暴的，凶猛的，粗鲁的；未开化的，野蛮的；野蛮人，粗鲁的人；乱咬； 激烈抨击
5320,heap,堆， 大量
5321,sympathy,同情； 一致； 支持， 赞同
5322,consumer,消费者， 用户， 消耗者
5323,cripple,跛子，伤残人；使跛， 使受伤致残； 严重削弱， 使陷入瘫痪
5324,brief,简短的，短暂的；向…介绍基本情况，做…的提要；概要， 摘要
5325,console,安慰，慰问；控制台， 操纵台
5326,initiative,主动性， 首创精神； 主动的行动， 倡议； 主动权
5327,recover,重新获得， 挽回； 恢复
5328,clockwise,顺时针方向地
5329,embark,上船； 着手， 开始工作
5330,medication,药物治疗； 药物
5331,drill,钻， 打； 训练；钻头；操练，训练
5332,friction,不和， 抵触； 摩擦
5333,confer,商谈，商议；授予， 赋予
5334,intelligent,聪明的； 理智的
5335,clerk,店员； 办事员， 职员
5336,acknowledge,承认， 承认…的权威； 告知收到， 确认； 对…表示谢意， 报偿
5337,equip,装备， 配备； 使有准备
5338,deferential,恭敬的， 恭顺的
5339,manuscript,手稿， 原稿， 底稿； 手写本
5340,luxury,奢侈； 奢侈品
5341,overthrow,推翻，打倒；使终止，摒弃；推翻， 终止， 结束
5342,knit,编结， 编织； 愈合；编结，编织；使紧密地结合，使紧凑；皱紧，皱
5343,inflict,把…强加给； 使…遭受， 使…承担
5344,worthwhile,值得花时间做的
5345,inland,在内地， 向内地；内陆的， 内地的
5346,stumble,绊脚， 绊倒； 跌跌撞撞地走； 结结巴巴
5347,specialty,特产， 名产， 特色菜； 专业， 专长
5348,vary,变化， 有差异；改变，使多样化
5349,readily,乐意地， 欣然地； 容易地； 很快地， 立即
5350,coherent,条理清楚的， 连贯的； 一致的， 协调的
5351,intercourse,性交； 交流， 交往， 交际
5352,convenience,方便； 便利设施
5353,decency,得体；宽容，大方；正派，合乎礼仪，体面；
5354,falsehood,谬误， 虚假； 谎言， 说谎
5355,discipline,纪律，训练；惩罚；学科；训练； 惩罚， 处罚
5356,ponder,思索， 考虑， 沉思
5357,objective,客观的， 无偏见的；目标，目的
5358,exert,用， 尽； 运用， 行使
5359,scandal,丑事， 丑闻； 流言蜚语； 反感， 愤慨
5360,composite,混合成的，综合成的；合成物； 复合材料
5361,hinder,阻碍， 妨碍
5362,scent,香味，气味；臭迹；踪迹，线索；香水；嗅到， 察觉
5363,estimate,估计； 评价；估计； 评价； 看法
5364,diploma,毕业文凭， 毕业证书， 资格证书
5365,exhibit,显示；陈列，展览；展览品
5366,brand,商标，牌子；铭刻， 打烙印于； 加污名于， 谴责
5367,suspension,暂停， 中止； 暂令停止参加， 暂时剥夺； 悬架， 悬置机构； 悬浮液； 悬， 挂， 吊
5368,alcohol,酒精， 乙醇
5369,inevitable,不可避免的， 必然的
5370,deny,否定， 拒绝相信
5371,trench,沟， 沟渠
5372,subtract,减， 减去； 去掉
5373,recreation,娱乐活动， 消遣
5374,frustration,挫败， 挫折， 受挫
5375,allowance,津贴， 补贴； 零用钱
5376,hurricane,飓风
5377,hike,徒步旅行；徒步旅行；增加，上升；提高
5378,ancient,古代的， 古老的； 年老的， 看上去很老的
5379,mission,使命， 任务； 使团
5380,cognitive,认知的， 认识能力的
5381,adopt,收养； 采用， 采取； 正式通过， 批准
5382,expire,期满， 终止； 断气， 死亡
5383,smuggle,走私， 非法私运； 偷运， 偷带
5384,hustle,催促，赶紧做；猛推，挤，强迫；忙碌， 奔忙； 挤
5385,oppose,反对， 反抗
5386,device,器械， 装置； 设计； 手段， 策略
5387,commentary,实况报道， 解说词； 评论， 评论文章
5388,sue,控告， 起诉； 要求， 请求
5389,conservative,保守的，守旧的；不时兴的，传统的；保守的人
5390,belly,肚子， 腹部
5391,access,接近；通道，入口；接近的机会；存取
5392,conference,会议， 讨论会； 讨论， 商谈
5393,primitive,原始的，早期的；简单的；粗糙的；原人； 原始事物
5394,knob,球形把手， 球形柄； 旋钮； 小块
5395,advisable,可取的； 适当的
5396,overcome,战胜， 克服； 压倒， 使受不了
5397,cabin,小屋； 船舱， 机舱
5398,recite,背诵， 朗诵； 列举， 一一说出
5399,oppress,压迫， 压制； 使沉重， 使烦恼
5400,current,当前的，通用的；流行的，流传的；潮流； 电流； 趋势， 倾向
5401,heel,脚后跟， 踵； 后跟
5402,gloom,昏暗， 阴暗； 忧郁， 沮丧
5403,adore,崇拜， 敬慕； 爱慕， 热爱； 非常喜欢
5404,persist,坚持， 持续
5405,caution,小心，谨慎；注意，警告；警告， 劝…小心
5406,offensive,冒犯的，无礼的，使人不快的；进攻的，攻击性的；进攻， 攻势
5407,texture,质地； 结构
5408,closet,私下的；隐蔽的；橱，壁橱；把…引进密室会谈
5409,speculate,推测， 推断； 投机， 做投机买卖
5410,dismantle,拆开， 拆卸
5411,monster,大的， 庞大的；怪物；极其残酷的人；巨人，巨兽，巨大的东西
5412,bud,发芽， 萌芽；花蕾，叶芽
5413,confirm,证实， 肯定； 确认； 批准
5414,bug,虫子；小病；故障，缺陷；窃听器；烦扰， 纠缠； 在…装窃听器
5415,prescient,预知的， 预见的
5416,acquaint,使认识， 使了解； 使熟悉
5417,elastic,有弹性的； 灵活的；松紧带
5418,consequent,作为结果的， 随之发生的
5419,vast,巨大的， 大量的； 浩瀚的
5420,intervene,干涉， 干预； 干扰， 阻挠
5421,symbol,象征； 符号， 标志
5422,ignite,着火；点燃，引发
5423,commercial,商业的， 商务的； 商品化的， 商业性的
5424,revelation,被提示的真相， 新发现； 揭示， 透露， 显示
5425,available,现成可使用的， 通用的； 可取的； 联系的； 可得到的
5426,innumerable,无数的， 数不清的
5427,advocate,拥护， 提倡， 主张；拥护者， 提倡者； 辩护者， 律师
5428,confine,限制，使局限；使不外出，禁闭
5429,quest,寻找， 搜索； 追求
5430,frequency,屡次， 次数， 频率； 经常发生
5431,elicit,诱出， 探出
5432,relegate,使降位， 使降级； 把…委托给
5433,trivial,琐碎的， 不重要的
5434,burial,葬， 掩埋； 葬礼
5435,luggage,行李
5436,drawback,缺点， 欠缺； 不利条件
5437,longevity,长寿， 寿命
5438,military,军事的；军用的；军队， 武装力量
5439,dynamic,动力的， 动力学的； 动态的； 有活力的， 有生气的
5440,wardrobe,衣柜； 全部衣物
5441,reluctant,不情愿的， 勉强的
5442,conscientious,认真的， 勤勤恳恳的
5443,passion,激情， 热情； 酷爱
5444,generate,发生， 引起； 生殖
5445,extreme,极度的；最后的；极端， 过分
5446,tuck,把边塞到下面；把…夹入，把…藏入；褶， 裥
5447,authoritative,有权威性的， 可信的； 专断的， 命令式的
5448,athlete,运动员， 体育家
5449,upright,挺直着， 竖立着；垂直的；正直的，诚实的
5450,extract,取出，抽出；采掘，提炼，榨取；获得，索取；摘录['3kstrækt]；摘录， 选段； 提出物， 精， 汁
5451,obscure,不著名的，不重要的；费解的，模糊不清的；使变糊， 掩盖
5452,dismay,失望，气馁；惊恐；使失望， 使气馁； 使惊恐
5453,expend,花费， 消费； 消耗
5454,forge,打制， 锻造； 伪造
5455,demonstrate,说明， 论证； 表露
5456,region,地区， 地带， 区域； 范围， 幅度
5457,deceive,行骗；欺骗，蒙蔽
5458,preview,预映， 预演； 预告
5459,ingenious,设计独特的， 别致的， 巧妙的； 灵巧的， 善于创造发明的
5460,questionnaire,问卷， 征求意见表
5461,breakthrough,突破， 突破性进展， 重要的新发现
5462,snack,快餐， 小吃， 点心
5463,yoke,牛轭；束缚，枷锁；结合， 联结
5464,destination,目的地， 终点； 目标
5465,throne,御座， 宝座； 王位， 王权
5466,privacy,个人自由； 隐私， 私生活， 私事
5467,reciprocal,相互的； 互惠的
5468,vertical,垂直的， 竖式的
5469,inventory,详细目录， 存货清单
5470,vivid,鲜艳的； 生动的， 栩栩如生的
5471,flush,发红；齐平的， 同高的
5472,heir,继承人
5473,screw,螺丝；用螺钉固定， 拧， 拧紧
5474,kit,成套工具，成套用品；配套元件；装备
5475,virtue,善， 美德； 优点， 长处
5476,emphasize,强调， 着重
5477,turnover,营业额， 成交量； 人员调整， 人员更替率
5478,mortal,终有一死的；致命的；你死我活的，不共戴天的；凡人， 人类
5479,coverage,新闻报道； 覆盖范围
5480,figure,出现；合乎情理；数字；人物；算术；体型，风姿；轮廓；画像，塑像；图，图形；计算； 认为， 猜想
5481,brutal,野兽般的， 残忍的； 无情的， 冷酷的， 难以忍受的
5482,slight,轻微的，微小的；侮慢；轻视，冷落
5483,ore,矿， 矿石
5484,corrupt,堕落的，腐败的，贪赃舞弊的；腐蚀， 使堕落
5485,preclude,排除； 阻止， 妨碍
5486,previous,先的， 前的， 以前的
5487,regime,政治制度， 政权
5488,transmit,传送， 传递； 传染； 播送， 发射
5489,commemorate,纪念， 庆祝
5490,argue,争论，争辩，辩论；主张； 说服
5491,consumption,消耗， 消费； 肺病
5492,premature,比预期时间早的； 不成熟的， 仓促的
5493,superior,上级的，较高的；优越的；有优越感的，高傲的；上级， 长官
5494,drought,干旱， 旱灾
5495,periodical,周期的； 定期的； 时而发生的；期刊
5496,leaflet,散发传单；传单，散页印刷品，小册子
5497,accessory,附件， 零件， 配件； 装饰品； 同谋， 帮凶， 包庇犯
5498,compromise,妥协； 危及； 放弃；妥协，和解；折中办法
5499,retort,反驳， 回嘴
5500,electrify,使充电， 使电气化； 使激动， 使兴奋
5501,seminar,研究班， 研讨会
5502,fringe,附加的；刘海；饰以流苏的边；边缘，外围；成为…的边缘
5503,competition,比赛； 竞争
5504,beyond,在更远处， 再往后；在…的那边，远于；迟于；越出
5505,hazard,危险，公害；尝试着做， 冒…风险
5506,justify,证明…是正当的
5507,dreadful,糟透了的， 极不合意的； 极端的， 极其大的； 可怕的
5508,voluntary,自愿的， 志愿的
5509,connection,连接； 联系； 连接物， 连接点； 亲戚
5510,proof,耐…的， 能防…的；证据，证明；校样，样张
5511,militant,激进的；好斗的；激进分子， 斗士
5512,simulate,模仿， 模拟； 假装， 冒充
5513,intricacy,错综复杂；
5514,phase,阶段； 方面； 相， 相位
5515,dilute,稀释的， 冲淡的；稀释，冲淡
5516,inclusive,包括一切的， 包括一切费用在内的； 所有数目包括在内的
5517,efficiency,效率； 功效， 效能
5518,ethnic,种族的
5519,spectacle,演出， 场面； 景象， 壮观； 眼镜
5520,overhead,在头顶上；在头顶上的；架空的；经常费用， 管理费用
5521,contract,缩小； 订合同； 感染， 染上；契约， 合同
5522,conclude,结束， 终了；推断出，推论出；缔结，议定
5523,profitable,有利可图的， 有益的
5524,misfortune,不幸， 厄运， 逆境； 不幸事故， 灾难， 灾祸
5525,comprehension,理解， 理解力， 领悟； 理解力测验
5526,susceptible,易受影响的； 过敏的； 能经受的， 容许的
5527,leather,皮革； 皮革制品
5528,insight,洞察力； 洞悉， 深刻的见解
5529,intact,完整无缺的； 未经触动的； 未受损伤的
5530,instrumental,起作用的， 有帮助的； 用乐器演奏的
5531,fabric,织物， 纺织品； 结构
5532,revolutionary,革命的；革新的；革命者
5533,unemployment,失业， 失业人数
5534,juvenile,少年的，少年特有的；幼稚的，不成熟的；未成年人， 少年
5535,force,强迫；用力推动，用力打开；军队， 兵力； 暴力， 武力； 力， 力气； 影响力， 效力
5536,sympathetic,同情的； 和谐的； 赞同的， 支持的； 合意的
5537,periodic,周期的， 定期的， 时而发生的
5538,distribution,分发， 分配， 分布
5539,derive,起源， 衍生；取得，得到；追溯…的起源或来由
5540,capacity,容量； 能力； 能量； 才能； 身份， 地位
5541,cope,应付， 处理
5542,overhear,无意中听到， 偷听到
5543,dart,猛冲，飞奔；投射；飞镖， 飞镖游戏； 急驰， 飞奔
5544,flaw,缺点， 瑕疵， 缺陷
5545,saturate,使湿透， 浸透； 使充满， 使饱和
5546,feature,特征，特色；面貌；特写，专题节目；故事片；突出； 由…主演
5547,flat,平直地； 直截了当地；平的；固定的；漏气的；单调的，沉闷的；浅的；一套房间，单元住宅
5548,assert,肯定地说， 断言； 维护， 坚持； 坚持己见
5549,climax,高潮， 最令人兴奋的部分
5550,recall,回忆； 召回， 叫回； 收回， 撤销
5551,rectangular,长方形的， 矩形的
5552,flap,飘动， 拍动； 振翅；片状垂悬物；飘动，摆动，振动；激动，慌忙状态；使拍动，使飘动
5553,precise,精确的， 准确的； 严谨的
5554,sensible,明智的， 合情理的
5555,objection,反对， 异议； 反对的理由
5556,precious,珍贵的， 宝贵的
5557,contrive,谋划， 策划； 设法做到； 设计， 想出
5558,inhabitant,居民， 住户
5559,fraction,小部分， 片断； 【数】 分数
5560,token,象征性的， 装样子的；筹码；信物，标志，纪念品；代金券，礼券
5561,emotion,情感， 感情； 激动
5562,massive,大的， 大而重的； 大块的； 大量的， 大规模的
5563,assess,对估价； 评价， 评论
5564,mingle,混合起来， 相混合； 相交往， 相往来；使混合，使相混
5565,prescription,处方， 药方， 药； 开处方， 开药方
5566,spectator,观众， 旁观者
5567,edible,可以吃的， 可食用的
5568,prone,易于…的， 很有可能…的； 俯卧的
5569,chorus,合唱队；合唱，合唱曲；副歌，叠句；齐声，齐声说的话；齐声说， 随声附和
5570,owe,欠； 应把…归功于； 感激， 感恩
5571,asset,资产， 财产； 有价值的特性或技能， 优点
5572,exposition,阐述， 讲解； 展览会， 博览会
5573,minimum,最低的， 最小的；最低限度，最小量
5574,apology,道歉， 认错， 谢罪
5575,reveal,揭露， 泄露； 展现， 显示
5576,adequate,足够的； 可以胜任的
5577,owl,猫头鹰
5578,cork,软木，软木塞；用瓶塞塞住
5579,tremendous,极大的， 非常的； 精彩的， 了不起的
5580,norm,标准， 规范； 准则
5581,condense,使冷凝， 使凝结； 浓缩， 压缩， 简缩
5582,impetus,推动， 促进， 刺激； 推动力
5583,indignation,愤怒， 愤慨， 义愤
5584,barrier,栅栏； 检票口； 屏障； 障碍， 隔阂
5585,realistic,现实的； 实际可行的； 现实主义的， 逼真的
5586,divert,使转向， 使改道； 转移， 转移…的注意力； 使娱乐， 使消遣
5587,conspicuous,显眼的， 明显的
5588,verse,诗， 诗句
5589,criminal,犯罪的， 刑事的；犯人，罪犯，刑事犯
5590,furious,狂怒的， 暴怒的； 强烈的， 激烈的
5591,obesity,过度肥胖
5592,tan,晒成棕褐色；使晒成棕褐色；硝制；棕褐色， 棕黄色； 晒成棕褐色， 晒黑
5593,individual,个别的；独特的；个人， 个体
5594,briefcase,公文包， 公事包
5595,nuisance,讨厌的人； 麻烦事
5596,brace,做好准备；振作精神；使防备，使受锻炼；支住，撑牢，使绷紧；支架， 托架
5597,constrain,限制， 约束； 克制， 抑制
5598,brisk,轻快的， 生气勃勃的； 兴隆的， 繁忙活跃的； 寒冷而清新的
5599,prestige,威信， 威望
5600,insulation,绝缘
5601,cord,细绳， 粗线， 索； 灯芯绒裤
5602,startle,使惊吓， 使吃惊
5603,interim,暂时的，临时的；间歇， 过渡期间
5604,fraud,欺诈， 诈骗； 骗子
5605,testimony,证词； 见证， 证明
5606,council,理事会， 委员会
5607,reaffirm,重申； 再确认
5608,enforce,实施， 执行； 强制， 强迫， 迫使
5609,glitter,闪闪发光，闪耀；闪光， 灿烂的光辉； 耀眼， 辉煌
5610,destined,命中注定的， 预定的； 以…为目的地的
5611,repression,压抑， 压制， 镇压
5612,fragile,易碎的， 脆的， 易损坏的； 虚弱的， 脆弱的
5613,penalty,处罚， 惩罚； 罚金
5614,sociology,社会学
5615,exile,流放，流亡；被流放者，流亡国外者；流放， 放逐， 使流亡
5616,scale,大小，规模；等级，级别；天平，磅秤；比例；刻度，标度；鳞；攀登， 爬越
5617,gigantic,巨大的， 庞大的
5618,distinct,与其他不同的； 清楚的， 明确的
5619,vegetation,植物， 草木
5620,recovery,恢复， 痊愈； 追回， 寻回， 收复
5621,geology,地质学； 地质情况
5622,hoist,举起，升起，吊起；起重器械； 举起， 升起， 吊起
5623,aware,知道的， 意识到的
5624,quart,夸脱
5625,numerical,数字的； 用数字表示的； 数值的
5626,limp,一瘸一拐地走，蹒跚；软弱的，无生气的，无精神的；软的，松沓的；跛行
5627,security,安全， 保障； 抵押品； 证券
5628,award,奖，奖品；判定；授予， 给予； 判给， 裁定
5629,buck,猛然弓背跃起；美元，澳元；雄鹿，雄兔
5630,eligible,有条件被选中的； 合适的， 合意的
5631,alarm,惊恐，忧虑，警报；使惊恐， 使担心
5632,feeble,虚弱的， 衰弱的， 无力的； 无效的， 无益的
5633,appraisal,估计， 估量； 评价
5634,continual,连续的； 频频的
5635,herb,药草， 香草； 草本植物
5636,prose,散文
5637,limb,肢， 臂， 腿； 树枝
5638,orientation,方向， 目标， 方位； 熟悉情况， 适应， 情况介绍
5639,refreshment,茶点， 点心； 恢复， 精神爽快
5640,confidence,信任， 信赖； 信心， 自信
5641,arbitrary,随心所欲的； 专断的
5642,intent,专心的， 专注的； 急切的；意图，意向，目的
5643,passive,被动的， 消极的
5644,fertilizer,肥料
5645,corresponding,相应的， 符合的
5646,oath,誓言， 誓约； 咒骂， 诅咒语
5647,response,回答， 答复； 反应， 响应
5648,treaty,条约， 协议， 协定
5649,dignity,庄严， 端庄； 尊严， 高贵
5650,challenge,挑战，邀请比赛；艰巨的任务；怀疑，质问；反对， 公然反抗； 向…挑战； 对…质疑
5651,rival,竞争的，对抗的；竞争对手，敌手；可与匹敌的人；与…竞争； 与…匹敌， 比得上
