序号,核心词汇,简要解释
1,a,字母A；第一流的；学业成绩达最高标准的评价符号；[物]安（ampere）
2,abacus,算盘
3,abandon,放任；狂热；遗弃；放弃
4,abase,使…谦卑；降低…的品格；降低…的地位
5,abate,减轻；减少；废除；(Abate)人名；(英、意、法、埃塞)阿巴特
6,abbey,大修道院，大寺院；修道院中全体修士或修女
7,abbreviation,缩写；缩写词
8,ABC,"基础知识；字母表；美国广播公司（American Broadcasting Company）；澳大利亚广播公司（Australian Broadcasting Corporation）；出生在美国的华人（American - born Chinese）；代理商-商家-消费者的商业模式（Agent, Business, Consumer）"
9,abdicate,退位；放弃
10,abdomen,腹部；下腹；腹腔
11,abdominal,腹部的；有腹鳍的
12,abduct,绑架；诱拐；使外展
13,aberrant,异常的；畸变的；脱离常轨的；迷乱的
14,abhor,痛恨，憎恶
15,abide,忍受，容忍；停留；遵守
16,abiding,持久的，永久的；不变的；遵守；容忍；继续存在（abide的现在分词）
17,ability,能力，能耐；才能
18,abject,卑鄙的；可怜的；不幸的；（境况）凄惨的，绝望的
19,ablaze,着火的；闪耀的；激昂的；着火；闪耀
20,able,能；[经管] 有能力的；能干的；(Able)人名；(伊朗)阿布勒；(英)埃布尔
21,ably,巧妙地；精明能干地
22,abnormal,反常的，不规则的；变态的
23,abnormality,异常；畸形，变态
24,aboard,在飞机上；[船] 在船上；在火车上；在…上
25,abode,住处；营业所；遵守；停留；忍受（abide的过去分词）
26,abolish,废除，废止；取消，革除
27,abolition,废除；废止
28,abominable,讨厌的；令人憎恶的；糟透的
29,aboriginal,土著的；原始的；土著居民；土生生物
30,aborigine,土著；土著居民
31,abort,流产；堕胎；夭折；发育不全；中止计划
32,abound,富于；充满
33,about,关于；大约；在附近的；四处走动的；在起作用的；大约；周围；到处；大致；粗枝大叶；不拘小节的人
34,above,超过；在……上面；在……之上；在上面；在上文；上文的；上文
35,aboveboard,光明正大地；率直地；光明正大的；直率的
36,abrasive,粗糙的；有研磨作用的；伤人感情的；研磨料
37,abreast,并肩地；并列；并排的；肩并肩的
38,abridge,删节；缩短；节略
39,abroad,在国外；到海外；往国外的；海外；异国
40,abrupt,生硬的；突然的；唐突的；陡峭的
41,abruptly,突然地；唐突地
42,absence,没有；缺乏；缺席；不注意
43,absent,缺席的；缺少的；心不在焉的；茫然的；使缺席
44,absentee,缺席者
45,absolute,绝对的；完全的；专制的；绝对；绝对事物
46,absolutely,绝对地；完全地
47,absolve,免除；赦免；宣告…无罪
48,absorb,吸收；吸引；承受；理解；使…全神贯注
49,abstain,自制；放弃；避免
50,abstention,弃权；节制；戒绝
51,abstinence,节制；节欲；戒酒；禁食
52,abstract,摘要；抽象；抽象的概念；抽象的；深奥的；摘要；提取；使……抽象化；转移(注意力、兴趣等)；使心不在焉
53,absurd,荒谬的；可笑的；荒诞；荒诞作品
54,abundance,充裕，丰富
55,abundant,丰富的；充裕的；盛产
56,abuse,滥用；虐待；辱骂；弊端；恶习，陋习；滥用；虐待；辱骂
57,abusive,辱骂的；滥用的；虐待的
58,abyss,深渊；深邃，无底洞，地狱
59,academic,学术的；理论的；学院的；大学生，大学教师；学者
60,academician,院士；大学生；学会会员；大学教师
61,academy,学院；研究院；学会；专科院校
62,accede,加入；同意；就任
63,accelerate,使……加快；使……增速
64,accent,口音；重音；强调；特点；重音符号；强调；重读；带…口音讲话
65,accentuate,强调；重读
66,acceptable,可接受的；合意的；可忍受的
67,acceptance,接纳；赞同；容忍
68,access,使用；存取；接近；进入；使用权；通路
69,accessible,易接近的；可进入的；可理解的
70,accession,增加；就职；到达；登记入册
71,accessory,配件；附件；[法] 从犯；副的；同谋的；附属的
72,accident,事故；意外；[法] 意外事件；机遇
73,accidental,意外的；偶然的；附属的；临时记号的；次要方面；非主要的特性；临时记号
74,acclaim,称赞；为…喝彩，向…欢呼；欢呼，喝彩；称赞
75,accommodate,容纳；使适应；供应；调解
76,accommodation,住处，膳宿；调节；和解；预订铺位
77,accompaniment,伴奏；伴随物
78,accompanist,伴奏者；伴随者
79,accompany,陪伴，伴随；伴奏
80,accomplice,同谋者，[法] 共犯
81,accomplish,完成；实现；达到
82,accomplished,完成的；熟练的，有技巧的；有修养的；有学问的
83,accomplishment,成就；完成；技艺，技能
84,accord,符合；一致；协议；自愿；使一致；给予
85,accordance,一致；和谐
86,according,相符的；一致的；相应的；和谐的；调和的；依照；根据；按照；给予( accord的现在分词 )；使和谐一致；使符合；使适合
87,accordingly,因此，于是；相应地；照著
88,accordion,可折叠的；手风琴
89,account,账户；解释；账目，账单；理由；描述；解释；导致；报账
90,accountable,有责任的；有解释义务的；可解释的
91,accountancy,会计工作；会计学；会计师之职
92,accountant,会计师；会计人员
93,accredit,授权；信任；委派；归因于
94,accrue,产生；自然增长或利益增加
95,accumulate,累积；积聚
96,accuracy,[数] 精确度，准确性
97,accurate,精确的
98,accusation,控告，指控；谴责
99,accuse,控告，指控；谴责；归咎于
100,accustom,使习惯于
101,ace,幺点；直接得分的发球；佼佼者；（俚）最好的朋友；一流的，突出的；以发球赢一分；击败；太棒了；太好了
102,ache,疼痛；渴望；疼痛
103,achieve,取得；获得；实现；成功
104,achievement,成就；完成；达到；成绩
105,acid,酸；<俚>迷幻药；酸的；讽刺的；刻薄的
106,acknowledge,承认；答谢；报偿；告知已收到
107,acknowledgement,承认；确认；感谢
108,acoustics,声学；音响效果，音质
109,acquaint,使熟悉；使认识
110,acquaintance,熟人；相识；了解；知道
111,acquiesce,默许；勉强同意
112,acquire,获得；取得；学到；捕获
113,acquisition,获得物，获得；收购
114,acquit,无罪释放；表现；脱卸义务和责任；清偿
115,acquittal,赦免；无罪开释；履行；尽职；（债务等的）清偿
116,acre,土地，地产；英亩
117,acrimony,辛辣；尖刻；严厉
118,acrobat,杂技演员，特技演员；随机应变者；翻云覆雨者，善变者
119,acronym,首字母缩略词
120,across,穿过；横穿；横过；在对面
121,act,扮演；装作，举动像；行为，行动；法令，法案；（戏剧，歌剧的）一幕，段；装腔作势
122,acting,代理的；装腔作势的；演技；演戏；假装
123,action,行动；活动；功能；战斗；情节
124,activate,刺激；使活动；使活泼；使产生放射性
125,active,积极的；活跃的；主动的；有效的；现役的；主动语态；积极分子
126,activist,积极分子；激进主义分子
127,activity,活动；行动；活跃
128,actor,男演员；行动者；作用物
129,actress,女演员
130,actual,真实的，实际的；现行的，目前的
131,actuality,现状；现实；事实
132,actually,实际上；事实上
133,acumen,聪明，敏锐
134,acupuncture,对…施行针刺疗法；针刺；[中医] 针刺疗法
135,acute,严重的，[医] 急性的；敏锐的；激烈的；尖声的
136,ad,公元；广告（ad）
137,adamant,固执的，坚强的；坚定不移的；坚硬无比的；坚硬的东西；坚石
138,adapt,使适应；改编
139,adaptable,适合的；能适应的；可修改的
140,adaptation,适应；改编；改编本，改写本
141,adapter,适配器；改编者；接合器；适应者
142,add,加；增加；加起来；做加法；加法，加法运算
143,addict,有瘾的人；入迷的人；使沉溺；使上瘾
144,addiction,上瘾，沉溺；癖嗜
145,addictive,使人上瘾的
146,addition,添加；[数] 加法；增加物
147,additional,附加的，额外的
148,additionally,此外；又，加之
149,additive,添加剂，添加物；附加的；[数] 加法的
150,address,演说；从事；忙于；写姓名地址；向…致辞；与…说话；提出；处理；地址；演讲；致辞；说话的技巧；称呼
151,adept,熟练的；擅长…的；内行；能手
152,adequate,充足的；适当的；胜任的
153,adhere,坚持；依附；粘着；追随
154,adherence,坚持；依附；忠诚
155,adhesive,粘合剂；胶黏剂；粘着的；带粘性的
156,adjacent,邻近的，毗连的
157,adjective,形容词的；从属的；形容词
158,adjoin,毗连，邻接
159,adjourn,休会；延期；换地方
160,adjudicate,裁定；宣判
161,adjunct,附属物；助手；修饰语；附属的
162,adjust,调整，使…适合；校准
163,adjustment,调整，调节；调节器
164,administer,管理；执行；给予
165,administration,管理；行政；实施；行政机构
166,administrative,管理的，行政的
167,administrator,管理人；行政官
168,admirable,令人钦佩的；极好的；值得赞扬的
169,admiral,海军上将；舰队司令；旗舰
170,admiration,钦佩；赞赏；羡慕；赞美
171,admire,钦佩；赞美
172,admissible,可容许的；可采纳的；可接受的
173,admission,承认；入场费；进入许可；坦白；录用
174,admit,承认；准许进入；可容纳
175,admittedly,公认地；无可否认地；明白地
176,admonish,告诫；劝告
177,ado,忙乱，纷扰，麻烦
178,adolescent,青春期的；未成熟的；青少年
179,adopt,采取；接受；收养；正式通过
180,adoption,采用；收养；接受
181,adore,崇拜；爱慕；喜爱；极喜欢；(Adore)人名；(法)阿多尔
182,adorn,装饰；使生色；(Adorn)人名；(泰)阿隆
183,adrift,漂泊的；漂浮着的；随波逐流地；漂浮着
184,adroit,敏捷的，灵巧的；熟练的
185,adult,成年的；成熟的；成年人
186,adulterate,通奸的；搀杂的；掺假
187,adultery,通奸，通奸行为
188,adulthood,成年；成人期
189,advance,发展；前进；增长；预付款；提出；预付；使……前进；将……提前；预先的；先行的
190,advanced,先进的；高级的；晚期的；年老的；前进；增加；上涨（advance的过去式和过去分词形式）
191,advantage,优势；利益；有利条件；获利
192,advantageous,有利的；有益的
193,advent,到来；出现；基督降临；基督降临节
194,adventure,冒险；冒险精神；投机活动；冒险；大胆说出
195,adventurism,冒险主义
196,adventurist,冒险主义者；冒险的
197,adventurous,爱冒险的；大胆的；充满危险的
198,adverb,副词；副词的
199,adverbial,状语的；副词的；状语
200,adversary,对手；敌手
201,adverse,不利的；相反的；敌对的（名词adverseness，副词adversely）
202,adversity,逆境；不幸；灾难；灾祸
203,advertise,通知；为…做广告；使突出
204,advertisement,广告，宣传
205,advertising,广告；广告业；登广告；广告的；广告业的；公告；为…做广告（advertise的ing形式）
206,advice,建议；忠告；劝告；通知
207,advisable,明智的，可取的，适当的
208,advise,建议；劝告，忠告；通知；警告
209,adviser,顾问；劝告者；指导教师（等于advisor）
210,advisory,咨询的；顾问的；劝告的；报告；公告
211,advocacy,主张；拥护；辩护
212,advocate,提倡，主张，拥护；提倡者；支持者；律师
213,aerial,空中的，航空的；空气的；空想的；[电讯] 天线
214,aerobatics,特技飞行；[航] 特技飞行术
215,aerobics,有氧运动法；增氧健身法
216,aerodynamics,[流] 气体力学；[航] 航空动力学
217,aeronautics,航空学；飞行术
218,aeroplane,飞机（等于airplane）
219,aerosol,[物化] 气溶胶；气雾剂；喷雾器；浮质；喷雾的；喷雾器的
220,aerospace,航空宇宙；[航] 航空航天空间
221,aesthetics,美学；美的哲学
222,affable,和蔼可亲的；友善的
223,affair,事情；事务；私事；（尤指关系不长久的）风流韵事
224,affect,影响；感染；感动；假装；情感；引起感情的因素
225,affection,喜爱，感情；影响；感染
226,affectionate,深情的；
227,affinity,密切关系；吸引力；姻亲关系；类同
228,affirm,肯定；断言
229,affirmative,肯定的；积极的；肯定语；赞成的一方
230,affix,粘上；署名；将罪责加之于；[语] 词缀；附加物
231,afflict,折磨；使痛苦；使苦恼
232,affluent,富裕的；丰富的；流畅的；支流；富人
233,afford,给予，提供；买得起；(Afford)人名；(英)阿福德
234,affordable,负担得起的
235,affront,冒犯，有意冒犯；面对；公开侮辱；轻蔑；公开侮辱
236,afield,在战场上；去野外；在远处；远离著；(Afield)人名；(英)阿菲尔德
237,afloat,在海上的；飘浮的；浸满水的；在传播的；在海上；飘浮著；浸满水
238,afoot,在进行中的；徒步的；准备中；在进行中，在准备中
239,afraid,害怕的；恐怕；担心的
240,afresh,重新；再度
241,Africa,非洲
242,African,非洲的，非洲人的；非洲人
243,after,后来，以后；在……之后；以后的
244,aftermath,后果；余波
245,afternoon,午后，下午
246,afterward,以后，后来
247,again,又，此外；再一次；再说；增加；（英、保）阿盖恩
248,against,反对，违反；靠；倚；防备；不利的；对立的
249,age,年龄；时代；寿命，使用年限；阶段；成熟；变老
250,aged,年老的；…岁的；老年人特有的；老化（age的过去式）；成熟；变老
251,agency,代理，中介；代理处，经销处
252,agenda,议程；日常工作事项；日程表
253,agent,代理人，代理商；药剂；特工；由…作中介；由…代理；代理的
254,aggravate,加重；使恶化；激怒
255,aggregate,集合；聚集；合计；合计；集合体；总计；聚合的；集合的；合计的
256,aggression,侵略；进攻；侵犯；侵害
257,aggressive,侵略性的；好斗的；有进取心的；有闯劲的
258,aggressor,侵略者；侵略国；挑衅者
259,aggrieved,受委屈的，愤愤不平的；权利受到不法侵害的；侵害，伤害（aggrieve的过去分词形式）；使悲痛
260,agile,敏捷的；机敏的；活泼的
261,agitate,摇动；骚动；使…激动
262,agitation,激动；搅动；煽动；烦乱
263,agnostic,不可知论者；不可知论的
264,ago,以前，以往；以前的；过去的；(Ago)人名；(英、西、意、塞、瑞典)阿戈
265,agonizing,苦恼的；痛苦难忍的；使极度痛苦；折磨（agonize的ing形式）；感到极度痛苦（agonize的ing形式）
266,agony,苦恼；极大的痛苦；临死的挣扎
267,agree,同意，赞成；承认；约定，商定
268,agreeable,令人愉快的；适合的；和蔼可亲的
269,agreement,协议；同意，一致
270,agricultural,农业的；农艺的
271,agriculture,农业；农耕；农业生产；农艺，农学
272,aground,搁浅地；地面上；搁浅的；地面上的
273,ah,啊；呀；(Ah)人名；(中)亚(广东话·威妥玛)；(缅)阿
274,ahead,向前；在前的；领先；向前地；领先地；在（某人或某事物的）前面；预先；在将来，为未来
275,aid,援助；帮助；助手；帮助者；援助；帮助；有助于
276,aids,艾滋病（Acquired Immune Deficiency Syndrome）；获得性免疫缺乏综合症
277,ailing,生病的，身体不舒服的；体衰的；生病；苦恼（ail的ing形式）
278,ailment,小病；不安
279,aim,目的在于；引导；把…对准；目的；目标；对准
280,aimless,没有目标的；无目的的
281,air,空气，大气；天空；样子；曲调；使通风，晾干；夸耀
282,airbase,空军基地；航空基地
283,airborne,[航] 空运的；空气传播的；风媒的
284,aircraft,飞机，航空器
285,airfield,飞机场
286,airforce,空军
287,airhostess,客机女服务员，空姐
288,airily,轻盈地，快活地
289,airlift,空运；空运物资；空运
290,airline,航空公司；航线；航线的
291,airliner,班机；大型客机
292,airmail,航空邮件
293,airport,机场；航空站
294,airstrip,飞机跑道
295,airtight,密闭的，密封的；无懈可击的
296,airway,导气管；空中航线；通风孔
297,airy,空气的；通风的；幻想的；轻快的；空中的；(Airy)人名；(英)艾里
298,aisle,通道，走道；侧廊
299,ajar,半开的；微开的；不和谐的；半开地；微开地；不协调地
300,alarm,闹钟；警报，警告器；惊慌；警告；使惊恐
301,alas,唉（表悲伤、遗憾、恐惧、关切等等）；(Alas)人名；(西、葡、捷、土)阿拉斯
302,album,相簿；唱片集；集邮簿；签名纪念册
303,alchemy,点金术；魔力
304,alcohol,酒精，乙醇
305,alcoholic,酒精的，含酒精的；酒鬼，酗酒者
306,alcoholism,酗酒；[内科] 酒精中毒
307,ale,麦芽酒
308,alert,警告；使警觉，使意识到；警惕的，警觉的；留心的；警戒，警惕；警报
309,alga,水藻
310,algebra,代数学
311,alias,别名，化名；别名叫；化名为
312,alibi,不在场证明或辩解；托辞；辩解；找托辞开脱
313,alien,外国的；相异的，性质不同的；不相容的；外国人，外侨；外星人；让渡，转让
314,alienate,使疏远，离间；让与
315,alight,下来；飞落；烧着的；点亮着的
316,align,使结盟；使成一行；匹配
317,alike,相似的；相同的；以同样的方式；类似于
318,alimony,[法] 赡养费；生活费
319,alive,活着的；活泼的；有生气的
320,alkali,碱；可溶性无机盐；碱性的
321,all,全部的；全然地；越发；全部
322,Allah,阿拉；真主
323,allay,减轻；使缓和；使平静
324,allege,宣称，断言；提出…作为理由
325,allegedly,依其申述；据说，据称
326,allegiance,效忠，忠诚；忠贞
327,allegory,寓言
328,allergic,对…过敏的；对…极讨厌的
329,allergy,过敏症；反感；厌恶
330,alleviate,减轻，缓和
331,alliance,联盟，联合；联姻
332,alligator,短吻鳄（产于美国及中国）；短吻鳄皮革；鳄口式工具；皱裂；裂开；鳄鱼般的；鳄鱼皮革的；鳄鱼皮纹的
333,allocate,分配；拨出；使坐落于
334,allocation,分配，配置；安置
335,allot,分配；拨给；分派；(Allot)人名；(英)阿洛特；(西)阿略特；(法)阿洛
336,allow,允许；给予；认可
337,allowance,津贴，零用钱；允许；限额；定量供应
338,alloy,使成合金；使减低成色；合金
339,allude,暗指，转弯抹角地说到；略为提及，顺便提到
340,allusion,暗示；提及
341,ally,同盟国；伙伴；同盟者；助手；使联盟；使联合
342,almanac,年鉴；历书；年历
343,almighty,全能的；有无限权力的；非常；全能的神
344,almond,扁桃仁；扁桃树
345,almost,差不多，几乎
346,alms,捐献；救济物，施舍金
347,alone,独自的；单独的；孤独的；独自地；单独地
348,along,一起；向前；来到；沿着；顺着
349,alongside,在旁边；在……旁边
350,aloof,冷淡的；远离的；冷漠的；远离；避开地
351,aloud,大声地；出声地
352,alphabet,字母表，字母系统；入门，初步
353,alphabetic,字母的；照字母次序的
354,already,已经，早已；先前
355,also,也；而且；同样；并且；另外；(Also)人名；(罗)阿尔索
356,altar,祭坛；圣坛；圣餐台
357,alter,改变，更改；(Alter)人名；(英)奥尔特；(德、捷、葡、爱沙、立陶、拉脱、俄、西、罗、瑞典)阿尔特
358,alteration,修改，改变；变更
359,alternate,交替；轮流；交替的；轮流的；替换物
360,alternative,供选择的；选择性的；交替的；二中择一；供替代的选择
361,although,尽管；虽然；但是；然而
362,altitude,高地；高度；[数] 顶垂线；（等级和地位等的）高级；海拔
363,altogether,完全地；总共；总而言之；整个；裸体
364,aluminium,铝的；铝
365,alumnus,男校友；男毕业生
366,always,永远，一直；总是；常常
367,am,调频，调谐，调幅（ amplitude modulation）；（用于第一人称单数现在时）；（与v-ing连用构成现在进行时，与v-ed连用构成被动语态）；（柬）安（人名）
368,amalgamate,合并；汞齐化；调制汞合金
369,amass,积聚，积累
370,amateur,爱好者；业余爱好者；外行；业余的；外行的
371,amaze,使吃惊
372,amazing,令人惊异的；使吃惊（amaze的ing形式）
373,ambassador,大使；代表；使节
374,amber,琥珀色的；琥珀制的；琥珀；琥珀色；使呈琥珀色
375,ambience,气氛，布景；周围环境
376,ambiguity,含糊；不明确；暧昧；模棱两可的话
377,ambiguous,模糊不清的；引起歧义的
378,ambition,野心，雄心；抱负，志向；追求；有…野心
379,ambitious,野心勃勃的；有雄心的；热望的；炫耀的
380,ambivalent,矛盾的；好恶相克的
381,ambulance,[车辆][医] 救护车；战时流动医院
382,ambush,埋伏，伏击；伏兵；埋伏，伏击
383,amenable,有责任的：顺从的，服从的；有义务的；经得起检验的
384,amend,修改；改善，改进；(Amend)人名；(德、英)阿门德
385,amendment,修正案；改善；改正
386,amenity,舒适；礼仪；愉快；便利设施
387,America,美洲（包括北美和南美洲）；美国
388,American,美国人，美洲人；美国英语；美国的，美洲的；地道美国式的
389,amiable,和蔼可亲的，亲切的；(Amiable)人名；(法)阿米亚布勒；(英)阿米娅布尔
390,amicable,友好的；友善的
391,amid,在其中，在其间；(Amid)人名；(法、阿拉伯)阿米德
392,amidst,在…当中
393,amiss,有毛病的，有缺陷的；出差错的；错误地；(Amiss)人名；(英)埃米斯
394,ammeter,[电] 安培计；[电] 电流计
395,ammonia,[无化] 氨，阿摩尼亚
396,ammunition,弹药；军火；装弹药于；装弹药
397,amnesia,健忘症，[内科] 记忆缺失
398,amnesty,大赦，特赦；对…实行大赦
399,among,在…中间；在…之中
400,amongst,在…之中；在…当中（等于among）
401,amoral,与道德无关的；无从区分是非的；超道德的
402,amount,总计，合计；相当于；共计；产生…结果；数量；总额，总数
403,amphibian,[脊椎] 两栖动物；水陆两用飞机；具有双重性格的人；两栖类的；[车辆] 水陆两用的；具有双重性格的
404,amphibious,[生物] 两栖的，水陆两用的；具有双重性的
405,ample,丰富的；足够的；宽敞的；(Ample)人名；(西)安普尔
406,amplifier,[电子] 放大器，扩大器；扩音器
407,amplify,放大，扩大；增强；详述
408,amuse,娱乐；消遣；使发笑；使愉快
409,amusement,消遣，娱乐；乐趣
410,an,一（在元音音素前）
411,anaemia,贫血（症）；无活力；脸色苍白
412,anaesthesia,麻醉；麻木；感觉缺失（等于anesthesia）
413,anaesthetic,麻醉的；麻醉剂；麻药
414,anaesthetize,使麻醉；使麻木
415,anagram,相同字母异序词，易位构词，变位词
416,anal,[解剖] 肛门的，直肠的；肛门附近的；(Anal)人名；(土)阿纳尔
417,analogue,类似物；类似情况；对等的人；类似的；相似物的；模拟计算机的
418,analogy,类比；类推；类似
419,analyse,分析；分解；细察
420,analysis,分析；分解；验定
421,analytical,分析的；解析的；善于分析的
422,anarchic,无政府的；无政府主义的；无法无天的
423,anarchist,无政府主义者
424,anarchy,无政府状态；混乱；无秩序
425,anatomy,解剖；解剖学；剖析；骨骼
426,ancestor,始祖，祖先；被继承人
427,ancestral,祖先的；祖传的
428,ancestry,祖先；血统
429,anchor,锚；抛锚停泊；靠山；新闻节目主播；抛锚；使固定；主持节目；末棒的；最后一棒的
430,anchorage,锚地；下锚；停泊税
431,anchorman,末棒运动员；新闻节目主持人
432,anchorwoman,广播新闻的女主持人
433,ancient,古代的；古老的，过时的；年老的；古代人；老人
434,and,和，与；就；而且；但是；然后；(And)人名；(土、瑞典)安德
435,anecdote,轶事；奇闻；秘史
436,anew,重新；再
437,angel,天使；守护神；善人；出钱支持
438,anger,怒，愤怒；忿怒；使发怒，激怒；恼火
439,angle,钓鱼；谋取；角度，角，方面
440,angrily,愤怒地
441,angry,生气的；愤怒的；狂暴的；（伤口等）发炎的
442,anguish,痛苦；苦恼；使极度痛苦
443,angular,[生物] 有角的；生硬的，笨拙的；瘦削的
444,animal,动物
445,animate,使有生气；使活泼；鼓舞；推动；有生命的
446,animation,活泼，生气；激励；卡通片绘制
447,animosity,憎恶，仇恨，敌意
448,ankle,踝关节，踝
449,annals,年报；编年史；年鉴
450,annex,附加；获得；并吞；附加物；附属建筑物
451,annihilate,歼灭；战胜；废止
452,anniversary,周年纪念日
453,announce,宣布；述说；预示；播报
454,announcement,公告；宣告；发表；通告
455,announcer,[广播] 广播员；宣告者
456,annoy,骚扰；惹恼；打搅；烦恼（等于annoyance）
457,annoyance,烦恼；可厌之事；打扰
458,annual,年度的；每年的；年刊，年鉴；一年生植物
459,annuity,年金，养老金；年金保险；年金享受权
460,annul,取消；废除；宣告无效
461,anode,阳极（电解）
462,anomaly,异常；不规则；反常事物
463,anonymity,匿名；匿名者；无名之辈
464,anonymous,匿名的，无名的；无个性特征的
465,another,又一，另一；另外的；不同的；另一个；又一个；另一个；另一个人
466,answer,回答；符合；回答；答案；答辩
467,ant,蚂蚁
468,antagonism,对抗，敌对；对立；敌意
469,antagonist,敌手；[解剖] 对抗肌；[生化] 拮抗物；反协同试剂
470,antagonize,使…敌对；使…对抗；对…起反作用
471,antecedent,前情；先行词；祖先；先行的；前驱的；先前的
472,antelope,羚羊；羚羊皮革
473,antenna,[电讯] 天线；[动] 触角，[昆] 触须
474,anthem,赞美诗；圣歌；唱圣歌庆祝；唱赞歌
475,anthology,（诗、文、曲、画等的）选集
476,anthropology,人类学
477,antibiotic,抗生的；抗菌的；抗生素，抗菌素
478,antibody,[免疫] 抗体
479,antic,古怪的；滑稽可笑的；滑稽动作；丑角；扮小丑；做滑稽动作
480,anticipate,预期，期望；占先，抢先；提前使用
481,anticipation,希望；预感；先发制人；预支
482,antidote,[药] 解毒剂；解药；矫正方法
483,antilogarithm,逆对数；[数] 反对数；真数
484,antipathy,反感；厌恶；憎恶；不相容
485,antique,古老的，年代久远的；过时的，古董的；古风的，古式的；古董，古玩；古风，古希腊和古罗马艺术风格；觅购古玩
486,antiquity,高龄；古物；古代的遗物
487,antiseptic,防腐的，抗菌的；非常整洁的；防腐剂，抗菌剂
488,antler,鹿角，茸角；多叉鹿角
489,antonym,[语] 反义词
490,anus,[解剖] 肛门
491,anxiety,焦虑；渴望；挂念；令人焦虑的事
492,anxious,焦虑的；担忧的；渴望的；急切的
493,anxiously,不安地，忧虑地
494,any,任何的；所有的；丝毫；任何；任何一个；若干；稍微；少许；(Any)人名；(法、罗)阿尼
495,anyhow,总之；无论如何；不管怎样
496,anymore,再也不，不再
497,anyone,任何人；任何一个
498,anything,任何事
499,anytime,任何时候；无例外地
500,anyway,无论如何，不管怎样；总之
501,anywhere,在任何地方；无论何处；任何地方
502,apace,飞快地，迅速地；急速地
503,apart,相距；与众不同地；分离着；分离的；与众不同的
504,apartheid,种族隔离
505,apartment,公寓；房间
506,apathy,冷漠，无兴趣，漠不关心；无感情
507,ape,[脊椎] 猿；傻瓜；模仿者；模仿；抢台词；狂热的
508,aperture,孔，穴；（照相机，望远镜等的）光圈，孔径；缝隙
509,apex,顶点；尖端
510,apiece,每人；每个；各自地
511,apologetic,道歉的；赔罪的
512,apologize,道歉；辩解；赔不是
513,apology,道歉；谢罪；辩护；勉强的替代物
514,apoplexy,[医] 中风
515,apostrophe,省略符号，撇号；呼语，顿呼
516,appalling,可怕的；令人震惊的；使惊愕；惊吓（appal的ing形式）
517,apparatus,装置，设备；仪器；器官
518,apparel,服装；衣服；给…穿衣
519,apparent,显然的；表面上的
520,apparently,显然地；似乎，表面上
521,appeal,呼吁，恳求；上诉；诉诸，求助；有吸引力，迎合爱好；（体育比赛中）诉诸裁判；呼吁，请求；吸引力，感染力；上诉；诉诸裁判
522,appealing,吸引人的；动人的；引起兴趣的；恳求似的；恳求（appeal的ing形式）；将…上诉
523,appear,出现；显得；似乎；出庭；登场
524,appearance,外貌，外观；出现，露面
525,appease,使平息；使满足；使和缓；对…让步
526,append,附加；贴上；盖章；设置数据文件的搜索路径
527,appendicitis,[医] 阑尾炎；盲肠炎
528,appendix,附录；阑尾；附加物
529,appetite,食欲；嗜好
530,applaud,赞同；称赞；向…喝彩
531,applause,欢呼，喝采；鼓掌欢迎
532,apple,苹果，苹果树，苹果似的东西；[美俚]炸弹，手榴弹，（棒球的）球；[美俚]人，家伙。
533,appliance,器具；器械；装置
534,applicable,可适用的；可应用的；合适的
535,applicant,申请人，申请者；请求者
536,application,应用；申请；应用程序；敷用
537,apply,申请；涂，敷；应用
538,appoint,任命；指定；约定
539,appointee,被任命者
540,appointment,任命；约定；任命的职位
541,apposite,适当的；贴切的
542,appraisal,评价；估价（尤指估价财产，以便征税）；估计
543,appraise,评价，鉴定；估价
544,appreciable,可感知的；可评估的；相当可观的
545,appreciate,欣赏；感激；领会；鉴别
546,appreciation,欣赏，鉴别；增值；感谢
547,appreciative,感激的；赏识的；有欣赏力的；承认有价值的
548,apprehend,理解；逮捕；忧虑
549,apprehension,理解；恐惧；逮捕；忧惧
550,approach,方法；途径；接近；接近；着手处理
551,appropriate,适当的；恰当的；合适的；占用，拨出
552,approval,批准；认可；赞成
553,approve,批准；赞成；为…提供证据
554,approximate,近似；使…接近；粗略估计；[数] 近似的；大概的
555,apricot,杏，杏子；[园艺] 杏树；杏黄色；杏黄色的
556,April,四月
557,apron,围裙；[航] 停机坪；舞台口；着围裙于；围绕
558,apt,恰当的；有…倾向的；灵敏的；(Apt)人名；(法、波、英)阿普特
559,aptitude,天资；自然倾向；适宜
560,aquarium,水族馆；养鱼池；玻璃缸
561,aquatic,水生的；水栖的；在水中或水面进行的；水上运动；水生植物或动物
562,Arabia,阿拉伯半岛（亚洲西南部，等于Arabian Peninsula）
563,Arabian,阿拉伯的；阿拉伯人的；阿拉伯人
564,Arabic,阿拉伯的；阿拉伯人的；阿拉伯语
565,arbiter,[法] 仲裁者；裁决人
566,arbitrary,[数] 任意的；武断的；专制的
567,arbitrate,仲裁；公断
568,arc,弧（度）；弧光（全称electric arc）；弧形物；天穹；圆弧的；反三角函数的；形成电弧；走弧线
569,arcade,拱廊；（内设投角子电子游戏机等的）游乐场；有拱廊的街道；使有拱廊
570,arch,弓形，拱形；拱门；主要的；使…弯成弓形；用拱连接
571,archaeologist,考古学家
572,archaeology,考古学
573,archaic,古代的；陈旧的；古体的；古色古香的
574,archbishop,大主教；总教主
575,archer,弓箭手
576,archetype,原型
577,archipelago,群岛，列岛；多岛的海区
578,architect,建筑师
579,architecture,建筑学；建筑风格；建筑式样；架构
580,archive,档案馆；档案文件；把…存档
581,archway,拱门；拱道
582,arctic,北极的；极寒的；北极圈；御寒防水套鞋
583,ardent,热情的；热心的；激烈的；燃烧般的；(Ardent)人名；(法)阿尔当
584,ardour,激情；热情；情欲；灼热
585,arduous,努力的；费力的；险峻的
586,are,是（be的第二人称单复数现在式）；公亩
587,area,区域，地区；面积；范围
588,arena,舞台；竞技场
589,argue,争论，辩论；提出理由；(Argue)人名；(英、法)阿格
590,argument,论证；论据；争吵；内容提要
591,argumentative,好辩的；辩论的；争辩的
592,arid,干旱的；不毛的，[农] 荒芜的
593,arise,出现；上升；起立；(Arise)人名；(西)阿里塞；(日)在濑(姓)
594,aristocracy,贵族；贵族统治；上层社会；贵族政治
595,aristocrat,贵族
596,aristocratic,贵族的；贵族政治的；有贵族气派的
597,arithmetic,算术，算法
598,ark,约柜；方舟；（美）平底船；避难所
599,arm,手臂；武器；袖子；装备；部门；武装起来
600,armada,（西班牙的）无敌舰队
601,armament,武器；军备
602,armchair,扶手椅，单人沙发；不切实际的
603,armour,盔甲；装甲；护面
604,armoury,兵工厂，军械库
605,armpit,腋窝
606,army,陆军，军队
607,aroma,芳香
608,aromatic,芳香的，芬芳的；芳香族的；芳香植物；芳香剂
609,around,大约；到处；在附近；四处；在…周围
610,arouse,引起；唤醒；鼓励
611,arrange,安排；排列；整理
612,arrangement,布置；整理；准备
613,array,数组，阵列；排列，列阵；大批，一系列；衣服；排列，部署；打扮
614,arrears,[会计] 拖欠；待完成的事；应付欠款
615,arrest,逮捕；阻止；吸引；逮捕；监禁
616,arrival,到来；到达；到达者
617,arrive,到达；成功；达成；出生；(Arrive)人名；(法)阿里夫
618,arrogance,自大；傲慢态度
619,arrogant,自大的，傲慢的
620,arrow,箭，箭头；箭状物；箭头记号；以箭头指示；箭一般地飞向
621,arsenal,兵工厂；军械库
622,arson,纵火；纵火罪
623,art,艺术；美术；艺术品；艺术的；艺术品的；是（be的变体）
624,artery,动脉；干道；主流
625,artful,巧妙的；狡猾的；有技巧的；欺诈的
626,arthritis,[外科] 关节炎
627,article,文章；物品；条款；[语] 冠词；订约将…收为学徒或见习生；使…受协议条款的约束
628,articulate,清晰地发（音）；明确有力地表达；用关节连接；使相互连贯；发音清晰的；口才好的；有关节的；【动物学】有节体的动物
629,artifact,人工制品；手工艺品
630,artifice,诡计；欺骗；巧妙的办法
631,artificial,人造的；仿造的；虚伪的；非原产地的；武断的
632,artillery,火炮；大炮；炮队；炮术
633,artisan,工匠，技工
634,artist,艺术家；美术家（尤指画家）；大师
635,artistic,艺术的；风雅的；有美感的
636,as,因为；随着；虽然；依照；当…时；如同；当作；以…的身份；同样地；和…一样的
637,ascend,上升；登高；追溯
638,ascendant,优势；运星；支配地位；上升的；优越的
639,ascent,上升；上坡路；登高
640,ascetic,苦行的；禁欲主义的；苦行者；禁欲者
641,ascribe,归因于；归咎于
642,ash,灰；灰烬
643,ashamed,惭愧的，感到难为情的；耻于……的
644,ashore,在岸上；向岸；在岸上的；在陆上的
645,ashtray,烟灰缸
646,Asia,亚洲
647,Asian,亚洲人；亚洲的；亚洲人的
648,aside,离开，撇开；在旁边；旁白；私语，悄悄话；离题的话；在…旁边
649,ask,问，询问；要求；需要；邀请；讨价；(Ask)人名；(芬、瑞典)阿斯克
650,asleep,睡着的；麻木的；长眠的；熟睡地；进入睡眠状态
651,aspect,方面；方向；形势；外貌
652,asphalt,沥青；柏油；以沥青铺；用柏油铺成的
653,aspiration,渴望；抱负；送气；吸气；吸引术
654,aspire,渴望；立志；追求
655,aspirin,阿司匹林（解热镇痛药）
656,ass,屁股；驴子；蠢人
657,assail,攻击；质问；着手解决
658,assailant,攻击者；袭击的；攻击的
659,assassin,刺客，暗杀者
660,assassinate,暗杀；行刺
661,assault,攻击；袭击
662,assemble,集合，聚集；装配；收集
663,assembly,装配；集会，集合
664,assent,同意；赞成
665,assert,维护，坚持；断言；主张；声称
666,assertion,断言，声明；主张，要求；坚持；认定
667,assertive,肯定的；独断的；坚定而自信的
668,assess,评定；估价；对…征税
669,assessment,评定；估价
670,asset,资产；优点；有用的东西；有利条件；财产；有价值的人或物
671,assiduous,刻苦的，勤勉的
672,assign,分配；指派；[计][数] 赋值
673,assignment,分配；任务；作业；功课
674,assimilate,吸收；使同化；把…比作；使相似
675,assist,帮助；助攻；参加；出席
676,assistance,援助，帮助；辅助设备
677,assistant,助手，助理，助教；辅助的，助理的；有帮助的
678,associate,交往；结交；同事，伙伴；关联的事物；副的；联合的
679,association,协会，联盟，社团；联合；联想
680,assorted,组合的；各种各样的；混杂的；把…分等级；把…归为一类（assort的过去分词）
681,assortment,分类；混合物
682,assume,假定；设想；承担；采取
683,assumption,假定；设想；担任；采取
684,assurance,保证，担保；（人寿）保险；确信；断言；厚脸皮，无耻
685,assure,保证；担保；使确信；弄清楚
686,assuredly,确实地；确信地
687,asterisk,星号；注上星号；用星号标出
688,asthma,[内科][中医] 哮喘，气喘
689,astonish,使惊讶
690,astonishment,惊讶；令人惊讶的事物
691,astral,星的；星际的；精神世界的
692,astray,误入歧途地；迷途地；迷路；迷路的；离开正道的；不对头的；(Astray)人名；(西)阿斯特赖
693,astrology,占星术；占星学；星座
694,astronaut,宇航员，航天员；太空旅行者
695,astronomer,天文学家
696,astronomical,天文的，天文学的；极大的
697,astronomy,天文学
698,astrophysics,天体物理学
699,asylum,庇护；收容所，救济院
700,asymmetric,不对称的；非对称的
701,at,在（表示存在或出现的地点、场所、位置、空间）；以（某种价格、速度等）；向；达；因为；朝；忙于；阿特（老挝货币基本单位att）；[化]砹（极不稳定放射性元素）；密封的（airtight）；气温（air temperature）
702,athlete,运动员，体育家；身强力壮的人
703,athletic,运动的，运动员的；体格健壮的
704,athletics,竞技；体育运动；田径运动
705,Atlantic,大西洋；大西洋的
706,atlas,地图集；寰椎
707,atmosphere,气氛；大气；空气
708,atmospheric,大气的，大气层的
709,atom,原子
710,atomic,原子的，原子能的；微粒子的
711,atrocious,凶恶的，残暴的
712,atrocity,暴行；凶恶，残暴
713,attach,使依附；贴上；系上；使依恋
714,attache,专员，公使；使馆随员；大使馆专员
715,attachment,附件；依恋；连接物；扣押财产
716,attain,达到，实现；获得；到达；成就
717,attempt,企图，试图；攻击；企图，试图；尝试
718,attend,出席；上（大学等）；照料；招待；陪伴
719,attendance,出席；到场；出席人数；考勤
720,attendant,伴随的；侍候的；服务员，侍者；随员，陪从
721,attention,注意力；关心；立正！（口令）
722,attentive,留意的，注意的
723,attest,证明；证实；为…作证
724,attic,阁楼；顶楼；鼓室上的隐窝
725,attitude,态度；看法；意见；姿势
726,attorney,律师；代理人；检查官
727,attract,吸引；引起
728,attraction,吸引，吸引力；引力；吸引人的事物
729,attractive,吸引人的；有魅力的；引人注目的
730,attribute,属性；特质；归属；把…归于
731,attrition,摩擦；磨损；消耗
732,auction,拍卖；竞卖；拍卖
733,auctioneer,拍卖；拍卖商
734,audacious,无畏的；鲁莽的
735,audible,听得见的
736,audience,观众；听众；读者；接见；正式会见；拜会
737,audio,声音的；[声] 音频的，[声] 声频的
738,audiovisuals,视听教具
739,audit,审计；[审计] 查账
740,audition,听力，听觉；试听；试听；试音
741,auditor,审计员；听者；旁听生
742,auditorium,礼堂，会堂；观众席
743,augment,增加；增大
744,August,威严的；令人敬畏的；八月（简写为Aug）
745,aunt,阿姨；姑妈；伯母；舅妈
746,aura,光环；气氛；（中风等的）预兆；气味
747,auspicious,吉兆的，吉利的；幸运的
748,austere,严峻的；简朴的；苦行的；无装饰的
749,austerity,紧缩；朴素；苦行；严厉
750,Australian,澳大利亚的，澳大利亚人的；澳大利亚人
751,authentic,真正的，真实的；可信的
752,author,作者；作家；创始人；创作出版
753,authorise,授权；批准；允许；委任（等于authorize）
754,authoritarian,独裁主义的；权力主义的；权力主义者；独裁主义者
755,authoritative,有权威的；命令式的；当局的
756,authority,权威；权力；当局
757,autobiographic,自传的；自传体的；自传作家的
758,autobiography,自传；自传文学
759,autocrat,独裁者，专制君主；独断独行的人
760,autocratic,专制的；独裁的，专横的
761,autograph,亲笔，手稿；亲笔签名；亲笔签名于…；亲笔书写
762,automate,使自动化，使自动操作
763,automatic,自动的；无意识的；必然的；自动机械；自动手枪
764,automation,自动化；自动操作
765,automobile,汽车；驾驶汽车
766,autonomous,自治的；自主的；自发的
767,autonomy,自治，自治权
768,autopsy,验尸；[病理][特医] 尸体解剖；[病理][特医] 尸体剖检
769,autumn,秋天；成熟期；渐衰期，凋落期；秋天的，秋季的
770,auxiliary,助动词；辅助者，辅助物；附属机构；辅助的；副的；附加的
771,avail,效用，利益；有益于，有益于；使对某人有利。
772,availability,可用性；有效性；实用性
773,available,可获得的；可购得的；可找到的；有空的
774,avalanche,雪崩
775,avenge,替…报仇
776,avenue,大街；林荫大道；[比喻](达到某物的)途径，手段，方法，渠道
777,average,平均；平均数；海损；平均的；普通的；通常的；算出…的平均数；将…平均分配；使…平衡
778,aversion,厌恶；讨厌的人
779,avert,避免，防止；转移
780,aviation,航空；飞行术；飞机制造业
781,avid,渴望的，贪婪的；热心的；(Avid)人名；(俄)阿维德
782,avoid,避免；避开，躲避；消除
783,await,等候，等待；期待
784,awake,觉醒，意识到；醒来；被唤起；醒着的
785,awaken,唤醒；唤起；使…意识到
786,award,授予；判定；奖品；判决
787,aware,意识到的；知道的；有…方面知识的；懂世故的；(Aware)人名；(阿拉伯、索)阿瓦雷
788,awareness,意识，认识；明白，知道
789,away,离去，离开；在远处
790,awe,使敬畏；使畏怯；敬畏
791,awesome,令人敬畏的；使人畏惧的；可怕的；极好的
792,awful,可怕的；极坏的；使人敬畏的
793,awfully,可怕地；十分；非常；很
794,awkward,尴尬的；笨拙的；棘手的；不合适的
795,awkwardly,笨拙地；无技巧地
796,axe,斧；削减；用斧砍
797,axiom,[数] 公理；格言；自明之理
798,axis,轴；轴线；轴心国
799,axle,车轴；[车辆] 轮轴
800,babble,喋喋不休；呀呀学语；作潺潺声；含糊不清的话；胡言乱语；潺潺声
801,baby,婴儿，婴孩；孩子气的人；纵容，娇纵；把……当婴儿般对待；婴儿的；幼小的
802,bachelor,学士；单身汉；（尚未交配的）小雄兽
803,back,后面；背部；靠背；足球等的后卫；书报等的末尾；支持；后退；背书；下赌注；以前；向后地；来回地；上溯；回来；回原处；后面的；过去的；拖欠的
804,backbiting,诽谤；中伤；背后诽谤；中伤（backbite的ing形式）
805,backbone,支柱；主干网；决心，毅力；脊椎
806,backbreaking,非常辛劳的；费力的
807,backdate,回溯，追溯；倒填日期
808,backdrop,背景；背景幕；交流声
809,backfire,放出逆火；预先放火；产生出乎意料及事与愿违的结果；逆火，回火
810,background,背景；隐蔽的位置；作…的背景；背景的；发布背景材料的
811,backhand,反手拍；反手抽击；反手抽击；以反手；用手背；反手的（网球等运动中的动作）
812,backside,背部；后方；臀部
813,backup,支持；后援；阻塞；支持的；候补的；做备份
814,backward,向后的；反向的；发展迟缓的；向后地；相反地
815,backwards,倒；向后；逆
816,backwater,回水；死水；停滞不进的状态或地方
817,backyard,后院；后庭
818,bacon,咸肉；腌肉；熏猪肉
819,bacteria,[微] 细菌
820,bad,坏的；严重的；劣质的；坏事；坏人；很，非常；坏地；邪恶地
821,badge,徽章；证章；标记；授给…徽章
822,badger,獾；獾皮；（大写）獾州人（美国威斯康星州人的别称）；<动><澳>毛鼻袋熊；纠缠不休；吵着要；烦扰
823,badly,非常，很；严重地，厉害地；恶劣地
824,badminton,羽毛球
825,baffle,使…困惑；使…受挫折；用挡板控制；挡板；困惑
826,bag,袋；猎获物；（俚）一瓶啤酒；猎获；把…装入袋中；占据，私吞；使膨大
827,baggage,行李；[交] 辎重（军队的）
828,baggy,袋状的，膨胀的；宽松而下垂的
829,bail,保释，保释人；保释金；杓；保释，帮助某人脱离困境；往外舀水
830,bait,引诱；在…中放诱饵；折磨；饵；诱饵
831,bake,烤，烘焙；烤；烘烤食品
832,baker,面包师；面包工人；（便携式）烘炉
833,bakery,面包店
834,balance,平衡；余额；匀称；使平衡；结算；使相称
835,balcony,阳台；包厢；戏院楼厅
836,bald,秃顶的；光秃的；单调的；无装饰的；变秃；(Bald)人名；(英)鲍尔德；(德、法、波)巴尔德
837,bale,包；捆；灾祸；不幸；将打包
838,baleful,恶意的；有害的
839,balk,障碍；错误；阻止；推诿；错过
840,ball,球；舞会；成团块
841,ballad,歌谣，民谣；叙事歌谣；流行抒情歌曲
842,ballast,压舱物，[建] 压载物；道渣，碎石；给…装压舱物；给…铺道渣
843,ballerina,芭蕾舞女演员，芭蕾舞女
844,ballet,芭蕾舞剧；芭蕾舞乐曲
845,ballistics,发射学，弹道学
846,balloon,激增；膨胀如气球；气球；像气球般鼓起的
847,ballot,投票；投票用纸；投票总数；投票；抽签决定
848,balm,香油；镇痛软膏；香峰草，香树膏
849,balmy,芳香的；温和的；止痛的；(Balmy)人名；(法)巴尔米
850,balustrade,栏杆
851,bamboo,竹，竹子；为…装上篾条；竹制的；土著居民的
852,ban,禁止，取缔；禁令，禁忌
853,banal,陈腐的；平庸的；老一套的；(Banal)人名；(法、意)巴纳尔
854,banana,香蕉；喜剧演员；大鹰钩鼻
855,band,带，环；[物] 波段；(演奏流行音乐的) 乐队；用带绑扎；给镶边
856,bandage,绷带；用绷带包扎
857,bandit,强盗，土匪；恶棍；敲诈者
858,bandwagon,流行，时尚；乐队花车
859,bane,毒药；祸害；灭亡的原因
860,bang,刘海；重击；突然巨响；直接地；砰然地；突然巨响地；重击；发巨响
861,banish,放逐；驱逐；(Banish)人名；(英)巴尼什
862,banister,栏杆的支柱；楼梯的扶栏
863,banjo,班卓琴；五弦琴
864,bank,银行；岸；浅滩；储库；将…存入银行；倾斜转弯
865,banker,银行家；银行业者；掘土工
866,banking,银行业；银行业务；银行家的职业；筑堤；把钱存入银行；做银行家；在…边筑堤（bank的现在分词）
867,bankrupt,破产的；使破产；[经] 破产者
868,bankruptcy,破产
869,banner,横幅图片的广告模式
870,banquet,宴会，盛宴；宴请，款待；宴请，设宴款待
871,banter,无恶意的玩笑
872,baptism,洗礼；严峻考验
873,baptize,给…施浸礼；命名；使经受考验（等于baptise）；(Baptize)人名；(法)巴蒂泽
874,bar,条，棒；酒吧；障碍；法庭；禁止；阻拦；除……外
875,barbarian,野蛮的；未开化的；野蛮人
876,barbaric,野蛮的，粗野的；原始的
877,barbarous,野蛮的；残暴的
878,barbecue,烤肉；吃烤肉的野宴；烧烤；烤肉
879,barber,为…理发；修整；理发师
880,bare,空的；赤裸的，无遮蔽的；露出，使赤裸；(Bare)人名；(英)贝尔
881,barely,仅仅，勉强；几乎不；公开地；贫乏地
882,bargain,交易；便宜货；契约；讨价还价；议价；(谈价钱后)卖
883,barge,蹒跚；闯入；驳船；游艇
884,baritone,男中音；男中音歌手；男中音的
885,barley,大麦
886,barn,谷仓；畜棚；车库；靶（核反应截面单位）；把…贮存入仓
887,barometre,气压表；晴雨表
888,baron,男爵；大亨；巨头
889,baroque,巴洛克式的；结构复杂的，形式怪样的；巴洛克风格；巴洛克艺术
890,barracks,兵营，营房；简陋的房子；警察所（barrack的复数）；使驻扎军营里；住在工房、棚屋里；（澳）大声鼓噪（barrack的三单形式）
891,barrage,弹幕；阻塞；齐射式攻击；[水利] 拦河坝；以密集炮火进攻
892,barrel,把……装入桶内；桶；枪管，炮管
893,barren,贫瘠的；不生育的；无益的；沉闷无趣的；空洞的；荒地
894,barricade,街垒；路障；争论之处；设路障；阻碍
895,barrier,障碍物，屏障；界线；把…关入栅栏
896,barrister,律师；（加拿大）出庭律师（等于arrister-at-law）；（英）（有资格出席高等法庭并辩护的）专门律师
897,barrow,搬运架，手推车；弃矿；古坟
898,barter,进行易货贸易；[贸易] 作物物交换；讨价还价；易货贸易；物物交换；实物交易
899,base,基础；底部；垒；卑鄙的；低劣的；以…作基础
900,basement,地下室；地窖
901,bash,猛击，痛击；怒殴；猛烈的一击，痛击
902,bashful,害羞的，腼腆的；(Bashful)人名；(英)巴什富尔
903,basic,基本的；基础的；基础；要素
904,basically,主要地，基本上
905,basics,基础；基本要素（basic的复数）
906,basin,水池；流域；盆地；盆
907,basis,基础；底部；主要成分；基本原则或原理
908,bask,晒太阳；取暖；愉快或舒适；(Bask)人名；(芬)巴斯克
909,basket,篮子；（篮球比赛的）得分；一篮之量；篮筐；装入篮
910,basketball,篮球；篮球运动
911,bass,鲈鱼；男低音；低音部；椴树；低音的
912,bastard,私生的；私生子
913,bastion,堡垒；棱堡
914,bat,蝙蝠；球棒；球拍；批处理文件的扩展名；用球棒击球；击球率达…
915,batch,一批；一炉；一次所制之量；分批处理
916,bath,沐浴；浴室；浴盆；洗澡
917,bathe,沐浴；用水洗；洗澡；游泳
918,bathroom,浴室；厕所；盥洗室
919,baton,指挥棒；接力棒；警棍；司令棒
920,battalion,营，军营；军队，部队
921,batter,击球手；（用鸡蛋、牛奶、面粉等调成的）糊状物；墙面的倾斜；猛击；打坏；使向上倾斜
922,battery,[电] 电池，蓄电池
923,battle,战役；斗争；斗争；作战
924,battlefield,战场；沙场
925,bawl,大叫；放声痛哭；叫骂声
926,bay,海湾；狗吠声；向…吠叫
927,bayonet,刺刀；卡销；用刺刀刺
928,bazaar,集市；市场；义卖市场
929,be,是； 有，存在； 做，成为； 发生；(Be)人名；(缅)拜；(日)部(姓)；(朝)培；(中非)贝
930,beach,海滩；湖滨；将…拖上岸
931,beacon,灯塔，信号浮标；烽火；指路明灯；照亮，指引
932,bead,珠子；滴；念珠；形成珠状，起泡
933,beak,[鸟] 鸟嘴；鹰钩鼻子；地方执法官；男教师
934,beaker,烧杯；大口杯
935,beam,横梁；光线；电波；船宽；[计量] 秤杆；发送；以梁支撑；用…照射；流露
936,bean,豆；嘴峰；毫无价值的东西；击…的头部
937,bear,结果实，开花（正式）；熊
938,beard,公然反对；抓…的胡须；胡须；颌毛
939,bearing,[机] 轴承；关系；方位；举止；忍受（bear的ing形式）
940,beast,野兽；畜生，人面兽心的人
941,beastly,野蛮的；残忍的；可恶的；极，非常
942,beat,打；打败；拍子；敲击；有规律的一连串敲打；筋疲力尽的；疲惫不堪的
943,beating,打；[纸] 打浆；敲打；失败；打（beat的ing形式）
944,beautiful,美丽的
945,beautify,使美化，使变美
946,beauty,美；美丽；美人；美好的东西
947,because,因为
948,beckon,召唤；吸引；表召唤的点头；手势
949,become,成为；变得；变成
950,bed,床；基础；河底， 海底；使睡觉；安置，嵌入；栽种
951,bedding,寝具；（建筑）[建] 基床；（家畜）草垫；适于花坛种植的；把…栽入苗床（bed的ing形式）；睡（bed的ing形式）
952,bedroom,卧室；两性关系的；城郊住宅区的
953,bedtime,就寝时间；适于睡前的
954,bee,蜜蜂，蜂；勤劳的人
955,beef,牛肉；肌肉；食用牛；牢骚；抱怨，告发；发牢骚
956,beeper,能发出哔哔声音的仪器；导弹遥控员
957,beer,啤酒；喝啤酒
958,beet,甜菜；甜菜根；生火；修理；改过
959,beetle,急忙来回；突出；甲虫；大槌
960,befall,降临
961,befit,适合于；为…该做的；对…适当
962,before,在…之前，先于；以前；在前；在…以前；在…之前
963,beforehand,事先；预先；提前的；预先准备好的
964,beg,乞讨；恳求；回避正题；(Beg)人名；(德、塞、巴基)贝格
965,beggar,乞丐；穷人；家伙；使贫穷；使沦为乞丐
966,begin,开始；(Begin)人名；(以、德)贝京；(英)贝让
967,beginner,初学者；新手；创始人
968,beginning,开始；起点；开始；创建（begin的ing形式）
969,begrudge,羡慕，嫉妒；吝惜，舍不得给
970,beguile,欺骗；使着迷；轻松地消磨
971,behalf,代表；利益
972,behave,表现；（机器等）运转；举止端正；（事物）起某种作用
973,behead,砍头；使河流被夺流
974,behind,落后于；支持；晚于；在后地；在原处；屁股
975,beige,米黄色；浅褐色的；米黄色的；枯燥乏味的
976,being,存在；生命；本质；品格；存在的；现有的
977,belie,掩饰；与…不符；使失望；证明…虚假错误
978,belief,相信，信赖；信仰；教义
979,believe,信任；料想；笃信宗教
980,bell,铃，钟；钟声，铃声；钟状物；装钟于，系铃于
981,bellow,大声喊叫；大声发出；吼叫声；轰鸣声
982,belly,腹部；胃；食欲；涨满；鼓起
983,belong,属于，应归入；居住；适宜；应被放置
984,belongings,[经] 财产，所有物；亲戚
985,beloved,心爱的；挚爱的；心爱的人；亲爱的教友
986,below,在下面，在较低处；在本页下面；在…下面；(Below)人名；(英、德、芬、瑞典)贝洛
987,belt,带；腰带；地带；用带子系住；用皮带抽打
988,bemoan,惋惜；为…恸哭
989,bemused,困惑的；发呆的；使发呆（bemuse的过去式和过去分词）
990,bench,长凳；工作台；替补队员；给…以席位；为…设置条凳
991,benchmark,基准；标准检查程序；用基准问题测试（计算机系统等）
992,bend,使弯曲；使屈服；使致力；使朝向；弯曲
993,beneath,在…之下；在下方
994,benediction,祝福；赐福；恩赐；祈求上帝赐福的仪式
995,beneficial,有益的，有利的；可享利益的
996,beneficiary,[金融] 受益人，受惠者；封臣；拥有封地的；受圣俸的
997,benefit,利益，好处；救济金；有益于，对…有益
998,benevolence,仁慈；善行
999,benevolent,仁慈的；慈善的；亲切的
1000,benign,良性的；和蔼的，亲切的；吉利的；(Benign)人名；(俄)贝尼根
1001,bequeath,遗赠；把…遗赠给；把…传下去
1002,bequest,遗产；遗赠
1003,bereaved,丧失的；死了…的；丧失亲人的人；使丧失（bereave的过去式和过去分词）
1004,berry,浆果（葡萄，番茄等）；采集浆果
1005,berth,卧铺；停泊处，锚位；差事；使……停泊；为……提供铺位
1006,beset,困扰；镶嵌；围绕
1007,beside,在旁边；与…相比；和…无关
1008,besides,此外；而且；除…之外
1009,besiege,围困；包围；烦扰
1010,best,最好的人，最好的事物；最佳状态；最好的；最好地；打败，胜过
1011,bestow,使用；授予；放置；留宿
1012,bestseller,畅销书；畅销书作者；畅销商品（等于best seller）
1013,bet,打赌，赌注；被打赌的事物；打赌；敢断定，确信
1014,betray,背叛；出卖；泄露（秘密）；露出…迹象
1015,better,长辈；较好者；打赌的人（等于bettor）；更好的；更多的；较大程度地；较好的；改善；胜过
1016,between,在…之间；在中间
1017,beware,当心，小心
1018,bewilder,使迷惑，使不知所措
1019,bewitch,施魔法于，蛊惑；使着迷
1020,beyond,超过；越过；那一边；在较远的一边；在远处；在更远处；远处
1021,bias,偏见；偏爱；斜纹；乖离率；使存偏见；偏斜的；偏斜地
1022,Bible,圣经
1023,bibliography,参考书目；文献目录
1024,bicker,闪动；斗嘴；潺潺而流；吵嘴；口角；（水的）潺潺声
1025,bicycle,自行车；骑脚踏车
1026,bid,投标；出价；表示；吩咐；出价；叫牌；努力争取
1027,bifocals,远视近视两用的眼镜
1028,big,大的；重要的；量大的；大量地；顺利；夸大地；(Big)人名；(土)比格
1029,bigot,偏执的人；顽固者；盲信者
1030,bike,自行车；脚踏车；骑自行车（或摩托车）
1031,bikini,比基尼泳装；大爆炸
1032,bilateral,双边的；有两边的
1033,bile,胆汁；愤怒
1034,bilingual,双语的；通两种语言的人
1035,bill,[法] 法案；广告；账单；[金融] 票据；钞票；清单；宣布；开账单；用海报宣传
1036,billiards,台球，桌球；弹子戏
1037,billion,十亿；大量；十亿；十亿的
1038,billow,巨浪；翻腾
1039,bin,箱子，容器；二进制；把…放入箱中
1040,binary,[数] 二进制的；二元的，二态的
1041,bind,结合；装订；有约束力；过紧；捆绑；困境；讨厌的事情；植物的藤蔓
1042,binder,[胶粘] 粘合剂；活页夹；装订工；捆缚者；用以绑缚之物
1043,binding,装订；捆绑；粘合物；有约束力的；捆绑的；捆绑（bind的ing形式）
1044,binge,狂欢，狂闹；放纵；放纵
1045,bingo,宾戈游戏
1046,binoculars,[光] 双筒望远镜；[光] 双筒镜，[光] 双目镜
1047,biochemistry,生物化学
1048,biographic,传记的；传记体的
1049,biography,传记；档案；个人简介
1050,biological,生物的；生物学的
1051,biologist,生物学家
1052,biology,（一个地区全部的）生物；生物学
1053,biotechnology,[生物] 生物技术；[生物] 生物工艺学
1054,bipartisan,两党连立的；代表两党的
1055,birch,桦木；桦树；桦条；用桦条鞭打
1056,bird,鸟；家伙；羽毛球；向…喝倒彩；起哄
1057,birth,出生；血统，出身；起源
1058,birthday,生日，诞辰；诞生的日子
1059,birthplace,出生地
1060,birthrate,出生率
1061,biscuit,小点心，饼干
1062,bisect,平分；二等分
1063,bishop,（基督教的）主教；（国际象棋的）象
1064,bit,[计] 比特（二进位制信息单位）；少量；马嚼子；辅币；老一套；一点，一块；控制；很小的；微不足道的；有点儿；相当
1065,bitch,母狗，母狼；泼妇；牢骚事；糟蹋；弄糟
1066,bite,咬；刺痛；咬；一口；咬伤；刺痛；机内测试设备（Built-In Test Equipment）
1067,bitter,苦的；痛苦的；尖刻的；充满仇恨的；苦味；苦啤酒；激烈地；严寒刺骨地；使变苦
1068,bitterly,苦涩地，悲痛地；残酷地；怨恨地
1069,bizarre,奇异的（指态度，容貌，款式等）
1070,black,黑色的；黑人的；邪恶的；黑色；黑人；黑颜料；使变黑；把鞋油等涂在…上；把（眼眶）打成青肿
1071,blackboard,黑板
1072,blacken,使变黑；诽谤，诋毁；(Blacken)人名；(英)布莱肯
1073,blackmail,勒索，敲诈；勒索所得之款；勒索，敲诈
1074,blackout,灯火管制；灯火熄灭；暂时的意识丧失
1075,blacksmith,铁匠；锻工
1076,bladder,膀胱；囊状物，可充气的囊袋
1077,blade,叶片；刀片，刀锋；剑
1078,blame,责备；归咎于；责备；责任；过失
1079,blanch,漂白；使变白；铅矿石；漂白的；银白色的
1080,bland,乏味的；温和的；冷漠的；使…变得淡而无味；除掉…的特性；变得平淡无奇；丧失特性；(Bland)人名；(英)布兰德
1081,blank,空白的；空虚的；单调的；空白；空虚；空白表格；使…无效；使…模糊；封锁
1082,blanket,毛毯，毯子；毯状物，覆盖层；总括的，全体的；没有限制的；覆盖，掩盖；用毯覆盖
1083,blare,嘟嘟声；号声；巨响；发嘟嘟声；发出响而刺耳的声音
1084,blast,爆炸；冲击波；一阵；猛攻
1085,blatant,喧嚣的；公然的；炫耀的；俗丽的
1086,blaze,在树皮上刻路标；公开宣布；火焰，烈火；光辉；情感爆发
1087,bleach,使漂白，使变白；漂白剂
1088,bleak,阴冷的；荒凉的，无遮蔽的；黯淡的，无希望的；冷酷的；单调的
1089,bleat,咩咩叫；胡扯；抱怨；咩咩叫声
1090,bleed,使出血；榨取
1091,bleep,发出哔哔声；哔哔声
1092,blemish,瑕疵；污点；缺点；玷污；损害；弄脏
1093,blend,混合；混合；掺合物
1094,bless,祝福；保佑；赞美；(Bless)人名；(英、意、德、匈)布莱斯
1095,blessed,幸福的；受祝福的；神圣的；祝福（bless的过去分词）
1096,blessing,祝福；赐福；祷告；使幸福（bless的ing形式）；使神圣化；为…祈神赐福
1097,blind,盲目的；瞎的；盲目地；看不见地；掩饰，借口；百叶窗；使失明；使失去理智
1098,blink,眨眼；使…闪烁；眨眼；瞬间；闪光
1099,bliss,极乐；天赐的福；使欣喜若狂；狂喜
1100,blister,水泡；水疱；气泡；砂眼；起泡剂；使起水泡；痛打；猛烈抨击
1101,blitz,闪电战；以闪电战攻击；闪击的；凌厉的
1102,blizzard,暴风雪，大风雪；大打击；下暴风雪
1103,blob,一滴；一抹；难以名状的一团；弄脏；把…做错
1104,block,块；街区；大厦；障碍物；阻止；阻塞；限制；封盖；成批的，大块的；交通堵塞的
1105,blockade,封锁；阻塞
1106,blond,金发的；白肤碧眼金发的人
1107,blonde,亚麻色的；金色的；白皙的；白肤金发碧眼的；白肤金发碧眼的女人
1108,blood,血，血液；血统；从…抽血；使先取得经验
1109,bloody,血腥的；非常的；嗜杀的，残忍的；血色的；使流血；很
1110,bloom,花；青春；旺盛；使开花；使茂盛
1111,blossom,开花；兴旺；发展成；花；开花期；兴旺期；花开的状态
1112,blot,吸墨水；弄上墨渍或污渍；污点，污渍；墨水渍
1113,blotter,记事簿，[会计] 流水帐；吸墨纸
1114,blouse,宽松的上衣；女装衬衫；使…宽松下垂；宽松下垂
1115,blow,吹；打击；殴打；风吹；喘气
1116,blue,蓝色；[复数]（美国海、陆、空三军穿的）蓝色制服；蓝颜料；[the blue(s)][用作单数或复数]布鲁斯（歌曲）（一种伤感的美国黑人民歌；蓝色的；沮丧的，忧郁的；下流的；把…染成蓝色；使成蓝色；给…用上蓝剂；用上蓝剂于
1117,blueprint,计划；制成蓝图；蓝图，设计图；计划
1118,blues,忧郁布鲁斯歌曲；蓝色物（blue的复数）；把…染成蓝色（blue的第三人称单数）
1119,bluff,吓唬；绝壁；断崖；吓唬；愚弄；直率的；陡峭的
1120,blunder,跌跌撞撞地走；犯大错；大错
1121,blunt,钝的，不锋利的；生硬的；直率的；使迟钝；(Blunt)人名；(英)布伦特
1122,blur,涂污；使…模糊不清；使暗淡；玷污；污迹；模糊不清的事物
1123,blurb,大肆宣传；吹捧性广告；商品信息；夸大；大肆宣传
1124,blurt,未加思索地冲口说出；突然说出
1125,blush,脸红；感到惭愧；脸红；红色；羞愧
1126,board,董事会；木板；甲板；膳食；上（飞机、车、船等）；用板盖上；给提供膳宿
1127,boardroom,会议室；交换场所
1128,boast,夸口说，自吹自擂说；以有…而自豪；自夸；值得夸耀的事物，引以为荣的事物
1129,boat,小船；轮船；划船
1130,bobsleigh,长橇，雪橇；乘大雪橇；滑大雪橇比赛
1131,bodily,整体地；亲自地；以肉体形式；身体的；肉体的；(Bodily)人名；(英)博迪利
1132,body,身体；主体；大量；团体；主要部分；赋以形体
1133,bodyguard,保镖
1134,bog,沼泽；泥塘；使陷于泥沼；使动弹不得
1135,boggle,犹豫，退缩；惊恐；犹豫，退缩；惊奇
1136,bogus,假的；伪造的；伪币
1137,boil,煮沸，沸腾；激动，激昂；沸腾，煮沸；疖子
1138,boiler,锅炉；烧水壶，热水器；盛热水器
1139,boisterous,喧闹的；狂暴的；猛烈的
1140,bold,大胆的，英勇的；黑体的；厚颜无耻的；险峻的；(Bold)人名；(英、德、罗、捷、瑞典)博尔德
1141,boldness,大胆；冒失；显著
1142,bolt,螺栓，螺钉；闪电，雷电；门闩；弩箭;（布的）一匹，一卷；筛选；囫囵吞下；（把门、窗等）闩上；突然说出，脱口说出；突然地；像箭似地；直立地
1143,bomb,轰炸，投弹于；炸弹
1144,bomber,轰炸机；投弹手
1145,bombshell,炸弹；突发事件；引起震惊的人或事
1146,bond,债券；结合；约定；粘合剂；纽带；结合，团结在一起
1147,bondage,奴役，束缚；奴役身份
1148,bone,骨；骨骼；剔去的骨；施骨肥于
1149,bonfire,篝火；营火
1150,bonnet,[机] 阀盖；软帽；给…装上罩；给…戴上帽子
1151,bonus,奖金；红利；额外津贴
1152,bony,骨的；多骨的；瘦骨嶙峋的；似骨的；(Bony)人名；(法)博尼
1153,boo,嘘；向…喝倒采；（表示不满、轻蔑等）嘘；嘘声
1154,book,书籍；卷；帐簿；名册；工作簿；预订；登记
1155,bookcase,[家具] 书柜，书架
1156,bookish,书本上的；好读书的；书呆子气的
1157,bookkeeping,记帐，簿记
1158,booklet,小册子
1159,bookmark,书签（等于bookmarker）；标记
1160,bookseller,书商；售书员
1161,bookshelf,书架
1162,bookshop,书店
1163,bookstall,书报摊
1164,bookstore,书店（等于bookshop）
1165,boom,使兴旺；发隆隆声；繁荣；吊杆；隆隆声
1166,boon,恩惠；福利；利益；愉快的；慷慨的
1167,boost,促进；增加；支援；推动；帮助；宣扬
1168,boot,引导；踢；解雇；使穿靴；靴子；踢；汽车行李箱
1169,booth,货摊；公用电话亭
1170,bootleg,违法的；偷运或非法制造并销售的；私卖；靴统；私货
1171,booze,酒；酒宴；豪饮；痛饮
1172,borderline,边界线，边界；界线；边界的；暧昧的
1173,bore,钻孔；孔；令人讨厌的人
1174,bored,无聊的；无趣的；烦人的；使厌烦（bore的过去式）；烦扰
1175,boredom,厌倦；令人厌烦的事物
1176,boring,无聊的；令人厌烦的；钻孔；钻孔；使厌烦；挖空（bore的ing形式）
1177,born,出世（bear的过去分词）；天生的；(Born)人名；(柬)邦；(英、西、俄、捷、德、瑞典、匈)博恩
1178,borrow,借；借用；从其他语言中引入；(Borrow)人名；(英)博罗
1179,bosom,胸；胸怀；中间；胸襟；内心；乳房；内部；怀抱；把…藏在心中；知心的；亲密的
1180,boss,老板；首领；工头；指挥，调遣；当…的领导
1181,bossy,专横的；浮雕装饰的；爱指挥他人的；母牛；牛犊
1182,botanical,植物学的；植物性药材
1183,botanist,植物学家
1184,botany,植物学；地区植物总称
1185,both,两个的；两者的；并；又；两者皆；双方都；两者都；既…且…；(Both)人名；(德、罗、捷、南非、匈)博特
1186,bother,烦扰，打扰；使……不安；使……恼怒；麻烦；烦恼
1187,bottle,瓶子；一瓶的容量；控制；把…装入瓶中
1188,bottleneck,瓶颈；障碍物
1189,bottom,底部；末端；臀部；尽头；底部的；装底；测量深浅；查明真相
1190,bough,大树枝
1191,boulevard,[建] 林荫大道；（美）大马路；娱乐性的；给…提供林阴大街；把…建成林阴大街
1192,bounce,跳；弹力；活力；弹跳；使弹起
1193,bound,有义务的；必定的；受约束的；装有封面的；束缚；使跳跃；范围；跳跃
1194,boundary,边界；范围；分界线
1195,boundless,无限的；无边无际的
1196,bountiful,丰富的；慷慨的；宽大的
1197,bounty,慷慨；丰富；奖励金；赠款；发给…奖金等；为…而发给赏金；以赏金等形式发放
1198,bouquet,花束；酒香
1199,bourgeois,资本家；九点活字；中产阶级的人；追求物质享受和社会地位者；资产阶级的；中产阶级的；贪图享受的
1200,bourgeoisie,资产阶级；中产阶级
1201,bout,回合；较量；发作；一阵
1202,boutique,精品店；专卖流行衣服的小商店；精品屋的；小规模专售精品的
1203,bow,弓；鞠躬；船首；鞠躬；弯腰；弯曲的
1204,bowels,内脏（尤指人的肠）；同情心；勇气（bowel的复数）；取出…的肠子（bowel的第三人称单数）
1205,bowl,碗；木球；大酒杯；玩保龄球；滑动；平稳快速移动
1206,bowler,圆顶礼帽；投球手；玩滚球的人
1207,bowling,滚木球戏；保龄球戏；打保龄球（bowl的现在分词）
1208,box,箱，盒子；包厢；一拳；拳击
1209,boxer,拳师，拳击手
1210,boxing,拳击；装箱；围模；做箱的材料；将…装入盒中（box的ing形式）
1211,boy,男孩；男人
1212,boycott,联合抵制；拒绝参加；联合抵制
1213,boyfriend,男朋友，情郎
1214,bra,胸罩
1215,bracelet,手镯；手链
1216,bracket,支架；括号；墙上凸出的托架；括在一起；把…归入同一类；排除
1217,brag,吹牛，自夸
1218,braid,编织；辫子；穗带；发辫
1219,Braille,用盲字印；布莱叶（法国盲人教育家）；盲人用点字法
1220,brain,头脑，智力；脑袋；猛击…的头部
1221,brainless,"无头脑的，愚蠢的,脑残的"
1222,brainstorming,集体研讨；发表独创性意见；集思广益以寻找；集体自由讨论（brainstorm的ing形式）
1223,brainwash,对人洗脑；以宣传说服；洗脑
1224,brake,刹车；闸，刹车；阻碍
1225,branch,分支；出现分歧；树枝，分枝；分部；支流
1226,brand,铭刻于，铭记；打烙印于；印…商标于；商标，牌子；烙印
1227,brandy,白兰地酒
1228,brash,无礼的，傲慢的；仓促的，性急的；骤雨；碎片；胃灼热
1229,brass,黄铜；黄铜制品；铜管乐器；厚脸皮
1230,bravado,虚张声势；冒险
1231,brave,勇敢的；华丽的；勇敢地面对；勇士
1232,bravery,勇敢；勇气
1233,Brazilian,巴西的；巴西人的；巴西人
1234,breach,违背，违反；缺口；违反，破坏；打破
1235,bread,面包；生计；在…上洒面包屑
1236,breadth,宽度，幅度；宽宏
1237,break,打破；折断；弄坏；削弱；破裂；间断；（持续一段时间的状况的）改变；间歇
1238,breakfast,早餐；早饭；吃早餐
1239,breakthrough,突破；突破性进展
1240,breast,乳房，胸部；胸怀；心情；以胸对着；与…搏斗
1241,breath,呼吸，气息；一口气，（呼吸的）一次；瞬间，瞬息；微风；迹象；无声音，气音
1242,breathe,呼吸；低语；松口气；（风）轻拂
1243,breathless,喘不过气来的；停止呼吸的
1244,breathtaking,惊人的；惊险的；令人激动的
1245,breed,繁殖；饲养；产生；[生物] 品种；种类，类型
1246,breeze,微风；轻而易举的事；煤屑；焦炭渣；小风波；吹微风；逃走
1247,brevity,简洁，简短；短暂，短促
1248,brew,酿造；酝酿；啤酒；质地
1249,brewery,啤酒厂
1250,bribe,贿赂，收买；贿赂
1251,bribery,[法] 贿赂；受贿；行贿
1252,brick,砖，砖块；砖形物；心肠好的人；用砖砌；用砖做的；似砖的
1253,bridal,新娘的；婚礼的；婚礼
1254,bride,新娘；姑娘，女朋友
1255,bridegroom,新郎
1256,bridge,桥；桥牌；桥接器；船桥；架桥；渡过
1257,bridle,缰绳；马勒；系带；约束物；控制；给装马勒
1258,brief,简短的，简洁的；短暂的，草率的；摘要，简报；概要，诉书；简报，摘要；作…的提要
1259,briefcase,公文包
1260,briefing,简报；作战指示；概述；作…的摘要（brief的现在分词）
1261,briefly,短暂地；简略地；暂时地
1262,brigade,旅；大部队；队列；把…编成旅；把…编成队
1263,bright,明亮的，鲜明的；聪明的；愉快的；明亮地；光明地；欢快地；车头灯光
1264,brighten,明亮；变亮；活跃；快乐高兴；(Brighten)人名；(英)布赖滕
1265,brilliance,光辉；才华；宏伟
1266,brilliant,灿烂的，闪耀的；杰出的；有才气的；精彩的，绝妙的
1267,brim,边；边缘；满溢；溢出
1268,bring,带来；促使；引起；使某人处于某种情况或境地；(Bring)人名；(英、瑞典)布林
1269,brink,（峭壁的）边缘
1270,brisk,敏锐的，活泼的，轻快的；凛冽的；活跃起来；变得轻快；(Brisk)人名；(法、芬)布里斯克
1271,bristle,猪鬃；刚毛；发怒；竖起
1272,British,英国的；英国人的；大不列颠的；英国人
1273,Briton,英国人；大不列颠人
1274,broad,宽的，辽阔的；显著的；大概的；宽阔部分；宽阔地
1275,broadcast,播送，播放；（无线电或电视）广播；播撒（种子）；广播；播音；广播节目；广播的
1276,broaden,扩大，变阔；变宽，加宽
1277,broccoli,花椰菜；西兰花
1278,brochure,手册，小册子
1279,broke,一文不名的，破产的；打破，断掉（break的过去式）；(Broke)人名；(英)布罗克
1280,broken,破碎的；坏掉的；折断；打碎；损坏（break的过去分词）
1281,broker,经纪人，掮客；作为权力经纪人进行谈判
1282,brokerage,佣金；回扣；中间人业务
1283,bronchitis,[内科] 支气管炎
1284,bronze,青铜；古铜色；青铜制品；青铜色的；青铜制的；镀青铜于
1285,brooch,（女用的）胸针，领针
1286,brood,孵；沉思；一窝；一伙
1287,brook,忍受；容忍；小溪；小河
1288,broom,扫帚；金雀花；扫除
1289,brothel,妓院
1290,brother,兄弟；同事；战友；我的老兄！
1291,brotherhood,兄弟关系；手足情谊；四海之内皆兄弟的信念
1292,brotherly,兄弟的；兄弟般的；亲切的；兄弟般地；亲切地
1293,brow,眉，眉毛；额；表情
1294,brown,棕色的，褐色的；太阳晒黑的；变成褐色；褐色，棕色
1295,browse,浏览；吃草
1296,browser,[计] 浏览器；吃嫩叶的动物；浏览书本的人
1297,bruise,擦伤；挫伤；青肿；使受瘀伤；使受挫伤
1298,brunch,早午餐
1299,brunette,浅黑肤色的女人；深色的
1300,brunt,冲击；主要冲力
1301,brush,刷子；画笔；毛笔；争吵；与某人有效冲突；灌木丛地带；矮树丛；狐狸尾巴；刷；画；
1302,brusque,唐突的；直率的；无礼的；(Brusque)人名；(法)布吕斯克
1303,brutal,残忍的；野蛮的，不讲理的
1304,brute,残忍的；无理性的；畜生；残暴的人
1305,brutish,粗野的；残忍的；野兽般的
1306,bubble,气泡，泡沫，泡状物；透明圆形罩，圆形顶；沸腾，冒泡；发出气泡声
1307,buck,（美）钱，元；雄鹿；纨绔子弟；年轻的印第安人或黑人
1308,bucket,桶，水桶；铲斗；一桶的量；倾盆而下；颠簸着行进
1309,buckle,扣住；变弯曲；皮带扣，带扣
1310,bud,芽，萌芽；蓓蕾；发芽，萌芽
1311,Buddha,佛陀；佛像
1312,Buddhism,佛教
1313,Buddhist,佛教徒；佛教的
1314,buddy,伙伴，好朋友；密友；小男孩；做好朋友，交朋友
1315,budge,挪动；微微移动；改变态度或意见；服从；羔羊皮
1316,budget,预算，预算费；安排，预定；把…编入预算；廉价的
1317,buff,浅黄色；软皮；爱好者；[俚] 健康的身体；有软皮摩擦；缓冲；擦亮，抛光某物
1318,buffalo,[畜牧][脊椎] 水牛；[脊椎] 野牛（产于北美）；水陆两用坦克
1319,buffer,[计] 缓冲区；缓冲器，[车辆] 减震器；缓冲
1320,buffet,自助餐；小卖部；打击；猛烈冲击；与…搏斗；连续猛击；自助的；自助餐的
1321,bug,臭虫，小虫；故障；窃听器；烦扰，打扰；装窃听器
1322,buggy,童车；双轮单座轻马车；多虫的
1323,bugle,喇叭；军号；筋骨草属植物；吹号集合
1324,build,建立；建筑；构造；体形；体格
1325,builder,建筑者；建立者
1326,building,建筑；建筑物；建筑；建立；增加（build的ing形式）
1327,bulb,电灯泡；鳞茎；球状物；生球茎；膨胀成球状
1328,bulge,胀；膨胀；凸出部分；使膨胀；使凸起
1329,bulk,体积，容量；大多数，大部分；大块；使扩大，使形成大量；使显得重要
1330,bulky,体积大的；庞大的；笨重的
1331,bull,公牛；看好股市者；粗壮如牛的人；胡说八道；印玺；大型的；公牛似的；雄性的；企图抬高证券价格；吓唬；强力实现
1332,bulldozer,推土机；欺凌者，威吓者
1333,bullet,子弹；只选某党全部候选人的投票；豆子；射出；迅速行进
1334,bulletin,公告，公报；公布，公告
1335,bullheaded,顽固的；顽强的；愚笨的；莽撞的
1336,bullish,看涨的；上扬的；似公牛的
1337,bully,欺凌弱小者；土霸；第一流的；特好的；欺负；威吓；很；十分；好；妙
1338,bum,流浪汉；屁股；狂欢作乐；能力差的人；嗡嗡声；执达员（等于bumbailiff）；流浪；靠乞讨过活；发嗡嗡声；无价值的；劣质的；很不愉快的
1339,bump,肿块，隆起物；撞击；碰撞，撞击；颠簸而行；突然地，猛烈地
1340,bumper,丰盛的，丰富的；缓冲器，保险杆，减震物；装满；为…祝酒；干杯
1341,bun,小圆面包
1342,bunch,群；串；突出物；隆起；打褶；形成一串
1343,bundle,束；捆；捆
1344,bungalow,平房；小屋
1345,bunk,铺位；床铺；座床；睡在铺上；逃跑
1346,bunker,沙坑；煤仓；燃料库；使陷入困境；把球击入沙坑
1347,buoy,[水运] 浮标；浮筒；救生圈；航标；使浮起；支撑；鼓励
1348,buoyancy,浮力；轻快；轻松的心情；（股票）保持高价或回升
1349,burden,负担；责任；船的载货量；使负担；烦扰；装货于
1350,burdensome,繁重的；累赘的；恼人的
1351,bureau,局，处；衣柜；办公桌
1352,bureaucracy,官僚主义；官僚机构；官僚政治
1353,bureaucrat,官僚；官僚主义者
1354,burglar,夜贼，窃贼
1355,burglary,盗窃，夜盗；盗窃行为；入室行窃
1356,burial,埋葬；葬礼；弃绝；埋葬的
1357,burn,燃烧；烧毁，灼伤；激起…的愤怒；灼伤，烧伤；烙印
1358,burrow,探索，寻找；挖地洞，挖通道；住入地洞，躲藏起来；钻进某处；偎依著；（兔、狐等的）洞穴，地道；藏身处，住处
1359,burst,爆发，突发；爆炸
1360,bury,埋葬；隐藏；(Bury)人名；(法)比里；(英、西)伯里；(德、意、罗、波、捷、匈)布里；(俄)布雷
1361,bus,公共汽车
1362,bush,灌木；矮树丛；以灌木装饰；使…精疲力竭；如灌木般长得低矮的；粗野的
1363,bushel,蒲式耳；修整（衣服等）
1364,bushy,浓密的；灌木茂密的；多毛的
1365,business,商业；[贸易] 生意；[贸易] 交易；事情
1366,businessman,商人
1367,bust,破产；爆裂；降低级别；破产；半身像；萧条；胸部；破产了的；毁坏了的
1368,bustle,喧闹；忙乱；充满；喧闹；活跃；裙撑；热闹的活动
1369,busy,忙碌的；热闹的；正被占用的；使忙于；(Busy)人名；(匈)布希；(法)比西
1370,but,但是；而是；然而；仅仅，只；除…以外；(But)人名；(俄、罗)布特；(越)笔
1371,butcher,屠杀；屠夫
1372,butler,男管家；仆役长
1373,butt,屁股；烟头；笑柄；靶垛；粗大的一端；以头抵撞；碰撞
1374,butter,涂黄油于；讨好；黄油；奶油；奉承话
1375,butterfly,蝴蝶；蝶泳；举止轻浮的人；追求享乐的人
1376,buttock,半边臀部；船尾；用腰摔
1377,button,按钮；纽扣；扣住；扣紧；在…上装纽扣
1378,buy,购买；获得；贿赂；购买，买卖；所购的物品
1379,buzz,使嗡嗡叫；暗中散布；嗡嗡声
1380,buzzword,流行词
1381,by,通过；被；依据；经由；在附近；在……之前；通过；经过；附近；[互联网] 白俄罗斯的国家代码顶级域名
1382,bye,再见；轮空；次要的东西；次要的
1383,bypass,绕开；忽视；设旁路；迂回；旁路；[公路] 支路
1384,byproduct,副产品
1385,byte,字节；8位元组
1386,cab,驾驶室；出租汽车；出租马车；乘出租马车（或汽车）
1387,cabaret,卡巴莱歌舞表演；卡巴莱餐馆
1388,cabbage,卷心菜，甘蓝菜，洋白菜；（俚)脑袋；（非正式、侮辱）植物人（常用于英式英语）；（俚）钱，尤指纸币（常用于美式俚语）
1389,cabin,小屋；客舱；船舱；把…关在小屋里
1390,cabinet,内阁；橱柜；展览艺术品的小陈列室；内阁的；私下的，秘密的
1391,cable,缆绳；电缆；海底电报；打电报
1392,cache,电脑高速缓冲存储器；贮存物；隐藏处；隐藏；窖藏
1393,cackle,饶舌；咯咯声；闲谈；咯咯叫；喋喋不休；饶舌
1394,cactus,[园艺] 仙人掌
1395,cad,无赖，下流人；下流男子，卑鄙的男人
1396,cadet,幼子，次子；实习生；候补军官；陆海军官学校的学员
1397,cadre,干部；基础结构；骨骼
1398,cafe,咖啡馆；小餐馆
1399,cafeteria,自助餐厅
1400,cage,笼，兽笼；牢房，监狱；把…关进笼子；把…囚禁起来
1401,cajole,以甜言蜜语哄骗；勾引
1402,cake,蛋糕；块状物；利益总额；使结块
1403,calamity,灾难；不幸事件
1404,calcium,[化学] 钙
1405,calculate,计算；以为；作打算
1406,calculating,计算的；深谋远虑的；审慎的；计算（calculate的ing形式）
1407,calculation,计算；估计；计算的结果；深思熟虑
1408,calculator,计算器；计算者
1409,calculus,[病理] 结石；微积分学
1410,calendar,日历；[天] 历法；日程表；将…列入表中；将…排入日程表
1411,calf,[解剖] 腓肠，小腿；小牛；小牛皮；(鲸等大哺乳动物的)幼崽
1412,calibre,[军] 口径；才干；水准
1413,call,呼叫；拜访；叫牌；电话；呼叫；要求；访问
1414,calligraphy,书法；笔迹
1415,callous,无情的；麻木的；硬结的；起老茧的；使冷酷无情；使硬结；使生茧；硬皮；老茧
1416,callow,年轻而无经验的；羽毛未丰的；(Callow)人名；(英)卡洛
1417,calm,静的，平静的；沉着的；使平静；使镇定；风平浪静
1418,calorie,卡路里（热量单位）
1419,camel,[畜牧][脊椎] 骆驼；打捞浮筒；工作作风官僚；驼色的；暗棕色的；工作刻板平庸
1420,cameo,（影视剧中的）配角；刻有浮雕的宝石或贝壳；小品文
1421,camera,照相机；摄影机
1422,camouflage,伪装，掩饰
1423,camp,露营；扎营；露营
1424,campaign,作战；参加竞选；参加活动；运动；活动；战役
1425,campus,（大学）校园；大学，大学生活；校园内的草地
1426,can,将…装入密封罐中保存；能； 能够； 可以； 可能；罐头； （用金属或塑料制作的）容器； （马口铁或其他金属制作的）食品罐头
1427,Canadian,加拿大（人）的；加拿大人
1428,canal,运河；[地理] 水道；[建] 管道；灌溉水渠；在…开凿运河
1429,canary,[鸟] 金丝雀；淡黄色
1430,cancel,取消；删去；取消，撤销
1431,cancer,癌症；恶性肿瘤
1432,candid,公正的；坦白的；率直的；偷拍的；(Candid)人名；(罗)坎迪德
1433,candidate,候选人，候补者；应试者
1434,candle,蜡烛；烛光；烛形物；对着光检查
1435,candy,用糖煮；使结晶为砂糖；美化；糖果（等于sweets）；冰糖（等于sugar candy，rock candy）；毒品；新潮的（服饰）；甜言蜜语的
1436,cane,手杖；藤条；细长的茎；以杖击；以藤编制
1437,canine,犬的；犬齿的；犬科的；似犬的；犬；[解剖] 犬齿
1438,cannery,罐头工厂
1439,cannibal,食人者；吃同类的动物；食同类的；吃人肉的；凶残的
1440,cannon,大炮；加农炮；榴弹炮；机关炮；炮轰；开炮
1441,canny,精明的，谨慎的；节约的；(Canny)人名；(英)坎尼
1442,canoe,独木舟；轻舟；乘独木舟
1443,canon,标准；教规；正典圣经；教士
1444,canopy,天篷；华盖；遮篷；苍穹；用天蓬遮盖；遮盖
1445,canteen,食堂，小卖部；水壶
1446,canter,慢跑；流浪汉；慢跑
1447,Cantonese,广东人；广东话；广州的，广州人的
1448,canvas,帆布；用帆布覆盖，用帆布装备；帆布制的
1449,canvass,细究；彻底检查；向…拉票或拉生意；讨论；细查；劝诱
1450,canyon,峡谷
1451,cap,盖；帽子；脱帽致意
1452,capability,才能，能力；性能，容量
1453,capable,能干的，能胜任的；有才华的
1454,capacity,能力；容量；资格，地位；生产力
1455,cape,[地理] 海角，岬；披肩
1456,capillary,毛细管；毛细管的；毛状的
1457,capital,首都，省会；资金；大写字母；资本家；首都的；重要的；大写的
1458,capitalism,资本主义
1459,capitalist,资本家；资本主义者；资本主义的；资本家的
1460,capitalize,使资本化；以大写字母写；估计…的价值
1461,capitulate,认输，屈服；屈从，停止反抗；有条件投降；让步
1462,caprice,任性，反复无常；随想曲，怪想
1463,capricious,反复无常的；任性的
1464,capsize,倾覆（特指船）；翻覆；弄翻
1465,capsule,胶囊；[植] 蒴果；太空舱；小容器；压缩的；概要的；压缩；简述
1466,captain,队长，首领；船长；上尉；海军上校；指挥；率领
1467,caption,标题；字幕；说明；逮捕；加上说明；加上标题
1468,captivate,迷住，迷惑
1469,captive,被俘虏的；被迷住的；俘虏；迷恋者
1470,captivity,囚禁；被关
1471,capture,"俘获；夺得；捕捉，拍摄,录制；捕获；战利品，俘虏"
1472,car,汽车；车厢
1473,carat,克拉（等于karat）
1474,caravan,（可供居住的）拖车，大篷车；（穿过沙漠地带的）旅行队（如商队）；<英>活动住宅；<美>移民列车；乘拖车度假；参加旅行队旅行
1475,carbohydrate,[有化] 碳水化合物；[有化] 糖类
1476,carbon,[化学] 碳；碳棒；复写纸；碳的；碳处理的
1477,carcass,（人或动物的）尸体；残骸；（除脏去头备食用的）畜体
1478,card,卡片；纸牌；明信片；记于卡片上
1479,cardboard,[纸] 硬纸板；纸板箱；卡纸板；不真实的；硬纸板制的
1480,cardiac,强心剂；强胃剂；心脏的；心脏病的；贲门的
1481,cardigan,羊毛衫，开襟羊毛衫（等于cardigan sweater）
1482,cardinal,红衣主教；枢机主教；鲜红色；【鸟类】(北美)主红雀；主要的，基本的；深红色的
1483,care,关怀；照料；谨慎；忧虑；照顾；关心；喜爱；顾虑
1484,career,生涯；职业；事业；速度，全速；作为毕生职业的；全速前进，猛冲
1485,carefree,无忧无虑的；不负责的
1486,careful,仔细的，小心的
1487,carefully,小心地
1488,careless,粗心的；无忧无虑的；淡漠的；(Careless)人名；(英)凯尔利斯
1489,caress,爱抚，抚抱；爱抚，拥抱；接吻
1490,caretaker,看管者；看门人；守护者；临时代理的
1491,cargo,货物，船货
1492,caricature,漫画；讽刺画；漫画手法；画成漫画讽刺
1493,carnage,大屠杀；残杀；大量绝灭
1494,carnal,肉体的；肉欲的；淫荡的；性欲的；(Carnal)人名；(西)卡纳尔
1495,carnation,[园艺] 康乃馨；肉色；粉红色；肉红色的
1496,carnival,狂欢节，嘉年华会；饮宴狂欢
1497,carnivore,[动] 食肉动物；食虫植物
1498,carol,欢乐地歌唱；唱耶诞颂歌；颂歌，赞美诗；欢乐之歌
1499,carp,吹毛求疵；鲤鱼
1500,carpenter,木匠，木工；当木匠，做木匠工作
1501,carpet,在…上铺地毯，把地毯铺在…上；斥责；地毯；地毯状覆盖物
1502,carriage,运输；运费；四轮马车；举止；客车厢
1503,carrier,[化学] 载体；运送者；带菌者；货架
1504,carrot,胡萝卜
1505,carry,拿，扛；携带；支持；搬运；运载；[计] 进位；射程
1506,carton,纸板箱；靶心白点；用盒包装；制作纸箱
1507,cartoon,卡通片，[电影] 动画片；连环漫画；为…画漫画
1508,cartridge,弹药筒，打印机的（墨盒）；[摄] 暗盒；笔芯；一卷软片
1509,carve,雕刻；切开；开创；(Carve)人名；(西、瑞典)卡韦
1510,cascade,小瀑布，瀑布状物；串联；像瀑布般大量倾泻下来
1511,case,情况；实例；箱；包围；把…装于容器中
1512,cash,现款，现金；将…兑现；支付现款
1513,cashier,出纳员；司库；收银员；解雇；抛弃
1514,cashmere,羊绒；开士米；开士米羊毛织品；开士米绒线
1515,casino,俱乐部，赌场；娱乐场
1516,cask,木桶，桶；装入桶内
1517,cassette,盒式磁带；暗盒；珠宝箱；片匣
1518,cast,投，抛；计算；浇铸；投射（光、影、视线等）；投掷，抛；铸件，[古生] 铸型；演员阵容；脱落物
1519,caste,（印度社会中的）种姓；（具有严格等级差别的）社会地位；（排他的）社会团体
1520,castle,城堡；象棋中的车；置…于城堡中；筑城堡防御
1521,casual,随便的；非正式的；临时的；偶然的；便装；临时工人；待命士兵
1522,casualty,意外事故；伤亡人员；急诊室
1523,cat,猫，猫科动物
1524,catalogue,目录；（美）大学情况一览；把…编入目录
1525,catalyst,[物化] 催化剂；刺激因素
1526,cataract,[眼科] 白内障；大瀑布；暴雨，洪水；奔流；倾注
1527,catastrophe,大灾难；大祸；惨败
1528,catch,赶上；抓住；感染；了解；捕捉；捕获物；窗钩
1529,catchword,标语，口号；流行语；口头禅
1530,catchy,引人注意的；容易记住的；易使人上当的
1531,categorical,绝对的（名词categoricalness，副词categorically，异体字categoric）；直截了当的；无条件的；属于某一范畴的
1532,categorize,分类
1533,category,种类，分类；[数] 范畴
1534,cater,投合，迎合；满足需要；提供饮食及服务；(Cater)人名；(英)凯特
1535,caterpillar,[无脊椎] 毛虫；履带车；有履带装置的
1536,cathedral,大教堂
1537,cathode,阴极（电解）
1538,Catholic,天主教的；宽宏大量的；天主教徒；罗马天主教
1539,Catholicism,天主教；天主教义
1540,cattle,牛；牲畜（骂人的话）；家畜；无价值的人
1541,catwalk,猫步；狭小通道；桥上人行道
1542,cauliflower,花椰菜，菜花
1543,causal,因果关系的；有原因的；表示原因的连词
1544,cause,原因；事业；目标；引起；使遭受
1545,caution,小心，谨慎；警告，警示；警告
1546,cautious,谨慎的；十分小心的
1547,cavalry,骑兵；装甲兵；装甲部队
1548,cave,使凹陷，使塌落；在…挖洞穴；洞穴，窑洞
1549,cavern,洞穴；凹处；挖空；置…于洞穴中
1550,caviar,鱼子酱
1551,cavity,腔；洞，凹处
1552,cease,停止；终了；停止
1553,cedar,雪松；香柏；西洋杉木
1554,cede,放弃；割让（领土）
1555,ceiling,天花板；上限
1556,celebrate,庆祝；举行；赞美；祝贺；宣告
1557,celebrated,著名的；有名望的；庆祝（celebrate的过去式和过去分词）
1558,celebration,庆典，庆祝会；庆祝；颂扬
1559,celebrity,名人；名声
1560,celery,[园艺] 芹菜
1561,celestial,天上的，天空的；神仙，天堂里的居民
1562,cell,细胞；电池；蜂房的巢室；单人小室；住在牢房或小室中
1563,cellar,地窖；酒窖；地下室；把…藏入地窖
1564,cello,大提琴
1565,cellular,细胞的；多孔的；由细胞组成的；移动电话；单元
1566,celluloid,赛璐珞；（美俚）电影（胶片）
1567,Celsius,摄氏的；摄氏度
1568,cement,巩固，加强；用水泥涂；接合；水泥；接合剂
1569,cemetery,墓地；公墓
1570,censor,审查，检查；检查和删节；检查员；[心理] 潜意识压抑力；信件检查员
1571,censorious,挑剔的；受批判的（名词censoriousness，副词censoriously）
1572,censorship,审查制度；审查机构
1573,censure,责难，责备；责难
1574,census,实施统计调查；人口普查，人口调查
1575,cent,分；一分的硬币；森特（等于半音程的百分之一）
1576,centenary,一百年；百年纪念；一百年的
1577,centigrade,摄氏的；[仪] 摄氏温度的；百分度的
1578,centimetre,厘米；公分
1579,central,中心的；主要的；中枢的；电话总机
1580,centralise,把…集中起来；形成中心
1581,centre,以…为中心；中心；中央的
1582,centrist,中立派议员；中间派议员
1583,century,世纪，百年；（板球）一百分
1584,ceramic,陶瓷的；陶器的；制陶艺术的；陶瓷；陶瓷制品
1585,cereal,谷类，谷物；谷类食品；谷类植物；谷类的；谷类制成的
1586,cerebral,大脑的，脑的
1587,ceremonial,仪式的；正式的，礼仪的；仪式，礼节
1588,ceremonious,隆重的；讲究仪式的；正式的
1589,ceremony,典礼，仪式；礼节，礼仪；客套，虚礼
1590,certain,某一；必然的；确信；无疑的；有把握的；某些；某几个；(Certain)人名；(葡)塞尔塔因；(法)塞尔坦
1591,certainly,当然；行（用于回答）；必定
1592,certainty,必然；确实；确实的事情
1593,certificate,发给证明书；以证书形式授权给…；用证书批准；证书；执照，文凭
1594,certify,证明；保证
1595,certitude,确信；确实
1596,cesspit,垃圾坑，污水坑；粪坑
1597,chain,链；束缚；枷锁；束缚；囚禁；用铁链锁住
1598,chair,椅子；讲座；（会议的）主席位；大学教授的职位；担任（会议的）主席；使…入座；使就任要职
1599,chairman,主席，会长；董事长
1600,chalet,瑞士山中的牧人小屋；瑞士的农舍；小屋
1601,chalk,用粉笔写；用白垩粉擦；记录；规划；粉笔；白垩；用粉笔划的记号；用粉笔写的
1602,challenge,挑战；怀疑；向…挑战；对…质疑
1603,challenging,挑战的；引起挑战性兴趣的；要求；质疑；反对；向…挑战；盘问（challenge的ing形式）
1604,chamber,（身体或器官内的）室，膛；房间；会所；室内的；私人的，秘密的；把…关在室内；装填（弹药等）
1605,champagne,香槟酒；香槟酒色
1606,champion,冠军；拥护者；战士；支持；拥护；优胜的；第一流的
1607,championship,锦标赛；冠军称号；冠军的地位
1608,chance,机会，际遇；运气，侥幸；可能性；偶然发生；冒……的险
1609,chancellor,总理（德、奥等的）；（英）大臣；校长（美国某些大学的）；（英）大法官；（美）首席法官
1610,change,改变；交换；变化；找回的零钱
1611,changeable,无常的；可改变的；易变的；不定的
1612,channel,引导，开导；形成河道；通道；频道；海峡
1613,chant,圣歌；赞美诗；唱；诵扬
1614,chaos,混沌，混乱
1615,chaotic,混沌的；混乱的，无秩序的
1616,chap,小伙子；家伙；龟裂；使皲裂
1617,chapel,小礼拜堂，小教堂；礼拜；非国教的
1618,chaplain,牧师；专职教士
1619,chapter,章，回；（俱乐部、协会等的）分会；人生或历史上的重要时期；把…分成章节
1620,character,性格，品质；特性；角色；[计] 字符；印，刻；使具有特征
1621,characterise,刻划……的性格；表示……的特性
1622,characteristic,典型的；特有的；表示特性的；特征；特性；特色
1623,charcoal,木炭；炭笔；用木炭画（过去式charcoaled，过去分词charcoaled，现在分词charcoaling，第三人称单数charcoals）
1624,charge,费用；电荷；掌管；控告；命令；负载；使充电；使承担；指责；装载；对…索费；向…冲去
1625,chargeable,应支付的；可以控诉的；可充电的；应课税的
1626,chariot,二轮战车；驾驭（过去式charioted，过去分词charioted，现在分词charioting，第三人称单数chariots）
1627,charisma,魅力；神授的能力；非凡的领导力
1628,charismatic,超凡魅力的；神赐能力的
1629,charitable,慈善事业的；慷慨的，仁慈的；宽恕的
1630,charity,慈善；施舍；慈善团体；宽容；施舍物
1631,charming,迷人的；可爱的；使陶醉（charm的现在分词）
1632,chart,图表；海图；图纸；排行榜；绘制…的图表；在海图上标出；详细计划；记录；记述；跟踪（进展或发展
1633,charter,特许；包租；发给特许执照；宪章；执照；特许状
1634,chartered,受特许的；特许建立（charter的过去分词）
1635,charwoman,按日雇用的女佣；打杂的女佣人
1636,chase,追逐；追捕；试图赢得；雕镂；追逐；追赶；追击
1637,chasm,峡谷；裂口；分歧；深坑
1638,chaste,纯洁的；贞洁的；有道德的；朴素的；(Chaste)人名；(法)沙斯特
1639,chastity,贞洁；纯洁；简洁
1640,chat,聊天；闲谈
1641,chatter,唠叨；喋喋不休；（动物等）吱吱叫；唠叨；饶舌；（动物的）啁啾声；潺潺流水声
1642,chatterbox,喋喋不休者；唠叨的人
1643,chauffeur,司机；开车运送
1644,cheap,便宜的；小气的；不值钱的；便宜地
1645,cheat,欺骗；骗取；欺骗，作弊；骗子
1646,check,检查，核对；制止，抑制；在…上打勾；<美>支票；制止，抑制；检验，核对
1647,checklist,清单；检查表；备忘录；目录册
1648,checkmate,把…将死；使彻底失败；将死；挫败
1649,checkout,检验；签出；结账台；检出
1650,checkpoint,检查站，关卡
1651,cheek,面颊，脸颊；臀部；无礼地向…讲话，对…大胆无礼
1652,cheer,欢呼；使高兴；为…加油；欢呼；愉快；心情；令人愉快的事
1653,cheerful,快乐的；愉快的；高兴的
1654,cheese,[食品] 奶酪；干酪；要人；停止；叛变的；胆小的
1655,chef,厨师，大师傅
1656,chemical,化学制品，化学药品；化学的
1657,chemist,化学家；化学工作者；药剂师；炼金术士
1658,chemistry,化学；化学过程
1659,cheque,支票
1660,cherish,珍爱
1661,cherry,樱桃；樱桃树；如樱桃的鲜红色；处女膜，处女
1662,chess,国际象棋，西洋棋
1663,chest,胸，胸部；衣柜；箱子；金库
1664,chestnut,栗子；栗色；[园艺] 栗树；栗色马；栗色的
1665,chew,咀嚼；咀嚼物；嚼碎，咀嚼
1666,chic,时髦；别致的款式；别致的
1667,chick,小鸡；小鸟；少妇；胆小的；懦弱的
1668,chicken,鸡肉；小鸡；胆小鬼，懦夫；鸡肉的；胆怯的；幼小的
1669,chief,首领；酋长；主要部分；首席的；主要的；主任的；主要地；首要地
1670,chiefly,主要地；首先
1671,chieftain,酋长；首领
1672,child,儿童，小孩，孩子；产物；子孙；幼稚的人；弟子
1673,childhood,童年时期；幼年时代
1674,childish,幼稚的，孩子气的
1675,chill,寒冷；寒意；寒心；寒冷的；冷漠的；扫兴的；冷冻，冷藏；使寒心；使感到冷
1676,chilli,红辣椒
1677,chilly,寒冷的；怕冷的；(Chilly)人名；(法)希伊
1678,chime,鸣响；和谐；钟声；一套发谐音的钟；和谐
1679,chimney,烟囱
1680,chimpanzee,[脊椎] 黑猩猩
1681,chin,下巴；聊天；引体向上动作；用下巴夹住；与…聊天；在单杠上作引体向上动作
1682,china,瓷器；瓷制的
1683,Chinese,中文，汉语；中国人；中国的，中国人的；中国话的
1684,chip,削，凿；削成碎片；[电子] 芯片；筹码；碎片；(食物的) 小片; 薄片
1685,chirp,唧唧声；喳喳声；[通信] 啁啾声；吱喳而鸣；尖声地说；咂嘴打招呼
1686,chisel,雕，刻；凿；欺骗；凿子
1687,chivalry,骑士精神（复数chivalries）；骑士制度
1688,chloroplast,[植] 叶绿体
1689,chocolate,巧克力，巧克力糖；巧克力色；巧克力色的；巧克力口味的
1690,choice,选择；选择权；精选品；精选的；仔细推敲的
1691,choir,唱诗班；合唱队；舞蹈队；合唱
1692,choke,呛；使窒息；阻塞；抑制；扑灭；窒息；噎；[动力] 阻气门
1693,cholera,[内科] 霍乱
1694,cholesterol,[生化] 胆固醇
1695,choose,选择，决定
1696,chop,砍；排骨；商标；削球；剁碎；砍
1697,choppy,波涛汹涌的；波浪起伏的；不断改变方向的；(Choppy)人名；(法)肖皮
1698,chopsticks,筷子
1699,choral,合唱的；合唱队的；赞美诗；唱诗班
1700,chord,弦；和弦；香水的基调
1701,chore,家庭杂务；日常的零星事务；讨厌的或累人的工作
1702,choreography,编舞；舞蹈艺术；舞艺
1703,chorus,合唱队；齐声；歌舞队；合唱；异口同声地说
1704,Christ,基督；救世主；天啊！
1705,christen,为…命名；为…施洗礼；(Christen)人名；(法、德、西、丹、挪)克里斯滕；(英)克里森
1706,Christian,基督徒，信徒；基督教的；信基督教的
1707,Christianity,基督教；基督教精神，基督教教义
1708,Christmas,圣诞节；圣诞节期间
1709,chrome,铬，铬合金；铬黄；谷歌浏览器
1710,chromosome,[遗][细胞][染料] 染色体（形容词chromosomal，副词chromosomally）
1711,chronic,慢性的；长期的；习惯性的；(Chronic)人名；(英)克罗尼克
1712,chronicle,编年史，年代记；记录；记录；把…载入编年史
1713,chronological,按年代顺序排列的；依时间前后排列而记载的
1714,chronology,年表；年代学
1715,chrysanthemum,菊花
1716,chubby,圆胖的，丰满的
1717,chuck,[机] 卡盘；抚弄；赶走；恰克（人名）；丢弃，抛掷；驱逐；轻拍
1718,chuckle,咯咯的笑，轻声地笑；轻笑，窃笑
1719,chum,室友；密友；结为密友
1720,chunk,大块；矮胖的人或物
1721,church,教堂；礼拜；教派；教会的；礼拜的；领…到教堂接受宗教仪式
1722,churchyard,境内；教堂院落，多做墓地
1723,churlish,没有礼貌的；脾气暴躁的
1724,churn,搅拌；搅动；搅乳器
1725,cider,苹果酒；苹果汁
1726,cigar,雪茄
1727,cigarette,香烟；纸烟
1728,cinder,煤渣；灰烬；用煤渣等铺；用煤渣等铺路面
1729,cinema,电影；电影院；电影业，电影制作术
1730,circle,循环，周期；圆；圈子；圆形物；盘旋，旋转；环行
1731,circuit,[电子] 电路，回路；巡回；一圈；环道；环行
1732,circular,循环的；圆形的；间接的；通知，传单
1733,circulate,传播，流传；循环；流通
1734,circulation,流通，传播；循环；发行量
1735,circumference,圆周；周长；胸围
1736,circumstance,环境，情况；事件；境遇
1737,circumstantial,依照情况的；详细的，详尽的；偶然的
1738,circumvent,包围；智取；绕行，规避
1739,circus,马戏；马戏团
1740,cite,引用；传讯；想起；表彰
1741,citizen,公民；市民；老百姓
1742,citizenship,[法] 公民身份，公民资格；国籍；公民权
1743,city,城市，都市；城市的；都会的
1744,civic,市的；公民的，市民的
1745,civil,公民的；民间的；文职的；有礼貌的；根据民法的；(Civil)人名；(土)吉维尔；(法)西维尔
1746,civilian,民用的；百姓的，平民的；平民，百姓
1747,civilisation,（英）文明（等于civilization）
1748,civilise,教化；文明化；使开化
1749,clad,穿衣的；覆盖的；在金属外覆以另一种金属；穿衣（clothe的过去式和过去分词）
1750,claim,提出要求；要求；声称；索赔；断言；值得
1751,claimant,原告；[贸易] 索赔人；提出要求者
1752,clam,捞蛤；保持沉默，闭嘴不言；蛤；沉默寡言的人；钳子
1753,clamber,攀登，爬上
1754,clamour,吵闹；大声地要求；喧闹
1755,clamp,夹紧，固定住；夹钳，螺丝钳
1756,clan,宗族；部落；集团
1757,clandestine,秘密的，私下的；偷偷摸摸的
1758,clang,叮当声；铿锵声；发铿锵声
1759,clap,鼓掌，拍手；啪地关上；鼓掌；拍手声
1760,clarify,澄清；阐明
1761,clarity,清楚，明晰；透明
1762,clash,冲突，不协调；碰撞声，铿锵声；冲突，抵触；砰地相碰撞，发出铿锵声
1763,clasp,扣子，钩子；握手；紧抱；扣紧；紧紧缠绕
1764,class,阶级；班级；种类；班；等级；分类；把…分等级；把…归入某等级，把…看作（或分类、归类）；把…编入某一班级；极好的；很好的，优秀的，出色的
1765,classic,经典的；古典的，传统的；最优秀的；名著；经典著作；大艺术家
1766,classical,古典的；经典的；传统的；第一流的；古典音乐
1767,classification,分类；类别，等级
1768,classified,分类的；类别的；机密的；分类广告；把…分类（classify的过去分词）
1769,classify,分类；分等
1770,classmate,同班同学
1771,classroom,教室
1772,clatter,哗啦声；嘈杂的谈笑声；咔嗒声；发出哗啦声；喧闹的谈笑
1773,clause,条款；[计] 子句
1774,claustrophobia,[心理] 幽闭恐怖症
1775,claw,爪；螯，钳；爪形器具；用爪抓（或挖）
1776,clay,[土壤] 粘土；泥土；肉体；似黏土的东西；用黏土处理
1777,clean,清洁的，干净的；清白的；使干净；完全地；打扫
1778,cleaner,[化工] 清洁剂；清洁工；干洗店；干洗商；洗洁器
1779,cleanse,净化；使…纯净；使…清洁
1780,clear,清楚的；清澈的；晴朗的；无罪的；通过；清除；使干净；跳过；清晰地；完全地；清除；空隙
1781,clearance,清除；空隙
1782,clearway,畅行道，超速道路
1783,cleavage,劈开，分裂；[晶体] 解理；[胚] 卵裂
1784,cleave,裂开；披荆斩棘地前进；粘住；坚持；(Cleave)人名；(英)克利夫
1785,clench,紧握；确定；把…敲弯；紧抓；敲环脚
1786,clergy,神职人员；牧师；僧侣
1787,clergyman,牧师；教士
1788,clerk,职员，办事员；店员；书记；记账员；<古>牧师，教士；当销售员，当店员；当职员
1789,clever,聪明的；机灵的；熟练的
1790,cliche,陈词滥调；[印刷] 铅版；陈腐思想；陈腐的
1791,click,点击；使发咔哒声；单击；滴答声
1792,client,[经] 客户；顾客；委托人
1793,cliff,悬崖；绝壁
1794,climactic,高潮的；顶点的；渐层法的
1795,climate,气候；风气；思潮；风土
1796,climax,高潮；顶点；层进法；极点
1797,climb,爬；攀登；上升；爬；攀登
1798,clinch,扭住；敲弯；最终确定或解决；拥吻；钉牢
1799,cling,坚持，墨守；紧贴；附着
1800,clinic,临床；诊所
1801,clinical,临床的；诊所的
1802,clip,（塑料或金属的）夹子；回纹针；修剪；剪报；剪；剪掉；缩短；给…剪毛（或发）用别针别在某物上，用夹子夹在某物上
1803,cloak,斗蓬；宽大外衣；托词；遮掩；隐匿
1804,clock,时钟；计时器；记录；记时
1805,clockwise,顺时针方向地；顺时针方向的
1806,clog,阻塞；障碍；障碍；木底鞋
1807,clone,克隆；无性系；无性繁殖；靠营养生殖而由母体分离繁殖的植物；无性繁殖，复制
1808,close,紧密的；亲密的；亲近的；关；结束；使靠近；紧密地；结束
1809,closely,紧密地；接近地；严密地；亲近地
1810,closet,壁橱；议事室，密室；小房间；秘密的，私下的；空谈的；把…关在私室中
1811,closure,关闭；终止，结束；使终止
1812,clot,凝结；[生理] 凝块
1813,cloth,布；织物；桌布；布制的
1814,clothes,衣服
1815,clothing,（总称）[服装] 服装；帆装；覆盖（clothe的ing形式）；给…穿衣
1816,cloud,云；阴云；云状物；一大群；黑斑；使混乱；以云遮敝；使忧郁；玷污
1817,cloudy,多云的；阴天的；愁容满面的
1818,clout,破布；敲打；影响力；势力；给…打补钉；猛击
1819,clown,小丑；乡下人；粗鲁笨拙的人；扮小丑；装傻
1820,club,俱乐部，社团；夜总会；棍棒；（扑克牌中的）梅花；用棍棒打；募集；俱乐部的
1821,clue,线索；（故事等的）情节；为…提供线索；为…提供情况
1822,clump,丛；笨重的脚步声；土块；形成一丛；以沉重的步子行走
1823,clumsy,笨拙的
1824,cluster,群；簇；丛；串；群聚；丛生
1825,clutch,离合器；控制；手；紧急关头；攫；企图抓住；没有手提带或背带的；紧要关头的
1826,clutter,杂乱，混乱；使凌乱；胡乱地填满
1827,coach,教练；旅客车厢；长途公车；四轮大马车；训练；指导
1828,coal,上煤；加煤；煤；煤块；木炭
1829,coalition,联合；结合，合并
1830,coarse,粗糙的；粗俗的；下等的
1831,coast,滑行；沿岸航行；海岸；滑坡
1832,coastal,沿海的；海岸的
1833,coastline,海岸线
1834,coat,外套；覆盖…的表面
1835,coax,哄；哄诱；慢慢将…弄好
1836,cobble,修，拙劣地修补；铺鹅卵石，用圆石铺面；鹅卵石，圆石
1837,cobbler,补鞋匠；工匠；冷饮料；脆皮水果馅饼
1838,cobra,眼镜蛇；（澳）头颅
1839,cobweb,蜘蛛网；蛛丝；圈套；使布满蛛网；使混乱
1840,cocaine,[药] 可卡因
1841,cock,公鸡；龙头；雄鸟；头目；使竖起；使耸立；使朝上
1842,cockroach,[昆] 蟑螂
1843,cocktail,鸡尾酒；开胃食品；鸡尾酒的
1844,cocky,自大的；骄傲的；过于自信的
1845,cocoa,可可粉；可可豆；可可饮料；深褐色
1846,coconut,椰子；椰子肉
1847,cod,[鱼] 鳕鱼；愚弄；哄骗；欺骗；愚弄
1848,coddle,娇养；溺爱（等于mollycoddle）；用文火煮
1849,code,代码，密码；编码；法典；编码；制成法典
1850,coed,男女同校的；男女同校的学生
1851,coefficient,[数] 系数；率；协同因素；合作的；共同作用的
1852,coerce,强制，迫使
1853,coercion,强制；强迫；高压政治；威压
1854,coexist,共存；和平共处
1855,coffee,咖啡；咖啡豆；咖啡色
1856,coffin,棺材
1857,cog,给…装配齿轮；以雄榫连接；钝齿；雄榫
1858,cognitive,认知的，认识的
1859,coherent,连贯的，一致的；明了的；清晰的；凝聚性的；互相耦合的；粘在一起的
1860,cohesive,凝聚的；有结合力的；紧密结合的；有粘着力的
1861,coil,盘绕，把…卷成圈；线圈；卷
1862,coin,铸造（货币）；杜撰，创造；硬币，钱币
1863,coinage,造币；[金融] 货币制度；新造的字及其语等
1864,coincide,一致，符合；同时发生
1865,coincidence,巧合；一致；同时发生
1866,coke,焦炭；可卡因；可口可乐（Coca-Cola）；焦化
1867,cola,可乐；可乐树（其子含咖啡碱）
1868,cold,寒冷的；冷淡的，不热情的；失去知觉的；寒冷；感冒；完全地
1869,collaborate,合作；勾结，通敌
1870,collaboration,合作；勾结；通敌
1871,collapse,倒塌；瓦解；暴跌；倒塌；失败；衰竭
1872,collar,衣领；颈圈；抓住；给…上领子；给…套上颈圈
1873,collate,核对，校对；校勘
1874,colleague,同事，同僚
1875,collect,收集；募捐；由收件人付款地；由收件人付款的；(Collect)人名；(英)科莱克特
1876,collection,采集，聚集；[税收] 征收；收藏品；募捐
1877,collective,集体的；共同的；集合的；集体主义的；集团；集合体；集合名词
1878,collector,收藏家；[电子] 集电极；收税员；征收者
1879,college,大学；学院；学会
1880,collegiate,大学的；学院的；大学生的
1881,collide,碰撞；抵触，冲突
1882,collision,碰撞；冲突；（意见，看法）的抵触；（政党等的）倾轧
1883,colloquial,白话的；通俗的；口语体的
1884,collude,勾结；串通；共谋
1885,collusion,勾结；共谋
1886,colon,[解剖] 结肠；冒号（用于引语、说明、例证等之前）；科郎（哥斯达黎加货币单位）
1887,colonel,陆军上校
1888,colonial,殖民地居民；殖民地的，殖民的
1889,colonialist,殖民主义者；殖民主义者的
1890,colonize,将…开拓为殖民地；移于殖民地；从他地非法把选民移入
1891,colony,殖民地；移民队；种群；动物栖息地
1892,colossal,巨大的；异常的，非常的
1893,colossus,巨像；巨人；巨大的东西
1894,colour,把…涂颜色，粉饰；歪曲；使脸红；颜色；风格；气色，面色；外貌
1895,colourful,鲜艳的；生动的；色彩丰富的；富有趣味的
1896,colourless,无色的；不生动的；颜色黯淡的
1897,colt,小马；生手；以笞绳鞭打
1898,column,纵队，列；专栏；圆柱，柱形物
1899,columnist,专栏作家
1900,coma,[医] 昏迷；[天] 彗形像差
1901,comb,梳子；蜂巢；鸡冠；梳头发；梳毛
1902,combat,反对；与…战斗；战斗；争论；战斗的；为…斗争的
1903,combatant,战士；争斗者；战斗的；好斗的
1904,combination,结合；组合；联合；[化学] 化合
1905,combine,使化合；使联合，使结合；联合收割机；联合企业
1906,combustible,易燃的；易激动的；燃烧性的；可燃物；易燃物
1907,combustion,燃烧，氧化；骚动
1908,come,来；开始；出现；发生；变成；到达；嗨！；(Come)人名；(英)科姆；(阿尔巴)乔梅
1909,comedian,喜剧演员；滑稽人物
1910,comedy,喜剧；喜剧性；有趣的事情
1911,comet,[天] 彗星
1912,comfort,安慰；舒适；安慰者；安慰；使（痛苦等）缓和
1913,comfortable,舒适的，舒服的；盖被
1914,comic,喜剧的；滑稽的；有趣的；连环漫画；喜剧演员；滑稽人物
1915,comma,逗号；停顿
1916,command,命令，指挥；控制；指挥，控制；命令；司令部
1917,commandant,司令官，指挥官；军事学校的校长
1918,commander,指挥官；司令官
1919,commemorate,庆祝，纪念；成为…的纪念
1920,commence,开始；着手；<英>获得学位
1921,commend,推荐；称赞；把…委托
1922,commendation,推荐；赞扬；奖状
1923,commensurate,相称的；同量的；同样大小的
1924,comment,评论；意见；批评；发表评论；发表意见
1925,commentary,评论；注释；评注；说明
1926,commentate,评论；解说；注释
1927,commentator,评论员，解说员；实况播音员；时事评论者
1928,commerce,贸易；商业；商务
1929,commercial,商业的；营利的；靠广告收入的；商业广告
1930,commission,委员会；佣金；犯；委任；委任状；委任；使服役；委托制作
1931,commissioner,理事；委员；行政长官；总裁
1932,commit,犯罪，做错事；把交托给；指派…作战；使…承担义务
1933,commitment,承诺，保证；委托；承担义务；献身
1934,committed,坚定的；效忠的；承担义务的；承诺；委托；干坏事；付诸（commit的过去分词）
1935,committee,委员会
1936,commodity,商品，货物；日用品
1937,common,共同的；普通的；一般的；通常的；普通；平民；公有地
1938,commonplace,老生常谈；司空见惯的事；普通的东西；平凡的；陈腐的
1939,commonwealth,联邦；共和国；国民整体
1940,commune,谈心，亲密交谈；密切联系；公社
1941,communicable,可传达的；会传染的；爱说话的
1942,communicate,通讯，传达；相通；交流；感染
1943,communication,通讯，[通信] 通信；交流；信函
1944,communicative,交际的；爱说话的，健谈的；无隐讳交谈的
1945,communion,共享；恳谈；宗教团体；圣餐仪式
1946,communique,公报，官报
1947,communism,共产主义
1948,communist,共产党员；共产主义者；共产主义的
1949,community,社区；[生态] 群落；共同体；团体
1950,commute,（搭乘车、船等）通勤；代偿；通勤（口语）
1951,compact,合同，契约；小粉盒；紧凑的，紧密的；简洁的；使简洁；使紧密结合
1952,companion,同伴；朋友；指南；手册；陪伴
1953,companionship,友谊；陪伴；交谊
1954,company,公司；陪伴，同伴；连队；交往
1955,comparable,可比较的；比得上的
1956,comparative,比较的；相当的；比较级；对手
1957,comparatively,比较地；相当地
1958,compare,比较；比拟，喻为；[语]构成
1959,comparison,比较；对照；比喻；比较关系
1960,compartment,[建] 隔间；区划；卧车上的小客房；分隔；划分
1961,compass,指南针，罗盘；圆规；包围
1962,compassion,同情；怜悯
1963,compassionate,慈悲的；富于同情心的；同情；怜悯
1964,compatible,兼容的；能共处的；可并立的
1965,compatriot,同胞；同国人；同胞的；同国的
1966,compel,强迫，迫使；强使发生；(Compel)人名；(法)孔佩尔
1967,compensate,补偿，赔偿；抵消
1968,compensation,补偿；报酬；赔偿金
1969,compete,竞争；比赛；对抗
1970,competence,能力，胜任；权限；作证能力；足以过舒适生活的收入
1971,competent,胜任的；有能力的；能干的；足够的
1972,competition,竞争；比赛，竞赛
1973,competitive,竞争的；比赛的；求胜心切的
1974,competitor,竞争者，对手
1975,compile,编译；编制；编辑；[图情] 汇编
1976,complacency,自满；满足；自鸣得意
1977,complacent,自满的；得意的；满足的
1978,complain,投诉；发牢骚；诉说
1979,complaint,抱怨；诉苦；疾病；委屈
1980,complement,补语；余角；补足物；补足，补助
1981,complementary,补足的，补充的
1982,complete,完整的；完全的；彻底的；完成
1983,completely,完全地，彻底地；完整地
1984,complex,复杂的；合成的；复合体；综合设施
1985,complexion,肤色；面色；情况；局面；使增添色彩
1986,complexity,复杂，复杂性；复杂错综的事物
1987,compliance,顺从，服从；承诺
1988,complicated,难懂的，复杂的
1989,complicity,共谋；串通；共犯关系
1990,compliment,恭维；称赞；问候；致意；道贺；恭维；称赞
1991,complimentary,赠送的；称赞的；问候的
1992,comply,遵守；顺从，遵从；答应
1993,component,组成的，构成的；成分；组件；[电子] 元件
1994,compose,构成；写作；使平静；排…的版
1995,composer,作曲家；作家，著作者；设计者
1996,composite,复合材料；合成物；菊科；复合的；合成的；菊科的；使合成；使混合
1997,composition,作文，作曲，作品；[材] 构成；合成物；成分
1998,composure,镇静；沉着
1999,compound,[化学] 化合物；混合物；复合词；复合的；混合的；合成；混合；恶化，加重；和解，妥协
2000,comprehend,理解；包含；由…组成
2001,comprehensible,可理解的
2002,comprehension,理解；包含
2003,comprehensive,综合的；广泛的；有理解力的；综合学校；专业综合测验
2004,compress,受压缩小
2005,compressor,压缩机；压缩物；收缩肌；[医] 压迫器
2006,comprise,包含；由…组成
2007,compromise,妥协；危害；妥协，和解；折衷
2008,compulsion,强制；强迫；强制力
2009,compulsory,义务的；必修的；被强制的；（花样滑冰、竞技体操等的）规定动作
2010,compunction,悔恨，后悔；内疚
2011,compute,计算；估算；用计算机计算；计算；估计；推断
2012,computer,计算机；电脑；电子计算机
2013,comrade,同志；伙伴
2014,con,反对票；反对论；精读；默记；反面地；欺诈的；以…
2015,conceal,隐藏；隐瞒
2016,concede,承认；退让；给予，容许
2017,conceit,自负；狂妄；幻想；幻想
2018,conceited,自负的；狂想的；逞能的
2019,conceivable,可能的；想得到的，可想像的
2020,conceive,怀孕；构思；以为；持有
2021,concentrate,集中；浓缩；全神贯注；聚集；浓缩，精选；浓缩液
2022,concentration,浓度；集中；浓缩；专心；集合
2023,concentric,同轴的；同中心的
2024,concept,观念，概念
2025,conception,怀孕；概念；设想；开始
2026,conceptual,概念上的
2027,concern,涉及，关系到；使担心；关系；关心；关心的事；忧虑
2028,concerning,关于；就…而言；涉及；使关心（concern的ing形式）；忧虑
2029,concert,音乐会；一致；和谐；使协调；协同安排；音乐会用的；在音乐会上演出的
2030,concerto,协奏曲
2031,concession,让步；特许（权）；承认；退位
2032,conciliate,安抚，安慰；调和；驯服；怀柔；赢得
2033,concise,简明的，简洁的
2034,conclude,推断；决定，作结论；结束
2035,conclusion,结论；结局；推论
2036,conclusive,决定性的；最后的；确实的；确定性的
2037,concord,和谐；和睦；一致；协调
2038,concrete,混凝土的；实在的，具体的；有形的；凝结；具体物；凝结物
2039,concubine,妾；情妇；姘妇
2040,concur,同意；一致；互助
2041,condemn,谴责；判刑，定罪；声讨
2042,condense,浓缩；凝结
2043,condescend,屈尊；俯就；（对某人）表现出优越感
2044,condition,条件；情况；环境；身份；决定；使适应；使健康；以…为条件
2045,conditional,有条件的；假定的；条件句；条件语
2046,conditioner,调节器；调节剂；调料槽
2047,condolence,哀悼；慰问
2048,condom,避孕套；阴茎套
2049,conducive,有益的；有助于…的
2050,conduct,导电；带领；进行；行为；实施
2051,conductor,导体；售票员；领导者；管理人
2052,cone,圆锥体，圆锥形；[植] 球果；使成锥形
2053,confection,糖果，蜜饯；调制；糖膏（剂）；精制工艺品
2054,confederacy,联盟；联邦；私党
2055,confederate,同盟国，同盟者；同盟的，联合的；使联盟；使联合；同伙；帮凶
2056,confer,授予；给予；(Confer)人名；(英)康弗
2057,conference,会议；讨论；协商；联盟；（正式）讨论会；[工会、工党用语]（每年的）大会；举行或参加（系列）会议
2058,confess,承认；坦白；忏悔；供认
2059,confession,忏悔，告解；供认；表白
2060,confetti,（婚礼、狂欢节中抛撒的）五彩纸屑；（旧时狂欢节或庆祝场合抛撒的）糖果
2061,confidant,知己；密友
2062,confide,吐露；委托
2063,confidence,信心；信任；秘密；（美）诈骗的；骗得信任的
2064,confident,自信的；确信的
2065,confidential,机密的；表示信任的；获信任的
2066,configuration,配置；结构；外形
2067,confine,界限，边界;约束；限制；限制；禁闭
2068,confinement,限制；监禁；分娩
2069,confirm,确认；确定；证实；批准；使巩固
2070,confirmation,确认；证实；证明；批准
2071,confiscate,没收；充公；查抄；被没收的
2072,conflate,合并；异文合并
2073,conflict,冲突，矛盾；斗争；争执；冲突，抵触；争执；战斗
2074,conform,符合；遵照；适应环境；一致的；顺从的
2075,conformity,一致，适合；符合；相似
2076,confront,面对；遭遇；比较
2077,confrontation,对抗；面对；对质
2078,confuse,使混乱；使困惑
2079,confusion,混淆，混乱；困惑
2080,congenial,意气相投的；性格相似的；适意的；一致的
2081,congenital,先天的，天生的；天赋的
2082,congested,堵塞的，拥挤的；挤满；超负荷（congest的过去分词）
2083,congestion,拥挤；拥塞；淤血
2084,congratulate,祝贺；恭喜；庆贺
2085,congratulation,祝贺；贺辞
2086,congregate,聚集；集合在一起的
2087,congregation,集会；集合；圣会
2088,congress,国会；代表大会；会议；社交
2089,congressman,国会议员；众议院议员
2090,congruence,一致；适合；[数] 全等
2091,congruent,适合的，一致的；全等的；和谐的
2092,conical,圆锥的；圆锥形的
2093,conifer,针叶树；[植] 松柏科植物
2094,coniferous,结球果的；松柏科的
2095,conjecture,推测；猜想；推测；揣摩
2096,conjunction,结合；[语] 连接词；同时发生
2097,conjure,念咒召唤；用魔法驱赶；提出，想象；恳求
2098,connect,连接；联合；关连
2099,connection,连接；关系；人脉；连接件
2100,connoisseur,鉴赏家；内行
2101,connotation,内涵；含蓄；暗示，隐含意义；储蓄的东西（词、语等）
2102,connote,意味着；含言外之意
2103,conquer,战胜，征服；攻克，攻取
2104,conqueror,征服者；胜利者
2105,conquest,征服，战胜；战利品
2106,conscience,道德心，良心
2107,conscientious,认真的；尽责的；本着良心的；小心谨慎的
2108,conscientiously,良心上
2109,conscious,意识到的；故意的；神志清醒的
2110,consciousness,意识；知觉；觉悟；感觉
2111,conscript,应征士兵；征召；被征召的
2112,consecrate,奉献；使神圣；供神用；献身于；神圣的；被献给神的
2113,consecutive,连贯的；连续不断的
2114,consensus,一致；舆论；合意
2115,consent,同意；赞成；答应；同意；（意见等的）一致；赞成
2116,consequence,结果；重要性；推论
2117,consequent,结果；随之发生的；作为结果的
2118,consequently,因此；结果；所以
2119,conservation,保存，保持；保护
2120,conservatism,保守主义；守旧性
2121,conservative,保守的；保守派，守旧者
2122,conserve,保存；将…做成蜜饯；使守恒；果酱；蜜饯
2123,consider,考虑；认为；考虑到；细想
2124,considerable,相当大的；重要的，值得考虑的
2125,considerate,体贴的；体谅的；考虑周到的
2126,consideration,考虑；原因；关心；报酬
2127,considering,考虑到；就而论；考虑到；考虑到（consider的ing形式）
2128,consign,交付；托运；寄存；把…委托给
2129,consignment,委托；运送；托付物
2130,consist,由…组成；在于；符合
2131,consistency,[计] 一致性；稠度；相容性
2132,consistent,始终如一的，一致的；坚持的
2133,console,[计] 控制台；[电] 操纵台；安慰；慰藉
2134,consolidate,巩固，使固定；联合
2135,consonant,辅音的；一致的；和谐的；辅音；辅音字母
2136,consortium,财团；联合；合伙
2137,conspiracy,阴谋；共谋；阴谋集团
2138,conspire,共谋；协力
2139,constable,治安官，巡警；警察
2140,constancy,坚定不移；恒久不变
2141,constant,不变的；恒定的；经常的；[数] 常数；恒量
2142,constantly,不断地；时常地
2143,constellation,[天] 星座；星群；荟萃；兴奋丛
2144,constituency,（选区的）选民；支持者；（一批）顾客
2145,constituent,成分；选民；委托人；构成的；选举的
2146,constitute,组成，构成；建立；任命
2147,constitution,宪法；体制；章程；构造；建立，组成；体格
2148,constitutional,宪法的；本质的；体质上的；保健的；保健散步；保健运动
2149,constrain,驱使；强迫；束缚
2150,constraint,[数] 约束；局促，态度不自然；强制
2151,construct,建造，构造；创立；构想，概念
2152,construction,建设；建筑物；解释；造句
2153,constructive,建设性的；推定的；构造上的；有助益的
2154,consul,领事；（古罗马的）两执政官之一
2155,consulate,领事；领事馆；领事任期；领事职位
2156,consult,查阅；商量；向…请教
2157,consultant,顾问；咨询者；会诊医生
2158,consultation,咨询；磋商；[临床] 会诊；讨论会
2159,consume,消耗，消费；使…著迷；挥霍
2160,consumer,消费者；用户，顾客
2161,consummate,至上的；完美的；圆满的；完成；作成；使达到极点
2162,consumption,消费；消耗；肺痨
2163,contact,接触，联系；使接触，联系
2164,contain,包含；控制；容纳；牵制（敌军）
2165,container,集装箱；容器
2166,containerization,集装箱化
2167,contaminate,污染，弄脏
2168,contemplate,沉思；注视；思忖；预期
2169,contemporary,同时代的人；同时期的东西；当代的；同时代的；属于同一时期的
2170,contempt,轻视，蔑视；耻辱
2171,contemptuous,轻蔑的；侮辱的
2172,contend,竞争；奋斗；斗争；争论
2173,content,内容，目录；满足；容量；满意的；使满足
2174,contented,满足的；心安的；使…满足；使…安心（content的过去式和过去分词）
2175,contention,争论，争辩；争夺；论点
2176,contest,争辩；质疑；竞赛；争夺；争论
2177,contestant,竞争者；争辩者
2178,context,环境；上下文；来龙去脉
2179,continent,大陆，洲，陆地；自制的，克制的
2180,continental,大陆的；大陆性的；欧洲人
2181,contingency,偶然性；[安全] 意外事故；可能性；[审计] 意外开支；[离散数学或逻辑学]偶然式
2182,contingent,因情况而异的；不一定的；偶然发生的；可能的；依情况而定的；偶然的；[逻]有条件的；分遣队；偶然事件；分得部分；代表团
2183,continual,持续不断的；频繁的
2184,continue,继续，延续；仍旧，连续
2185,continuity,连续性；一连串；分镜头剧本
2186,continuous,连续的，持续的；继续的；连绵不断的
2187,continuum,[数] 连续统；[经] 连续统一体；闭联集
2188,contort,扭曲；曲解
2189,contour,轮廓；等高线；周线；电路；概要；画轮廓；画等高线
2190,contraception,避孕
2191,contraceptive,避孕用具；[药] 避孕剂；避孕的
2192,contract,收缩；感染；订约；合同；婚约
2193,contraction,收缩，紧缩；缩写式；害病
2194,contractor,承包人；立契约者
2195,contradict,反驳；否定；与…矛盾；与…抵触
2196,contradiction,矛盾；否认；反驳
2197,contradictory,矛盾的；反对的；反驳的；抗辩的；对立物；矛盾因素
2198,contrary,相反的；对立的；相反地；相反；反面
2199,contrast,对比；形成对照；对比；差别；对照物
2200,contribute,贡献，出力；投稿；捐献
2201,contribution,贡献；捐献；投稿
2202,contributor,贡献者；投稿者；捐助者
2203,contrive,设计；发明；图谋
2204,control,控制；管理；抑制；操纵装置；控制；管理；抑制
2205,controversial,有争议的；有争论的
2206,controversy,争论；论战；辩论
2207,conurbation,有卫星城的大都市；（几个邻近的城市因扩建而形成一个）组合城市，集合都市
2208,convene,召集，集合；传唤
2209,convenience,便利；厕所；便利的事物
2210,convenient,方便的；[废语]适当的；[口语]近便的；实用的
2211,convention,大会；[法] 惯例；[计] 约定；[法] 协定；习俗
2212,conventional,符合习俗的，传统的；常见的；惯例的
2213,converge,使汇聚
2214,conversant,熟悉的；精通的；亲近的
2215,conversation,交谈，会话；社交；交往，交际；会谈；（人与计算机的）人机对话
2216,converse,相反的，逆向的；颠倒的；交谈，谈话；认识；逆行，逆向；倒；相反的事物
2217,conversion,转换；变换；[金融] 兑换；改变信仰
2218,convert,使转变；转换…；使…改变信仰；皈依者；改变宗教信仰者
2219,convertible,可改变的；同意义的；可交换的；有活动折篷的汽车
2220,convex,凸面的；凸圆的；凸面体；凸状
2221,convey,传达；运输；让与
2222,convict,证明…有罪；宣告…有罪；罪犯
2223,conviction,定罪；确信；证明有罪；确信，坚定的信仰
2224,convince,说服；使确信，使信服
2225,convincing,令人信服的；有说服力的；使相信；使明白（convince的现在分词）
2226,convoy,护送；护卫；护航队；护航；护送
2227,convulse,震撼；使剧烈震动；使抽搐
2228,cook,烹调，煮；厨师，厨子
2229,cooker,炊具；烹饪用水果；窜改者
2230,cookery,烹调术；烹调业
2231,cookie,饼干；小甜点
2232,cool,凉爽的；冷静的；出色的；使…冷却；使…平静下来；凉爽；凉爽的空气；冷静地
2233,cooler,冷却器；清凉剂；更冷的（cool的比较级）
2234,coop,把…关进笼子里；限制；拘禁；值勤警察在警车里打瞌睡；鸡笼；小屋；捕鱼篓
2235,cooperate,合作，配合；协力
2236,cooperation,合作，协作；[劳经] 协力
2237,cooperative,合作的；合作社的；合作社
2238,coordinate,坐标；同等的人或物；并列的；同等的；调整；整合
2239,cop,抓住；巡警，警官
2240,cope,处理；对付；竞争；长袍
2241,copper,铜；铜币；警察；铜制的；镀铜
2242,copy,复制；复印；抄袭；副本；一册；摹仿
2243,copyright,版权，著作权；版权的；受版权保护的；保护版权；为…取得版权
2244,coral,珊瑚；珊瑚虫；珊瑚的；珊瑚色的
2245,cord,绳索；束缚；用绳子捆绑
2246,cordial,热忱的，诚恳的；兴奋的；补品；兴奋剂；甜香酒，甘露酒
2247,corduroy,[纺] 灯芯绒，楞条花布；灯芯绒裤子；用灯芯绒布制的衣服；灯芯绒做的；泥地上用木头铺排成的
2248,core,核心；要点；果心；[计] 磁心；挖的核
2249,cork,软木橡树皮；瓶塞；软木塞；用瓶塞塞住
2250,cormorant,鸬鹚；贪婪的人；贪婪的
2251,corn,（美）玉米；（英）谷物；[皮肤] 鸡眼；腌；使成颗粒
2252,cornea,[解剖] 角膜
2253,corner,角落，拐角处；地区，偏僻处；困境，窘境；囤积；相交成角
2254,cornerstone,基础；柱石；地基
2255,cornet,短号；圆锥形纸袋
2256,corollary,推论；必然的结果
2257,coronation,加冕礼
2258,coroner,验尸官
2259,corporal,肉体的，身体的；下士
2260,corporate,法人的；共同的，全体的；社团的；公司的；企业的
2261,corporation,公司；法人（团体）；社团；大腹便便；市政当局
2262,corps,军团；兵种；兵队；（德国大学的）学生联合会
2263,corpse,尸体
2264,corpulent,肥胖的
2265,corpus,[计] 语料库；文集；本金
2266,correct,改正；告诫；正确的；恰当的；端正的
2267,correction,改正，修正
2268,correlate,关联；相关物；相关联的人；关联的
2269,correspond,符合，一致；相应；通信
2270,correspondence,通信；一致；相当
2271,correspondent,通讯记者；客户；通信者；代理商行
2272,corridor,走廊
2273,corroborate,证实；使坚固
2274,corrode,侵蚀；损害
2275,corrosion,腐蚀；腐蚀产生的物质；衰败
2276,corrugated,波纹的；缩成皱纹的；有瓦楞的；（使）起皱纹（corrugate的过去式）
2277,corrupt,腐败的，贪污的；堕落的；使腐烂；使堕落，使恶化
2278,corruption,贪污，腐败；堕落
2279,cosmetic,美容的；化妆用的；化妆品；装饰品
2280,cosmic,宇宙的（等于cosmical）
2281,cosmopolitan,世界性的；世界主义的，四海一家的；四海为家者；世界主义者；世界各地都有的东西
2282,cosmos,宇宙；和谐；秩序；大波斯菊
2283,cost,花费；使付出；使花许多钱；费用，代价，成本；损失
2284,costly,昂贵的；代价高的；(Costly)人名；(英)科斯特利
2285,costume,服装，装束；戏装，剧装；给…穿上服装
2286,cosy,舒适的；惬意的；保温罩
2287,cot,简易床；小屋；轻便小床
2288,cottage,小屋；村舍；（农舍式的）小别墅
2289,cotton,棉花；棉布；棉线；一致；理解；和谐；亲近；棉的；棉制的
2290,couch,睡椅，长沙发；床；卧榻；蹲伏，埋伏；躺着
2291,cough,咳嗽，咳嗽声；咳嗽病；咳出
2292,could,能够；能（can的过去式）
2293,council,委员会；会议；理事会；地方议会；顾问班子
2294,councillor,议员；顾问；参赞（等于councilor）
2295,counsel,法律顾问；忠告；商议；讨论；决策；建议；劝告
2296,counselor,顾问；法律顾问；参事（等于counsellor）
2297,count,计算；认为；计数；计算；伯爵
2298,countable,可计算的；能算的
2299,countenance,面容，表情；支持；支持，赞同
2300,counter,柜台；对立面；计数器；（某些棋盘游戏的）筹码；反击，还击；反向移动，对着干；反驳，回答；相反的；反方向地；背道而驰地
2301,counteract,抵消；中和；阻碍
2302,counterattack,反击；反攻
2303,counterbalance,平衡力；自动抵销；使平衡；抵消
2304,counterfeit,伪造，仿造；假装，伪装；赝品；冒牌货；伪造品；假冒的，伪造的；虚伪的
2305,counterpart,副本；配对物；极相似的人或物
2306,countess,伯爵夫人；女伯爵
2307,countless,无数的；数不尽的
2308,country,国家，国土；国民；乡下，农村；乡村；故乡；祖国的，故乡的；地方的，乡村的；国家的；粗鲁的；乡村音乐的
2309,countryside,农村，乡下；乡下的全体居民
2310,county,郡，县
2311,coup,政变；妙计；出乎意料的行动；砰然的一击；使…颠倒；使…倾斜；推倒；倾斜；溢出
2312,couple,对；夫妇；数个；结合；成婚
2313,coupon,息票；赠券；联票；[经] 配给券
2314,courage,勇气；胆量
2315,courageous,有胆量的，勇敢的
2316,courier,导游；情报员，通讯员；送快信的人
2317,course,科目；课程；过程；进程；道路；路线，航向；一道菜；追赶；跑过
2318,court,法院；球场；朝廷；奉承；招致（失败、危险等）；向…献殷勤；设法获得
2319,courteous,有礼貌的；谦恭的
2320,courtship,求爱；求婚；求爱期
2321,courtyard,庭院，院子；天井
2322,cousin,堂兄弟姊妹；表兄弟姊妹
2323,covenant,契约，盟约；圣约；盖印合同；订立盟约、契约
2324,cover,包括；采访，报导；涉及；封面，封皮；盖子；掩蔽物;幌子，借口
2325,coverage,覆盖，覆盖范围；新闻报道
2326,covert,隐藏处；树丛；蔽覆羽翮基部的羽毛；隐蔽的；隐密的；偷偷摸摸的；在丈夫保护下的
2327,covet,垂涎；觊觎
2328,coward,懦夫，懦弱的人；胆小的，懦怯的
2329,cowardice,怯懦；胆小
2330,cowardly,怯懦的，懦弱的；胆小的；胆怯地
2331,cowboy,牛仔；牧童；莽撞的人
2332,cowl,蒙头斗篷；通风帽（烟囱顶上的）；连有头巾的修道士服；给…穿蒙头斗篷；给…装上风帽状物
2333,coy,腼腆的；忸怩作态的；怕羞的；忸怩作态；爱抚；(Coy)人名；(法)库瓦；(英、德、西)科伊
2334,crab,螃蟹；蟹肉；脾气乖戾的人；起重机；抱怨；破坏；使偏航
2335,crack,使破裂；打开；变声；裂缝；声变；噼啪声；最好的；高明的
2336,cracker,爆竹；饼干；胡桃钳；解密高手
2337,crackle,裂纹；龟裂；爆裂声；使发爆裂声；使产生碎裂花纹
2338,cradle,摇篮；发源地；发祥地；支船架；抚育；把搁在支架上；把放在摇篮内
2339,craft,工艺；手艺；太空船；精巧地制作
2340,craftsman,工匠；手艺人；技工
2341,crafty,狡猾的；灵巧的
2342,crag,峭壁；岩石碎块；颈；嗉囊
2343,cram,填鸭式学的；狼吞虎咽地吃东西；死记硬背功课；死记硬背；极度拥挤
2344,cramp,痉挛，绞痛；[五金] 铁夹钳；束缚，限制；使…抽筋；以铁箍扣紧；狭窄的；难解的；受限制的
2345,crane,吊车，起重机；鹤；伸着脖子看；迟疑，踌躇
2346,cranky,暴躁的；古怪的；动摇的
2347,crap,废话；废物；屎；拉屎；掷骰子；拉屎
2348,crash,撞碎；坠毁；破产；轰隆声；睡觉；摔碎；坠落；发出隆隆声；(金融企业等)破产
2349,crate,板条箱；篓；将某物装入大木箱或板条箱中
2350,crater,火山口；弹坑；在…上形成坑；取消；毁坏；形成坑；消亡
2351,crave,渴望；恳求；(Crave)人名；(法)克拉夫
2352,craven,畏缩的；怯懦的；懦夫
2353,crawl,爬行；匍匐行进；爬行；养鱼池；匍匐而行
2354,crayon,蜡笔，有色粉笔；以蜡笔作画，用颜色粉笔画
2355,craze,狂热；发狂；产生纹裂
2356,crazy,疯狂的；狂热的，着迷的
2357,creak,嘎吱嘎吱声；发出咯吱咯吱声；勉强运转
2358,cream,奶油，乳脂；精华；面霜；乳酪
2359,creamy,奶油色的；乳脂状的；含乳脂的
2360,crease,折痕；折缝；起皱
2361,create,创造，创作；造成
2362,creation,创造，创作；创作物，产物
2363,creative,创造性的
2364,creativity,创造力；创造性
2365,creator,创造者；创建者
2366,creature,动物，生物；人；创造物
2367,credentials,[管理] 证书；文凭；信任状（credential的复数）；得到信用；授…以证书（credential的三单形式）
2368,credibility,可信性；确实性
2369,credible,可靠的，可信的
2370,credit,信用，信誉；[金融] 贷款；学分；信任；声望；相信，信任；把…归给，归功于；赞颂
2371,creditor,债权人，贷方
2372,credulous,轻信的；因轻信而产生的
2373,creed,信条，教义
2374,creek,小溪；小湾
2375,creep,爬行；蔓延；慢慢地移动；起鸡皮疙瘩；爬行；毛骨悚然的感觉；谄媚者
2376,cremate,火葬；烧成灰
2377,crematorium,火葬场（等于crematory）
2378,creole,克里奥尔人；克里奥耳语；克里奥尔语的；克里奥尔人的；克里奥耳式法语的
2379,crescent,新月；新月状物；伊斯兰教的标记；土耳其的新月形国徽；新月形的；逐渐增加的；以新月形物装饰；使成新月形
2380,crest,[物] 波峰；冠；山顶；顶饰；到达绝顶；形成浪峰
2381,crew,队，组；全体人员，全体船员；一起工作
2382,crib,婴儿床；栅栏；食槽；剽窃
2383,cricket,板球，板球运动；蟋蟀
2384,crime,罪行，犯罪；罪恶；犯罪活动；控告……违反纪律
2385,criminal,罪犯；刑事的；犯罪的；罪恶的
2386,crimson,深红色；深红色的；使变为深红色；脸红
2387,cringe,畏缩；奉承；阿谀；畏缩；奉承
2388,crinkle,起皱；使沙沙作响；皱纹；波纹；沙沙声
2389,cripple,削弱；使跛；使残废；跛子；残废；跛的；残废的
2390,crisis,危机；危险期；决定性时刻；危机的；用于处理危机的
2391,crisp,脆的；新鲜的；易碎的；使卷曲；使发脆；松脆物；油炸马铃薯片
2392,criterion,（批评判断的）标准；准则；规范；准据
2393,critic,批评家，评论家；爱挑剔的人
2394,critical,鉴定的；[核] 临界的；批评的，爱挑剔的；危险的；决定性的；评论的
2395,criticism,批评；考证；苛求
2396,criticize,批评；评论；非难
2397,critique,批评；评论文章；批判；评论
2398,croak,呱呱地叫；发牢骚；死；呱呱叫声；低沉沙哑的说话声
2399,crockery,陶器；瓦器；土器
2400,crocodile,鳄鱼
2401,crook,骗子，坏蛋；弯处，弯曲部分；钩状物；使弯曲；欺骗，诈骗
2402,crooked,弯曲的；歪的；不正当的
2403,crop,产量；农作物；庄稼；平头；种植；收割；修剪；剪短
2404,cross,交叉，十字；十字架，十字形物；交叉；杂交；横过；交叉的，相反的；乖戾的；生气的
2405,crossbow,弩；石弓
2406,crosscheck,多方面求证，反复查对；交叉核对，反复核对
2407,crossing,十字路口；杂交；横渡；横道；横越（cross的现在分词）
2408,crossroads,十字路口；交叉路口；聚会的中心地点（crossroad的复数形式）
2409,crossword,纵横字谜；纵横填字谜（等于cross puzzle）
2410,crotch,（人的）胯部，分叉处；丫叉
2411,crouch,蹲伏，蜷伏；卑躬屈膝；蹲伏
2412,crow,啼叫；报晓；[鸟] 乌鸦；鸡鸣；撬棍
2413,crowd,"群众,一伙;一堆,许多,大众；拥挤,挤满,挤进"
2414,crown,王冠；花冠；王权；顶点；加冕；居…之顶；表彰；使圆满完成
2415,crucial,重要的；决定性的；定局的；决断的
2416,crucify,折磨；十字架上钉死；克制
2417,crude,粗糙的；天然的，未加工的；粗鲁的；原油；天然的物质
2418,cruel,残酷的，残忍的；使人痛苦的，让人受难的；无情的，严酷的
2419,cruelty,残酷；残忍；残酷的行为
2420,cruise,巡航，巡游；漫游；巡航，巡游；乘船游览
2421,cruiser,巡洋舰；巡航飞机，警察巡逻车
2422,crumb,面包屑，碎屑；少许；弄碎；捏碎
2423,crumble,崩溃；破碎，粉碎；面包屑
2424,crunch,咬碎，咬碎声；扎扎地踏；压碎；嘎扎嘎扎的咬嚼；扎扎地踏过
2425,crusade,改革运动；十字军东侵；加入十字军；从事改革运动
2426,crush,压碎；弄皱，变形；使…挤入；粉碎；迷恋；压榨；拥挤的人群
2427,crust,地壳；外壳；面包皮；坚硬外皮；结硬皮；结成外壳
2428,crutch,拐杖；支柱；依靠；胯部；用拐杖支撑；支持
2429,crux,关键；难题；十字架形，坩埚
2430,cry,叫喊；哭出；大声说；叫喊；叫声；口号；呼叫
2431,crypt,土窖，地下室；腺窝
2432,cryptic,神秘的，含义模糊的；[动] 隐藏的
2433,crystal,结晶，晶体；水晶；水晶饰品；水晶的；透明的，清澈的
2434,cub,幼兽；不懂规矩的年轻人；生育幼兽
2435,cube,立方；立方体；骰子；使成立方形；使自乘二次；量…的体积
2436,cubic,立方体的，立方的；(Cubic)人名；(罗)库比克
2437,cuckoo,布谷鸟；杜鹃鸟；傻子；咕咕声；愚笨的；疯狂的；学杜鹃叫
2438,cucumber,黄瓜；胡瓜
2439,cuddle,拥抱；偎依；舒服地贴著身睡；搂抱，拥抱
2440,cudgel,用棍棒打；棍棒
2441,cue,提示，暗示；线索；给…暗示
2442,cuisine,烹饪，烹调法
2443,culminate,到绝顶；达到高潮；达到顶点
2444,culprit,犯人，罪犯；被控犯罪的人
2445,cult,祭仪（尤其指宗教上的）；礼拜；狂热信徒
2446,cultivate,培养；陶冶；耕作
2447,cultivated,耕种的；有教养的；发展（cultivate的过去分词）；耕作；教化
2448,cultural,文化的；教养的
2449,culture,文化，文明；修养；栽培；[细胞][微] 培养（等于cultivate）
2450,cumbersome,笨重的；累赘的；难处理的
2451,cumulative,累积的
2452,cunning,狡猾的；巧妙的；可爱的；狡猾
2453,cup,杯子；奖杯；酒杯；使成杯状；为…拔火罐
2454,cupboard,碗柜；食橱
2455,curable,可治愈的；可医治的；可矫正的
2456,curator,馆长；监护人；管理者
2457,curb,抑制；路边；勒马绳；控制；勒住
2458,curd,凝乳；凝乳状物；使成凝乳；凝结
2459,cure,治疗；治愈；使硫化；加工处理；治疗；治愈；[临床] 疗法
2460,curfew,宵禁；宵禁令；晚钟；打晚钟时刻
2461,curiosity,好奇，好奇心；珍品，古董，古玩
2462,curious,好奇的，有求知欲的；古怪的；爱挑剔的
2463,curl,使…卷曲；使卷起来；卷曲；卷发；螺旋状物
2464,currency,货币；通货
2465,current,现在的；流通的，通用的；最近的；草写的；（水，气，电）流；趋势；涌流
2466,currently,当前；一般地
2467,curriculum,课程
2468,curry,用咖喱烧，给…加咖喱粉；梳刷；鞭打；咖哩粉，咖喱；咖哩饭菜
2469,curse,诅咒；咒骂
2470,cursed,被诅咒的；诅咒（curse的过去分词）
2471,cursive,草书的；草书体的；草书；手写体（一种印刷字体）
2472,cursor,光标；（计算尺的）[计] 游标，指针
2473,cursory,粗略的；草率的；匆忙的
2474,curt,简略的；简要的；草率的；简单粗暴的；(Curt)人名；(法)屈尔；(英)柯特；(德、西、芬、罗、瑞典)库尔特
2475,curtail,缩减；剪短；剥夺…特权等
2476,curtain,幕；窗帘；遮蔽；装上门帘
2477,curve,曲线；弯曲；曲线球；曲线图表；弯；使弯曲；弯曲的；曲线形的
2478,cushion,垫子；起缓解作用之物；（猪等的）臀肉；银行储蓄；给…安上垫子；把…安置在垫子上；缓和…的冲击
2479,custard,奶油冻；奶油蛋羹
2480,custody,保管；监护；拘留；抚养权
2481,custom,习惯，惯例；风俗；海关，关税；经常光顾；[总称]（经常性的）顾客；（衣服等）定做的，定制的
2482,customary,习惯的；通常的；习惯法汇编
2483,customer,顾客；家伙
2484,cut,伤口；切口；削减；（服装等的）式样；削球；切入；[机] 切割；削减；缩短；刺痛；割下的；雕过的；缩减的
2485,cute,可爱的；漂亮的；聪明的，伶俐的
2486,cutlery,餐具；刀剑制造业
2487,cyberspace,网络空间；赛博空间
2488,cycle,循环；周期；自行车；整套；一段时间；使循环；使轮转
2489,cyclical,周期的，循环的
2490,cyclist,骑自行车的人
2491,cyclone,旋风；[气象] 气旋；飓风
2492,cylinder,圆筒；汽缸；[数] 柱面；圆柱状物
2493,cynic,愤世嫉俗者；犬儒学派的人；犬儒学派的
2494,cynical,愤世嫉俗的；冷嘲的
2495,cynicism,玩世不恭，愤世嫉俗；犬儒主义；冷嘲热讽
2496,czar,（帝俄的）沙皇，皇帝；独裁者
2497,dab,轻拍；少量；熟手；比目鱼；轻拍；涂；轻擦；轻敷（过去式dabbed，过去分词dabbed，现在分词dabbing，第三人称单数dabs）
2498,Dacron,涤纶；的确良
2499,dad,爸爸；爹爹
2500,daddy,爸爸
2501,daffodil,水仙花；水仙花色的
2502,daft,癫狂的；愚笨的；狂闹的；(Daft)人名；(英)达夫特
2503,dagger,匕首，短剑；用剑刺
2504,daily,日常的；每日的；日报；朝来夜去的女佣；日常地；每日；天天
2505,dainty,美味的；讲究的；秀丽的；挑剔的；美味
2506,dairy,奶制品；乳牛；制酪场；乳品店；牛奶及乳品业；乳品的；牛奶的；牛奶制的；产乳的
2507,dais,讲台
2508,daisy,雏菊；菊科植物；极好的东西；极好的；上等的
2509,dam,控制；筑坝；[水利] 水坝；障碍
2510,damage,损害；损毁；赔偿金；损害；损毁
2511,damn,谴责；罚…下地狱；一点；诅咒；可恶的；非常；讨厌
2512,damned,该死的；可恶的；糟透的；极；非常；咒骂；诅咒…下地狱（damn的过去式）
2513,damp,使潮湿；使阻尼；使沮丧，抑制；潮湿，湿气；潮湿的
2514,dampen,抑制；使…沮丧；使…潮湿
2515,damper,[航][电子][机] 阻尼器；[车辆] 减震器；气闸
2516,damsel,少女；年轻女人
2517,dance,舞蹈；舞会；舞曲；跳舞；跳跃；飘扬；舞蹈的；用于跳舞的
2518,dancer,舞蹈家；舞蹈演员；舞女；跳舞者
2519,dandelion,蒲公英
2520,dandy,上等的，极好的（口语）；服装华丽的；花花公子；好打扮的人
2521,danger,危险；危险物，威胁
2522,dangerous,危险的
2523,dangle,摇晃地悬挂着；(Dangle)人名；(法)当格勒
2524,Danish,丹麦的；丹麦人的；丹麦语（文）的；丹麦语
2525,dank,潮湿的；阴湿的；透水的；(Dank)人名；(英)丹克；(匈)东克
2526,dapper,短小精悍的；衣冠楚楚的；整洁的；整齐的；(Dapper)人名；(英)达珀；(意)达珀尔；(德)达佩尔
2527,dappled,斑纹的；有斑点的；花的；起斑纹（dapple的过去式和过去分词）
2528,dare,挑战；挑动；敢冒；不惧
2529,daredevil,铤而走险的人，蛮勇的人；蛮勇的，不怕死的
2530,daring,大胆的，勇敢的；胆量，勇气；敢（dare的现在分词）
2531,dark,黑暗的，深色的；模糊的；无知的；忧郁的；黑暗；夜；黄昏；模糊
2532,darken,使变暗；使模糊
2533,darkness,黑暗；模糊；无知；阴郁
2534,darling,心爱的人；亲爱的
2535,darn,织补，缝补；织补
2536,dart,投掷，投射；使迅速突然移动；飞镖，标枪；急驰，飞奔；（虫的）螯；飞快的移动
2537,dash,破折号；冲撞；使…破灭；猛撞；泼溅
2538,data,数据（datum的复数）；资料
2539,database,数据库，资料库
2540,date,日期；约会；年代；枣椰子；过时；注明日期；始于（某一历史时期）
2541,dated,陈旧的；过时的；有日期的；注有日期（date的过去式和过去分词）
2542,daughter,女儿；[遗][农学] 子代；女儿的；子代的
2543,daunt,使气馁，使畏缩；威吓；(Daunt)人名；(英)当特
2544,dauntless,无畏的；勇敢的；不屈不挠的
2545,dawdle,混日子；游手好闲；偷懒
2546,dawn,黎明；开端；破晓；出现；被领悟
2547,day,一天；时期；白昼；每天；经常在白天地；日间的；逐日的
2548,daybreak,黎明；破晓
2549,daydream,做白日梦；白日梦
2550,daylight,白天；日光；黎明；公开
2551,daytime,日间，白天
2552,daze,使茫然；使眼花缭乱；使晕眩；迷乱，眼花缭乱
2553,dazzle,耀眼的光；灿烂；使……目眩；使……眼花
2554,deacon,执事；助祭；朗读；搞欺骗
2555,dead,无生命的；呆板的；废弃了的；完全地；死者
2556,deaden,使减弱；使麻木；隔阻
2557,deadline,截止期限，最后期限
2558,deadlock,僵局，停顿；死锁；停顿；停顿；相持不下
2559,deadly,致命的；非常的；死一般的；非常；如死一般地
2560,deadweight,自重；载重量；重负
2561,deaf,聋的
2562,deafen,使聋；淹没
2563,deal,处理；给予；分配；发牌；交易；（美）政策；待遇；份量
2564,dealer,经销商；商人
2565,dealing,交易；行为
2566,dean,院长；系主任；教务长；主持牧师
2567,dear,亲爱的；尊敬的；昂贵的；高价地；疼爱地；哎呀；亲爱的人
2568,death,死；死亡；死神；毁灭
2569,deathly,死一般的；致命的；死了一样地；非常
2570,debacle,崩溃；灾害；解冻
2571,debase,降低；使…贬值；掺杂；(Debase)人名；(意)德巴塞
2572,debate,辩论，争论，讨论；辩论；辩论会
2573,debilitate,使衰弱；使虚弱
2574,debit,记入借方，登入借方；借方
2575,debris,碎片，残骸
2576,debt,债务；借款；罪过
2577,debtor,债务人；[会计] 借方
2578,debug,调试；除错，改正有毛病部分；[军] 除去窃听器
2579,debut,初次登台；开张；初次登台
2580,decade,十年，十年期；十
2581,decadent,颓废的；衰微的；颓废者
2582,decay,衰退，[核] 衰减；腐烂，腐朽
2583,decease,死，死亡；死亡
2584,deceased,已故的；死者；[法] 被继承人；死亡（decease的过去式）
2585,deceit,欺骗；谎言；欺诈手段
2586,deceitful,欺骗的；欺诈的；谎言的；虚伪的
2587,deceive,欺骗；行骗
2588,decelerate,减速，降低速度
2589,December,十二月
2590,decency,正派；体面；庄重；合乎礼仪；礼貌
2591,decent,正派的；得体的；相当好的
2592,deception,欺骗，欺诈；骗术
2593,deceptive,欺诈的；迷惑的；虚伪的
2594,decibel,分贝
2595,decide,决定；解决；判决
2596,decidedly,果断地；断然地；明显；毫无疑问
2597,decimal,小数的；十进位的；小数
2598,decimate,十中抽一，取十分之一；大批杀害
2599,decipher,密电译文；解释（过去式deciphered，过去分词deciphered，现在分词deciphering，第三人称单数deciphers，名词decipherer，形容词decipherable）；译解
2600,decision,决定，决心；决议
2601,decisive,决定性的；果断的，坚定的
2602,deck,甲板；行李仓；露天平台；装饰；装甲板；打扮
2603,deckhand,甲板水手，普通水手；下级水手
2604,declaim,慷慨陈词；演讲；朗读
2605,declaration,（纳税品等的）申报；宣布；公告；申诉书
2606,declare,宣布，声明；断言，宣称
2607,decline,下降；衰退；斜面；下降；衰落；谢绝
2608,decompose,分解；使腐烂
2609,decor,装饰，布置
2610,decorate,装饰；布置；授勋给
2611,decoration,装饰，装潢；装饰品；奖章
2612,decorative,装饰性的；装潢用的
2613,decorous,有礼貌的，高雅的；端正的
2614,decorum,礼仪；礼貌；端正；恪守礼仪
2615,decoy,诱饵；诱骗；诱骗
2616,decrease,减少，减小；减少量；减少，减小
2617,decree,法令；判决；命令；颁布；注定；判决
2618,decry,责难，谴责；诽谤
2619,dedicate,致力；献身；题献
2620,deduce,推论，推断；演绎出
2621,deduct,扣除，减去；演绎
2622,deductible,可扣除的；可减免的
2623,deduction,扣除，减除；推论；减除额
2624,deed,行动；功绩；证书；[法] 契据；立契转让
2625,deem,认为，视作；相信；(Deem)人名；(英)迪姆
2626,deep,深处；深渊；深的；低沉的；深奥的；深入地；深深地；迟
2627,deeply,深刻地；浓浓地；在深处
2628,deer,鹿
2629,deface,损伤外观，丑化
2630,defame,诽谤；中伤
2631,default,拖欠；不履行；不到场；违约；缺席；缺乏；系统默认值
2632,defeat,击败，战胜；挫败；使…失败；失败的事实；击败的行为
2633,defect,缺点，缺陷；不足之处；变节；叛变
2634,defence,防御；防卫；答辩；防卫设备
2635,defend,辩护；防护
2636,defendant,辩护的；为自己辩护的；被告
2637,defender,防卫者，守卫者；辩护者；拥护者；卫冕者
2638,defensible,可防御的；可辩护的；可拥护的
2639,defensive,自卫的；防御用的；防御；守势
2640,defer,推迟；延期；服从；(Defer)人名；(法)德费
2641,defiance,蔑视；挑战；反抗
2642,defiant,挑衅的；目中无人的，蔑视的；挑战的
2643,deficiency,缺陷，缺点；缺乏；不足的数额
2644,deficient,不足的；有缺陷的；不充分的
2645,deficit,赤字；不足额
2646,defile,污损，弄脏；染污；狭谷；隘路
2647,define,定义；使明确；规定；(Define)人名；(英)德法恩；(葡)德菲内
2648,definite,一定的；确切的
2649,definitely,清楚地，当然；明确地，肯定地
2650,definition,定义；[物] 清晰度；解说
2651,definitive,限定词；决定性的；最后的；限定的
2652,deflate,放气；使缩小；紧缩通货；打击；使泄气
2653,deflect,使转向；使偏斜；使弯曲
2654,defoliate,使落叶
2655,deform,使变形；使成畸形；畸形的；丑陋的
2656,defraud,欺骗
2657,defrost,除霜
2658,deft,灵巧的；机敏的；敏捷熟练的
2659,defunct,死的；非现存的；死者
2660,defuse,平息；去掉…的雷管；使除去危险性
2661,defy,藐视；公然反抗；挑衅；使落空；挑战；对抗
2662,degenerate,使退化；恶化；退化的；堕落的；堕落的人
2663,degrade,贬低；使……丢脸；使……降级；使……降解
2664,dehydrate,使…脱水；使极其口渴；使丧失力量和兴趣等
2665,deify,把…奉若神明；把…神化；崇拜
2666,deity,神；神性
2667,delay,延期；耽搁；延期；耽搁；被耽搁或推迟的时间
2668,delegate,委派…为代表；代表
2669,delegation,代表团；授权；委托
2670,delete,删除
2671,deli,熟食店；[食品] 熟食品（等于delicatessen）
2672,deliberate,故意的；深思熟虑的；从容的；仔细考虑；商议
2673,deliberately,故意地；谨慎地；慎重地
2674,deliberation,审议；考虑；从容；熟思
2675,delicacy,美味；佳肴；微妙；精密；精美；敏锐，敏感；世故，圆滑
2676,delicate,微妙的；精美的，雅致的；柔和的；易碎的；纤弱的；清淡可口的
2677,delicatessen,熟食；现成的食品
2678,delicious,美味的；可口的
2679,delight,高兴
2680,delightful,可爱的，可喜的；讨人喜欢的；令人愉快的
2681,delimit,划界；定界限
2682,delineate,描绘；描写；画…的轮廓
2683,delinquency,行为不良，违法犯罪；失职，怠工
2684,delinquent,有过失的；怠忽的；拖欠债务的；流氓；行为不良的人；失职者
2685,delirious,发狂的；神志昏迷的；精神错乱的
2686,deliver,交付；发表；递送；释放；给予（打击）；给…接生；投球
2687,deliverance,释放，解救；救助；判决
2688,deliverer,拯救者；交付者；投递者
2689,delivery,[贸易] 交付；分娩；递送
2690,delta,（河流的）三角洲；德耳塔（希腊字母的第四个字）
2691,delude,欺骗；哄骗；诱惑；【罕用】迷惑；逃避；使失望
2692,deluge,洪水；泛滥；暴雨；使泛滥；压倒
2693,delusion,迷惑，欺骗；错觉；幻想
2694,deluxe,高级的；豪华的，奢华的；豪华地
2695,delve,钻研；探究；挖；穴；洞
2696,demagogue,煽动者；煽动家；煽动政治家
2697,demagogy,煽动家的方法与行为
2698,demand,要求；需要；查询；[经] 需求；要求；需要
2699,demanding,苛求的；要求高的；吃力的；要求；查问（demand的ing形式）
2700,demean,贬低的身分；举止
2701,demeanour,行为
2702,demented,发狂的，疯狂的；精神错乱的；精神错乱；变得痴呆（dement的过去分词）
2703,demerit,缺点，短处；过失
2704,demo,演示；样本唱片；示威；民主党员
2705,demobilize,遣散；使复员；使退伍（demobilise）
2706,democracy,民主，民主主义；民主政治
2707,democrat,民主党人；民主主义者；民主政体论者
2708,democratic,民主的；民主政治的；大众的
2709,demography,人口统计学
2710,demolish,拆除；破坏；毁坏；推翻；驳倒
2711,demon,恶魔；魔鬼；精力充沛的人；邪恶的事物
2712,demonic,有魔力的，恶魔的
2713,demonstrable,可论证的；显而易见的
2714,demonstrate,证明；展示；论证
2715,demonstration,示范；证明；示威游行
2716,demonstrative,说明的；证明的；公开表露感情的；指示词
2717,demoralize,使道德败坏；使堕落；使士气低落
2718,demote,使降级；使降职
2719,den,贼窝，私室；兽穴，窝巢；小房间；藏到洞里；住在肮脏简陋的小房间里；把……赶进洞穴
2720,denial,否认；拒绝；节制；背弃
2721,denim,斜纹粗棉布，丁尼布；劳动布
2722,denizen,给…居住权；移植；居民；外来语；外籍居民
2723,denominate,为…命名；把…称作…；有特定名称的
2724,denomination,面额；名称；教派
2725,denominator,[数] 分母；命名者；共同特征或共同性质；平均水平或标准
2726,denote,表示，指示
2727,denounce,谴责；告发；公然抨击；通告废除
2728,dense,稠密的；浓厚的；愚钝的
2729,densely,浓密地；密集地
2730,density,密度
2731,dent,凹痕；削弱；减少；齿；产生凹陷；凹进去；削减
2732,dental,牙科的；牙齿的，牙的；齿音
2733,dentist,牙科医生
2734,dentistry,牙科学；牙医业
2735,denture,齿列，托牙；一副假牙
2736,deny,否定，否认；拒绝给予；拒绝…的要求
2737,deodorant,除臭的；防臭的；除臭剂
2738,depart,离开；出发，起程；违反；去世；逝世的
2739,department,部；部门；系；科；局
2740,departure,离开；出发；违背
2741,depend,依赖，依靠；取决于；相信，信赖
2742,dependant,家眷；侍从；食客（等于dependent）
2743,dependence,依赖；依靠；信任；信赖
2744,dependent,依靠的；从属的；取决于…的；依赖他人者；受赡养者
2745,depict,描述；描画
2746,deplete,耗尽，用尽；使衰竭，使空虚
2747,deplore,谴责；悲悼；哀叹；对…深感遗憾
2748,deploy,配置；展开；使疏开；部署
2749,depopulate,使人口减少
2750,deport,驱逐出境；举止；放逐；(Deport)人名；(捷)德波特；(法)德波尔
2751,depose,免职；作证；废黜
2752,deposit,存款；押金；订金；保证金；沉淀物；使沉积；存放
2753,deposition,沉积物；矿床；革职；[律]（在法庭上的）宣誓作证，证词
2754,depository,贮藏所；受托者；存储处；保管的；存储的
2755,depot,仓库；停车场；航空站；把…存放在储藏处；药性持久的
2756,deprecate,反对；抨击；轻视；声明不赞成
2757,depreciate,使贬值；贬低；轻视
2758,depreciation,折旧；贬值
2759,depress,压抑；使沮丧；使萧条
2760,depressed,沮丧的；萧条的；压低的；使沮丧；使萧条（depress的过去式和过去分词形式）；压低
2761,depressing,压抑的；使人沮丧的
2762,depression,沮丧；洼地；不景气；忧愁；低气压区
2763,deprive,使丧失，剥夺
2764,depth,[海洋] 深度；深奥
2765,deputation,代表团，代表；委任代理
2766,deputy,代理人，代表；副的；代理的
2767,derail,使出轨；脱轨；[铁路] 脱轨器
2768,derby,德比（英国中部的都市）；德比赛马；大赛马
2769,deregulate,解除对……的管制
2770,derelict,玩忽职守的；无主的；被抛弃了的；遗弃物；玩忽职守者；被遗弃的人
2771,deride,嘲笑；嘲弄
2772,derision,嘲笑；嘲笑的对象
2773,derivation,引出；来历；词源；派生词
2774,derivative,[化学] 衍生物，派生物；导数；派生的；引出的
2775,derive,源于；得自；获得；(Derive)人名；(法)德里夫
2776,derogatory,贬损的
2777,derrick,起重机，[机] 转臂起重机；油井的铁架塔
2778,descend,下降；下去；下来；遗传；屈尊
2779,descendant,下降的；祖传的；后裔；子孙
2780,descent,下降；血统；袭击；除去…的气味；使…失去香味
2781,describe,描述，形容；描绘
2782,description,描述，描写；类型；说明书
2783,descriptive,描写的，叙述的；描写性的
2784,desegregate,使…废止种族隔离
2785,desert,遗弃；放弃；逃跑；沙漠；荒原；应得的赏罚；沙漠的；荒凉的；不毛的
2786,deserve,应受，应得
2787,desiccate,变干
2788,design,设计；计划；构思；设计；图案
2789,designate,指定；指派；标出；把…定名为；指定的；选定的
2790,designation,指定；名称；指示；选派
2791,designer,设计师；谋划者；由设计师专门设计的；享有盛名的；赶时髦的
2792,desirable,令人满意的；值得要的；合意的人或事物
2793,desire,欲望；要求，心愿；性欲；想要；要求；希望得到…
2794,desirous,渴望的；想要的
2795,desktop,桌面；台式机
2796,desolate,荒凉的；无人烟的；使荒凉；使孤寂
2797,desolation,荒芜；忧伤；孤寂；废墟
2798,despair,绝望；令人绝望的人或事；绝望，丧失信心
2799,desperate,不顾一切的；令人绝望的；极度渴望的
2800,desperately,拼命地；绝望地；极度地
2801,desperation,绝望的境地；不顾一切拼命
2802,despicable,卑劣的；可鄙的
2803,despise,轻视，鄙视
2804,despite,尽管，不管；轻视；憎恨；侮辱
2805,despoil,掠夺，剥夺；夺取
2806,despot,专制君主，暴君；独裁者
2807,despotism,专制，独裁；专制政治
2808,dessert,餐后甜点；甜点心
2809,destination,目的地，终点
2810,destine,注定；命定；预定
2811,destined,注定的；命定的；去往…的；注定（destine的过去式和过去分词）
2812,destiny,命运，定数，天命
2813,destitute,穷困的；无的；缺乏的；赤贫者；使穷困；夺去
2814,destroy,破坏；消灭；毁坏
2815,destroyer,驱逐舰；破坏者；起破坏作用的事物
2816,destruction,破坏，毁灭；摧毁
2817,destructive,破坏的；毁灭性的；有害的，消极的
2818,detach,分离；派遣；使超然
2819,detachable,可分开的；可拆开的；可分遣的
2820,detached,分离的，分开的；超然的；分离
2821,detachment,分离，拆开；超然；分遣；分遣队
2822,detail,细节，详情；详述；选派
2823,detain,拘留；留住；耽搁
2824,detect,察觉；发现；探测
2825,detective,侦探的；侦探
2826,detector,探测器；检测器；发现者；侦察器
2827,detention,拘留；延迟；挽留
2828,deter,制止，阻止；使打消念头；(Deter)人名；(德)德特尔
2829,detergent,清洁剂；去垢剂
2830,deteriorate,恶化，变坏
2831,determination,决心；果断；测定
2832,determine,（使）下决心，（使）做出决定
2833,determiner,[语] 限定词；决定因素
2834,deterrent,遏制的，威慑的；制止的；威慑；妨碍物；挽留的事物
2835,detest,厌恶；憎恨
2836,detonate,使爆炸
2837,detour,使…绕道而行；绕道；便道
2838,detract,转移，使分心
2839,detriment,损害；伤害；损害物
2840,detrimental,不利的；有害的；有害的人（或物）；不受欢迎的求婚者
2841,devastate,毁灭；毁坏
2842,develop,开发；进步；使成长；使显影
2843,development,发展；开发；发育；住宅小区（专指由同一开发商开发的）；[摄] 显影
2844,deviant,不正常者；偏移值；变异物；不正常的；离经叛道的
2845,deviate,脱离；越轨
2846,deviation,偏差；误差；背离
2847,devil,魔鬼；撒旦；家伙；恶棍；淘气鬼；冒失鬼；虐待，折磨；（用扯碎机）扯碎；（替作家，律师等）做助手；抹辣味料烤制或煎煮
2848,devilish,邪恶的；精力旺盛的；魔鬼似的；非常；极度地
2849,devious,偏僻的；弯曲的；不光明正大的
2850,devise,设计；想出；发明；图谋；遗赠给；遗赠
2851,devoid,缺乏的；全无的
2852,devolve,被移交；转让
2853,devote,致力于；奉献
2854,devotion,献身，奉献；忠诚；热爱
2855,devour,吞食；毁灭
2856,devout,虔诚的；衷心的
2857,dew,珠，滴；露水；清新；（露水等）弄湿；结露水
2858,dewdrop,露珠；露滴
2859,dexterity,灵巧；敏捷；机敏
2860,diabetes,糖尿病；多尿症
2861,diagnose,诊断；断定
2862,diagnosis,诊断
2863,diagnostic,诊断的；特征的；诊断法；诊断结论
2864,diagonal,斜的；对角线的；斜纹的；对角线；斜线
2865,diagram,图表；图解；用图解法表示
2866,dial,转盘；刻度盘；钟面；拨号
2867,dialect,方言，土话；同源语；行话；个人用语特征；方言的
2868,dialectic,辩证法；逻辑论证；辩证的；辩证法的；方言的
2869,dialogue,对话；意见交换；对话；用对话表达
2870,diameter,直径
2871,diametrically,完全地；作为直径地；直接地；正好相反地
2872,diamond,钻石，金刚石；菱形；方块牌；菱形的；金刚钻的
2873,diarrhoea,腹泻
2874,diary,日志，日记；日记簿
2875,dice,切成方块；骰子
2876,dichotomy,二分法；两分；分裂；双歧分枝
2877,dictate,命令；口述；使听写；命令；指示
2878,dictation,听写；口述；命令
2879,dictator,独裁者；命令者
2880,dictatorship,专政；独裁权；独裁者职位
2881,diction,用语；措词
2882,dictionary,字典；词典
2883,dictum,格言；声明；法官的附带意见
2884,didactic,说教的；教诲的
2885,diddle,骗取；欺骗；浪费
2886,die,死亡；凋零；熄灭；冲模，钢模；骰子
2887,diehard,顽固分子；死不屈从者；倔强的人
2888,diesel,柴油机；柴油；（俚）健康的身体；内燃机传动的；供内燃机用的
2889,diet,饮食；食物；规定饮食；节食
2890,dietary,规定的食物；饮食的规定；食谱；饮食的，饭食的，规定食物的
2891,dietician,营养学家；膳食学家（等于dietitian）
2892,differ,使…相异；使…不同；(Differ)人名；(法)迪费
2893,difference,差异；不同；争执
2894,different,不同的；个别的，与众不同的
2895,differential,微分的；差别的；特异的；微分；差别
2896,differentiate,区分，区别
2897,difficult,困难的；不随和的；执拗的
2898,difficulty,困难，困境
2899,diffidence,无自信；羞怯；内向
2900,diffident,羞怯的；缺乏自信的；谦虚谨慎的
2901,diffuse,弥漫的；散开的；扩散；传播；漫射
2902,dig,挖，掘；探究；戳，刺；挖苦
2903,digest,消化；吸收；融会贯通；文摘；摘要
2904,digestible,易消化的；可摘要的
2905,digestion,消化；领悟
2906,digestive,消化的；助消化的；助消化药
2907,digit,数字；手指或足趾；一指宽
2908,digital,数字的；手指的；数字；键
2909,dignified,庄严的；有尊严的；高贵的；使高贵（dignify的过去式）
2910,dignify,使高贵；增威严；授以荣誉
2911,dignitary,高官；高僧；显要人物；高位的；地位尊荣的
2912,dignity,尊严；高贵
2913,digress,离题；走向岔道
2914,dike,堤防，堤坝；障碍物；（英）壕沟；筑堤防护；开沟排水（等于dyke）
2915,dilapidated,荒废的，要塌似的；破坏的；变得荒废（dilapidate的过去分词）
2916,dilate,扩大；膨胀；详述
2917,dilemma,困境；进退两难；两刀论法
2918,dilettante,业余爱好者；一知半解者；浅薄的；业余艺术爱好的；（在艺术、科学等方面）浅尝辄止
2919,diligence,勤奋，勤勉；注意的程度
2920,diligent,勤勉的；用功的，费尽心血的；(Diligent)人名；(法)迪利让
2921,dilute,稀释的；淡的；稀释；冲淡；削弱
2922,dim,暗淡的，昏暗的；模糊的，看不清的；悲观的，怀疑的；使暗淡，使失去光泽；使变模糊；笨蛋，傻子
2923,dime,一角硬币
2924,dimension,方面;[数] 维；尺寸；次元；容积 vt标出尺寸；规格的
2925,dimensional,空间的；尺寸的
2926,diminish,使减少；使变小
2927,dimple,使起涟漪；使现酒窝；酒窝；涟漪；浅凹
2928,din,喧闹，絮絮不休地说；喧嚣
2929,dine,进餐，用餐；(Dine)人名；(意、葡)迪内；(英)戴恩；(法)迪纳
2930,diner,用餐者；路边小饭店；餐车式简便餐厅
2931,dinghy,小艇；小船
2932,dingy,昏暗的；肮脏的
2933,dining,吃饭，进餐；吃饭（dine的现在分词）
2934,dinner,晚餐，晚宴；宴会；正餐
2935,dinosaur,恐龙；过时、落伍的人或事物
2936,diocese,主教教区
2937,diode,[电子] 二极管
2938,dioxide,二氧化物
2939,dip,浸，泡，蘸；舀取；把伸入；下沉，下降；倾斜；浸渍，蘸湿
2940,diphthong,双元音；复合元音；元音连字
2941,diploma,毕业证书，学位证书；公文，文书；奖状；发给…毕业文凭
2942,diplomacy,外交；外交手腕；交际手段
2943,diplomat,外交家，外交官；有外交手腕的人；处事圆滑机敏的人
2944,diplomatic,外交的；外交上的；老练的
2945,dipper,长柄勺；浸染工；[鸟] 河鸟
2946,dire,可怕的；悲惨的；极端的
2947,direct,直接的；直系的；亲身的；恰好的；管理；指挥；导演；指向；直接地；正好；按直系关系
2948,directive,指示；指令；指导的；管理的
2949,directly,直接地；立即；马上；正好地；坦率地；一…就
2950,director,主任，主管；导演；人事助理
2951,directory,[计] 目录；工商名录；姓名地址录；指导的；咨询的
2952,dirt,污垢，泥土；灰尘，尘土；下流话
2953,dirty,下流的，卑鄙的；肮脏的；恶劣的；暗淡的；弄脏
2954,disability,残疾；无能；无资格；不利条件
2955,disable,使失去能力；使残废；使无资格
2956,disadvantage,缺点；不利条件；损失
2957,disadvantaged,贫困的；处于不利地位的；社会地位低下的；弱势团体；不利条件；使处于不利地位（disadvantage的过去式和过去分词）
2958,disadvantageous,不利的；不便的；贬抑的
2959,disagree,不同意；不一致；争执；不适宜
2960,disagreeable,不愉快的；厌恶的；不为人喜的；难相处的；脾气坏的
2961,disagreement,不一致；争论；意见不同
2962,disappear,消失；失踪；不复存在
2963,disappoint,使失望
2964,disappointing,令人失望的；令人扫兴的；令人失望（disappoint的ing形式）；辜负…的期望
2965,disappointment,失望；沮丧
2966,disapproval,不赞成；不喜欢
2967,disapprove,不赞成；不同意
2968,disarm,解除武装；裁军；缓和
2969,disarmament,裁军
2970,disarray,无秩序；杂乱；衣冠不整；使混乱；弄乱；使脱去衣服
2971,disassociate,使分离（过去式disassociated，过去分词disassociated，现在分词disassociating，第三人称单数disassociates，名词disassociation）
2972,disaster,灾难，灾祸；不幸
2973,disastrous,灾难性的；损失惨重的；悲伤的
2974,disavow,否认，否定；抵赖；拒绝对…的责任
2975,disband,解散
2976,disbelief,怀疑，不信
2977,disbelieve,不信；怀疑
2978,disc,圆盘，[电子] 唱片（等于disk）；灌唱片
2979,discard,抛弃；放弃；丢弃；抛弃；被丢弃的东西或人
2980,discern,识别；领悟，认识
2981,discernible,可辨别的；可识别的
2982,discerning,有辨识能力的；眼光敏锐的；辨别（discern的ing形式）
2983,discharge,解雇；卸下；放出；免除；排放；卸货；解雇
2984,disciple,门徒，信徒；弟子
2985,disciplinary,规律的；训练的；训诫的
2986,discipline,学科；纪律；训练；惩罚；训练，训导；惩戒
2987,disclaim,否认，拒绝；放弃，弃权；拒绝承认
2988,disclose,公开；揭露
2989,disclosure,[审计] 披露；揭发；被揭发出来的事情
2990,disco,迪斯科舞厅；的士高
2991,disconcert,使仓皇失措；使困惑；破坏
2992,discontent,不满；不满的；使不满
2993,discord,不和；不调和；嘈杂声；不一致；刺耳
2994,discount,折扣；贴现率；贴现；打折扣出售商品
2995,discourage,阻止；使气馁
2996,discourse,论述；谈话；演讲；演说；谈论；讲述
2997,discover,发现；发觉
2998,discovery,发现，发觉；被发现的事物
2999,discredit,不信；使……丢脸；怀疑；无信用；名声的败坏
3000,discreet,谨慎的；小心的
3001,discrepancy,不符；矛盾；相差
3002,discrete,离散的，不连续的；分立元件；独立部件
3003,discretion,自由裁量权；谨慎；判断力；判定；考虑周到
3004,discriminate,歧视；区别；辨别
3005,discrimination,歧视；区别，辨别；识别力
3006,discus,铁饼；掷铁饼
3007,discuss,讨论；论述，辩论
3008,discussion,讨论，议论
3009,disdain,蔑视；鄙弃
3010,disease,病，[医] 疾病；弊病；传染；使…有病
3011,disembark,登陆，下车；上岸
3012,disenchant,使清醒；使不抱幻想
3013,disentangle,解决；松开；解开纠结；解决（纠纷）
3014,disfavour,不赞成；冷待；不赞成；不喜欢
3015,disgrace,耻辱；丢脸的人或事；失宠；使……失宠；给……丢脸；使……蒙受耻辱；贬黜
3016,disgraceful,不名誉的，可耻的
3017,disguise,掩饰；假装；隐瞒；伪装；假装；用作伪装的东西
3018,disgust,厌恶，嫌恶；使厌恶；使作呕
3019,disgusting,令人厌恶的
3020,dish,盘；餐具；一盘食物；外貌有吸引力的人；盛于碟盘中；分发；使某人的希望破灭；说（某人）的闲话
3021,dishonest,不诚实的；欺诈的
3022,dishonour,拒付；使丢脸；拒绝承兑；不履行（诺言等）；拒付；不名誉
3023,dishonourable,不名誉的；无耻的；不受尊重的（等于dishonorable）
3024,dishwasher,洗碗工；洗碟机
3025,disillusion,使醒悟；使不再抱幻想；幻灭；醒悟
3026,disillusioned,醒悟的；幻想破灭的；不抱幻想的；使幻想破灭（disillusion的过去分词）；唤醒
3027,disinfect,将…消毒
3028,disinfectant,消毒剂；消毒的
3029,disintegrate,使分解；使碎裂；使崩溃；使衰变
3030,disintegration,瓦解，崩溃；分解
3031,disinterested,无私的；公正的；冷漠的；廉洁的；使不再有利害关系；使无兴趣（disinterest的过去分词）
3032,disjointed,脱节的；杂乱的；脱臼的
3033,disjunctive,分隔的；分离的；反意连接词
3034,dislike,不喜欢，厌恶；嫌恶，反感，不喜爱
3035,dislocate,使脱臼；使混乱
3036,dislodge,逐出，驱逐；使……移动；用力移动
3037,disloyal,不忠的；不忠诚的；背叛的
3038,dismal,凄凉的，忧郁的；阴沉的，沉闷的；低落的情绪
3039,dismantle,拆除；取消；解散；除掉…的覆盖物
3040,dismay,沮丧，灰心；惊慌；使沮丧；使惊慌
3041,dismiss,解散；解雇；开除；让离开；不予理会、不予考虑
3042,dismissal,解雇；免职
3043,disobedience,不服从；违反，违抗
3044,disobey,违反；不服从
3045,disparate,不同的；不相干的；全异的；无法相比的东西
3046,disparity,不同；不一致；不等
3047,dispatch,派遣；急件；派遣；分派
3048,dispel,驱散，驱逐；消除（烦恼等）
3049,dispensable,可有可无的；非必要的
3050,dispensary,药房；（学校、兵营或工厂的）诊疗所；防治站
3051,dispensation,分配；免除；豁免；天命
3052,dispense,分配，分发；免除；执行
3053,disperse,分散；使散开；传播；分散的
3054,dispirited,沮丧的；没有精神的；意气消沉的；使…沮丧；使…气馁（dispirit的过去分词）
3055,displace,取代；置换；转移；把…免职；排水
3056,displacement,取代，位移；[船] 排水量
3057,display,显示；炫耀；显示；表现；陈列；展览的；陈列用的
3058,displease,使生气；触怒
3059,displeasure,不愉快；不满意；悲伤
3060,disposable,可任意处理的；可自由使用的；用完即可丢弃的
3061,disposal,处理；支配；清理；安排
3062,dispose,处理；处置；安排；处置；性情
3063,disposed,有…倾向的；打算做…的；有某种健康状态的；处理；配置；使适应（dispose的过去分词）；使有倾向
3064,disposition,处置；[心理] 性情；[军] 部署；倾向
3065,dispute,辩论；怀疑；阻止；抗拒；辩论；争吵
3066,disqualify,取消…的资格
3067,disregard,忽视；不理；漠视；不顾；忽视；不尊重
3068,disrepute,不光彩，坏名声
3069,disrespect,无礼，失礼，不敬
3070,disrupt,破坏；使瓦解；使分裂；使中断；使陷于混乱；分裂的，中断的；分散的
3071,dissatisfaction,不满；令人不满的事物
3072,dissatisfy,不满足；使……感觉不满
3073,dissect,切细；仔细分析
3074,disseminate,宣传，传播；散布
3075,dissension,纠纷；意见不合；争吵；倾轧
3076,dissent,不同意；不信奉国教；异议；（大写）不信奉国教
3077,dissertation,论文，专题；学术演讲
3078,disservice,伤害；帮倒忙的行为；不亲切的行为；虐待
3079,dissident,持不同政见者，意见不同的人；持不同政见的，意见不同的
3080,dissimilar,不同的
3081,dissipated,消散的；沉迷于酒色的；闲游浪荡的；放荡的；消散；浪费（dissipate的过去式）
3082,dissociate,游离；使分离；分裂
3083,dissolute,放荡的；风流的
3084,dissolution,分解，溶解；（议会等的）解散；（契约等的）解除；死亡
3085,dissolve,使溶解；使分解；使液化；叠化画面；画面的溶暗
3086,dissonance,不一致；不调和；不和谐音
3087,dissuade,劝阻，劝止
3088,distance,距离；远方；疏远；间隔；疏远；把…远远甩在后面
3089,distant,遥远的；冷漠的；远隔的；不友好的，冷淡的
3090,distaste,厌恶；讨厌；厌恶；不喜欢；不喜欢
3091,distil,蒸馏；提炼；渗出
3092,distillation,精馏，蒸馏，净化；蒸馏法；精华，蒸馏物
3093,distinct,明显的；独特的；清楚的；有区别的
3094,distinction,区别；差别；特性；荣誉、勋章
3095,distinctive,有特色的，与众不同的
3096,distinguish,区分；辨别；使杰出，使表现突出
3097,distinguishable,可区别的；辨认得出的；可辨识的
3098,distinguished,著名的；卓著的；高贵的；区别（distinguish的过去式）
3099,distort,扭曲；使失真；曲解
3100,distract,转移；分心
3101,distraction,注意力分散；消遣；心烦意乱
3102,distraught,发狂的；心烦意乱的
3103,distress,危难，不幸；贫困；悲痛；使悲痛；使贫困
3104,distribute,分配；散布；分开；把…分类
3105,distribution,分布；分配
3106,district,区域；地方；行政区
3107,distrust,不信任
3108,disturb,打扰；妨碍；使不安；弄乱；使恼怒
3109,disturbance,干扰；骚乱；忧虑
3110,disunite,不和；使分离
3111,disuse,不被使用；停止使用
3112,ditch,在…上掘沟；把…开入沟里；丢弃；沟渠；壕沟
3113,dither,发抖；递色；[电子] 高频脉动；踌躇；发抖；犹豫
3114,ditto,百变怪
3115,ditty,小曲；小调
3116,dive,潜水；跳水；俯冲；急剧下降；潜水；跳水；俯冲；扑
3117,diver,潜水者；跳水的选手；潜鸟
3118,diverge,分歧；偏离；分叉；离题
3119,divergent,相异的，分歧的；散开的
3120,diverse,不同的；多种多样的；变化多的
3121,diversify,使多样化，使变化；增加产品种类以扩大
3122,diversion,转移；消遣；分散注意力
3123,diversity,多样性；差异
3124,divert,转移；使…欢娱；使…转向；(Divert)人名；(法)迪韦尔
3125,divide,划分；除；分开；使产生分歧；[地理] 分水岭，分水线
3126,dividend,红利；股息；[数] 被除数；奖金
3127,divine,神圣的；非凡的；天赐的；极好的；占卜；预言；用占卜勘探；牧师；神学家
3128,divinity,神；神性；神学
3129,divisible,可分的；可分割的
3130,division,[数] 除法；部门；分配；分割；师（军队）；赛区
3131,divisive,分裂的；区分的；造成不和的
3132,divulge,泄露；暴露
3133,dizzy,晕眩的；使人头晕的；昏乱的；心不在焉的；愚蠢的；使头晕眼花；使混乱；使茫然；(Dizzy)人名；(英)迪齐
3134,do,要求；规定；C大调音阶中的第一音；做；干；学习；研究；进行；完成；解答；整理；算出；引起；行过；助动词（构成疑问句和否定句）；（代替动词）；（用于加强语气）
3135,docile,温顺的，驯服的；容易教的
3136,dock,码头；船坞；被告席；尾巴的骨肉部分；使靠码头；剪短
3137,dockyard,[船] 造船厂；海军工厂
3138,doctor,修理；篡改，伪造；为…治病；授以博士学位；医生；博士
3139,doctorate,博士学位；博士头衔
3140,doctrine,主义；学说；教义；信条
3141,document,文件，公文；[计] 文档；证件；用文件证明
3142,documentary,记录的；文件的；记实的；纪录片
3143,dodge,躲闪；托词；躲避，避开
3144,dog,狗；丑女人；卑鄙的人；(俚)朋友；跟踪；尾随
3145,dogged,顽强的；顽固的；跟踪；尾随（dog的过去式）
3146,dogma,教条，教理；武断的意见
3147,dogmatic,教条的；武断的
3148,doldrums,忧郁；赤道无风带
3149,dole,失业救济金；赈济物；施舍品；发放救济；以小份发给
3150,doleful,寂寞的；悲哀的；阴沉的；忧郁的
3151,doll,洋娃娃；玩偶；无头脑的美丽女人；把…打扮得花枝招展
3152,dollar,美元
3153,dollop,团，块；厚厚地涂抹；啪地落下；噗通一声坠落
3154,dolphin,海豚
3155,domain,领域；域名；产业；地产
3156,dome,圆屋顶；成圆顶状；加圆屋顶于…上
3157,domestic,国内的；家庭的；驯养的；一心只管家务的；国货；佣人
3158,domesticate,驯养；教化；引进
3159,domesticity,家庭生活；专心于家务；对家庭的挚爱
3160,domicile,住宅；永久居住地；期票支付场所；居住
3161,dominant,显性的；占优势的；支配的，统治的；显性
3162,dominate,控制；支配；占优势；在…中占主要地位
3163,domineer,跋扈；作威作福
3164,domineering,跋扈的；专横的；盛气凌人的；实行暴政；高耸；流行（domineer的ing形式）
3165,dominion,主权，统治权；支配；领土
3166,domino,多米诺骨牌；面具；化装外衣
3167,don,先生，阁下；指导教师，大学教师；穿上
3168,donate,捐赠；捐献
3169,donation,捐款，捐赠物；捐赠
3170,donator,捐赠者
3171,done,已完成的；做好了的；煮熟的；合乎礼仪的；合乎规矩；表示接受建议；做（do的过去分词）；（西、罗）多内（人名）；（英）多恩（人名）
3172,donkey,驴子；傻瓜；顽固的人
3173,donor,捐赠者；供者；赠送人；捐献的；经人工授精出生的
3174,donut,炸面圈；环状线圈（等于doughnut）
3175,doodle,涂鸦；闲混；随意弹奏；涂鸦；蠢人
3176,doom,厄运；死亡；判决；世界末日；注定；判决；使失败
3177,doomed,注定的；命定的；注定；宣判（doom的过去分词）
3178,doomsday,世界末日；最后的审判日
3179,door,门；家，户；门口；通道
3180,doorway,门口；途径
3181,dope,笨蛋；麻醉药物；涂料；上涂料；服药
3182,dormant,休眠的；静止的；睡眠状态的；隐匿的；(Dormant)人名；(法)多尔芒
3183,dormitory,宿舍，学生宿舍；住宅区的
3184,dosage,剂量，用量
3185,dose,剂量；一剂，一服；服药
3186,dossier,档案，卷宗；病历表册
3187,dot,点，圆点；嫁妆；打上点
3188,dote,溺爱；昏聩；(Dote)人名；(日)土手 (姓)；(中非)多泰
3189,doting,溺爱的，偏爱的；宠爱（dote的ing形式）
3190,double,两倍；双精度型；双重的；两倍的；加倍，加倍努力；快步走；双重地；两倍地；弓身地
3191,doubt,怀疑；疑问；疑惑；怀疑；不信；恐怕；拿不准
3192,doubtful,可疑的；令人生疑的；疑心的；不能确定的
3193,doubtless,无疑地；确定地；大概，多半；无疑的；确定的
3194,dough,生面团；金钱
3195,dove,鸽子；鸽派人士；潜水（dive的过去式）
3196,dowager,贵妇；继承亡夫爵位的遗孀；老年贵妇人
3197,down,向下，下去；在下面；向下的；软毛，绒毛；[地质] 开阔的高地；沿着，往下；打倒，击败
3198,downcast,沮丧的；低垂的；气馁的；倒台；俯视的目光；向下转换
3199,downfall,垮台；衰败；落下；大雨
3200,downgrade,退步；下坡；下坡的；下坡地；使降级（过去式downgraded，过去分词downgraded，现在分词downgrading，第三人称单数downgrades）；小看
3201,downhearted,无精打采的；垂头丧气的
3202,downhill,下坡；向下；每况愈下；下坡的；容易的；下坡；滑降
3203,downpour,倾盆大雨；注下
3204,downright,明白的；直率的；显明的；完全，彻底；全然
3205,downstairs,在楼下；楼下的；楼下
3206,downstream,下游地；顺流而下；下游的；顺流的
3207,downtime,（工厂等由于检修，待料等的）停工期；[电子] 故障停机时间
3208,downtown,往闹市区；在市区；市中心的；市中心区；三分线以外
3209,downward,向下的，下降的；向下
3210,dowry,嫁妆；天资；亡夫遗产
3211,doze,打瞌睡；假寐；瞌睡
3212,dozen,十二个，一打；一打的
3213,drab,单调的；土褐色的；浅褐色；无生气；邋遢；小额；使无生气；嫖妓
3214,draft,汇票；草稿；选派；（尤指房间、烟囱、炉子等供暖系统中的）（小股）气流；起草；制定；征募；初步画出或（写出）的；（设计、草图、提纲或版本）正在起草中的，草拟的；以草稿形式的；草图的
3215,drag,拖累；拖拉；缓慢而吃力地行进；拖；拖累
3216,dragon,龙；凶暴的人，凶恶的人；严厉而有警觉性的女人
3217,dragonfly,[昆] 蜻蜓
3218,drain,排水；流干；排水；下水道，排水管；消耗
3219,drainage,排水；排水系统；污水；排水面积
3220,dramatic,戏剧的；急剧的；引人注目的；激动人心的
3221,dramatist,剧作家，剧本作者
3222,dramatize,使戏剧化；编写剧本；改编成戏剧
3223,drape,用布帘覆盖；使呈褶裥状；窗帘；褶裥
3224,drapery,布料；帏帐；打褶的帐幔
3225,drastic,激烈的；猛烈的；烈性泻药
3226,draught,气流；汇票；草稿（等于draft）；起草；征兵；选派（等于draft）；汲出的；拖拉的（等于draft）
3227,draughty,通风的；通风良好的
3228,draw,画；拉；吸引；平局；抽签
3229,drawback,缺点，不利条件；退税
3230,drawer,抽屉；开票人；出票人；起草者；酒馆侍
3231,drawing,图画；牵引；素描术；绘画；吸引（draw的ing形式）；拖曳
3232,drawl,慢吞吞地说；慢吞吞拉长调子的说话方式
3233,dread,恐惧；可怕的人（或物）；惧怕；担心；可怕的
3234,dreadful,可怕的；糟透的，令人不快的
3235,dream,梦想；做梦，梦见；想到；梦想，愿望；梦；梦的；理想的；不切实际的
3236,dreary,沉闷的，枯燥的
3237,dredge,（用挖泥船等）疏浚；（用拖捞网等）捞取；（在食物上）撒（面粉等）；挖泥船，疏浚机；拖捞网
3238,dregs,渣滓；少量；沉淀物（dreg的复数）
3239,drench,使湿透；给（牲畜）灌药；滂沱大雨；浸液
3240,dress,给…穿衣；连衣裙；女装
3241,dresser,梳妆台；碗柜；化妆师；裹伤员
3242,dressing,穿衣；加工；调味品；装饰；梳理；给…穿衣；为…打扮（dress的现在分词）
3243,dressy,讲究服装的；(Dressy)人名；(法)德雷西
3244,dribble,连击；使滴下；运球；n点滴；运球
3245,drift,漂流，漂移；趋势；漂流物；漂流，漂移；漂泊
3246,drill,训练；钻孔机；钻子；播种机；钻孔；训练
3247,drily,干燥地；冷淡地；讽刺地
3248,drink,喝，饮；吸收；举杯庆贺；酒，饮料；喝酒
3249,drip,滴下；充满；漏下；水滴，滴水声；静脉滴注；使人厌烦的人
3250,dripping,滴；水滴；滴下物；湿淋淋的；欲滴的；欲滴地；湿淋淋地；滴下（drip的ing形式）
3251,drive,开车；猛击；飞跑；驱动器；驾车；[心理] 内驱力，推进力；快车道
3252,driver,驾驶员；驱动程序；起子；传动器
3253,drizzle,下毛毛雨；细雨，毛毛雨
3254,drone,雄蜂；嗡嗡的声音；懒惰者；嗡嗡作声；混日子
3255,drool,流口水；胡说；口水；梦话，胡说
3256,droop,下垂；萎靡；凋萎；下垂；消沉
3257,drop,滴；使降低；使终止；随口漏出；滴；落下；空投；微量；滴剂
3258,drought,干旱；缺乏
3259,drown,淹没；把…淹死；(Drown)人名；(英)德朗
3260,drowse,打瞌睡；发呆；瞌睡；假寐
3261,drowsy,昏昏欲睡的；沉寂的；催眠的
3262,drug,药；毒品；麻醉药；滞销货；使服麻醉药；使服毒品；掺麻醉药于
3263,druggist,药剂师；药商；（美）药房老板（兼营化妆品、文具、牙膏、漱口剂、香烟等杂货的）
3264,drugstore,[药] 药房（常兼售化妆品、杂志等杂货）；（美）杂货店
3265,drum,击鼓；大力争取；鼓；鼓声
3266,drummer,鼓手；旅行推销员；跑街
3267,drumstick,鸡腿，家禽腿；鼓槌
3268,drunk,喝酒（drink的过去分词）；喝醉了的
3269,drunkard,酒鬼，醉汉
3270,drunken,喝醉的；酒醉的；常醉的
3271,dry,干的；口渴的；枯燥无味的；禁酒的；把…弄干；干涸
3272,dryer,烘干机；[助剂] 干燥剂
3273,dual,双的；双重的；双数；双数词
3274,dub,配音；轻点；打击；授予称号；笨蛋；鼓声
3275,dubious,可疑的；暧昧的；无把握的；半信半疑的
3276,duchess,公爵夫人；女公爵；雍容华贵的妇女；小老板娘；（澳）盛情款待；讨好；热情款待；讨好
3277,duchy,公国；公爵领地；直辖领地
3278,duck,鸭子；鸭肉；（英）宝贝儿；零分；闪避；没入水中
3279,duckling,小鸭子
3280,duct,输送管，导管；用导管输送；以导管封住
3281,due,到期的；预期的；应付的；应得的；应付款；应得之物；正（置于方位词前）
3282,duet,二重奏；二重唱
3283,duff,水果布丁；揉好的面团；笨拙的人；把…改头换面；虚饰以欺骗人
3284,duke,公爵，（公国的）君主；公爵（种）樱桃
3285,dull,钝的；迟钝的；无趣的；呆滞的；阴暗的；使迟钝；使阴暗；缓和；(Dull)人名；(罗、匈)杜尔；(柬)杜；(英)达尔
3286,duly,适当地；充分地；按时地；(Duly)人名；(英)杜利
3287,dumb,哑的，无说话能力的；不说话的，无声音的
3288,dumbfound,使惊呆；使人惊愕失声
3289,dummy,虚拟的；假的；傀儡；哑巴；仿制品
3290,dump,倾倒；倾卸；丢下，卸下；摆脱，扔弃；倾销；垃圾场；仓库；无秩序地累积
3291,dumpling,饺子，汤团；面团布丁
3292,dumpy,矮胖的，粗短的；忧郁的；矮沙发；短雨伞
3293,dunce,傻瓜；劣学生
3294,dune,（由风吹积而成的）沙丘
3295,dung,施粪肥于；粪
3296,dungarees,粗布工作服
3297,dungeon,地牢，土牢
3298,duo,二重奏；二重唱；二人组
3299,dupe,上当者；易受骗的人；欺骗；愚弄（等于duplicate）
3300,duplicate,复制；使加倍；副本；复制品；复制的；二重的
3301,duplicity,口是心非；表里不一；不诚实
3302,durable,耐用的，持久的；耐用品
3303,duration,持续，持续的时间，期间
3304,during,在…的时候，在…的期间；(During)人名；(法)迪兰；(瑞典、利比)杜林
3305,dusk,黄昏，薄暮；幽暗，昏暗；微暗的；使变微暗
3306,dusky,暗淡的；微暗的；忧郁的；朦胧的
3307,dust,灰尘；尘埃；尘土；撒；拂去灰尘
3308,dustbin,垃圾箱；吃货
3309,dustcart,垃圾车
3310,duster,抹布，掸子；除尘器；打扫灰尘的人
3311,dustman,清洁工人
3312,dustpan,簸箕
3313,dusty,落满灰尘的
3314,Dutch,荷兰的；荷兰人的；荷兰语的；荷兰人；荷兰语；费用平摊地；各自付账地
3315,dutiful,忠实的；顺从的；守本分的
3316,duty,责任；[税收] 关税；职务
3317,dwarf,变矮小；侏儒，矮子；矮小的
3318,dwell,居住；存在于；细想某事
3319,dweller,居民，居住者
3320,dwelling,住处；寓所；居住（dwell的现在分词）
3321,dwindle,减少；变小
3322,dye,染料；染色；染；把…染上颜色
3323,dynamic,动态的；动力的；动力学的；有活力的；动态；动力
3324,dynamics,动力学，力学
3325,dynamism,活力；动态；物力论；推动力；精神动力作用
3326,dynamite,炸药；具有潜在危险的人（或物）；炸毁；极好的
3327,dynamo,发电机；精力充沛的人
3328,dynasty,王朝，朝代
3329,each,每；各自的；每个；各自
3330,eager,渴望的；热切的；热心的；(Eager)人名；(英)伊格
3331,eagerness,渴望；热心
3332,eagle,鹰；鹰状标饰
3333,ear,耳朵；穗；听觉；倾听；（美俚）听见；抽穗
3334,earache,耳朵痛，耳痛
3335,eardrum,鼓膜，耳膜；中耳
3336,earl,（英）伯爵
3337,early,早期的；早熟的；提早；在初期；(Early)人名；(英)厄尔利
3338,earmark,在耳朵上做记号；标记；特征；耳上记号
3339,earn,赚，赚得；获得，挣得；使得到；博得；(Earn)人名；(泰)炎
3340,earnest,认真的，热心的；重要的；认真；定金；诚挚
3341,earnings,收入
3342,earplug,耳栓
3343,earring,耳环，耳饰；抽穗；听见（ear的ing形式）
3344,earth,地球；地表，陆地；土地，土壤；尘事，俗事；兽穴；把（电线）[电] 接地；盖（土）；追赶入洞穴
3345,earthen,土制的；陶制的；地球上的
3346,earthenware,陶器；土器
3347,earthly,地球的；尘世的；可能的
3348,earthquake,地震；大动荡
3349,earthwork,[建] 土方工程；土木工事
3350,earthy,土的；土质的；朴实的；粗俗的
3351,ease,减轻，缓和；使安心；轻松，舒适；安逸，悠闲
3352,easel,画架；黑板架
3353,easily,容易地；无疑地
3354,east,东方；东风；东方国家；东方的；向东的；从东方来的；向东方，在东方
3355,Easter,复活节
3356,eastern,东方的；朝东的；东洋的；东方人；（美国）东部地区的人
3357,eastward,向东方的；朝东的；向东；东部；东方
3358,easy,容易的；舒适的；不费力地，从容地；停止划桨；发出停划命令
3359,easygoing,悠闲的；逍遥自在的；脾气随和的；不严肃的
3360,eat,吃，喝；腐蚀；烦扰
3361,eaves,屋檐；凸出的边缘
3362,eavesdrop,屋檐上流下来的水；偷听，窃听
3363,ebb,衰退；退潮；衰落；衰退；减少；衰落；潮退
3364,ebony,乌木制的，黑檀木制的；似木的，黑檀木色的；乌木，黑檀
3365,eccentric,古怪的，反常的；古怪的人
3366,eccentricity,古怪；怪癖；[数] 离心率
3367,echo,反射；重复；回音；效仿
3368,eclectic,折衷的；选择的；折衷学派的；折衷派的人；折衷主义者
3369,ecological,生态的，生态学的
3370,ecologist,生态学者
3371,ecology,生态学；社会生态学
3372,economic,经济的，经济上的；经济学的
3373,economical,经济的；节约的；合算的
3374,economics,经济学；国家的经济状况
3375,economise,节约，节省
3376,economist,经济学者；节俭的人
3377,economy,经济；节约；理财
3378,ecosystem,生态系统
3379,ecstasy,狂喜；入迷；忘形
3380,ecstatic,狂喜的；入迷的；狂喜的人
3381,eczema,[皮肤] 湿疹
3382,eddy,涡流；漩涡；逆流；旋转；起漩涡
3383,edge,边缘；优势；刀刃；锋利；使锐利；将…开刃；给…加上边
3384,edgy,急躁的；尖利的；刀口锐利的
3385,edible,可食用的；食品；食物
3386,edict,法令；布告
3387,edifice,大厦；大建筑物
3388,edit,编辑；校订；编辑工作
3389,edition,版本
3390,editor,编者，编辑；社论撰写人；编辑装置
3391,editorial,编辑的；社论的；社论
3392,educate,教育；培养；训练
3393,education,教育；培养；教育学
3394,educational,教育的；有教育意义的
3395,educationist,教育家；教育理论家
3396,educator,教育家；教育工作者；教师
3397,eel,鳗鱼；鳝鱼
3398,eerie,可怕的；怪异的
3399,efface,抹去，抹掉；使自己不受人注意
3400,effect,影响；效果；作用；产生；达到目的
3401,effective,有效的，起作用的；实际的，实在的；给人深刻印象
3402,effeminate,柔弱的；女人气的；女子气的男人；使柔弱；使无男子汉气概；变得无男子汉气概；变得柔弱
3403,efficacy,功效，效力
3404,efficiency,效率；效能；功效
3405,efficient,有效率的；有能力的；生效的
3406,effluent,污水；流出物；废气；流出的，发出的
3407,effort,努力；成就
3408,effusive,流出的；感情横溢的
3409,egalitarian,平等主义的；平等主义；平等主义者
3410,egg,蛋；卵子；家伙；鸡蛋；煽动；怂恿
3411,eggplant,茄子；深紫色的
3412,ego,自我；自负；自我意识
3413,egocentric,[心理] 自我中心的；利己主义的；利己主义者
3414,egoism,利己主义，自我主义
3415,egoist,自我主义者；利己主义者
3416,egotism,自负；自我中心
3417,eh,啊，嗯！（表示惊奇、疑问等）
3418,eight,八；八个；第八；八的；八字形
3419,eighteen,十八，十八个；十八个的，十八的；十八
3420,eighteenth,第十八的，第十八个的；十八分之一的；第十八；十八分之一
3421,eighth,第八的；八分之一的；第八；八分之一
3422,eightieth,第八十；八十分之一；第八十的；八十分之一的
3423,eighty,八十；八十岁；八十年代；八十的，八十个的；八十岁的；八十
3424,either,两者之中任一的；两者之中每一的；任何一个；也（用于否定句或否定词组后）；根本；任一，两方，随便哪一个；两者中的一个或另一个
3425,ejaculate,突然说出；射出；一次射出的精液
3426,eject,喷射；驱逐，逐出
3427,elaborate,精心制作的；详尽的；煞费苦心的；精心制作；详细阐述；从简单成分合成（复杂有机物）
3428,elapse,消逝；时间过去；流逝；时间的过去
3429,elastic,有弹性的；灵活的；易伸缩的；松紧带；橡皮圈
3430,elasticity,弹性；弹力；灵活性
3431,elated,兴高采烈的；得意洋洋的；使兴奋（elate的过去式和过去分词）
3432,elbow,肘部；弯头；扶手；推挤；用手肘推开
3433,elder,老人；长辈；年长者；父辈；年长的；年龄较大的；资格老的
3434,elderly,上了年纪的；过了中年的；稍老的
3435,eldest,最年长的；年事最高的（old的最高级）；最年长者
3436,elect,选出的；当选的；卓越的；被选的人；特殊阶层；上帝的选民；选举；选择；推选
3437,election,选举；当选；选择权；上帝的选拔
3438,electioneering,竞选活动；竞选活动的；从事选举活动（electioneer的ing形式）
3439,elector,选举人；有选举权的人；总统选举人
3440,electorate,选民；选区
3441,electric,电的；电动的；发电的；导电的；令人震惊的；电；电气车辆；带电体
3442,electrical,有关电的；电气科学的
3443,electrician,电工；电气技师
3444,electricity,电力；电流；强烈的紧张情绪
3445,electrify,使电气化；使充电；使触电；使激动
3446,electrocute,（美）以电椅处死；使触电致死
3447,electrode,顽皮雷弹
3448,electromagnet,电磁体，[电] 电磁铁；电磁石
3449,electron,电子
3450,electronic,电子的；电子电路；电子器件
3451,electronics,电子学；电子工业
3452,electroplate,电镀；电镀物品
3453,electroscope,[电] 验电器
3454,electrostatic,静电的；静电学的
3455,elegance,典雅；高雅
3456,elegant,高雅的，优雅的；讲究的；简炼的；简洁的
3457,element,元素；要素；原理；成分；自然环境
3458,elemental,基本的；主要的；自然力的；四大要素的（土、水、气、火）
3459,elementary,基本的；初级的；[化学] 元素的
3460,elephant,象；大号图画纸
3461,elevate,提升；举起；振奋情绪等；提升…的职位
3462,elevation,高地；海拔；提高；崇高；正面图
3463,elevator,电梯；升降机；升降舵；起卸机
3464,eleven,十一；十一个；十一的；十一个的
3465,eleventh,第十一；十一分之一；第十一的；十一分之一的
3466,elf,小精灵；淘气鬼
3467,elicit,抽出，引出；引起
3468,eligible,合格的，合适的；符合条件的；有资格当选的；合格者；适任者；有资格者
3469,eliminate,消除；排除
3470,elimination,消除；淘汰；除去
3471,elite,精英；精华；中坚分子
3472,ellipse,[数] 椭圆形，[数] 椭圆
3473,elliptical,椭圆的；省略的
3474,elm,[林] 榆树；榆木；榆树的；榆木的
3475,elope,私奔；潜逃
3476,eloquence,口才；雄辩；雄辩术；修辞
3477,eloquent,意味深长的；雄辩的，有口才的；有说服力的；动人的
3478,else,其他；否则；另外；别的；其他的；(Else)人名；(英)埃尔斯；(德)埃尔泽；(芬、丹)埃尔塞
3479,elsewhere,在别处；到别处
3480,elucidate,阐明；说明
3481,elude,逃避，躲避
3482,elusive,难懂的；易忘的；逃避的；难捉摸的
3483,emaciated,瘦弱的；憔悴的；憔悴；消瘦下去（emaciate的过去分词）
3484,emanate,放射（过去式emanated，过去分词emanated，现在分词emanating，第三人称单数emanates，形容词emanative）；发散
3485,emancipate,解放；释放
3486,embankment,路堤；堤防
3487,embargo,禁止出入港口；禁止或限制贸易；征用或扣押；禁令；禁止；封港令
3488,embark,从事，着手；上船或飞机
3489,embarrass,使局促不安；使困窘；阻碍
3490,embarrassment,窘迫，难堪；使人为难的人或事物；拮据
3491,embassy,大使馆；大使馆全体人员
3492,embattled,严阵以待的；被敌人围困的；心烦意乱的；边缘呈雉形的；列阵；筑垒于（embattle的过去式和过去分词）
3493,embed,栽种；使嵌入，使插入；使深留脑中
3494,embellish,修饰；装饰；润色
3495,embezzle,盗用；挪用；贪污
3496,emblem,象征；徽章；符号；象征；用符号表示；用纹章装饰
3497,embody,体现，使具体化；具体表达；(Embody)人名；(英)恩博迪
3498,emboss,使凸出；在……上作浮雕图案；装饰
3499,embrace,拥抱；信奉，皈依；包含；拥抱
3500,embroider,刺绣；装饰；镶边
3501,embroidery,刺绣；刺绣品；粉饰
3502,embroil,使卷入；使混乱
3503,embryo,[胚] 胚胎；胚芽；初期；胚胎的；初期的
3504,emend,修订；改进
3505,emerald,绿宝石；[宝] 祖母绿；翠绿色；翠绿色的
3506,emerge,浮现；摆脱；暴露
3507,emergence,出现，浮现；发生；露头
3508,emergency,紧急情况；突发事件；非常时刻；紧急的；备用的
3509,emergent,紧急的；浮现的；意外的；自然发生的
3510,emigrant,移民；侨民；移民的；移居的
3511,emigrate,移居；移居外国
3512,emigration,移民；移民出境；移居外国
3513,eminence,显赫；卓越；高处
3514,eminent,杰出的；有名的；明显的
3515,emir,埃米尔（穆斯林酋长等的称号）；穆罕默德后裔的尊称；土耳其高级官员的尊称（等于emeer，amir，ameer）
3516,emissary,使者；间谍；密使；间谍的；密使的
3517,emission,（光、热等的）发射，散发；喷射；发行
3518,emit,发出，放射；发行；发表
3519,emotion,情感；情绪
3520,emotional,情绪的；易激动的；感动人的
3521,emotive,感情的；情绪的；表现感情的
3522,empathy,神入；移情作用；执着
3523,emperor,皇帝，君主
3524,emphasis,重点；强调；加强语气
3525,emphasize,强调，着重
3526,emphatic,着重的；加强语气的；显著的
3527,empire,帝国；帝王统治，君权
3528,empirical,经验主义的，完全根据经验的；实证的
3529,empiricism,经验主义；经验论
3530,employ,使用，采用；雇用；使忙于，使从事于；使用；雇用
3531,employee,雇员；从业员工
3532,employer,雇主，老板
3533,employment,使用；职业；雇用
3534,empower,授权，允许；使能够
3535,empress,皇后；女皇
3536,empty,空的；无意义的；无知的；徒劳的；使失去；使…成为空的；空车；空的东西
3537,emulate,仿真；模仿；尽力赶上；同…竞争；仿真；仿效
3538,enable,使能够，使成为可能；授予权利或方法
3539,enact,颁布；制定法律；扮演；发生
3540,enamel,搪瓷；珐琅；瓷釉；指甲油；彩饰；涂以瓷釉
3541,encampment,营地；露营
3542,encase,包住；围绕；包装
3543,enchant,使迷惑；施魔法
3544,encircle,包围；围绕；环绕
3545,enclave,飞地（指在本国境内的隶属另一国的一块领土）；被包围的领土；被包围物
3546,enclose,围绕；装入；放入封套
3547,enclosure,附件；围墙；围场
3548,encompass,包含；包围，环绕；完成
3549,encore,再演唱的要求；经要求而再唱；要求再演或唱；再来一个
3550,encounter,遭遇，邂逅；遇到；遭遇，偶然碰见
3551,encourage,鼓励，怂恿；激励；支持
3552,encouragement,鼓励
3553,encroach,蚕食，侵占
3554,encumber,阻塞；妨害；拖累
3555,encyclopaedia,百科全书
3556,end,结束；目标；尽头；末端；死亡；结束，终止；终结
3557,endanger,危及；使遭到危险
3558,endeavour,尽力，竭力；竭力做到，试图或力图（做某事）
3559,endemic,地方性的；风土的；地方病
3560,ending,结局；结尾
3561,endless,无止境的；连续的；环状的；漫无目的的
3562,endorse,背书；认可；签署；赞同；在背面签名
3563,endow,赋予；捐赠；天生具有
3564,endurable,能忍耐的；可忍受的；能持久的
3565,endurance,忍耐力；忍耐；持久；耐久
3566,endure,忍耐；容忍
3567,endways,末端朝上地；两端连接地
3568,enemy,敌人，仇敌；敌军；敌人的，敌方的
3569,energetic,精力充沛的；积极的；有力的
3570,energize,激励；使活跃；供给…能量
3571,energy,[物] 能量；精力；活力；精神
3572,enfeeble,使衰弱；使无力
3573,enfold,拥抱；包裹；折叠；围绕
3574,enforce,实施，执行；强迫，强制
3575,engage,吸引，占用；使参加；雇佣；使订婚；预定
3576,engaged,使用中的，忙碌的；保证；约定；同…订婚（engage的过去分词）
3577,engagement,婚约；约会；交战；诺言
3578,engender,使产生；造成
3579,engine,引擎，发动机；机车，火车头；工具
3580,engineer,工程师；工兵；火车司机；设计；策划；精明地处理
3581,engineering,工程，工程学；设计；管理（engineer的ing形式）；建造
3582,England,英格兰
3583,English,英国人的；英国的；英文的；英语；英国人；英文；英格兰人；把…译成英语
3584,Englishman,英国人
3585,Englishwoman,英国女人；英格兰妇女
3586,engrave,雕刻；铭记
3587,engross,使全神贯注；用大字体书写；正式写成（决议等）；独占；吸引
3588,engulf,吞没；吞食，狼吞虎咽
3589,enhance,提高；加强；增加
3590,enigma,谜，不可思议的东西
3591,enigmatic,神秘的；高深莫测的；谜一般的
3592,enjoy,欣赏，享受；喜爱；使过得快活
3593,enjoyable,快乐的；有乐趣的；令人愉快的
3594,enjoyment,享受；乐趣；享有
3595,enlarge,扩大；放大；详述
3596,enlargement,放大；放大的照片；增补物
3597,enlighten,启发，启蒙；教导，开导；照耀
3598,enlist,支持；从军；应募；赞助
3599,enliven,使活泼；使生动；使有生气，使活跃
3600,enmity,敌意；憎恨
3601,ennoble,使…成为贵族；使…高贵；授予爵位
3602,enormity,巨大；暴行；极恶
3603,enormous,庞大的，巨大的；凶暴的，极恶的
3604,enough,足够地，充足地；很多；充足；充足的；够了！
3605,enquire,询问；调查；问候（等于inquire）
3606,enquiry,[计] 询问，[贸易] 询盘
3607,enrage,激怒；使暴怒
3608,enrich,使充实；使肥沃；使富足；(Enrich)人名；(西)恩里奇
3609,enrol,登记；卷起；入学；使入会
3610,ensconce,安置；安顿下来；使…隐藏
3611,ensemble,全体；总效果；全套服装；全套家具；合奏组；同时
3612,enshrine,铭记，珍藏；把…置于神龛内；把…奉为神圣
3613,ensign,旗；海军少尉；徽章
3614,enslave,束缚；征服；使某人成为奴隶
3615,ensue,跟着发生，接着发生；继起
3616,ensure,保证，确保；使安全
3617,entail,使需要，必需；承担；遗传给；蕴含；引起；需要；继承
3618,entangle,使纠缠；卷入；使混乱
3619,enter,进入；开始；参加；[计] 输入；回车
3620,enterprise,企业；事业；进取心；事业心
3621,entertain,娱乐；招待；怀抱；容纳
3622,entertainer,演艺人员，表演者
3623,entertaining,令人愉快的；款待（entertain的ing形式）
3624,entertainment,娱乐；消遣；款待
3625,enthral,奴役；使…做奴隶；迷惑（等于enthrall）
3626,enthrone,使登基；立…为王；任为主教；崇拜
3627,enthusiasm,热心，热忱，热情
3628,enthusiast,狂热者，热心家
3629,enthusiastic,热情的；热心的；狂热的
3630,entice,诱使；怂恿
3631,entire,全部的，整个的；全体的；(Entire)人名；(英)恩泰尔
3632,entirely,完全地，彻底地
3633,entitle,称做…；定名为…；给…称号；使…有权利
3634,entity,实体；存在；本质
3635,entourage,随从；周围；环境
3636,entrance,入口；进入；使出神，使入迷
3637,entrant,进入者；新会员；参加竞赛者；新工作者
3638,entreat,恳求；请求
3639,entree,（美）主菜；（法）入场许可
3640,entrepot,贸易中心；（法）仓库
3641,entrepreneur,企业家；承包人；主办者
3642,entrust,委托，信托
3643,entry,进入；入口；条目；登记；报关手续；对土地的侵占
3644,entwine,缠住；盘绕；使缠绕
3645,enumerate,列举；枚举；计算
3646,envelop,包围；包封；遮盖；信封；包裹
3647,envelope,信封，封皮；包膜；[天] 包层；包迹
3648,enviable,值得羡慕的；引起忌妒的
3649,envious,羡慕的；嫉妒的
3650,environment,环境，外界
3651,environmental,环境的，周围的；有关环境的
3652,environmentalism,环境保护论
3653,environmentalist,环保人士；环境论者；研究环境问题的专家
3654,envisage,正视，面对；想像
3655,envision,想象；预想
3656,envoy,使者；全权公使
3657,envy,嫉妒，妒忌；羡慕
3658,enzyme,[生化] 酶
3659,eon,永世；无数的年代；极长时期
3660,ephemeral,短暂的；朝生暮死的；只生存一天的事物
3661,epic,史诗的，叙事诗的；史诗；叙事诗；史诗般的作品
3662,epidemic,流行的；传染性的；传染病；流行病；风尚等的流行
3663,epigram,警句；讽刺短诗；隽语
3664,epilogue,结语，收场白；尾声，后记
3665,episode,插曲；一段情节；插话；有趣的事件
3666,epitaph,碑文，墓志铭
3667,epitome,缩影；摘要；象征
3668,epitomise,象征；体现；代表（等于epitomize）
3669,epoch,[地质] 世；新纪元；新时代；时间上的一点
3670,equable,平静的；变动小的
3671,equal,平等的；相等的；胜任的；等于；比得上；对手；匹敌；同辈；相等的事物
3672,equality,平等；相等；[数] 等式
3673,equally,同样地；相等地，平等地；公平地
3674,equate,使相等；视为平等
3675,equation,方程式，等式；相等；[化学] 反应式
3676,equator,赤道
3677,equiangular,等角的
3678,equidistant,等距的；距离相等的
3679,equilateral,等边的；等面的；等边形
3680,equilibrium,均衡；平静；保持平衡的能力
3681,equinox,春分；秋分；昼夜平分点
3682,equip,装备，配备
3683,equipment,设备，装备；器材
3684,equitable,公平的，公正的；平衡法的
3685,equity,公平，公正；衡平法；普通股；抵押资产的净值
3686,equivalence,等值；相等
3687,equivalent,等价的，相等的；同意义的；等价物，相等物
3688,equivocal,模棱两可的；可疑的
3689,era,时代；年代；纪元
3690,eradicate,根除，根绝；消灭
3691,erase,抹去；擦除
3692,eraser,橡皮；擦除器；[计] 清除器
3693,erasure,消除；涂擦的痕迹；消磁
3694,erect,使竖立；建造；安装；竖立的；笔直的；因性刺激而勃起的
3695,erection,勃起；建造；建筑物；直立
3696,erode,腐蚀，侵蚀
3697,erosion,侵蚀，腐蚀
3698,erotic,色情的；性爱的；性欲的；好色之徒
3699,err,犯错；做错；犯罪；走上歧途
3700,errant,不定的；周游的；错误的；偏离正路的
3701,erratic,不稳定的；古怪的；漂泊无定的人；古怪的人
3702,erroneous,错误的；不正确的
3703,error,误差；错误；过失
3704,erudite,博学的；有学问的；饱学之士
3705,erupt,爆发；喷出；发疹；长牙
3706,eruption,爆发，喷发；火山灰；出疹
3707,escalate,逐步增强；逐步升高
3708,escalator,（美）自动扶梯；电动扶梯
3709,escape,逃避，避开，避免；被忘掉；被忽视；逃跑；逃亡；逃走；逃跑工具或方法；野生种；泄漏
3710,escapee,逃避者；逃亡者
3711,eschew,避免；避开；远避
3712,escort,陪同；护航舰；护卫队；护送者；护送；陪同；为…护航
3713,Eskimo,爱斯基摩人；爱斯基摩语；爱斯基摩人的
3714,esoteric,秘传的；限于圈内人的；难懂的
3715,especial,特殊的，特别的；(Especial)人名；(葡)埃斯佩西亚尔
3716,especially,特别；尤其；格外
3717,Esperanto,世界语
3718,espionage,间谍；间谍活动；刺探
3719,espouse,支持；嫁娶；赞成；信奉
3720,essay,散文；试图；随笔；尝试；对…做试验
3721,essayist,随笔作家，散文家；评论家
3722,essence,本质，实质；精华；香精
3723,essential,基本的；必要的；本质的；精华的；本质；要素；要点；必需品
3724,establish,建立；创办；安置
3725,establishment,确立，制定；公司；设施
3726,estancia,大牧场（拉丁美洲的）；大庄园（拉丁美洲的）
3727,estate,房地产；财产；身份
3728,esteem,尊敬；认为；考虑；估价；尊重；尊敬
3729,estimable,可估计的；可尊敬的；有价值的
3730,estimate,估计，估价；估计，估价；判断，看法
3731,estimation,估计；尊重
3732,estrange,使疏远；离间
3733,estuary,河口；江口
3734,etc,等等，及其他
3735,etceteras,附加项目；其余（etcetera的复数形式）
3736,etch,蚀刻；鲜明地描述；铭记；刻蚀；腐蚀剂
3737,eternal,永恒的；不朽的
3738,ether,乙醚；[有化] 以太；苍天；天空醚
3739,ethereal,优雅的；轻飘的；缥缈的；超凡的
3740,ethic,伦理；道德规范；伦理的；道德的（等于ethical）
3741,ethical,伦理的；道德的；凭处方出售的；处方药
3742,ethics,伦理学；伦理观；道德标准
3743,ethnic,种族的；人种的
3744,ethos,民族精神；气质；社会思潮
3745,etiquette,礼节，礼仪；规矩
3746,eulogy,悼词；颂词；颂扬；赞词
3747,euphemism,委婉语；委婉说法
3748,euphemistic,委婉的；婉言的
3749,euphoria,精神欢快，[临床] 欣快；兴高采烈；欣快症；幸福愉快感
3750,Europe,欧洲
3751,European,欧洲的；欧洲人的；欧洲人
3752,euthanasia,安乐死；安乐死术
3753,evacuate,疏散，撤退；排泄
3754,evade,逃避；规避；逃脱
3755,evaluate,评价；估价；求…的值
3756,evaluation,评价；[审计] 评估；估价；求值
3757,evanescent,容易消散的；逐渐消失的；会凋零的
3758,evangelical,福音的；福音派教会的；新教会的；福音派信徒
3759,evangelist,福音传道者；圣经新约福音书的作者
3760,evaporate,使……蒸发；使……脱水；使……消失
3761,evasive,逃避的；托辞的；推托的
3762,eve,夏娃； 前夕；傍晚；重大事件关头
3763,even,[数] 偶数的；平坦的；相等的；甚至；即使；还；实际上；使平坦；使相等；(Even)人名；(法)埃旺；(德)埃文；(英)埃文
3764,evening,晚上；傍晚；（联欢性的）晚会；后期；在晚上的；为晚上的；晚上用的；晚上好（等于good evening）
3765,event,事件，大事；项目；结果
3766,eventful,多事的；重要的；多变故的；重大的
3767,eventual,最后的，结果的；可能的；终于的
3768,eventuality,可能性；可能发生的事；不测的事
3769,eventually,最后，终于
3770,ever,永远；曾经；究竟；(Ever)人名；(英)埃弗；(俄)叶韦尔；(西、法)埃韦尔
3771,evergreen,常绿树；常绿植物；[植] 常绿的；永葆青春的
3772,everlasting,永恒的；接连不断的
3773,evermore,永远，始终；今后
3774,every,每一的，每个的；每隔…的；(Every)人名；(英)埃夫里
3775,everybody,每个人；人人
3776,everyday,每天的，日常的；平时；寻常日子
3777,everyone,每个人；人人；每个人
3778,everything,每件事物；最重要的东西；（有关的）一切；万事
3779,everywhere,到处；每个地方
3780,eviction,逐出；赶出；收回
3781,evidence,证据，证明；迹象；明显；证明
3782,evident,明显的；明白的
3783,evidently,显然，明显地；清楚地
3784,evil,邪恶的；不幸的；有害的；讨厌的；罪恶，邪恶；不幸
3785,evince,表明，表示；引起
3786,evocative,唤起的；唤出的
3787,evoke,引起，唤起；博得
3788,evolution,演变；进化论；进展
3789,evolutionary,进化的；发展的；渐进的
3790,evolve,发展，进化；进化；使逐步形成；推断出
3791,ewe,[畜牧] 母羊
3792,exacerbate,使加剧；使恶化；激怒
3793,exact,准确的，精密的；精确的；要求；强求；急需
3794,exactly,恰好地；正是；精确地；正确地
3795,exaggerate,使扩大；使增大
3796,exalt,提升；提拔；赞扬；使得意
3797,exaltation,得意洋洋，欣喜；提拔；举起
3798,exalted,高尚的；尊贵的；兴奋的；高举；赞扬；使激动（exalt的过去分词）
3799,exam,考试；测验
3800,examination,考试；检查；查问
3801,examine,检查；调查； 检测；考试
3802,example,例子；榜样；作为…的例子；为…做出榜样；举例
3803,exasperate,恶化；使恼怒；激怒
3804,excavate,挖掘；开凿
3805,exceed,超过；胜过
3806,exceedingly,非常；极其；极度地；极端
3807,excel,超过；擅长
3808,excellence,优秀；美德；长处
3809,excellent,卓越的；极好的；杰出的
3810,except,不计；把…除外；除…之外；除了；要不是
3811,exception,例外；异议
3812,exceptional,异常的，例外的；超常的学生
3813,excerpt,摘录，引用；引用，摘录
3814,excess,超过，超额；过度，过量；无节制；额外的，过量的；附加的
3815,excessive,过多的，极度的；过分的
3816,exchange,交换；交流；交易所；兑换；交换；交易；兑换
3817,excise,切除；收税；消费税；货物税
3818,excitable,易激动的；易兴奋的；易怒的
3819,excite,激起；刺激…，使…兴奋
3820,excited,兴奋的；激动的；活跃的；激动；唤起（excite的过去分词）
3821,excitement,兴奋；刺激；令人兴奋的事物
3822,exciting,令人兴奋的；使人激动的；激动；刺激（excite的ing形式）；唤起
3823,exclaim,呼喊，惊叫；大声叫嚷
3824,exclamation,感叹；惊叫；惊叹词
3825,exclude,排除；排斥；拒绝接纳；逐出
3826,excluding,将……排除在外；不包括……；排除；除外；拒绝（exclude的ing形式）
3827,exclusion,排除；排斥；驱逐；被排除在外的事物
3828,exclusive,独有的；排外的；专一的；独家新闻；独家经营的项目；排外者
3829,exclusively,唯一地；专有地；排外地
3830,excursion,偏移；远足；短程旅行；离题；游览，游览团
3831,excusable,可原谅的；可辩解的；可免除的
3832,excuse,借口；理由；原谅；为…申辩；给…免去
3833,execrable,恶劣的；可憎恨的
3834,execute,实行；执行；处死
3835,execution,执行，实行；完成；死刑
3836,executioner,刽子手，死刑执行人
3837,executive,行政的；经营的；执行的，经营管理的；总经理；执行委员会；执行者；经理主管人员
3838,executor,执行者；[法] 遗嘱执行人
3839,exemplary,典范的；惩戒性的；可仿效的
3840,exemplify,例证；例示
3841,exercise,运动；练习；运用；操练；礼拜；典礼；锻炼；练习；使用；使忙碌；使惊恐
3842,exert,运用，发挥；施以影响
3843,exhale,呼气；发出；发散；使蒸发
3844,exhaust,排出；耗尽；使精疲力尽；彻底探讨；排气；废气；排气装置
3845,exhaustive,详尽的；彻底的；消耗的
3846,exhibit,展览；显示；提出（证据等）；展览品；证据；展示会
3847,exhibition,展览，显示；展览会；展览品
3848,exhibitor,展出者；显示者
3849,exhilarate,使高兴，使振奋；使愉快
3850,exhilarating,使人愉快的；令人喜欢的；爽快的；使高兴，使兴奋（exhilarate的现在分词形式）
3851,exhort,忠告；劝诫
3852,exile,流放，充军；放逐，被放逐者；流犯；放逐，流放；使背井离乡
3853,exist,存在；生存；生活；继续存在
3854,existence,存在，实在；生存，生活；存在物，实在物
3855,existent,生存者；存在的事物；存在的；生存的
3856,existential,存在主义的；有关存在的；存在判断的
3857,existentialist,存在主义者；存在主义的
3858,exit,出口，通道；退场；退出；离去
3859,exodus,大批的离去
3860,exonerate,使免罪
3861,exorcise,驱邪；除怪
3862,exotic,异国的；外来的；异国情调的
3863,expand,扩张；使膨胀；详述
3864,expanse,宽阔；广阔的区域；苍天；膨胀扩张
3865,expansion,膨胀；阐述；扩张物
3866,expansive,广阔的；扩张的；豪爽的
3867,expect,期望；指望；认为；预料
3868,expectancy,期望，期待
3869,expectant,期待的；怀孕的；预期中的；期待者；候选人
3870,expectation,期待；预期；指望
3871,expedient,权宜的；方便的；有利的；权宜之计；应急手段
3872,expedite,加快；促进；发出；畅通的；迅速的；方便的
3873,expedition,远征；探险队；迅速
3874,expel,驱逐；开除
3875,expend,花费；消耗；用光；耗尽
3876,expenditure,支出，花费；经费，消费额
3877,expense,损失，代价；消费；开支；向…收取费用；被花掉
3878,expensive,昂贵的；花钱的
3879,experience,经验；经历；体验
3880,experienced,老练的，熟练的；富有经验的
3881,experiment,尝试；进行实验；实验，试验；尝试
3882,expert,熟练的；内行的；老练的；专家；行家；能手；当专家；在…中当行家
3883,expertise,专门知识；专门技术；专家的意见
3884,expire,期满；终止；死亡；呼气
3885,expiry,满期，逾期；呼气；终结
3886,explain,说明；解释
3887,explanation,说明，解释；辩解
3888,explanatory,解释的；说明的
3889,explicable,可解释的，可说明的
3890,explode,爆炸，爆发；激增
3891,exploit,开发，开拓；剥削；开采；勋绩；功绩
3892,exploration,探测；探究；踏勘
3893,exploratory,勘探的；探究的；考察的
3894,explore,探索；探测；探险
3895,explorer,探险家；勘探者；探测器；[医]探针
3896,explosion,爆炸；爆发；激增
3897,explosive,爆炸的；爆炸性的；爆发性的；炸药；爆炸物
3898,exponent,[数] 指数；典型；说明者，说明物；说明的
3899,export,输出，出口；出口商品；输出物资
3900,exporter,出口商；输出国
3901,expose,揭露，揭发；使曝光；显示
3902,exposition,博览会；阐述；展览会
3903,exposure,暴露；曝光；揭露；陈列
3904,expound,解释；详细说明
3905,express,表达；快递；明确的；迅速的；专门的；快车，快递，专使；捷运公司
3906,expression,表现，表示，表达；表情，脸色，态度，腔调，声调；式，符号；词句，语句，措辞，说法
3907,expressive,表现的；有表现力的；表达…的
3908,expressly,清楚地，明显地；特别地，专门地
3909,expressway,（美）高速公路
3910,expropriate,没收，征用；剥夺
3911,expulsion,驱逐；开除
3912,expunge,擦去；删掉
3913,expurgate,删除，删去
3914,exquisite,精致的；细腻的；优美的，高雅的；异常的；剧烈的；服饰过于讲究的男子
3915,extant,现存的；显著的
3916,extend,延伸；扩大；推广；伸出；给予；使竭尽全力；对…估价
3917,extension,延长；延期；扩大；伸展；电话分机
3918,extensive,广泛的；大量的；广阔的
3919,exterior,外部的；表面的；外在的；外部；表面；外型；外貌
3920,exterminate,消灭；根除
3921,external,外部的；表面的；[药] 外用的；外国的；外面的；外部；外观；外面
3922,extinct,灭绝的，绝种的；熄灭的；使熄灭
3923,extinction,灭绝；消失；消灭；废止
3924,extinguish,熄灭；压制；偿清
3925,extinguisher,灭火器；消灭者；熄灭者
3926,extol,颂扬；赞美；赞颂
3927,extort,敲诈；侵占；强求；牵强地引出
3928,extortionate,敲诈的；勒索的；过高的
3929,extra,特别地，非常；另外；临时演员；号外；额外的事物；上等产品；额外的，另外收费的；特大的
3930,extract,提取；取出；摘录；榨取；汁；摘录；榨出物；选粹
3931,extraction,取出；抽出；拔出；抽出物；出身
3932,extractor,"抽出器, 拔取的人, 抽出者 [计] 抽取字; 析取字 [化] 抽提塔; 浸取器; 萃取器 [医] 拔出器, 取出器, 提取器"
3933,extracurricular,课外的；业余的；婚外的
3934,extradite,引渡；获取…的引渡
3935,extraneous,外来的；没有关联的；来自体外的
3936,extraordinary,非凡的；特别的；离奇的；临时的；特派的
3937,extrapolate,外推；推断
3938,extraterrestrial,地球外的；天外来客
3939,extravagance,奢侈，浪费；过度；放肆的言行
3940,extravagant,奢侈的；浪费的；过度的；放纵的
3941,extreme,极端的；极度的；偏激的；尽头的；极端；末端；最大程度；极端的事物
3942,extremely,非常，极其；极端地
3943,extremism,极端主义（尤指政治上的极右或极左）；极端性；过激主义
3944,extremist,极端主义者，过激分子
3945,extremities,四肢，骨端；末端，极限（extremity复数形式）；手足
3946,extremity,极端；绝境；非常手段；手足
3947,extricate,使解脱；解救；使游离
3948,extrovert,外向；外倾者；性格外向者（等于extravert）
3949,exuberant,繁茂的；生气勃勃的，充溢的
3950,exude,散发；流出；使渗出
3951,exult,狂喜，欢欣鼓舞；非常高兴
3952,eye,眼睛；视力；眼光；见解，观点；注视，看
3953,eyeball,眼球；眼珠子；盯住看；仔细对…打量
3954,eyebrow,眉毛；为…描眉；用皱眉蹙额迫使
3955,eyeglass,眼镜；镜片
3956,eyelash,睫毛
3957,eyeless,盲目的；无眼的；瞎的
3958,eyelid,[解剖] 眼睑；眼皮
3959,eyesight,视力；目力
3960,eyesore,眼中钉；难看的东西
3961,eyewash,无稽之谈；骗局；洗眼水；表面文章
3962,eyewitness,目击者；见证人
3963,fable,寓言；无稽之谈；编寓言；虚构；煞有介事地讲述；虚构
3964,fabric,织物；布；组织；构造；建筑物
3965,fabricate,制造；伪造；装配
3966,facade,正面；表面；外观
3967,face,脸；表面；面子；面容；外观；威信；向；朝
3968,facet,面；方面；小平面；在…上琢面
3969,facial,面部的，表面的；脸的，面部用的；美容，美颜；脸部按摩
3970,facile,（言语或理论）轻率的，未经深思熟虑的
3971,facilitate,促进；帮助；使容易
3972,facility,设施；设备；容易；灵巧
3973,facing,饰面；衣服等的贴边
3974,facsimile,传真；复写；复制的；传真；临摹
3975,fact,事实；实际；真相
3976,faction,派别；内讧；小集团；纪实小说
3977,factitious,人为的，人工的；不自然的；虚假的
3978,factor,因素；要素；[物] 因数；代理人；做代理商
3979,factory,工厂；制造厂；代理店
3980,factual,事实的；真实的
3981,faculty,科，系；能力；全体教员
3982,fad,时尚；一时的爱好；一时流行的狂热
3983,fade,褪色；凋谢；逐渐消失；平淡的；乏味的；[电影][电视] 淡出；[电影][电视] 淡入
3984,fag,苦工；疲劳；使劳累
3985,Fahrenheit,华氏温度计的；华氏的；华氏温度计；华氏温标
3986,fail,失败，不及格；破产；缺乏；衰退；不及格
3987,failing,失败；缺点，过失；弱点；如果没有…；失败的；失败；不及格（fail的ing形式）
3988,failure,失败；故障；失败者；破产
3989,faint,模糊的；头晕的；虚弱的；[医] 衰弱的；昏倒；变得微弱；变得没气力；[中医] 昏厥，昏倒
3990,fainthearted,懦弱的，胆小的；无精神的
3991,fair,公平的；美丽的，白皙的；[气象] 晴朗的；公平地；直接地；清楚地；转晴；展览会；市集；美人
3992,fairground,露天市场；举行赛会的场所；游乐场
3993,fairly,相当地；公平地；简直；(Fairly)人名；(英)费尔利
3994,fairness,公平；美好；清晰；顺利性
3995,fairway,航路；水上飞机升降用的水面跑道；（高尔夫球场上的）平坦球道
3996,fairy,仙女，小精灵；漂亮姑娘；虚构的；仙女的
3997,fairyland,仙境；乐园；奇境
3998,faith,信仰；信念；信任；忠实
3999,faithful,忠实的，忠诚的；如实的；准确可靠的；(Faithful)人名；(英)费思富尔
4000,faithfully,忠实地；如实地；诚心诚意地；深信着地
4001,fake,假货；骗子；假动作；捏造；假装…的样子；伪造的
4002,falcon,[鸟] 猎鹰；[鸟] 隼
4003,fall,落下；变成；来临；减弱；下降；秋天；瀑布；秋天的
4004,fallacious,谬误的；骗人的；靠不住的；不合理的
4005,fallacy,谬论，谬误
4006,fallible,易犯错误的；不可靠的
4007,fallow,休耕的；不活跃的；休耕地；休耕；使（土地）休闲；潜伏
4008,false,错误的；虚伪的；伪造的；欺诈地
4009,falsehood,说谎；假话；不真实；错误的信仰
4010,falsetto,假音；假声歌手；[耳鼻喉] 男性女声；用假声的；用假声
4011,falsify,伪造；篡改；歪曲；证明虚假
4012,falsity,虚伪；错误；谎言；不真实
4013,falter,支吾；蹒跚地走；踌躇；支吾；颤抖
4014,fame,名声，名望；传闻，传说；使闻名，使有名望
4015,famed,著名的
4016,familial,家族的；家庭的；遗传的
4017,familiar,熟悉的；常见的；亲近的；常客；密友
4018,familiarise,使熟悉（等于familiarize）
4019,family,家庭；亲属；家族；子女；[生]科；语族；[化]族；家庭的；家族的；适合于全家的
4020,famine,饥荒；饥饿，奇缺
4021,famous,著名的；极好的，非常令人满意的
4022,fan,煽动；刺激；吹拂；迷；风扇；爱好者
4023,fanatic,狂热入迷者；盲信者；盲信；狂热的；盲信的
4024,fanciful,想像的；稀奇的
4025,fancy,幻想；想象力；爱好；想象的；奇特的；昂贵的；精选的；想象；喜爱；设想；自负
4026,fantasise,耽于幻想
4027,fantastic,奇异的；空想的；异想天开的；古怪的；极好的，极出色的；不可思议的；不切实际的；古怪的人
4028,fantasy,幻想；白日梦；幻觉；虚幻的；空想；想像
4029,far,很；遥远地；久远地；到很远的距离；到很深的程度；远的；久远的；远方
4030,faraway,遥远的；恍惚的
4031,farce,闹剧；胡闹；笑剧
4032,fare,经营；进展；遭遇；过活；票价；费用；旅客；食物
4033,farewell,告别，辞别；再见；再会；别了！（常含有永别或不容易再见面的意思）；再会！；告别的
4034,farm,种田，务农；经营农场；农场；农家；畜牧场
4035,farmer,农夫，农民
4036,farmhand,[农经] 农场工人
4037,farmhouse,农家，[农工] 农舍
4038,farming,农业，耕作；耕种；出租（farm的ing形式）
4039,farmland,农田
4040,farmyard,农家庭院；农场；农家
4041,farsighted,有远见的；能看到远处的
4042,farther,更远地；此外；更进一步地；进一步的；更远的（far的比较级）
4043,fascinate,使着迷，使神魂颠倒
4044,fascinating,迷人的；吸引人的；使人神魂颠倒的；使…着迷；使…陶醉（fascinate的ing形式）
4045,fascination,魅力；魔力；入迷
4046,fascism,法西斯主义；极端国家主义
4047,fascist,法西斯主义者；法西斯党员；法西斯主义的，法西斯党的
4048,fashion,时尚；时装；样式；时髦人物；使用；改变；做成…的形状
4049,fashionable,流行的；时髦的；上流社会的
4050,fast,快速的，迅速的；紧的，稳固的；迅速地；紧紧地；彻底地；禁食，斋戒；斋戒；绝食
4051,fasten,使固定；集中于；扎牢；强加于；(Fasten)人名；(英)法森
4052,fastening,扣紧；系结物（fasten的现在分词）
4053,fastidious,挑剔的；苛求的，难取悦的；（微生物等）需要复杂营养地
4054,fat,肥的，胖的；油腻的；丰满的；脂肪，肥肉；养肥；在…中加入脂肪
4055,fatal,致命的；重大的；毁灭性的；命中注定的；(Fatal)人名；(葡、芬)法塔尔
4056,fatalism,宿命论
4057,fatality,死亡；宿命；致命性；不幸；灾祸
4058,fate,命运；注定
4059,fated,命中注定的，宿命的；受命运支配的
4060,fateful,重大的；决定性的；宿命的
4061,father,父亲，爸爸；神父；祖先；前辈；发明，创立；当…的父亲
4062,fatherland,祖国
4063,fathom,看穿；彻底了解；测量…的深度；英寻（测量水深的长度单位）
4064,fatigue,疲劳，疲乏；杂役；使疲劳；使心智衰弱；疲劳的
4065,fatten,养肥；使肥沃；使充实
4066,fatuous,愚笨的；昏庸的；发呆的；自满的
4067,faucet,旋塞；插口水龙头
4068,fault,故障；[地质] 断层；错误；缺点；毛病；（网球等）发球失误；弄错；产生断层
4069,faulty,有错误的；有缺点的
4070,fauna,动物群；[动] 动物区系
4071,favoritism,偏袒；得宠
4072,favour,偏爱；赞同；善行；赞成；喜爱；有助于
4073,favourable,有利的，顺利的；赞成的；有利
4074,favourite,特别受喜爱的；特别喜爱的人（或物）
4075,fawn,奉承；小鹿；浅黄褐色；小动物；浅黄褐色的
4076,fax,传真
4077,faze,打扰；使狼狈；折磨
4078,fear,害怕；恐惧；敬畏；担心；害怕；敬畏；为…担心
4079,fearful,可怕的；担心的；严重的
4080,fearless,无畏的；大胆的
4081,feasible,可行的；可能的；可实行的
4082,feast,享受；款待，宴请；筵席，宴会；节日
4083,feat,功绩，壮举；技艺表演；合适的；灵巧的
4084,feather,羽毛；用羽毛装饰
4085,featherbrained,轻浮的；愚蠢的
4086,feature,特色，特征；容貌；特写或专题节目；起重要作用
4087,February,二月
4088,feckless,无效的；软弱的；没精神的；不负责任的；无气力的
4089,fecund,肥沃的；多产的；丰饶的；生殖力旺盛的
4090,federal,联邦的；同盟的；联邦政府的； 联邦制的；联邦政府地；(Federal)人名；(英)费德勒尔
4091,federalism,联邦制；联邦主义
4092,federalist,联邦党；联邦制拥护者；支持北部联邦者；（支持）联邦党人的；联邦制的
4093,federate,同盟的；联邦制度下的；联合的；使结成同盟；使结成联邦
4094,federation,联合；联邦；联盟；联邦政府
4095,fee,费用；酬金；小费；付费给……
4096,feeble,微弱的，无力的；虚弱的；薄弱的
4097,feebleminded,低能的；意志薄弱的；精神薄弱的
4098,feed,喂养；供给；放牧；抚养（家庭等）；靠…为生；饲料；饲养；（动物或婴儿的）一餐
4099,feedback,反馈；成果，资料；回复
4100,feeder,支线；喂食器；奶瓶；饲养员；支流
4101,feel,感觉；认为；触摸；试探；感觉；触摸
4102,feeler,[动] 触角；试探；试探者；厚薄规
4103,feeling,感觉，触觉；感情，情绪；同情；有感觉的；有同情心的；富于感情的；感觉；认为（feel的现在分词）；触摸
4104,feign,假装；装作；捏造；想象
4105,feint,佯攻；伪装；佯攻；假装；假的
4106,felicity,幸福；快乐；幸运
4107,fell,凶猛的；毁灭性的；砍伐；打倒；击倒；[林] 一季所伐的木材；折缝；兽皮
4108,fellow,家伙；朋友；同事；会员；同伴的，同事的；同道的；使…与另一个对等；使…与另一个匹敌
4109,fellowship,团体；友谊；奖学金；研究员职位
4110,felony,重罪
4111,felt,毡；毡制品；粘结
4112,female,女性的；雌性的；柔弱的，柔和的；女人；[动] 雌性动物
4113,feminine,女性的；妇女（似）的；阴性的；娇柔的
4114,femininity,温柔；柔弱性；女子本性
4115,feminism,女权主义；女权运动；男女平等主义
4116,feminist,女权主义者；主张女权的
4117,fen,沼地，沼泽；沼泽地区
4118,fence,栅栏；围墙；剑术；防护；用篱笆围住；练习剑术
4119,fend,谋生；保护；挡开；供养
4120,fender,（汽车等的）挡泥板；防卫物；（暖炉的）炉围；（船只的）碰垫
4121,ferment,发酵；酵素；动乱；发酵；动乱
4122,fermentation,发酵
4123,fern,[植] 蕨；[植] 蕨类植物
4124,ferocious,残忍的；惊人的
4125,ferocity,凶猛；残忍；暴行
4126,ferret,搜出，查获；驱出；用雪貂猎取；雪貂；白鼬；侦探
4127,ferry,渡船；摆渡；渡口；（乘渡船）渡过；用渡船运送；空运
4128,ferryboat,渡船
4129,fertile,富饶的，肥沃的；能生育的
4130,fertilise,使受精；施肥于；使肥沃
4131,fertilizer,[肥料] 肥料；受精媒介物；促进发展者
4132,fervent,热心的；强烈的；炽热的；热烈的
4133,fervour,热情（等于fervor）
4134,fester,溃烂；化脓；溃烂；脓疮，脓疱
4135,festival,节日；庆祝，纪念活动；欢乐；节日的，喜庆的；快乐的
4136,festive,节日的；喜庆的；欢乐的
4137,festivity,欢庆，欢宴；庆典；欢乐
4138,festoon,结彩于；[建] 以花彩装饰；花彩；[建] 花彩装饰物
4139,fetch,取来；接来；到达；吸引；取得；诡计
4140,fetching,迷人的；动人的；吸引人的
4141,fete,祭祀；庆祝；节日；游乐会；宴请；招待
4142,fetid,臭的；恶臭的；腐臭的
4143,fetish,恋物（等于fetich）；迷信；偶像
4144,fetter,束缚；加脚镣；束缚；羁绊；脚镣
4145,fetus,胎儿，胎
4146,feud,不和；争执；封地;（部落或家族间的）世仇；长期不和；长期争斗
4147,feudal,封建制度的；领地的；世仇的
4148,feudalism,封建主义；封建制度
4149,fever,发烧，发热；狂热；使发烧；使狂热；使患热病；发烧；狂热；患热病
4150,feverish,发热的；极度兴奋的
4151,few,很少的；几乎没有的；很少；很少数
4152,fiance,fiance
4153,fiasco,惨败
4154,fiberglass,玻璃纤维；玻璃丝
4155,fibre,纤维；纤维制品
4156,fickle,浮躁的；易变的；变幻无常的
4157,fiction,小说；虚构，编造；谎言
4158,fictitious,虚构的；假想的；编造的；假装的
4159,fiddle,小提琴；瞎搞；拉小提琴
4160,fiddling,无用的；无足轻重的；微不足道的（等于fiddly）；诈骗；拉小提琴；虚度时光（fiddle的ing形式）
4161,fiddly,需要手巧的，要求高精度的
4162,fidelity,保真度；忠诚；精确；尽责
4163,field,领域；牧场；旷野；战场；运动场；担任场外队员；扫描场；田赛的；野生的
4164,fieldwork,野外工作；现场工作；野战工事
4165,fiend,魔鬼；能手；成癖者
4166,fiendish,恶魔似的，残忍的；极坏的
4167,fierce,凶猛的；猛烈的；暴躁的；(Fierce)人名；(英)菲尔斯
4168,fiery,热烈的，炽烈的；暴躁的；燃烧般的
4169,fifteen,十五；十五个；十五人组成的橄榄球队；十五的；十五
4170,fifteenth,第十五的；十五分之一的；第十五
4171,fifth,第五的；五分之一的；第五；五分之一；第五
4172,fiftieth,第五十；五十分之一；第五十的；五十分之一的
4173,fifty,五十；五十个；编号为50的东西；五十的；五十个的；众多的
4174,fig,无花果；无花果树；少许，一些；无价值的东西；服装；打扮；使马跑快
4175,fight,打架；与…打仗，与…斗争；反对…提案；打架；战斗，斗志
4176,fighting,战斗的；好战的；适于格斗的；战斗，搏斗；奋斗（fight的ing形式）；打仗；与…进行拳击
4177,figment,虚构的事；臆造的事物
4178,figurative,比喻的；修饰丰富的；形容多的
4179,figure,数字；人物；图形；价格；（人的）体形；画像；计算；出现；扮演角色
4180,figurehead,破浪神；有名无实的领袖；装饰船头的人像
4181,filament,灯丝；细丝；细线；单纤维
4182,file,文件；档案；文件夹；锉刀；提出；锉；琢磨；把…归档
4183,filial,孝顺的；子女的，当做子女的
4184,fill,装满，使充满；满足；堵塞；任职；满足；填满的量；装填物
4185,fillet,鱼片；头带；平边；饰线；用带缚；把…切成片
4186,filling,填充；填料；填满；遍及（fill的ing形式）
4187,film,电影；薄膜；胶卷；轻烟；在…上覆以薄膜；把…拍成电影
4188,filter,滤过；渗入；慢慢传开；滤波器；[化工] 过滤器；筛选；滤光器
4189,filth,污秽；肮脏；猥亵；不洁
4190,filthy,肮脏的；污秽的；猥亵的
4191,fin,鳍；鱼翅；鳍状物；切除鳍；装上翅
4192,final,最终的；决定性的；不可更改的；决赛；期末考试；当日报纸的末版
4193,finale,结局；终曲；最后一场；最后乐章；尾声
4194,finalist,参加决赛的选手
4195,finally,最后；终于；决定性地
4196,finance,财政，财政学；金融；负担经费，供给…经费
4197,financial,金融的；财政的，财务的
4198,financier,欺骗；从事欺骗性金融活动；金融家；投资家
4199,find,查找，找到；发现；认为；感到；获得；发现
4200,finding,发现；裁决；发现物；找到；感到（find的ing形式）；遇到
4201,fine,好的；优良的；细小的，精美的；健康的；晴朗的；罚款；罚款；澄清；很好地；精巧地
4202,finely,非常地；细微地；美好地；雅致地
4203,finery,服饰；华丽的服饰，鲜艳服装；装饰
4204,finesse,策略；纤细；灵巧；巧妙处理；以偷牌方式先出
4205,finger,手指；指针，指状物；伸出；用手指拨弄
4206,fingernail,手指甲
4207,fingerprint,指纹；手印；采指纹
4208,fingertip,指尖；指套
4209,finicky,过分讲究的；过分注意的；过分繁琐的
4210,finish,完成；结束；用完；结束；完美；回味（葡萄酒）
4211,finished,完结的，完成的；精巧的；完成；结束；毁掉（finish的过去分词形式）
4212,fir,冷杉；枞木；弗京（firkin）
4213,fire,火；火灾；炮火；炉火；热情；激情；磨难；点燃；解雇；开除；使发光；烧制；激动；放枪
4214,firearm,火器；枪炮
4215,firebrand,火把；煽动叛乱者；放火者
4216,firebrick,耐火砖
4217,firecracker,鞭炮，爆竹
4218,firedamp,沼气；甲烷
4219,firefighter,消防队员
4220,fireman,消防队员；救火队员；锅炉工
4221,fireplace,壁炉
4222,firepower,火力
4223,fireproof,防火的；耐火的；使耐火；使防火
4224,fireside,炉边；家庭；炉边的；非正式的
4225,firewood,柴火；木柴
4226,firework,烟火；激烈情绪
4227,firm,坚定的；牢固的；严格的；结实的；使坚定；使牢固；稳固地；公司；商号
4228,first,第一；首先；优先；宁愿；第一；开始；冠军；第一的；基本的；最早的；第一
4229,firstborn,长子；初生儿；长女；头生的；第一胎生的
4230,firsthand,直接的；直接采购的；直接得来的；直接地
4231,fiscal,会计的，财政的；国库的；(Fiscal)人名；(法)菲斯卡尔
4232,fish,捕鱼，钓鱼；用钩捞取；鱼，鱼类
4233,fisherman,渔夫；渔人
4234,fishery,渔业；渔场；水产业
4235,fishing,渔业；捕鱼（术）；试探；装配；钓鱼的；钓鱼用的；捕鱼（fish的ing形式）
4236,fishmonger,鱼贩；鱼商
4237,fission,裂变；分裂；分体；分裂生殖法
4238,fissure,裂开；分裂；裂缝；裂沟（尤指岩石上的）
4239,fist,拳，拳头；〈口〉笔迹；掌握；[印]指标参见号；紧握；握成拳；用拳打
4240,fit,安装；使……适应；使……合身；与……相符；健康的；合适的；恰当的；准备好的；合身；发作；痉挛
4241,fitful,一阵阵的；断断续续的；不规则的；间歇的
4242,fitness,健康；适当；适合性
4243,fitting,装配，装置；试穿，试衣；适合的，适宜的；相称的
4244,five,五，五个；五美元钞票；五，五个；五的；五个的
4245,fix,使固定；修理；安装；准备；困境；方位；贿赂
4246,fixed,确定的；固执的；<美口>处境的；准备好的；修理（过去式）
4247,fixer,固定器；[摄] 定影剂；毒贩子；调停者
4248,fixture,设备；固定装置；固定于某处不大可能移动之物
4249,fizz,兴奋，活力；嘶嘶声；充气饮料；显示兴奋；发嘶嘶声；起泡沫
4250,flabby,松弛的；软弱的；没气力的；优柔寡断的
4251,flaccid,[医] 弛缓的；软弱的；无活力的
4252,flag,标记；衰退；枯萎；标志；旗子
4253,flagpole,旗竿
4254,flagrant,公然的；不能容忍的；非常的；臭名远扬的；明目张胆的；恶名昭著的（名词flagrancy，副词flagrantly）
4255,flagship,旗舰；（作定语）一流；佼佼者
4256,flagstaff,旗杆
4257,flail,打；用连枷打；连枷（打谷物用的工具）
4258,flair,天资；天分；资质；鉴别力
4259,flak,高射炮；抨击；谴责
4260,flake,剥落；成片状剥落；小薄片；火花
4261,flamboyant,艳丽的；火焰似的；炫耀的；凤凰木
4262,flame,火焰；热情；光辉；焚烧；泛红
4263,flammable,易燃的；可燃的；可燃性的；易燃物
4264,flank,侧面；侧翼；侧腹；守侧面；位于…的侧面；攻击侧面；在左右两边
4265,flannel,法兰绒；法兰绒衣服；法兰绒巾；给…穿上法兰绒衣服；用法兰绒包；法兰绒的
4266,flap,拍打，拍打声；神经紧张；[航] 襟翼；拍动；神经紧张；鼓翼而飞；（帽边等）垂下
4267,flare,使闪耀；使张开；用发光信号发出；使外倾；加剧，恶化；底部展开；（鼻孔）张开的意思；闪光，闪耀；耀斑；爆发；照明弹
4268,flash,使闪光；反射；闪光，闪现；一瞬间；闪光的，火速的
4269,flashback,倒叙；闪回；迷幻药效幻觉重现
4270,flashlight,手电筒；闪光灯
4271,flask,[分化] 烧瓶；长颈瓶，细颈瓶；酒瓶，携带瓶
4272,flat,平的；单调的；不景气的；干脆的；平坦的；扁平的；浅的；（尤指贴着另一表面）平直地；断然地；水平地；直接地，完全地；平地；公寓；平面；使变平；[音乐]使（音调）下降，尤指降半音；逐渐变平；[音乐]以降调唱（或奏）
4273,flatten,击败，摧毁；使……平坦；(Flatten)人名；(德)弗拉滕
4274,flatter,奉承；谄媚；使高兴
4275,flattery,奉承；谄媚；恭维话
4276,flaunt,炫耀；飘扬；炫耀；飘扬；招展
4277,flautist,横笛吹奏者（等于flutist）
4278,flavoring,调味品（等于flavour）；加味于…（flavor的ing形式）
4279,flavour,香味；滋味；给……调味；给……增添风趣
4280,flaw,瑕疵，缺点；一阵狂风；短暂的风暴；裂缝，裂纹；使生裂缝，使有裂纹；使无效；使有缺陷
4281,flawless,完美的；无瑕疵的；无裂缝的
4282,flax,亚麻；亚麻纤维；亚麻布；亚麻织品
4283,flaxen,淡黄色的；亚麻的；亚麻色的
4284,flea,跳蚤；低廉的旅馆；生蚤的动物
4285,fleck,斑点；微粒，小片；使起斑点；使有斑驳
4286,flee,逃走；消失，消散
4287,fleece,羊毛，绒头织物；羊毛制的覆盖物；剪下羊毛；欺诈，剥削
4288,fleet,快速的，敏捷的；舰队；港湾；小河；飞逝；疾驰；掠过
4289,flesh,肉；肉体；喂肉给…；使发胖
4290,flex,折曲；使收缩；屈曲；电线；松紧带；弹性工作制的
4291,flexible,灵活的；柔韧的；易弯曲的
4292,flexibly,灵活地；易曲地；柔软地；有弹性地
4293,flexitime,弹性上班制（等于flextime）
4294,flick,轻弹；忽然摇动；轻轻拂去；弹开；快速的轻打；轻打声
4295,flicker,闪烁；摇曳；颤动；扑动翅膀；假装昏倒；闪烁；闪光；电影
4296,flier,飞行员；快车；飞行物；（美）广告传单
4297,flight,飞行；班机；逃走；射击；使惊飞
4298,flighty,轻浮的；轻狂的；心情浮动的
4299,flimsy,脆弱的；浅薄的；易损坏的；不周密的；薄纸；复写纸；打字纸
4300,flinch,退缩；畏惧
4301,fling,掷，抛；嘲笑；使陷入；轻蔑地投射；猛动；掷，抛；嘲弄；急冲
4302,flint,燧石；打火石；极硬的东西
4303,flip,掷；轻击；无礼的；轻率的；弹；筋斗
4304,flippant,轻率的；嘴碎的；没礼貌的
4305,flirt,调情；玩弄；轻率地对待；摆动；急扔；调情的人；卖弄风骚的人
4306,flit,掠过；轻快地飞；移居；轻快的飞行；搬家
4307,float,使漂浮；实行；彩车，花车；漂流物；浮舟；浮萍
4308,flock,群；棉束（等于floc）；用棉束填满
4309,flog,鞭打，鞭策；迫使
4310,flood,淹没；充满；溢出；洪水；泛滥；一大批
4311,floodgate,水闸；水门；防潮水闸；制约（怒气）
4312,floodlight,照明灯；泛光灯；探照灯；用泛光灯照亮
4313,floor,地板，地面；楼层；基底；议员席；铺地板；打倒，击倒；（被困难）难倒
4314,flop,笨拙地抛下；扑通放下；拍（翅）；失败；砰然落下；拍击声；扑通一声；恰巧
4315,floppy,松软的；叭嗒叭嗒响的；懒散的，邋遢的；软磁碟
4316,floral,花的；植物的，植物群的；花似的
4317,florid,绚丽的；气色好的
4318,florist,花商，种花人；花卉研究者
4319,flounder,挣扎，折腾；错乱地做事或说话；挣扎，辗转；比目鱼
4320,flour,面粉；粉状物质；撒粉于；把…磨成粉
4321,flourish,兴旺；茂盛；挥舞；炫耀；华饰；夸耀；挥舞
4322,flout,嘲笑；轻视；愚弄；嘲笑；藐视；愚弄
4323,flow,流动，涌流；川流不息；飘扬；流动；流量；涨潮，泛滥
4324,flowchart,[工业] 流程图；作业图
4325,flower,花；精华；开花植物；成熟，发育；开花；繁荣；旺盛
4326,flowerbed,花圃；花床
4327,flowerpot,花盆；花钵
4328,flu,流感
4329,fluctuate,波动；涨落；动摇
4330,fluency,（语言、文章）流利；（技能）娴熟
4331,fluent,流畅的，流利的；液态的；畅流的
4332,fluff,绒毛；错误；无价值的东西；念错；抖松；使…起毛
4333,fluid,流动的；流畅的；不固定的；流体；液体
4334,fluidity,[流] 流动性；流质；易变性
4335,fluke,侥幸；锚爪；意外的挫折；侥幸成功；意外受挫；侥幸成功
4336,flunk,失败；放弃；考试不及格；不及格；失败
4337,fluorescent,荧光的；萤光的；发亮的；荧光；日光灯
4338,flurry,慌张；疾风；飓风；骚动；使恐慌；使激动
4339,flush,激动，洋溢；面红；萌芽；旺盛；奔流；使齐平；发红，使发亮；用水冲洗；使激动；大量的；齐平的；丰足的，洋溢的；挥霍的
4340,flute,长笛；【工程设计】(刀具的)出屑槽；用长笛吹奏
4341,flutter,飘动；鼓翼；烦扰；摆动；鼓翼；烦扰
4342,flux,[流][机] 流量；变迁；不稳定；流出；使熔融；用焊剂处理
4343,fly,飞；驾驶飞机；飘扬；飞行；苍蝇；两翼昆虫；敏捷的
4344,flyer,传单；飞鸟；飞行物；飞跳；孤注一掷
4345,flyleaf,飞页，章节后的空白
4346,flyover,天桥；立交桥；立交马路
4347,flypast,空中分列
4348,flywheel,[机] 飞轮，惯性轮；调速轮
4349,foam,泡沫；水沫；灭火泡沫；起泡沫；吐白沫；起着泡沫流动
4350,focus,焦点；中心；清晰；焦距；使集中；使聚焦
4351,fodder,饲料；素材；喂
4352,foe,敌人；反对者；危害物
4353,foetus,胎儿
4354,fog,雾；烟雾，尘雾；迷惑；使模糊；使困惑；以雾笼罩
4355,foggy,有雾的；模糊的，朦胧的
4356,fogy,顽固守旧者；赶不上时代的人（等于fogey）
4357,foible,弱点；小缺点；癖好
4358,foil,衬托；阻止，挡开；挫败；贴箔于；箔，金属薄片；衬托，烘托；叶形片；面向文件的翻译语言（file-Oriented interpretive language）
4359,foist,偷偷插入；混入；蒙骗；硬卖给；采用欺骗手段出售；把…强加于
4360,fold,折叠；合拢；抱住；笼罩；折痕；信徒；羊栏
4361,folder,文件夹；折叠机；折叠式印刷品
4362,foliage,植物；叶子（总称）
4363,folivore,食叶动物（尤指灵长目动物）
4364,folk,民族；人们；亲属（复数）；民间的
4365,folklore,民俗学；民间传说；民间风俗
4366,follow,跟随；遵循；追求；密切注意，注视；注意；倾听；跟随；追随
4367,follower,追随者；信徒；属下
4368,following,下面的；其次的，接着的；下列事物；一批追随者；跟随；沿行（follow的ing形式）
4369,folly,愚蠢；荒唐事；讽刺剧
4370,fond,喜欢的；温柔的；宠爱的；(Fond)人名；(法)丰；(瑞典)丰德
4371,fondle,爱抚；抚弄
4372,font,字体；字形；泉；洗礼盘，圣水器
4373,food,食物；养料
4374,foodstuff,食品，食物；粮食，食料
4375,fool,欺骗；开玩笑；戏弄；傻瓜；愚人；受骗者；傻的
4376,foolish,愚蠢的；傻的
4377,foolproof,十分简单的；十分安全的；不会错的；极简单；安全自锁装置
4378,foot,脚；英尺；步调；末尾；步行；跳舞；总计
4379,football,足球，橄榄球；踢足球；打橄榄球
4380,footballer,足球运动员；橄榄球运动员
4381,footbridge,[交] 人行桥
4382,foothill,山麓小丘；丘陵地带
4383,foothold,据点；立足处
4384,footloose,自由自在的，不受束缚的
4385,footman,男仆，侍从；步兵
4386,footnote,脚注；补充说明；给…作脚注；在脚注里评议
4387,footpath,人行道；小路；小径
4388,footprint,足迹；脚印
4389,footstep,脚步；脚步声；足迹
4390,footwear,鞋类
4391,footwork,步法；需跑腿的工作；策略
4392,for,为，为了；因为；给；对于；至于；适合于；因为
4393,forage,饲料；草料；搜索；搜寻粮草；搜寻
4394,foray,涉足，初次尝试；突袭；侵略；攻击；袭击
4395,forbear,忍耐；克制；祖先
4396,forbid,禁止；不准；不允许；〈正式〉严禁
4397,forbidden,被禁止的；严禁的，禁用的
4398,forbidding,令人生畏的；严峻的；险恶的；禁止；不准（forbid的ing形式）
4399,force,力量；武力；军队；魄力；促使，推动；强迫；强加
4400,forceful,强有力的；有说服力的；坚强的
4401,forceps,[医] 钳子；医用镊子
4402,forcible,强制的；暴力的；有说服力的；强有力的
4403,ford,浅滩；Ford：福特汽车公司；涉水而过
4404,fore,以前的；在前部的；前部；船头；在前面；在船头；在前；（打高尔夫球者的叫声）让开！
4405,forearm,前臂；预先武装；准备
4406,forebode,预示；预感；预兆
4407,foreboding,预感；先兆；预兆；预感的；不祥之兆的
4408,forecast,预报，预测；预示；预测，预报；预想
4409,forecourt,前院；前场
4410,forefinger,食指
4411,forefront,最前线，最前部；活动的中心
4412,forego,放弃；居先；在……之前
4413,foregoing,前述的；前面的；在前的；发生在…之前；走在…之前（forego的ing形式）
4414,foreground,前景；最显著的位置
4415,forehead,额，前额
4416,foreign,外国的；外交的；异质的；不相关的
4417,foreigner,外地人，外国人
4418,foreknowledge,预知；先见之明
4419,foreland,沿海地区；前沿地；海角
4420,foreleg,前脚；前腿
4421,foreman,领班；陪审团主席
4422,foremost,最重要的；最先的；首先；居于首位地
4423,forename,在姓前面的名
4424,forensic,法院的；辩论的；适于法庭的
4425,forerunner,先驱；先驱者；预兆
4426,foresee,预见；预知
4427,foreshadow,预示；成为…的前兆；预兆
4428,foreshore,海滩；前滩
4429,foresight,先见，远见；预见；深谋远虑
4430,forest,植树于，使成为森林；森林
4431,forestall,先发制人，预先阻止；垄断，屯积；领先；占先一步
4432,forester,林务官，护林人；森林人，森林居民
4433,forestry,林业；森林地；林学
4434,foretaste,先试；预示；先尝；试吃；先试；预尝；快乐地期待
4435,foretell,预言；预示；预告
4436,forethought,深谋远虑；先见；考虑将来；预先计划好的
4437,forever,永远；不断地；常常
4438,forewarn,预先警告
4439,foreword,序；前言
4440,forfeit,罚金；没收物；丧失的东西；因受罚而丧失的；被没收的；（因犯罪、失职、违约等）丧失（权利、名誉、生命等）
4441,forge,熔炉，锻铁炉；铁工厂；伪造；做锻工；前进
4442,forgery,伪造；伪造罪；伪造物
4443,forget,忘记；忽略；(Forget)人名；(法)福尔热
4444,forgetful,健忘的；不注意的；疏忽的；使遗忘的
4445,forgive,原谅；免除（债务、义务等）
4446,fork,叉；餐叉；耙；叉起；使成叉状
4447,forlorn,被遗弃的；绝望的；孤独的
4448,form,形式，形状；形态，外形；方式；表格；构成，组成；排列，组织；产生，塑造
4449,formal,正式的；拘谨的；有条理的；正式的社交活动；夜礼服
4450,formalise,使成为正式
4451,formality,礼节；拘谨；仪式；正式手续
4452,format,格式；版式；开本；使格式化；规定…的格式
4453,formation,形成；构造；编队
4454,formative,形成的；造型的；格式化的；构词要素
4455,former,从前的，前者的；前任的；模型，样板；起形成作用的人
4456,formerly,以前；原来
4457,formidable,强大的；可怕的；令人敬畏的；艰难的
4458,formula,[数] 公式，准则；配方；婴儿食品
4459,formulate,规划；用公式表示；明确地表达
4460,formulation,构想，规划；公式化；简洁陈述
4461,fornicate,与…通奸；弓形的；拱状的
4462,forsake,放弃；断念
4463,fort,堡垒；要塞；（美）边界贸易站；设要塞保卫
4464,forte,长处；特长；强音的；响的；响亮地
4465,forth,向前，向外；自…以后；(Forth)人名；(德)福特；(英)福思
4466,forthcoming,即将来临的；来临
4467,forthright,直率的；直截了当的；直率地；马上；立即；直路
4468,forthwith,立刻，立即；不犹豫地
4469,fortieth,第四十；四十分之一；第四十的；四十分之一的
4470,fortify,加强；增强；（酒）的酒精含量；设防于
4471,fortitude,刚毅；不屈不挠；勇气
4472,fortnight,两星期
4473,fortress,堡垒；要塞；筑要塞；以要塞防守
4474,fortuitous,偶然的，意外的；幸运的
4475,fortunate,幸运的；侥幸的；吉祥的；带来幸运的
4476,fortunately,幸运地
4477,fortune,财富；命运；运气；给予财富；偶然发生
4478,forty,四十；四十的；四十个的
4479,forum,论坛，讨论会；法庭；公开讨论的广场
4480,forward,向前的；早的；迅速的；向前地；向将来；促进；转寄；运送；前锋
4481,forwards,向前；今后
4482,fossil,化石；僵化的事物；顽固不化的人；化石的；陈腐的，守旧的
4483,foster,培养；养育，抚育；抱（希望等）；收养的，养育的；(Foster)人名；(英、捷、意、葡、法、德、俄、西)福斯特
4484,foul,犯规的；邪恶的；污秽的；淤塞的；犯规；弄脏；淤塞；缠住，妨害；犯规；缠绕；违反规则地，不正当地
4485,found,创立，建立；创办
4486,foundation,基础；地基；基金会；根据；创立
4487,founder,失败；沉没；倒塌；变跛；创始人；建立者；翻沙工
4488,fount,泉；源泉；墨水缸
4489,fountain,喷泉，泉水；源泉
4490,four,四；四个；四的；四个的；(Four)人名；(西)福尔；(法)富尔
4491,fourteen,十四；十四个；第十四；十四的记号；十四岁；十四点钟；十五世纪
4492,fourteenth,第十四的；第十四个的；第十四；月的第十四日；十四分之一；第十四
4493,fourth,第四的，第四个的；四分之一的；第四，月的第四日；四分之一；第四
4494,fowl,家禽；鸟；飞禽；打鸟；捕野禽
4495,fox,欺骗；使变酸；狐狸；狡猾的人
4496,foyer,门厅，休息室；大厅
4497,fraction,分数；部分；小部分；稍微
4498,fractional,部分的；[数] 分数的，小数的
4499,fractious,易怒的；倔强的，难以对待的
4500,fracture,破裂，断裂；[外科] 骨折；破裂；折断
4501,fragile,脆的；易碎的
4502,fragment,碎片；片断或不完整部分；使成碎片
4503,fragmentary,碎片的；不完全的；断断续续的
4504,fragrance,香味，芬芳
4505,fragrant,芳香的；愉快的
4506,frail,脆弱的；虚弱的；灯心草篓；少妇；少女
4507,frame,框架；结构；[电影] 画面；设计；建造；陷害；使…适合；有木架的；有构架的
4508,framework,框架，骨架；结构，构架
4509,franchise,特权；公民权；经销权；管辖权；给…以特许（或特权）；赋予公民权
4510,frank,坦白的，直率的；老实的；免费邮寄特权；免费邮寄
4511,frankly,真诚地，坦白地
4512,frantic,狂乱的，疯狂的
4513,fraternal,兄弟般的；友好的
4514,fraternity,友爱；兄弟会；互助会；大学生联谊会
4515,fraud,欺骗；骗子；诡计
4516,fraudulent,欺骗性的；不正的
4517,fraught,担心的，忧虑的；充满…的
4518,fray,争论；打架；磨损处；使磨损；变得令人紧张、急躁
4519,freak,怪人，怪事；畸形人；反复无常；奇异的，反常的
4520,freckle,雀斑；斑点；使生雀斑
4521,free,免费的；自由的，不受约束的；[化学] 游离的；使自由，解放；释放；自由地；免费；(Free)人名；(英)弗里
4522,freebie,免费的东西；免费赠品（尤指戏院赠券）
4523,freedom,自由，自主；直率
4524,freehand,徒手画的；不用仪器画的；徒手画地
4525,freelance,自由作家；自由记者；自由投稿的
4526,freely,自由地；免费地；大量地；慷慨地；直率地
4527,freeway,高速公路
4528,freewheel,靠惯性滑行；随心所欲；自由轮
4529,freeze,冻结；冷冻；僵硬；冻结；凝固
4530,freezer,冰箱；冷冻库；制冷工
4531,freezing,冰冻的；严寒的；冷冻用的
4532,freight,运送；装货；使充满；货运；运费；船货
4533,freighter,[水运][船] 货船；承运人
4534,French,法国的；法语的；法国人的；法国人；法语
4535,Frenchman,法国人
4536,frenetic,狂热的；发狂的；疯子；狂人
4537,frenzied,疯狂的；狂乱的；激怒的；使狂乱（frenzy的过去式）
4538,frenzy,狂暴；狂怒；暴怒；使发狂；使狂怒
4539,frequency,频率；频繁
4540,frequent,频繁的；时常发生的；惯常的；常到，常去；时常出入于
4541,frequently,频繁地，经常地；时常，屡次
4542,fresco,壁画
4543,fresh,新鲜的；清新的；淡水的；无经验的；开始；新生；泛滥；刚刚，才；最新地
4544,freshman,新手，生手；大学一年级学生
4545,freshwater,淡水的；无经验的；淡水；内河；湖水
4546,fret,使烦恼；焦急；使磨损；烦躁；焦急；磨损
4547,fretful,焦躁的；烦燥的；起波纹的
4548,friction,摩擦，[力] 摩擦力
4549,Friday,星期五
4550,fridge,电冰箱
4551,friend,朋友；助手；赞助者
4552,friendly,友好的；亲切的；支持的；融洽的，和睦的；友善地；温和地；(Friendly)人名；(英)弗兰德利
4553,friendship,友谊；友爱；友善
4554,fright,惊吓；惊骇；使惊恐
4555,frighten,使惊吓；吓唬…
4556,frightened,害怕的；受惊的；受恐吓的；害怕；使吃惊；吓走（frighten的过去分词）
4557,frightening,令人恐惧的；引起突然惊恐的
4558,frightful,可怕的；惊人的；非常的
4559,frigid,寒冷的，严寒的；冷淡的
4560,frill,装饰；褶边；折成皱边；起边皱
4561,fringe,边缘；穗；刘海；边缘的；附加的；加穗于
4562,frisk,蹦跳；欢跃；搜身；快乐；蹦跳；快乐的时刻
4563,fritter,浪费；细切；剁碎；细片；屑；带馅油炸面团
4564,frivolity,轻浮；轻薄；轻率
4565,frivolous,无聊的；轻佻的；琐碎的
4566,frizzy,卷曲的
4567,fro,向后；向那边
4568,frock,女装；连衣裙；僧袍；罩袍
4569,frog,青蛙；[铁路] 辙叉；饰扣；捕蛙
4570,frogman,蛙人
4571,frolic,嬉戏的，欢乐的；嬉闹，嬉戏；嬉戏
4572,front,前面；正面；前线；面对；朝向；对付；前面的；正面的；在前面；向前
4573,frontage,前方；房子的正面；临街
4574,frontal,额的；正面的，前面的；额骨，额部；房屋的正面
4575,frontbench,英国议会席中两大正党领袖人物就座的前排
4576,frontier,前沿；边界；国境；边界的；开拓的
4577,frost,结霜于；冻坏；霜；冰冻，严寒；冷淡
4578,frostbite,使冻伤；使受霜害；参加冬季帆船比赛；冻伤；冻疮；霜寒
4579,frosting,结霜；霜状白糖；无光泽面；去光泽；以霜覆盖；冻坏；起霜（frost的ing形式）；结霜的；磨砂的；消光的
4580,frosty,结霜的，严寒的；冷淡的；灰白的
4581,froth,泡沫，泡；口沫；吐白沫；起泡沫
4582,frown,皱眉；不同意；皱眉，蹙额
4583,frozen,冻结的；冷酷的；结冰（freeze的过去分词）；凝固；变得刻板
4584,frugal,节俭的；朴素的；花钱少的
4585,fruit,水果；产物；结果实
4586,fruiterer,卖水果的人，水果商
4587,fruitful,富有成效的；多产的；果实结得多的
4588,fruition,完成，成就；结果实
4589,fruitless,不成功的，徒劳的；不结果实的
4590,frustrate,挫败；阻挠；使感到灰心；挫败的；无益的
4591,frustration,挫折
4592,fry,鱼苗；油炸食物；油炸；油煎
4593,fuddle,灌醉；使混乱；混乱；酗酒
4594,fudge,软糖；胡说；谎话；捏造；粗制滥造；回避；胡说八道！
4595,fuel,得到燃料；燃料；刺激因素
4596,fugitive,逃亡的；无常的；易变的；逃亡者；难捕捉之物
4597,fulfil,履行；完成；实践；满足
4598,fulfilment,实现；成就
4599,full,完全的，完整的；满的，充满的；丰富的；完美的；丰满的；详尽的；十分，非常；完全地；整整；把衣服缝得宽大；全部；完整
4600,fully,充分地；完全地；彻底地；(Fully)人名；(法)菲利
4601,fumble,摸索；笨拙地做；漏接；摸索；笨拙的处理；漏球
4602,fume,冒烟；发怒；烟；愤怒，烦恼
4603,fun,乐趣；玩笑；有趣的人或事；供娱乐用的；开玩笑
4604,function,功能；[数] 函数；职责；盛大的集会；运行；活动；行使职责
4605,fund,基金；资金；存款；投资；资助
4606,fundamental,基本的，根本的；基本原理；基本原则
4607,funeral,葬礼；麻烦事；丧葬的，出殡的
4608,funfair,游乐场；游艺集市
4609,fungus,真菌，霉菌；菌类
4610,funicular,索道缆车；索状的；纤维的
4611,funk,恐惧；怯懦；恐怖；臭味；害怕；畏缩；使闻到臭味
4612,funky,时髦的；畏缩的；恶臭的
4613,funnel,漏斗；烟囱；通过漏斗或烟囱等；使成漏斗形
4614,funny,有趣的，好笑的，滑稽的；（口）稀奇的，古怪的，奇异的；有病的，不舒服的；狡猾的，欺骗（性）的，可疑的，不光明；滑稽人物；笑话，有趣的故事；滑稽连环漫画栏；（英）（比赛用）单人双桨小艇
4615,fur,皮，皮子；毛皮；软毛；用毛皮覆盖；使穿毛皮服装
4616,furious,激烈的；狂怒的；热烈兴奋的；喧闹的
4617,furl,叠，卷收；收拢；卷起，折叠；卷起之物
4618,furnace,火炉，熔炉
4619,furnish,提供；供应；装备
4620,furnishings,家具；供应；穿戴用品（furnishing的复数）
4621,furrier,毛皮商；毛皮衣制作工
4622,furrow,皱纹；犁沟；车辙；犁；耕；弄绉
4623,further,进一步地；而且；更远地；更远的；深一层的；促进，助长；增进
4624,furthermore,此外；而且
4625,furtive,鬼鬼祟祟的，秘密的
4626,fury,狂怒；暴怒；激怒者
4627,fuse,融合；熔化，熔融；保险丝，熔线；导火线，雷管
4628,fusion,融合；熔化；熔接；融合物；[物] 核聚变
4629,fuss,小题大作；忙乱；焦燥；焦急；无事自扰；大惊小怪，大惊小怪的人；小题大作；忙乱
4630,fussy,爱挑剔的，难取悦的；易烦恼的；(Fussy)人名；(法)菲西
4631,futile,无用的；无效的；没有出息的；琐细的；不重要的
4632,futility,无用；徒劳；无价值
4633,future,未来；前途；期货；将来时；将来的，未来的
4634,futuristic,未来派的；未来主义的
4635,fuzz,绒毛；模糊；细毛；警员；作绒毛状飞散；变成绒毛状；变得模糊；使模糊；起毛
4636,fuzzy,模糊的；失真的；有绒毛的；(Fuzzy)人名；(英)富齐
4637,gabble,急促而含糊地说话；急促不清的话
4638,gable,山形墙；三角形饰物；在…上砌三角墙；在…安装三角形饰物；形成三角墙；形成三角形饰物
4639,gadget,小玩意；小器具；小配件；诡计
4640,gag,塞住…的口；钳制…的言论；使窒息；塞口物；讨论终结；箝制言论
4641,gaiety,快乐，兴高采烈；庆祝活动，喜庆；（服饰）华丽，艳丽
4642,gaily,华丽地；欢乐地
4643,gain,增加；利润；收获；获得；增加；赚到
4644,gala,祝贺，庆祝；节日，特别娱乐；节日的，欢庆的；欢乐的
4645,galaxy,银河；[天] 星系；银河系；一群显赫的人
4646,gale,[气象] 大风，狂风；（突发的）一阵
4647,gallant,英勇的，勇敢的；华丽的；雄伟的；(Gallant)人名；(法)加朗；(英)加伦特
4648,gallery,画廊；走廊；旁听席；地道；在…修建走廊；在…挖地道；挖地道
4649,gallon,加仑（容量单位）
4650,gallop,疾驰；飞奔；飞驰；急速进行；急急忙忙地说
4651,gallows,绞刑；绞刑架；承梁
4652,galvanize,镀锌；通电；刺激
4653,gambit,话题；开始；以取得优势的开局棋法；开场白
4654,gamble,赌博；孤注一掷；投机；打赌；赌博；冒险；打赌
4655,gambler,赌徒；投机商人
4656,game,游戏；比赛；勇敢的；赌博
4657,gang,群；一伙；一组；使成群结队；结伙伤害或恐吓某人
4658,gangster,歹徒，流氓；恶棍
4659,gaol,监禁；监狱
4660,gaoler,监狱看守；监狱长
4661,gap,间隙；缺口；差距；分歧；裂开
4662,gape,裂开，张开；打呵欠；裂口，张嘴；呵欠
4663,garage,车库；汽车修理厂；飞机库；把……送入车库；把（汽车）开进车库
4664,garbage,垃圾；废物
4665,garden,花园；菜园；栽培花木
4666,garland,花环；戴花环
4667,garlic,大蒜；蒜头
4668,garment,衣服，服装；外表，外观；给…穿衣服
4669,garrison,要塞；卫戍部队；驻防；守卫
4670,gas,气体；[矿业] 瓦斯；汽油；毒气；加油；毒（死）
4671,gaseous,气态的，气体的；无实质的
4672,gash,很深的裂缝；砍得很深的伤口；划开；砍入很深；（使）负深伤
4673,gasoline,汽油
4674,gasp,喘气；喘息；渴望；喘气
4675,gastric,胃的；胃部的
4676,gastritis,[内科] 胃炎
4677,gate,大门；出入口；门道；给…装大门
4678,gateway,门；网关；方法；通道；途径
4679,gather,收集；收割；使…聚集；使…皱起；聚集；衣褶；收获量
4680,gathering,聚集；集会；收款；聚集（gather的ing形式）
4681,gauge,计量器；标准尺寸；容量规格；测量；估计；给…定规格
4682,gaunt,憔悴的；荒凉的；枯瘦的；(Gaunt)人名；(英)冈特
4683,gauze,纱布；薄纱；薄雾
4684,gay,快乐的；放荡的；艳丽的；同性恋者
4685,gaze,凝视；注视
4686,gazette,（英）公报；报纸；在报上刊载
4687,gear,齿轮；装置，工具；传动装置；适合；搭上齿轮；开始工作；好极了
4688,gearbox,变速箱；齿轮箱
4689,gem,宝石，珍宝； 精华；受人重视者；点缀； 用宝石装饰； 饰以宝石；最佳品质的
4690,gender,性；性别；性交；生（过去式gendered，过去分词gendered，现在分词gendering，第三人称单数genders，形容词genderless）
4691,gene,[遗] 基因，遗传因子
4692,general,一般的，普通的；综合的；大体的；一般；将军，上将；常规
4693,generalise,概括；归纳；普及
4694,generalization,概括；普遍化；一般化
4695,generally,通常；普遍地，一般地
4696,generate,使形成；发生；生殖；产生物理反应
4697,generation,一代；产生；一代人；生殖
4698,generative,生殖的；生产的；有生殖力的；有生产力的
4699,generator,发电机；发生器；生产者
4700,generic,类的；一般的；属的；非商标的
4701,generosity,慷慨，大方；宽宏大量
4702,generous,慷慨的，大方的；宽宏大量的；有雅量的
4703,genesis,发生；起源
4704,genetic,遗传的；基因的；起源的
4705,genetics,遗传学
4706,genial,亲切的，友好的；和蔼的；适宜的
4707,genius,天才，天赋；精神
4708,genocide,种族灭绝；灭绝整个种族的大屠杀
4709,genre,类型；种类；体裁；样式；流派；风俗画；风俗画的；以日常情景为主题的
4710,genteel,有教养的，文雅的；上流社会的
4711,gentility,有教养，文雅；上流阶层
4712,gentle,温和的；文雅的；使温和，使驯服；蛆，饵
4713,gentleman,先生；绅士；有身份的人
4714,genuine,真实的，真正的；诚恳的
4715,geographic,地理的；地理学的
4716,geography,地理；地形
4717,geologist,地质学家，地质学者
4718,geology,地质学；地质情况
4719,geometric,几何学的；[数] 几何学图形的
4720,geometry,几何学
4721,geopolitics,地缘政治学；地理政治论
4722,germ,[植] 胚芽，萌芽；细菌；萌芽
4723,German,德国的；德语的，德国人的；德语；德国人
4724,germinate,使发芽；使生长
4725,gerund,动名词
4726,gesticulate,用姿势示意；（讲话时）做手势
4727,gesture,姿态；手势；作手势；用动作示意
4728,get,使得；获得；受到；变成；生殖；幼兽
4729,ghastly,可怕的；惨白的；惊人的；极坏的；恐怖地；惨白地
4730,ghetto,犹太人区；贫民区；使集中居住
4731,ghost,鬼，幽灵；作祟于；替…捉刀；为人代笔
4732,ghostly,幽灵的；可怕的；影子似的
4733,giant,巨人；伟人；[动] 巨大的动物；巨大的；巨人般的
4734,gibber,喋喋而言；胡扯；三棱石；无法听懂的话
4735,gibberish,乱语；快速而不清楚的言语
4736,gibbon,[脊椎] 长臂猿
4737,giddy,头晕的；眼花的；令人眼花缭乱的；轻浮的；使晕眩；使眼花缭乱；眼花；眩晕；(Giddy)人名；(英)吉迪
4738,gift,礼物；天赋；赠品；赋予；向…赠送
4739,gifted,有天赋的；有才华的；给予（gift的过去分词）
4740,gigantic,巨大的，庞大的
4741,giggle,傻笑；咯咯地笑；吃吃的笑
4742,gild,镀金；虚饰；供给钱；(Gild)人名；(俄)希尔德
4743,gill,鳃；菌褶；（山谷中的）沟壑，峡流；及耳（容量单位）；被刺网捕住；用刺网捕鱼；去除内脏
4744,gimmick,暗机关；骗人的玩意；花招；使暗机关；搞骗人的玩意
4745,gin,杜松子酒；网；[机] 三角起重机；喝杜松子酒； 用陷阱(或网)捕捉，诱捕(猎物)
4746,ginger,姜；姜黄色；精力；有姜味；用姜给…调味；使某人有活力；姜黄色的
4747,gipsy,流浪；吉普赛人（等于gypsy）；流浪汉
4748,giraffe,长颈鹿
4749,girder,[建] 大梁，纵梁
4750,girdle,腰带；围绕物；妇女紧身褡；围绕；绕…而行；用带子捆扎
4751,girl,女孩；姑娘，未婚女子；女职员，女演员；（男人的）女朋友
4752,girlfriend,女朋友
4753,gist,主旨，要点；依据
4754,give,给；产生；让步；举办；授予；弹性；弯曲；伸展性
4755,given,赠予的；沉溺的；规定的；考虑到；给予（give的过去分词）；(Given)人名；(英、土)吉文
4756,glacial,冰的；冰冷的；冰河时代的
4757,glacier,冰河，冰川
4758,glad,高兴的；乐意的；令人高兴的；灿烂美丽的；使高兴；(Glad)人名；(塞、瑞典)格拉德；(英)格莱德；(法、挪)格拉
4759,gladiator,斗剑者；古罗马公开表演的格斗者；争论者
4760,glamour,魅力，魔力；迷人的美；迷惑，迷住
4761,glamourous,富有魅力的；迷人的
4762,glance,一瞥；一滑；闪光；扫视，匆匆一看；反光；瞥闪，瞥见
4763,gland,腺
4764,glare,刺眼；耀眼的光；受公众注目；瞪眼表示
4765,glaring,耀眼的；瞪视的；炯炯的
4766,glass,玻璃；玻璃制品；镜子；反映；给某物加玻璃
4767,glasshouse,温室；暖房
4768,glaze,装以玻璃；上釉于；釉；光滑面
4769,gleam,微光；闪光；瞬息的一现；闪烁；隐约地闪现
4770,glean,收集（资料）；拾（落穗）
4771,glee,快乐；欢欣；重唱歌曲
4772,glide,滑翔；滑行；悄悄地走；消逝；滑翔；滑行；滑移；滑音
4773,glider,[航] 滑翔机；滑翔员；滑翔导弹
4774,glimmer,微光；闪光；少许；闪烁；发微光
4775,glimpse,一瞥，一看；瞥见
4776,glint,闪烁；闪光；闪烁；（光线）反射；闪闪发光
4777,glisten,闪光，闪亮；闪光，闪耀
4778,glitter,闪光；闪烁；闪光；灿烂
4779,gloat,幸灾乐祸；心满意足地注视；幸灾乐祸；贪婪的盯视；洋洋得意
4780,global,全球的；总体的；球形的
4781,globe,地球；地球仪；球体；使…成球形；成球状
4782,gloom,昏暗；阴暗
4783,gloomy,黑暗的；沮丧的；阴郁的
4784,glorify,赞美；美化；崇拜（神）；使更壮丽
4785,glorious,光荣的；辉煌的；极好的
4786,glory,光荣，荣誉；赞颂；自豪，骄傲；狂喜
4787,gloss,光彩；注释；假象；使光彩；掩盖；注释
4788,glossary,术语（特殊用语）表；词汇表；专业词典
4789,glossy,光滑的；有光泽的
4790,glove,手套；给…戴手套
4791,glow,发热；洋溢；绚丽夺目；灼热；色彩鲜艳；兴高采烈
4792,glue,粘合；似胶般固着于；胶；各种胶合物
4793,glum,阴沉的；忧郁的；(Glum)人名；(德)格卢姆
4794,glutton,酷爱…的人；贪吃的人
4795,gnarled,[木] 多节的；粗糙的；多瘤的；把…扭曲；长木瘤（gnarl的过去分词）
4796,gnaw,咬；折磨；侵蚀
4797,go,走；达到；运转；趋于；去；进行；尝试
4798,goal,目标；球门，得分数；终点；攻门，射门得分
4799,goalkeeper,守门员
4800,goat,山羊；替罪羊（美俚）；色鬼（美俚）
4801,gobble,贪食；咯咯叫；火鸡叫声
4802,God,神；（大写首字母时）上帝；膜拜，崇拜
4803,goddess,女神，受崇拜的女性
4804,godfather,教父；当…的教父
4805,godmother,教母；当…的教母；作…的女监护人
4806,goggle,眼珠转动；瞪眼看；护目镜，风镜；眼睛睁视；瞪眼的，睁眼的
4807,gold,金，黄金；金色；金币；金的，金制的；金色的
4808,golden,金色的，黄金般的；珍贵的；金制的；(Golden)人名；(英、法、罗、德、瑞典)戈尔登
4809,goldfish,金鱼
4810,golf,高尔夫球；高尔夫球运动；打高尔夫球
4811,golfer,高尔夫球手
4812,gong,锣；钟状物；奖章；鸣锣传唤；鸣锣命令驾车者停驶
4813,gonorrhea,[性病] 淋病
4814,good,好的；优良的；愉快的；虔诚的；好处；善行；慷慨的行为；好
4815,goodness,天哪；善良，优秀 ；精华，养分
4816,goods,商品；动产；合意的人；真本领
4817,goodwill,[贸易] 商誉；友好；好意
4818,goody,糖果；身份低微之老妇；吸引人的东西；伪君子；感伤的；伪善的；假正经的；太好啦
4819,goose,鹅；鹅肉；傻瓜；雌鹅；突然加大油门；嘘骂
4820,gorge,峡谷；胃；暴食；咽喉；障碍物；使吃饱；吞下；使扩张
4821,gorgeous,华丽的，灿烂的；极好的
4822,gorilla,大猩猩
4823,gosh,天啊；唉；糟了；必定
4824,gospel,真理；信条；传播福音的；福音赞美诗的
4825,gossip,小道传闻；随笔；爱说长道短的人；闲聊；传播流言蜚语
4826,Gothic,哥特式的；野蛮的；哥特式
4827,gourmet,美食家；菜肴精美的
4828,govern,管理；支配；统治；控制；(Govern)人名；(英)戈文
4829,governess,女家庭教师
4830,government,政府；政体；管辖
4831,governor,主管人员；统治者，管理者；[自] 调节器；地方长官
4832,gown,长袍，长外衣；礼服；睡袍；法衣；使穿睡衣
4833,grab,攫取；霸占；将…深深吸引；攫取；霸占；夺取之物
4834,grace,优雅；恩惠；魅力；慈悲；使优美
4835,graceful,优雅的；优美的
4836,gracious,亲切的；高尚的；和蔼的；雅致的；天哪；哎呀
4837,grade,年级；等级；成绩；级别；阶段；评分；把…分等级
4838,gradual,逐渐的；平缓的；弥撒升阶圣歌集
4839,gradually,逐步地；渐渐地
4840,graduate,授予…学位；分等级；标上刻度；研究生；毕业生；毕业的；研究生的
4841,graduation,毕业；毕业典礼；刻度，分度；分等级
4842,graffiti,墙上乱写乱画的东西（graffito的复数形式）
4843,graft,移植；嫁接；贪污；移植；嫁接；渎职
4844,grain,粮食；颗粒；[作物] 谷物；纹理；成谷粒
4845,grammar,语法；语法书
4846,grammatical,文法的；符合语法规则的
4847,gramme,克
4848,gramophone,留声机；用唱片录制；用唱机播放
4849,grand,宏伟的；豪华的；极重要的；大钢琴；一千美元
4850,grandchild,孙子；孙女；外孙；外孙女
4851,granddaughter,孙女；外孙女
4852,grandeur,壮丽；庄严；宏伟
4853,grandfather,祖父；始祖；不受新规定限制
4854,grandiose,宏伟的；堂皇的；浮夸的；宏大的
4855,grandmother,祖母；女祖先；当…的祖母；当祖母
4856,grandparent,祖父母；祖父或祖母；外祖父母；外祖父或外祖母
4857,grandson,孙子；外孙
4858,grandstand,正面看台；观众；哗众取宠的表演；做博取观众喝采的演技；看台上的
4859,granite,花岗岩；坚毅；冷酷无情
4860,granny,奶奶；外婆；婆婆妈妈的人
4861,grant,授予；允许；承认；拨款；[法] 授予物
4862,granular,颗粒的；粒状的
4863,granule,颗粒
4864,grape,葡萄；葡萄酒；葡萄树；葡萄色
4865,grapevine,葡萄树；葡萄藤；小道消息；秘密情报网
4866,graph,图表；曲线图；用曲线图表示
4867,graphic,形象的；图表的；绘画似的
4868,graphics,[测] 制图学；制图法；图表算法
4869,grapple,抓住；格斗；抓斗机；抓住；格斗
4870,grasp,抓住；理解；控制；抓住；领会
4871,grass,草；草地，草坪；放牧；使……长满草；使……吃草
4872,grasshopper,蚱蜢；[植保] 蝗虫；小型侦察机；见异思迁；蚱蜢似地跳
4873,grassland,草原；牧草地
4874,grassroots,基层的；草根的；乡村的；草根；基础
4875,grate,装格栅于；磨擦；壁炉；格栅
4876,grateful,感谢的；令人愉快的，宜人的
4877,gratify,使满足；使满意，使高兴
4878,gratitude,感谢（的心情）；感激
4879,gratuitous,无理由的，无端的；免费的
4880,grave,重大的；严肃的；黯淡的；墓穴，坟墓；死亡；雕刻；铭记
4881,gravel,碎石；砂砾；用碎石铺；使船搁浅在沙滩上；使困惑
4882,graveyard,墓地
4883,gravitate,受引力作用；被吸引
4884,gravity,重力，地心引力；严重性；庄严
4885,gray,灰色的；苍白的；灰白头发的；阴郁的；灰色；暗淡的光线；成为灰色或灰白
4886,graze,放牧；擦伤；放牧；轻擦
4887,grease,涂脂于；贿赂；油脂；贿赂
4888,great,伟大的，重大的；极好的，好的；主要的；大师；大人物；伟人们
4889,greatly,很，大大地；非常
4890,greed,贪婪，贪心
4891,greedy,贪婪的；贪吃的；渴望的
4892,Greek,希腊语；希腊人；希腊的；希腊人的，希腊语的
4893,green,绿色的；青春的；绿色；青春；使…变绿色
4894,greengrocer,蔬菜水果商；菜贩
4895,greenhouse,温室
4896,greet,欢迎，迎接；致敬，致意；映入眼帘；(Greet)人名；(英)格里特
4897,greeting,问候，招呼；祝贺；致敬，欢迎（greet的现在分词）
4898,gregarious,社交的；群居的
4899,grenade,手榴弹；灭火弹；扔手榴弹；用催泪弹攻击
4900,grey,灰色的；灰白的；使变成灰色；使变老；灰色
4901,greyhound,灰狗（一种猎犬）；快速船
4902,grid,网格；格子，栅格；输电网
4903,grief,悲痛；忧伤；不幸
4904,grievance,不满，不平；委屈；冤情
4905,grieve,使悲伤，使苦恼；(Grieve)人名；(英)格里夫
4906,grievous,痛苦的；剧烈的
4907,grill,烧，烤；；烤架，铁格子；烤肉
4908,grim,冷酷的；糟糕的；残忍的；(Grim)人名；(英、德、俄、捷、匈)格里姆
4909,grimace,扮鬼脸；作怪相；作苦相；鬼脸；怪相；痛苦的表情
4910,grime,尘垢；污点；煤尘；使污秽；使…弄脏
4911,grin,露齿而笑，咧着嘴笑；露齿笑
4912,grind,磨碎；磨快；磨；苦工作
4913,grinder,[机] 研磨机；研磨者；磨工；臼齿
4914,grip,紧握；柄；支配；握拍方式；拍柄绷带；紧握；夹紧
4915,gripe,发牢骚；肠绞痛；绞痛；握紧；惹恼
4916,grisly,可怕的；厉害的；严重的
4917,grit,研磨；在…上铺砂砾，覆以砂砾；咬紧牙关；粗砂，砂砾砂砾，粗砂石；勇气；决心
4918,groan,呻吟；抱怨；发吱嘎声；呻吟；叹息；吱嘎声
4919,grocer,杂货店；食品商
4920,grocery,食品杂货店
4921,groom,整饰；推荐；喂马；刷洗（马等）；新郎；马夫；男仆
4922,groove,[建] 凹槽，槽；最佳状态；惯例；开槽于
4923,grope,摸索；探索；摸索；触摸
4924,gross,总共的；粗野的；恶劣的；显而易见的；总共收入；总额，总数
4925,grotesque,奇异风格；怪异的东西；奇形怪状的；奇怪的；可笑的
4926,ground,地面；土地；范围；战场;根据；使接触地面；打基础；使搁浅；土地的；地面上的；磨碎的；磨过的
4927,grounding,[电] 接地；基础；搁浅；（染色的）底色；[电] 接地（ground的ing形式）；搁浅
4928,groundwork,基础；地基，根基
4929,group,组；团体；群的；团体的；聚合
4930,grove,小树林；果园
4931,grovel,匍匐；卑躬屈膝；趴
4932,grow,发展；生长；渐渐变得…；(Grow)人名；(英)格罗
4933,growl,咆哮着说；咆哮声；吠声；不平
4934,growth,增长；发展；生长；种植
4935,grudge,怀恨；吝惜；妒忌；不情愿做；怨恨；恶意；妒忌
4936,gruesome,可怕的；阴森的
4937,gruff,粗暴的；粗哑的；脾气坏的；粗鲁地说；生硬地说；粗鲁地说；生硬地说话；格拉夫（英国珠宝品牌）
4938,grumble,抱怨；嘟囔；怨言；抱怨地表示；嘟囔地说
4939,grumpy,脾气暴躁的；性情乖戾的；脾气坏的人；爱抱怨的人
4940,grunt,咕哝；呼噜声；作呼噜声；发哼声
4941,guard,守卫；警戒；护卫队；防护装置；警惕
4942,guardian,[法] 监护人，保护人；守护者；守护的
4943,guerrilla,游击战；游击队
4944,guess,猜测；认为；推测；猜中；猜测；推测
4945,guest,客人，宾客；顾客；款待，招待；客人的；特邀的，客座的
4946,guidance,指导，引导；领导
4947,guide,指南；向导；入门书；引导；带领；操纵
4948,guillotine,断头台；切纸机；截止辩论以付表决法；于断头台斩首；终止辩论将议案付诸表决
4949,guilt,犯罪，过失；内疚
4950,guilty,有罪的；内疚的
4951,guise,伪装；装束；外观；使化装；伪装
4952,gulf,海湾；深渊；分歧；漩涡；吞没
4953,gull,[鸟] 鸥；笨人；易受骗之人；骗；欺诈
4954,gullible,易受骗的；轻信的
4955,gulp,狼吞虎咽地吃；大口地吸；一大口（尤指液体）；吞咽
4956,gum,口香糖；树胶；橡皮；用胶粘，涂以树胶；使…有粘性
4957,gun,枪支；枪状物；持枪歹徒；用枪射击；加大油门快速前进
4958,gunfire,炮火；炮火声
4959,gunpowder,火药；有烟火药
4960,gurgle,咯咯声；汩汩声；作汩汩声；作咯咯声
4961,gush,涌出；迸出；涌出；迸发
4962,gust,风味；一阵狂风；趣味；一阵阵地劲吹
4963,gusto,爱好；由衷的高兴；嗜好
4964,gut,内脏；肠子；剧情；胆量；海峡；勇气；直觉；肠；取出内脏；摧毁（建筑物等）的内部；简单的；本质的，根本的；本能的，直觉的
4965,gutter,排水沟；槽；贫民区；流；形成沟；贫贱的；粗俗的；耸人听闻的
4966,guttural,咽喉的；喉咙的；喉音的；喉音；喉音字
4967,guy,男人，家伙；嘲弄，取笑
4968,gym,健身房；体育；体育馆
4969,gymnasium,体育馆；健身房
4970,gymnastic,体操的，体育的
4971,gymnastics,体操；体育；体操运动
4972,gynaecology,妇科医学
4973,ha,"哈！（表示惊异，愉快，怀疑，胜利等）；一种元素(hahnium,原子序105)；(Ha)人名；(德)哈；(日)巴 (姓)"
4974,habit,习惯，习性；嗜好；使穿衣
4975,habitable,可居住的；适于居住的
4976,habitat,[生态] 栖息地，产地
4977,habitation,居住；住所
4978,habitual,习惯的；惯常的；习以为常的
4979,habitue,常客；有毒瘾的人
4980,hack,砍，劈；出租马车；砍；出租
4981,hacked,生气
4982,hacker,电脑黑客，企图不法侵入他人电脑系统的人
4983,hackle,针排；颈羽；手工梳麻台；梳理；乱砍
4984,hackneyed,陈腐的；平庸的；出租（马匹、马车等）；役使（hackney的过去式）
4985,hacksaw,钢锯；可锯金属的弓形锯；用钢锯锯断
4986,hag,女巫；丑老太婆
4987,haggard,憔悴的；野性的；野鹰
4988,haggle,讨价还价；争论；乱劈；乱砍
4989,hail,冰雹；致敬；招呼；一阵；致敬；招呼；向欢呼；猛发；使像下雹样落下（过去式hailed，过去分词hailed，现在分词hailing，第三人称单数hails）；万岁；欢迎
4990,hair,头发；毛发；些微；除去…的毛发；生长毛发；形成毛状纤维；毛发的；护理毛发的；用毛发制成的
4991,haircut,理发；发型
4992,hairdo,发型；发式
4993,hairdresser,美发师
4994,hairpiece,假发
4995,hairpin,簪；束发夹；夹发针
4996,hairspray,头发定型剂
4997,hairy,多毛的；毛状的；长毛的；(Hairy)人名；(法)艾里
4998,hale,矍铄的（尤指老人）；强壮的；完全地；迫使；猛拉；(Hale)人名；(英)黑尔；(德、瑞典、芬)哈勒
4999,half,一半；半场；半学年；一半地；部分地；一半的；不完全的；半途的
5000,halfway,到一半；在中途；中途的；不彻底的
5001,hall,过道，门厅，走廊；会堂；食堂；学生宿舍；大厅，前厅；娱乐中心，会所
5002,hallelujah,赞美上帝的颂歌；哈利路亚
5003,hallmark,特点；品质证明；给…盖上品质证明印记；使具有…标志
5004,hallo,喂，哈罗（等于hello）；(Hallo)人名；(法)阿洛；(荷)哈洛
5005,hallowed,神圣的，神圣化的
5006,Halloween,万圣节前夕（指十月三十一日夜晚）
5007,hallucinate,使产生幻觉
5008,hallucination,幻觉，幻想；错觉
5009,halo,光环；荣光；使有晕轮；围以光环；成晕轮
5010,halt,停止；立定；踌躇，犹豫；停止；立定；休息
5011,halter,缰绳；绞索；给…套上缰绳；束缚
5012,halting,犹豫的；蹒跚的；跛的；停止；蹒跚；犹豫（halt的ing形式）
5013,halve,二等分；把……减半；(Halve)人名；(芬)哈尔韦
5014,ham,火腿；业余无线电爱好者；蹩脚演员；表演过火；过火的；做作的
5015,hamburger,汉堡包，火腿汉堡；牛肉饼，肉饼；碎牛肉
5016,hamlet,小村庄
5017,hammer,锤击；敲打；重复；铁锤；链球；[解剖] 锤骨；音锤
5018,hammock,吊床；吊铺；吊带；睡吊床
5019,hamper,妨碍；束缚；使困累；食盒，食篮；阻碍物
5020,hamstring,腿筋；切断腿筋使成跛腿；使残废
5021,hand,手，手艺；帮助；指针；插手；传递，交给；支持；搀扶
5022,handbag,手提包
5023,handbook,手册；指南
5024,handbrake,手煞车；手闸
5025,handcuff,给…戴上手铐；限制；手铐；思想上的桎梏
5026,handful,少数；一把；棘手事
5027,handgun,手枪
5028,handicap,障碍；不利条件，不利的因素；妨碍，阻碍；使不利
5029,handicapped,残废的；有生理缺陷的；残疾人；缺陷者
5030,handicraft,手工艺；手工艺品
5031,handiness,轻便；灵巧；敏捷
5032,handiwork,手工艺；[工经] 手工制品；行为后果
5033,handkerchief,手帕；头巾，围巾
5034,handle,[建] 把手；柄；手感；口实；处理；操作；运用；买卖；触摸
5035,handlebar,手把；（美）八字胡（等于handlebar mustache）
5036,handout,散发材料（免费发给的新闻通报）；上课老师发的印刷品；文字资料 （会议上分发的）；施舍物
5037,handpicked,偏心挑选的，精心挑选出来的；用手挑选的；用手采摘；仔细挑选（handpick的过去分词）
5038,handshake,握手
5039,handsome,（男子）英俊的；可观的；大方的，慷慨的；健美而端庄的
5040,handsomely,漂亮地；慷慨地；相当大地
5041,handstand,手倒立
5042,handwriting,笔迹；书法；书写；手稿；亲手写（handwrite的ing形式）
5043,handy,便利的；手边的，就近的；容易取得的；敏捷的；(Handy)人名；(英)汉迪
5044,handyman,手巧的人；[劳经] 杂务工；水手
5045,hang,悬挂，垂下；装饰；绞死；使悬而未决；悬挂；暂停，中止
5046,hangar,飞机库；飞机棚
5047,hanger,衣架；挂钩；绞刑执行者
5048,hangings,门帘；脚手架；帘布（hanging的复数）
5049,hangman,刽子手；绞刑吏；执行绞刑者
5050,hangnail,手指头的倒拉刺（指甲旁的逆刺皮）
5051,hangover,宿醉；残留物；遗物
5052,hanker,向往，追求；渴望，期望；(Hanker)人名；(德、捷)汉克
5053,hankie,手帕（等于handkerchief）
5054,haphazard,偶然的；随便的；无计划的；偶然；偶然事件；偶然地；随意地
5055,hapless,运气不好的，倒霉的
5056,happen,发生；碰巧；偶然遇到
5057,happening,事件；意外发生的事；发生；碰巧（happen的ing形式）
5058,happily,快乐地；幸福地；幸运地；恰当地
5059,happiness,幸福
5060,happy,幸福的；高兴的；巧妙的；(Happy)人名；(英、瑞典、喀)哈皮
5061,harangue,长篇大论；高谈阔论；热烈的演说；向…滔滔不绝地演讲；大声训斥
5062,harass,使困扰；使烦恼；反复袭击
5063,harbinger,先驱；前兆；预告者；预告；充做…的前驱
5064,harbour,藏匿；入港停泊；庇护；海港（等于harbor）；避难所
5065,hard,努力的；硬的；困难的；辛苦的；确实的；严厉的；猛烈的；冷酷无情的；努力地；困难地；辛苦地；接近地；猛烈地；牢固地；(Hard)人名；(英、芬、瑞典)哈德
5066,hardback,精装本；[图情] 硬封面的书；精装的；硬封面的
5067,hardball,硬式棒球（等于baseball）；（为达到某种目的而采取的）强硬手段；刀剑搏杀
5068,hardbitten,顽强的；经过磨炼的
5069,hardboard,硬纸板
5070,hardcore,赤裸裸描写性行为的；硬核；硬底层；碎砖垫层
5071,harden,变硬，变坚固；变坚强；变冷酷；(Harden)人名；(英、德、罗、瑞典)哈登；(法)阿尔当
5072,hardheaded,脚踏实地的；冷静的；无懈可击的；顽固的
5073,hardly,几乎不，简直不；刚刚
5074,hardness,[物] 硬度；坚硬；困难；冷酷
5075,hardship,困苦；苦难；艰难险阻
5076,hardtop,有金属顶盖的汽车；室内电影院；有金属顶盖的；给…铺硬质路面
5077,hardware,计算机硬件；五金器具
5078,hardwood,硬木，硬木材；[植][林] 阔叶树
5079,hardworking,努力工作的；不辞辛劳的，苦干的；努力工作（hardwork的ing形式）
5080,hardy,坚强的；勇敢的；能吃苦耐劳的；鲁莽的；强壮的人；耐寒植物；方柄凿
5081,hare,野兔
5082,harebrained,轻率的；粗心的
5083,harelip,兔唇，[口腔] 唇裂
5084,harm,伤害；损害；伤害；危害；损害
5085,harmful,有害的；能造成损害的
5086,harmless,无害的；无恶意的
5087,harmonica,口琴（等于mouth organ）
5088,harmonise,使和谐
5089,harmonium,脚踏式风琴；小风琴
5090,harmony,协调；和睦；融洽；调和
5091,harness,治理；套；驾驭；披上甲胄；利用；马具；甲胄；挽具状带子；降落伞背带；日常工作
5092,harp,弹奏竖琴；喋喋不休；不停地说；竖琴
5093,harpoon,用鱼叉叉；用鱼叉捕获；鱼叉
5094,harrow,耙；耙地；使苦恼
5095,harrowing,痛心的；悲惨的；使痛苦（harrow的ing形式）；开拓；(Harrowing)人名；(英)哈罗因
5096,harry,折磨；掠夺；骚扰；使苦恼；(Harry)人名；(英)哈里，哈丽(女名)(教名Henry、Harriet的昵称)
5097,harsh,严厉的；严酷的；刺耳的；粗糙的；刺目的；(Harsh)人名；(英)哈什
5098,harvest,收获；产量；结果；收割；得到
5099,hash,剁碎的食物；混杂，拼凑；重新表述；搞糟，把…弄乱；切细；推敲
5100,hassle,找麻烦，搅扰；与…争辩；使…烦恼；困难，麻烦；激战
5101,haste,匆忙；急忙；轻率；匆忙；赶紧；赶快
5102,hasten,加速；使赶紧；催促
5103,hasty,轻率的；匆忙的；草率的；懈怠的；(Hasty)人名；(英)黑斯蒂
5104,hat,帽子；给……戴上帽子
5105,hatch,孵化；舱口；孵；策划
5106,hatchery,孵卵处
5107,hatchet,短柄小斧；用短柄小斧砍伐；扼杀
5108,hate,憎恨；厌恶；遗憾；憎恨；反感
5109,hateful,可憎的；可恨的；可恶的
5110,hatred,憎恨；怨恨；敌意
5111,haughty,傲慢的；自大的
5112,haul,拖，拉；用力拖拉；努力得到的结果；捕获物；一网捕获的鱼量；拖运距离；拖运；拖拉
5113,haulage,拖运；拖曳；运费
5114,haunch,腰部，腰；臀部
5115,haunt,常出没于…；萦绕于…；经常去…；栖息地；常去的地方
5116,haunting,不易忘怀的，萦绕于心头的；给人以强烈感受的；常去；缠住某人；萦绕在…心中（haunt的ing形式）
5117,have,有；让；拿；从事；允许；已经；(Have)人名；(芬)哈韦；(德)哈弗
5118,haven,港口；避难所，安息所；为……提供避难处；安置……于港中
5119,haversack,干粮袋；背袋
5120,havoc,大破坏；浩劫；蹂躏；严重破坏；损毁
5121,hawk,兜售，沿街叫卖；捕捉；咳出；鹰；鹰派成员；掠夺他人的人
5122,hawker,叫卖小贩；饲鹰者
5123,hay,干草；把晒干
5124,haystack,干草堆
5125,haywire,[电] 临时电线；捆干草用的铁丝；乱糟糟的，乱七八糟的；疯狂的
5126,hazard,赌运气；冒…的危险，使遭受危险；危险，冒险；冒险的事
5127,haze,阴霾；薄雾；疑惑；使变朦胧；使变糊涂
5128,hazel,淡褐色；榛子；淡褐色的；榛树的
5129,he,男孩，男人；它（雄性动物）；他
5130,head,头；头痛；上端；最前的部分；理解力；前进；用头顶；作为…的首领；站在…的前头；给…加标题；头的；主要的；在顶端的
5131,headache,头痛；麻烦；令人头痛之事
5132,headdress,头发编梳的式样；饰头巾
5133,headgear,帽子；马首挽具；[矿业] 井架；牙齿矫正器
5134,headhunter,猎头者；物色人才的人；猎取人头的蛮人
5135,heading,标题；（足球）头球；信头；用头顶（head的ing形式）
5136,headlamp,照明灯；桅灯；车前灯
5137,headland,岬
5138,headlight,汽车等的前灯；船上的桅灯；矿工和医生用的帽灯
5139,headline,大标题；内容提要；栏外标题；头版头条新闻；给…加标题；使成为注意中心；大力宣传
5140,headlong,轻率的；头向前的；匆促而用力的；头向前地；猛然用力地
5141,headman,首领；酋长；工头
5142,headmaster,校长
5143,headmistress,女校长
5144,headphones,[电讯] 耳机；听筒；[电子] 头戴式受话器（headphone的复数形式）
5145,headquarters,总部；指挥部；司令部
5146,headrest,头靠，弹性头垫；靠头之物
5147,headroom,净空；净空高度；头上空间
5148,headset,耳机；头戴式受话器
5149,headship,能力；领导者的职位；校长的职位；职务
5150,headstone,基石；墓石
5151,headstrong,任性的；顽固的；刚愎的
5152,headway,前进；进步；航行速度；间隔时间
5153,headwind,逆风；顶头风
5154,heady,兴奋的；任性的；性急的；顽固的；使人头晕的；令人陶醉的；(Heady)人名；(英)黑迪
5155,heal,治愈，痊愈；和解；(Heal)人名；(英)希尔
5156,health,健康；卫生；保健；兴旺
5157,healthy,健康的，健全的；有益于健康的
5158,heap,堆；许多；累积；堆；堆积
5159,hear,听到，听；听说；审理
5160,hearing,听力；审讯，听讯；听见（hear的ing形式）
5161,hearsay,传闻，谣言；传闻的，风闻的
5162,hearse,灵车；棺材
5163,heart,心脏；感情；勇气；心形；要点；鼓励；铭记；结心
5164,heartache,心痛；悲叹
5165,heartbeat,心跳；情感
5166,heartbreak,心碎；伤心事
5167,heartbreaking,悲伤或失望到难忍程度的；令人悲伤的；使…心碎（heartbreak的ing形式）
5168,heartbroken,悲伤的，伤心的
5169,hearten,激励；鼓励；使振作
5170,heartfelt,衷心的；真诚的；真心真意的
5171,hearth,灶台；炉边；炉床；壁炉地面
5172,heartily,衷心地；热忱地；痛快地
5173,heartland,中心地带；心脏地区
5174,heartless,无情的；无勇气的
5175,heartrending,悲惨的；令人心碎的
5176,heartstring,心弦；内心深处的感情
5177,heartwarming,感人的；暖人心房的
5178,hearty,衷心的；丰盛的；健壮的；精神饱满的；朋友们；伙伴们
5179,heat,高温；压力；热度；热烈；使激动；把…加热
5180,heater,加热器；加热工
5181,heath,石南，石南植物；荒野；杜鹃花科木本植物的
5182,heathen,异教徒；粗野的人；异教的；野蛮的
5183,heating,[热] 加热；[建] 供暖；暖气设备；加热的；供热的；[热] 加热（heat的现在分词）
5184,heatstroke,[中医] 中暑
5185,heave,举起；使起伏；投掷；恶心；发出（叹息等）；举起；起伏；投掷；一阵呕吐
5186,heaven,天堂；天空；极乐
5187,heavy,沉重的；繁重的，巨大的；拥挤的；阴沉的；重物；严肃角色；大量地；笨重地
5188,heavyweight,重量级拳击手；有影响的人物；聪明绝顶的人；重量级的；特别厚重的
5189,Hebrew,希伯来人，犹太人；希伯来语；希伯来人的；希伯来语的
5190,heck,真见鬼（hell的委婉说法）；饲草架
5191,heckle,诘问；激烈质问；以麻梳梳理；麻梳
5192,hectare,公顷（等于1万平方米）
5193,hectic,脸红；患肺结核；兴奋的，狂热的；脸上发红；肺病的；忙碌的
5194,hector,威吓；愚弄；虚张声势的人；威吓者；恃强凌弱的人
5195,hedge,用树篱笆围住；避免作正面答复；对冲，套期保值；树篱；障碍
5196,hedgehog,刺猬
5197,hedgerow,灌木篱墙
5198,hedonism,快乐主义；快乐论
5199,hedonist,快乐主义者；享乐主义者；享乐主义者的
5200,heed,注意，留心；注意到；留心到
5201,heel,脚后跟；踵；倾侧
5202,hefty,重的；肌肉发达的；异常大的；强有力地；非常；体格健壮的人
5203,hegemony,霸权；领导权；盟主权
5204,heifer,小母牛
5205,height,高地；高度；身高；顶点
5206,heighten,提高；增高；加强；使更显著
5207,heinous,可憎的；极凶恶的
5208,heir,[法] 继承人；后嗣；嗣子
5209,heiress,女继承人
5210,heirloom,传家宝；祖传遗物
5211,helicopter,[航] 直升飞机；[航] 乘直升飞机；由直升机运送
5212,helium,[化学] 氦（符号为He，2号元素）
5213,hell,地狱；究竟（作加强语气词）；训斥；黑暗势力；过放荡生活；飞驰；该死；见鬼（表示惊奇、烦恼、厌恶、恼怒、失望等）
5214,hello,喂；哈罗；表示问候， 惊奇或唤起注意时的用语
5215,helm,舵；舵柄；领导地位；驾驶盘；指挥；给掌舵
5216,helmet,钢盔，头盔
5217,help,帮助；促进；治疗；补救；帮助；补救办法；帮忙者；有益的东西
5218,helper,助手，帮手
5219,helpful,有帮助的；有益的
5220,helping,帮助，协助；一份食物；辅助的；给予帮助的；帮助；扶持（help的ing形式）
5221,helpless,无助的；无能的；没用的
5222,hem,边，边缘；摺边；包围；给缝边
5223,hemisphere,半球
5224,hemline,底边，底缘
5225,hemlock,铁杉；毒芹属植物；毒胡萝卜
5226,hemophilia,[内科] 血友病（等于haemophilia）
5227,hemorrhage,[病理] 出血（等于haemorrhage）；番茄汁；[病理] 出血
5228,hemorrhoid,痔疮（等于haemorrhoid）；很难相处的人
5229,hemp,大麻；麻类植物；大麻烟卷；大麻类植物的
5230,hen,母鸡；女人；雌禽
5231,hence,因此；今后
5232,henceforth,今后；自此以后
5233,henchman,亲信；追随者；（美）走狗；侍从
5234,henpecked,惧内的
5235,hepatitis,肝炎
5236,her,她（she的宾格）；她的（she的所有格）；她（指某个国家；一艘船）；（法）埃尔（人名）
5237,herald,预兆，征兆；先驱；传令官；报信者；通报；预示…的来临
5238,herb,香草，药草
5239,herbivore,[动] 食草动物
5240,herbivorous,[动] 食草的
5241,herd,兽群，畜群；放牧人；成群，聚在一起
5242,herdsman,牧人
5243,here,在这里；此时；嘿！；喂！；这里
5244,hereabouts,在这里附近；在这一带
5245,hereby,以此方式，据此；特此
5246,hereditary,遗传的；世袭的；世代相传的；遗传类
5247,heredity,遗传，遗传性
5248,herein,此中，于此；焉；在这方面；（捷）赫赖因（人名）
5249,hereof,于此；关于此点
5250,heresy,异端；异端邪说；异教
5251,heretic,异教徒，异端者；异端的；异教的
5252,heretical,异端的；异教的
5253,hereto,到此为止；关于这个
5254,heretofore,直到此时，迄今为止；在这以前
5255,herewith,因此；同此；用此方法
5256,heritage,遗产；传统；继承物；继承权
5257,hermetic,密封的；与外界隔绝的；不透气的；炼金术的；炼金术士
5258,hermit,（尤指宗教原因的）隐士；隐居者
5259,hermitage,隐士生活；隐士住处
5260,hero,英雄；男主角，男主人公
5261,heroic,英雄的；英勇的；记叙英雄及其事迹的；夸张的；史诗；英勇行为
5262,heroin,[药][毒物] 海洛因，吗啡
5263,heroine,女主角；女英雄；女杰出人物
5264,herring,鲱
5265,hers,她的（所有格）；(Hers)人名；(法)埃尔
5266,herself,她自己（she的反身代词）；她亲自
5267,hesitate,踌躇，犹豫；不愿
5268,hesitation,犹豫
5269,heterodox,异端的；非正统的
5270,heterogeneous,[化学] 多相的；异种的；[化学] 不均匀的；由不同成分形成的
5271,hew,砍；劈；砍倒；(Hew)人名；(英)休；(东南亚国家华语)丘
5272,hexagon,六角形，六边形；成六角的；成六边的
5273,hey,喂！（引起注意等）；你好！（表示问候）；干草（等于hay）
5274,heyday,全盛期；嘿！（表喜悦或惊奇等）
5275,hi,嗨！（表示问候或用以唤起注意）；(Hi)人名；(柬)希
5276,hiatus,裂缝，空隙；脱漏部分
5277,hibernate,过冬；（动物）冬眠；（人等）避寒
5278,hiccup,打嗝
5279,hidden,隐藏的；隐藏，躲藏（hide的过去分词）；(Hidden)人名；(英)希登
5280,hide,隐藏；隐瞒；鞭打；躲藏；兽皮；躲藏处
5281,hideaway,潜伏处；隐匿处；退隐处
5282,hidebound,死板的；保守的；顽固的；墨守成规的
5283,hideous,可怕的；丑恶的
5284,hiding,隐匿；躲藏处；殴打
5285,hierarchical,分层的；等级体系的
5286,hierarchy,层级；等级制度
5287,hieroglyphics,[语] 象形文字；难以辨认或理解的文字（hieroglyphic的复数形式）
5288,high,高的；高级的；崇高的；高音调的；高水平；天空；由麻醉品引起的快感；高压地带；高；奢侈地
5289,highbrow,不切实际的；自炫博学的；知识分子的；卖弄知识的人；知识分子
5290,highchair,小孩吃饭时用的高脚椅子
5291,highhanded,专横的；高压的
5292,highland,高地；丘陵地带；高原的；高地的
5293,highlight,突出；强调；使显著；加亮；最精彩的部分；最重要的事情；加亮区
5294,highly,高度地；非常；非常赞许地
5295,highness,殿下，阁下；高度，高位；高尚，高贵
5296,highway,公路，大路；捷径
5297,hijack,抢劫；揩油；劫持；威逼；敲诈
5298,hike,远足；徒步旅行；上升；远足；徒步旅行；涨价
5299,hiker,徒步旅行者
5300,hilarious,欢闹的；非常滑稽的；喜不自禁的
5301,hill,小山；丘陵；斜坡；山冈
5302,hillock,小丘；小山似的一堆
5303,hillside,山坡，山腹；山腰
5304,hilt,刀把，柄
5305,him,他（宾格）；(Him)人名；(东南亚国家华语)欣；(柬)亨；(中)谦(广东话·威妥玛)
5306,himself,他自己；他亲自，他本人
5307,hind,后部的；雌鹿
5308,hinder,成为阻碍；后面的；(Hinder)人名；(芬)欣德
5309,Hindi,北印度语；北印度的
5310,hindmost,最后面的，最后部的
5311,hindquarters,（动物的）尾部；两条后腿；半边胴体的后半部（hindquarter的复数）
5312,hindrance,障碍；妨碍；妨害；阻碍物
5313,hindsight,后见之明；枪的照门
5314,Hindu,印度教的；印度的；印度人；印度教教徒
5315,Hinduism,印度教
5316,hinge,铰链，折叶；关键，转折点；枢要，中枢；用铰链连接；依…为转移；给…安装铰链；（门等）装有蝶铰
5317,hint,暗示；线索；暗示；示意
5318,hinterland,内地；穷乡僻壤；靠港口供应的内地贸易区
5319,hip,臀部；蔷薇果；忧郁；熟悉内情的；非常时尚的
5320,hippie,嬉皮士；嬉皮模样的年青人；嬉皮的
5321,hippo,河马；吐根
5322,hippopotamus,[脊椎] 河马
5323,hire,雇用，租用；租金，工钱；雇用；出租
5324,his,他的；(His)人名；(法)伊斯
5325,Hispanic,西班牙的
5326,hiss,发出嘘声；发嘘声；嘘声；嘶嘶声
5327,histogram,[统计] 直方图；柱状图
5328,historian,历史学家
5329,historic,有历史意义的；历史上著名的
5330,historical,历史的；史学的；基于史实的
5331,history,历史，历史学；历史记录；来历
5332,histrionic,戏剧的；演员的，表演的；演员
5333,hit,打击；袭击；碰撞；偶然发现；伤…的感情；打；打击；（演出等）成功；讽刺
5334,hitch,故障；钩；猛拉；急推；蹒跚；搭便车；钩住；套住；猛拉；使结婚
5335,hitchhike,要求（搭便车）；搭便车（旅行）
5336,hither,这边的；近这边的；到这里；在这里
5337,hitherto,迄今；至今
5338,HIV,艾滋病病毒（human immunodeficiency virus）
5339,hive,群居；入蜂房；生活在蜂房中；蜂房，蜂巢；热闹的场所；熙攘喧闹的人群
5340,hoard,积聚钱财；贮藏货物；贮藏物
5341,hoarding,[贸易] 囤积；贮藏；临时围墙；贮藏（hoard的ing形式）
5342,hoarse,嘶哑的
5343,hoary,久远的，古老的；灰白的
5344,hoax,愚弄；欺骗；骗局；恶作剧
5345,hobble,蹒跚；跛行；跛行步态
5346,hobby,嗜好；业余爱好
5347,hobbyhorse,木马；竹马；摇动木马
5348,hobbyist,业余爱好者；沉溺于某嗜好之人
5349,hobgoblin,妖怪
5350,hobnail,鞋钉，平头钉；乡下佬
5351,hobnob,交谈；共饮；过从甚密；亲切交谈；交谈；共饮
5352,hockey,曲棍球；冰球
5353,hod,煤斗；装木炭容器；木制容器；灰浆桶
5354,hoe,锄，用锄头；锄头
5355,hog,猪，象猪般的人；贪婪者；使拱起
5356,hoggish,利己的；贪婪的；猪一般的
5357,hogshead,大桶；液量单位
5358,hoist,起重机；升起，吊起；升起；吊起
5359,hold,持有；拥有；保存；拘留；约束或控制；控制；保留
5360,holdall,手提旅行箱或手提旅行袋
5361,holder,持有人；所有人；固定器；（台、架等）支持物
5362,holding,举办；支持；召开；担任（hold的ing形式）；握住
5363,holdup,持枪抢劫；交通阻塞
5364,hole,洞，孔；洞穴，穴；突破口；凿洞，穿孔；（高尔夫球等）进洞
5365,holiday,假日；节日；休息日；外出度假
5366,holiness,神圣；圣座（大写，对教宗等的尊称）
5367,hollow,空的；中空的，空腹的；凹的；虚伪的；洞；山谷；窟窿；使成为空洞；彻底地；无用地
5368,holly,冬青树（等于holm oak）；冬青属植物的
5369,holocaust,大屠杀；毁灭
5370,hologram,[激光] 全息图；全息摄影，全息照相
5371,holster,手枪皮套
5372,holy,圣洁的，神圣的；至善的；神圣的东西
5373,homage,敬意；尊敬；效忠
5374,home,家，住宅；产地；家乡；避难所；在家，回家；深入地；国内的，家庭的；有效的；归巢，回家
5375,homebound,回家的，回家乡的
5376,homecoming,归国；同学会；省亲回家
5377,homeland,祖国；故乡
5378,homeless,无家可归的
5379,homely,家庭的；平凡的；不好看的
5380,homeopath,同种疗法医师；顺势医疗论者
5381,homesick,想家的；思乡病的
5382,homestead,宅地；家园；田产
5383,homeward,在归途上，向家地；在归途上的，向家的
5384,homework,家庭作业，课外作业
5385,homey,舒适的；家庭似的；自在的；(Homey)人名；(德)霍迈
5386,homicide,过失杀人；杀人犯
5387,homily,说教；训诫
5388,homing,回家的；自动导引的；有返回性的；归航；动物的返回性；回家（home的ing形式）
5389,homogeneity,同质；同种；同次性（等于homogeneousness）
5390,homogeneous,均匀的；[数] 齐次的；同种的；同类的，同质的
5391,homogenise,（英）使均匀（等于homogenize）
5392,homosexual,同性恋者；同性恋的
5393,honest,诚实的，实在的；可靠的；坦率的
5394,honestly,真诚地；公正地
5395,honesty,诚实，正直
5396,honey,蜂蜜；宝贝；甜蜜；甘美的；蜂蜜似的；对…说甜言蜜语；加蜜使甜
5397,honeycomb,蜂巢，蜂巢状之物；使成蜂巢状；把…弄得千疮百孔；似蜂巢的
5398,honeymoon,蜜月；蜜月假期；（新生事物、新建关系等的）短暂的和谐时期；度蜜月
5399,honk,雁叫声；汽车喇叭声；发雁鸣或汽车喇叭声
5400,honorary,荣誉的；名誉的；道义上的；名誉学位；获名誉学位者；名誉团体
5401,honour,荣誉；尊敬；勋章；尊敬；[金融] 承兑；承兑远期票据
5402,honourable,荣誉的；值得尊敬的；表示尊敬的；正直的
5403,hood,头巾；覆盖；兜帽；罩上；以头巾覆盖
5404,hoodwink,蒙蔽；欺骗；遮眼
5405,hoof,步行；踢；跳舞；蹄；人的脚
5406,hook,挂钩，吊钩；钩住；引上钩
5407,hooligan,阿飞；小流氓
5408,hoop,箍；铁环；呼呼声；加箍于；包围
5409,hooray,呼万岁；万岁
5410,hoot,鸣响；嘲骂声；汽笛响声；鸣响；大声叫嚣
5411,hoover,吸尘器；用吸尘器打扫
5412,hop,"单足跳跃〔跳行〕；蹦跳,跳跃；跳舞；一次飞行的距离"
5413,hope,希望；期望；信心；希望；期望
5414,hopeful,有希望的；有前途的；有希望成功的人
5415,hopeless,绝望的；不可救药的
5416,hopper,料斗；漏斗；单足跳者；跳虫
5417,horde,一大群，群；游牧部落
5418,horizon,[天] 地平线；视野；眼界；范围
5419,horizontal,水平的；地平线的；同一阶层的；水平线，水平面；水平位置
5420,hormone,[生理] 激素，荷尔蒙
5421,horn,喇叭，号角；角；装角于
5422,horned,有角的；角状的；截短…的角（horn的过去式和过去分词）
5423,hornet,[昆] 大黄蜂
5424,horoscope,占星术；星象；十二宫图
5425,horrendous,可怕的；惊人的
5426,horrible,可怕的；极讨厌的
5427,horrid,可怕的；恐怖的；极讨厌的
5428,horrific,可怕的；令人毛骨悚然的
5429,horrify,使恐惧；惊骇；使极度厌恶
5430,horror,惊骇；惨状；极端厌恶；令人恐怖的事物
5431,horse,马；骑兵；脚架；海洛因；使骑马；系马于；捉弄
5432,horseback,马背；峻峭的山脊；在马背上；性急的；草率的；未经充分考虑的
5433,horsehair,马毛；马鬃
5434,horseman,骑马者；马术师
5435,horseplay,动手脚和大声欢笑的玩闹；恶作剧
5436,horsepower,马力（功率单位）
5437,horseracing,赛马运动
5438,horseshoe,装蹄铁于；马蹄铁；U形物
5439,horsewhip,马鞭；用马鞭抽打；惩罚
5440,horsey,马的；似马的（等于sorsy）
5441,horticulture,园艺，园艺学
5442,hose,软管；长筒袜；男性穿的紧身裤；用软管浇水；痛打
5443,hosiery,针织品；袜类
5444,hospice,收容所；旅客招待所；救济院
5445,hospitable,热情友好的；（环境）舒适的
5446,hospital,医院
5447,hospitality,好客；殷勤
5448,hospitalize,就医；送…进医院治疗
5449,host,[计] 主机；主人；主持人；许多；主持；当主人招待
5450,hostage,人质；抵押品
5451,hostel,旅社，招待所（尤指青年旅社）
5452,hostess,女主人，女老板；女服务员；舞女；女房东
5453,hostile,敌对的，敌方的；怀敌意的；敌对
5454,hostility,敌意；战争行动
5455,hot,热的；辣的；热情的；激动的；紧迫的；热；紧迫地；变热；(Hot)人名；(塞)霍特；(法)奥特
5456,hotbed,滋长地，温床
5457,hotchpotch,杂烩
5458,hotel,旅馆，饭店；客栈；使…在饭店下榻；进行旅馆式办公
5459,hotelier,旅馆老板
5460,hotfoot,急忙地；火急地；急行；恶作剧
5461,hothead,性急的人；鲁莽的人
5462,hothouse,温室；温床；温室的；过分保护的；娇弱的
5463,hotline,热线；热线电话，咨询电话
5464,hotly,激烈地；热心地；暑热地
5465,hotplate,电炉；扁平烤盘
5466,hotpot,火锅
5467,hound,追猎；烦扰；激励；猎犬；卑劣的人
5468,hour,小时；钟头；课时；…点钟
5469,house,住宅；家庭；机构；议会；某种用途的建筑物；覆盖；给…房子住；把…储藏在房内
5470,houseboat,游艇；居住船；居住在船上；乘居住船游览
5471,housebound,不能离家的，足不出户的
5472,housebreaker,强盗，侵入家宅者；拆屋者
5473,housecoat,家常服；长且松宽的家居女服
5474,housecraft,家政学；（英）管家的技能
5475,household,家庭的；日常的；王室的；全家人，一家人；(包括佣工在内的)家庭，户
5476,householder,户主，家长；房主
5477,housekeeper,女管家；主妇
5478,housemaid,女佣，女仆
5479,housemaster,男舍监；舍监
5480,housewarming,乔迁庆宴
5481,housewife,家庭主妇
5482,housewifery,家事；家政
5483,housework,家务事
5484,housing,房屋；住房供给；[机] 外壳；遮盖物；机器等的防护外壳或外罩
5485,hovel,小屋；栅舍；茅舍；使…住在茅屋；把…拴入棚舍
5486,hover,盘旋，翱翔；徘徊；徘徊；盘旋；犹豫
5487,hovercraft,气垫船
5488,how,如何；多少；多么；方法；方式；如何
5489,however,无论如何；不管怎样（接副词或形容词）；然而；可是；无论以何种方式; 不管怎样
5490,howl,咆哮；怒吼；狂吠；嗥叫；怒号；嚎哭
5491,howler,大声叫喊者；嚎叫的人或动物；滑稽可笑的错误
5492,HRH,殿下（His/Her Royal Highness）
5493,hub,中心；毂；木片
5494,hubbub,喧哗；骚动
5495,huckster,叫卖；讨价还价；叫卖的小贩；小商人；吃广告饭的人
5496,huddle,把挤在一起；使缩成一团；草率了事；拥挤；混乱；杂乱一团
5497,hue,色彩；色度；色调；叫声
5498,huff,把…吹胀；激怒；蔑视；发怒
5499,hug,拥抱；紧抱；抱有，坚持；拥抱；紧抱；固执
5500,huge,巨大的；庞大的；无限的；(Huge)人名；(英)休奇
5501,hulk,废船；笨重的船；船体；绿巨人，浩克（美国漫威漫画旗下超级英雄）；庞然大物般出现；赫然显现
5502,hulking,笨重的；粗陋的
5503,hull,船体；（果实的）外壳；[粮食] 去壳
5504,hum,发低哼声；嗡嗡声；哼声；杂声；哼；嗯
5505,human,人的；人类的；人；人类
5506,humane,仁慈的，人道的；高尚的
5507,humanism,人道主义；人文主义的；人道主义的
5508,humanist,人道主义者；人类学者，人文学者；人文主义者；人文主义的；人道主义的
5509,humanitarian,人道主义的；博爱的；基督凡人论的；人道主义者；慈善家；博爱主义者；基督凡人论者
5510,humanity,人类；人道；仁慈；人文学科
5511,humankind,人类（总称）
5512,humanly,以人力；像人地；在人力所能及的范围
5513,humble,谦逊的；简陋的；（级别或地位）低下的；不大的；使谦恭；轻松打败（尤指强大的对手）；低声下气
5514,humbug,骗子；欺骗；谎话；欺骗；哄骗
5515,humdrum,单调的；无聊的；单调；乏味；单调乏味地进行
5516,humid,潮湿的；湿润的；多湿气的
5517,humidify,使潮湿；使湿润
5518,humidity,[气象] 湿度；湿气
5519,humiliate,羞辱；使…丢脸；耻辱
5520,humiliating,丢脸的；羞辱性的；使蒙耻（humiliate的ing形式）
5521,humility,谦卑，谦逊
5522,humorous,诙谐的，幽默的；滑稽的，可笑的
5523,humour,幽默（等于humor）；诙谐；迁就；使满足
5524,hump,驼峰；驼背；圆形隆起物；隆起；弓起；努力；急速行进
5525,humpback,驼背；座头鲸
5526,humus,腐殖质；腐植土
5527,hunch,预感；大块；肉峰；耸肩；预感到；弯腰驼背
5528,hunchback,驼背
5529,hundred,一百；许多；一百的；许多的；百；百个
5530,hundredth,第一百的；一百分之一的；第一百，第一百个；百分之一
5531,hundredweight,英担（重量单位）
5532,hunger,饿，饥饿；渴望；渴望；挨饿
5533,hungry,饥饿的；渴望的；荒年的；不毛的
5534,hunk,大块，大片；厚块；（俚语）强壮；好的；行的
5535,hunt,打猎；搜索；狩猎；搜寻
5536,hunter,猎人；猎犬；搜寻者
5537,hurdle,障碍；栏；跳栏；克服
5538,hurl,丢下；用力投掷；愤慨地说出；用力的投掷
5539,hurrah,欢呼声；激动；混乱；欢呼；叫好；万岁；好哇（等于hurray）
5540,hurricane,飓风，暴风
5541,hurried,匆忙的；草率的；催促；匆忙进行；急派（hurry的过去分词）
5542,hurry,匆忙，急忙；仓促（做某事）；催促；（朝某方向）迅速移动；迅速处理
5543,hurt,使受伤；损害；使疼痛；使痛心；痛苦；危害；痛苦的原因；受伤的；痛苦的；受损的
5544,hurtle,猛冲；猛烈碰撞；碰撞；猛冲
5545,husband,节约地使用（或管理）；丈夫
5546,husbandry,饲养；务农，耕种；家政
5547,hush,安静；肃静；缄默；安静；肃静；沉默；嘘；别作声
5548,husk,皮；外壳；无价值之物；削皮；以粗哑的嗓音说
5549,husky,声音沙哑的；有壳的；强壮的；强壮结实之人；爱斯基摩人
5550,hustle,催促；猛推；强夺；推；奔忙；拥挤喧嚷
5551,hut,小屋；临时营房；使住在小屋中；驻扎；住在小屋中；驻扎
5552,hutch,笼；小屋；贮藏箱；矿车；把…装箱
5553,hybrid,杂种，混血儿；混合物；混合的；杂种的
5554,hydrant,消防栓；水龙头；给水栓
5555,hydraulic,液压的；水力的；水力学的
5556,hydrocarbon,[有化] 碳氢化合物
5557,hydrochloric,氯化氢的，盐酸的
5558,hydroelectric,水力发电的；水电治疗的
5559,hydroelectricity,水力电气
5560,hydrogen,[化学] 氢
5561,hydroxide,[无化] 氢氧化物；羟化物
5562,hygiene,卫生；卫生学；保健法
5563,hymn,赞美诗；圣歌；欢乐的歌；唱赞美歌
5564,hype,大肆宣传；皮下注射；大肆宣传；使…兴奋
5565,hyperactive,极度活跃的；活动过度的
5566,hypercritical,吹毛求疵的，苛评的
5567,hypermarket,大规模超级市场
5568,hypertension,高血压；过度紧张
5569,hyphen,以连字号连接；连字号
5570,hyphenate,用连字符号连接；归化的美国公民
5571,hypnosis,催眠；催眠状态
5572,hypnotic,催眠的，催眠术的；易于催眠的；安眠药；催眠状态的人
5573,hypnotism,催眠术；催眠状态
5574,hypocrisy,虚伪；伪善
5575,hypocrite,伪君子；伪善者
5576,hypocritical,虚伪的；伪善的
5577,hypodermic,皮下注射；皮下注射器；皮下的
5578,hypothesis,假设
5579,hysterical,歇斯底里的；异常兴奋的
5580,I,我；碘元素；英语字母I
5581,ice,冰；冰淇淋；矜持；（俚）钻石；冰镇；结冰；冰的
5582,iceberg,[地理] 冰山；显露部分
5583,icebox,冰箱；冷藏库
5584,icebreaker,碎冰船；破冰设备
5585,icicle,冰柱；垂冰；冷冰冰的人
5586,icing,结冰；糖衣；酥皮；冰冻（ice的ing形式）
5587,icon,图标；偶像；肖像，画像；圣像
5588,icy,冰冷的；冷淡的；结满冰的
5589,idea,想法；主意；概念
5590,ideal,理想的；完美的；想象的；不切实际的；理想；典范
5591,idealism,唯心主义，理想主义；理念论
5592,idealist,空想家，理想主义者；唯心主义者；理想主义的；唯心主义的
5593,idealize,理想化；形成思想
5594,identical,同一的；完全相同的；完全相同的事物
5595,identification,鉴定，识别；认同；身份证明
5596,identify,确定；鉴定；识别，辨认出；使参与；把…看成一样 vi确定；认同；一致
5597,identity,身份；同一性，一致；特性；恒等式
5598,ideological,思想的；意识形态的
5599,ideology,意识形态；思想意识；观念学
5600,idiom,成语，习语；土话
5601,idiomatic,惯用的；符合语言习惯的；通顺的
5602,idiosyncrasy,（个人独有的）气质，性格，习惯，癖好
5603,idiot,笨蛋，傻瓜；白痴
5604,idle,闲置的；懒惰的；停顿的；无所事事；虚度；空转
5605,idol,偶像，崇拜物；幻象；谬论
5606,idolatry,偶像崇拜；盲目崇拜；邪神崇拜
5607,idolise,把…当偶像崇拜；偶像化
5608,idyllic,牧歌的
5609,if,（表条件）如果；即使；是否；（表假设）假如；条件；设想
5610,ignite,点燃；使燃烧；使激动
5611,ignoble,不光彩的；卑鄙的；卑贱的
5612,ignominy,耻辱；不体面；丑行
5613,ignorance,无知，愚昧；不知，不懂
5614,ignorant,无知的；愚昧的
5615,ignore,驳回诉讼；忽视；不理睬
5616,ill,生病的；坏的；邪恶的；不吉利的；不利地；恶劣地；几乎不；疾病；不幸
5617,illegal,[法] 非法的；违法的；违反规则的；非法移民，非法劳工
5618,illegible,难辨认的；字迹模糊的
5619,illegitimate,私生的；非法的；不合理的；认做私生子；认为违法；非嫡出子；庶子
5620,illicit,违法的；不正当的
5621,illiteracy,文盲；无知
5622,illiterate,文盲的；不识字的；没受教育的；文盲
5623,illness,病；疾病
5624,illogical,不合逻辑的；不合常理的
5625,illuminate,阐明，说明；照亮；使灿烂；用灯装饰
5626,illuminating,照亮的，照明的；启蒙的，有启发性的；照明，阐释（illuminate的现在分词形式）
5627,illumination,照明；[光] 照度；启发；灯饰（需用复数）；阐明
5628,illusion,幻觉，错觉；错误的观念或信仰
5629,illustrate,阐明，举例说明；图解
5630,illustration,说明；插图；例证；图解
5631,illustrative,说明的；作例证的；解说的
5632,illustrator,插图画家；说明者；图解者
5633,illustrious,著名的，杰出的；辉煌的
5634,image,影像；想象；肖像；偶像；想象；反映；象征；作…的像
5635,imagery,像；意象；比喻；形象化
5636,imaginable,可能的；可想像的
5637,imaginary,虚构的，假想的；想像的；虚数的
5638,imagination,[心理] 想象力；空想；幻想物
5639,imaginative,富于想象的；有创造力的
5640,imagine,想像；猜想；臆断
5641,imbalance,不平衡；不安定
5642,imbecile,低能者；愚蠢的人；低能的；愚笨的；虚弱的
5643,imbecility,愚钝；低能；愚蠢的行为，言语等
5644,imbibe,吸收，接受；喝；吸入
5645,imbue,灌输；使感染；使渗透
5646,imitate,模仿，仿效；仿造，仿制
5647,imitation,模仿，仿造；仿制品；人造的，仿制的
5648,immaculate,完美的；洁净的；无瑕疵的
5649,immaterial,非物质的；无形的；不重要的；非实质的
5650,immature,不成熟的；未成熟的；粗糙的
5651,immeasurable,无限的；[数] 不可计量的；不能测量的
5652,immediate,立即的；直接的；最接近的
5653,immediately,立即，立刻；直接地；一…就
5654,immense,巨大的，广大的；无边无际的；非常好的
5655,immerse,沉浸；使陷入
5656,immigrant,移民的；迁入的；移民，侨民
5657,immigrate,移入
5658,immigration,外来移民；移居
5659,imminent,即将来临的；迫近的
5660,immobile,固定的；稳定的；不变的
5661,immoral,不道德的；邪恶的；淫荡的
5662,immortal,不朽的；神仙的；长生的；神仙；不朽人物
5663,immune,免疫的；免于……的，免除的；免疫者；免除者
5664,immunize,使免疫；赋予免疫性
5665,impact,影响；效果；碰撞；冲击力；挤入，压紧；撞击；对…产生影响
5666,impair,损害；削弱；减少
5667,impale,刺穿；钉住；使绝望
5668,impart,给予（尤指抽象事物），传授；告知，透露
5669,impartial,公平的，公正的；不偏不倚的
5670,impasse,僵局；死路
5671,impassioned,充满激情的；感激的；使充满激情（impassion的过去式和过去分词）
5672,impassive,冷漠的；无感觉的
5673,impatience,急躁；无耐心
5674,impeach,弹劾；归咎；怀疑；控告，检举；弹劾；怀疑
5675,impeccable,无瑕疵的；没有缺点的
5676,impede,阻碍；妨碍；阻止
5677,impediment,口吃；妨碍；阻止
5678,impel,推动；驱使；激励
5679,impending,即将发生的；迫切的；悬挂的；迫近；悬空（impend的现在分词）
5680,impenetrable,不能通过的；顽固的；费解的；不接纳的
5681,imperative,必要的，不可避免的；紧急的；命令的，专横的；势在必行的；[语]祈使的；必要的事；命令；需要；规则；[语]祈使语气
5682,imperceptible,感觉不到的；极细微的
5683,imperfect,有缺点的；未完成的；半过去的；未完成时的；未完成体；有瑕疵地；有缺点地
5684,imperial,帝国的；皇帝的；至高无上的；威严的；纸张尺寸；特等品
5685,imperialism,帝国主义
5686,imperialist,帝国主义者；帝国主义的
5687,imperil,危及；使陷于危险
5688,imperious,专横的；迫切的；傲慢的
5689,impersonal,客观的；非个人的；没有人情味的；非人称的；非人称动词；不具人格的事物
5690,impersonate,扮演；模仿；拟人，人格化
5691,impertinent,不恰当的；无礼的；粗鲁的；不相干的
5692,impetuous,冲动的；鲁莽的；猛烈的
5693,impetus,动力；促进；冲力
5694,impinge,撞击；侵犯
5695,impious,不虔诚的；不孝的；不敬的
5696,implacable,不能安抚的；难和解的；不能缓和的
5697,implant,种植；灌输；嵌入；[医] 植入物；植入管
5698,implement,实施，执行；实现，使生效；工具，器具；手段
5699,implicate,使卷入；涉及；暗指；影响
5700,implication,含义；暗示；牵连，卷入；可能的结果，影响
5701,implicit,含蓄的；暗示的；盲从的
5702,implore,恳求或乞求
5703,imply,意味；暗示；隐含
5704,impolite,无礼的；粗鲁的
5705,import,进口，进口货；输入；意思，含义；重要性；输入，进口；含…的意思
5706,importance,价值；重要；重大；傲慢
5707,important,重要的，重大的；有地位的；有权力的
5708,importer,进口商；输入者
5709,impose,利用；欺骗；施加影响
5710,imposing,（建筑物等）壮观的；威风的；（仪表）堂堂的；给人深刻印象的；impose的ing形式
5711,imposition,征收；强加；欺骗；不公平的负担
5712,impossibility,不可能；不可能的事
5713,impossible,不可能的；不可能存在的；难以忍受的；不真实的；不可能；不可能的事
5714,impostor,骗子；冒充者
5715,impotence,[泌尿][中医] 阳萎；虚弱；无效（等于impotency）
5716,impotent,无力的；无效的；虚弱的；阳萎的
5717,impound,没收；拘留；将…关在圈中
5718,impoverish,使贫穷；使枯竭
5719,impractical,不切实际的，不现实的；不能实行的
5720,impregnable,无法攻取的；不受影响的；要塞坚固的；不可受孕的
5721,impregnate,使怀孕；灌输；浸透；充满的；怀孕的
5722,impress,盖印；强征；传送；给予某人深刻印象；印象，印记；特征，痕迹
5723,impression,印象；效果，影响；压痕，印记；感想；曝光（衡量广告被显示的次数。打开一个带有该广告的网页，则该广告的impression 次数增加一次）
5724,impressionable,敏感的；易受影响的
5725,impressive,感人的；令人钦佩的；给人以深刻印象的
5726,imprint,印记；痕迹；特征；版本说明；加特征；刻上记号
5727,imprison,监禁；关押；使…下狱
5728,imprisonment,监禁，关押；坐牢；下狱
5729,impromptu,即兴曲；即席演出；即席地；即席的
5730,improper,不正确的，错误的；不适当的；不合礼仪的
5731,improve,改善，增进；提高…的价值
5732,improvement,改进，改善；提高
5733,improvise,即兴创作；即兴表演；临时做；临时提供
5734,imprudent,轻率的，鲁莽的；不小心的
5735,impulse,冲动；[电子] 脉冲；刺激；神经冲动；推动力；推动
5736,impulsive,冲动的；受感情驱使的；任性的
5737,impure,不纯的；肮脏的；道德败坏的
5738,in,按照（表示方式）；从事于；在…之内；进入；当选；（服装等）时髦；在屋里；在里面的；时髦的；执政者；门路；知情者
5739,inability,无能力；无才能
5740,inaccessible,难达到的；难接近的；难见到的
5741,inaction,不活动；迟钝
5742,inadequacy,不适当，不充分；不完全；不十分
5743,inadequate,不充分的，不适当的
5744,inadvertent,疏忽的；不注意的（副词inadvertently）；无意中做的
5745,inappropriate,不适当的；不相称的
5746,inarticulate,口齿不清的；说不出话的；[无脊椎] 无关节的
5747,inaugural,开始的；开幕的；就任的，就职的；就职演讲；开幕辞
5748,inaugurate,创新；开辟；开创；举行开幕典礼；举行就职典礼
5749,inborn,天生的；先天的
5750,inbuilt,内置的；内藏的；嵌入的
5751,incantation,咒语
5752,incapable,不能的；无能力的；不能胜任的
5753,incapacitate,使无能力；使不能；使不适于
5754,incarnate,化身的；人体化的；肉色的；体现；使…具体化；使实体化
5755,incarnation,化身；道成肉身；典型
5756,incendiary,燃烧弹；纵火犯，放火者；煽动者；煽动的；放火的，纵火的
5757,incense,向…焚香；使…发怒；香；奉承
5758,incensed,愤怒的，激怒了的；激怒（incense的过去分词）
5759,incentive,动机；刺激；激励的；刺激的
5760,inception,起初；获得学位
5761,incessant,不断的；不停的；连续的
5762,incest,乱伦；近亲通婚
5763,inch,英寸；身高；少许；使缓慢地移动
5764,incidence,发生率；影响；[光] 入射；影响范围
5765,incident,事件，事变；插曲；[光] 入射的；附带的；易发生的，伴随而来的
5766,incidental,附带的；偶然的；容易发生的；附带事件；偶然事件；杂项
5767,incidentally,顺便；偶然地；附带地
5768,incinerate,把……烧成灰；烧弃
5769,incipient,初期的；初始的；起初的；发端的
5770,incise,切；切割；雕刻
5771,incisive,深刻的；敏锐的；锋利的
5772,incite,煽动；激励；刺激
5773,inclination,倾向，爱好；斜坡
5774,incline,倾斜；倾向；易于；倾斜；斜面；斜坡
5775,include,包含，包括
5776,inclusion,包含；内含物
5777,inclusive,包括的，包含的
5778,incoherent,语无伦次的；不连贯的；不合逻辑的
5779,income,收入，收益；所得
5780,incoming,进来的，到来的； 即将就任的；进入；到来；常作 incomings 收入，收益
5781,incomparable,无比的；无可匹敌的；不能比较的；盖世无双的人
5782,incompatible,不相容的；矛盾的；不能同时成立的；互不相容的人或事物
5783,incompetent,无能力的，不胜任的；不合适的；不适当的；无力的；无能力者
5784,incomplete,不完全的；[计] 不完备的
5785,incomprehensible,费解的；不可思议的；无限的
5786,inconceivable,不可思议的；难以置信的；不能想象的；非凡的
5787,inconsistent,不一致的；前后矛盾的
5788,incontrovertible,无可争议的；无疑的；明白的
5789,inconvenience,不便；麻烦；麻烦；打扰
5790,inconvenient,不便的；打扰的
5791,incorporate,包含，吸收；体现；把……合并；合并的；一体化的；组成公司的
5792,increase,增加，增长；提高；增加，增大；繁殖
5793,increasingly,越来越多地；渐增地
5794,incredible,难以置信的，惊人的
5795,incredibly,难以置信地；非常地
5796,incredulous,怀疑的；不轻信的
5797,incriminate,控告；暗示有罪
5798,incubate,孵化；培养；温育；逐渐发展；孵育物
5799,incubation,孵化；[病毒][医] 潜伏；抱蛋
5800,incubator,[禽] 孵卵器；[儿科] 保温箱；早产儿保育器；细菌培养器
5801,inculcate,教育；谆谆教诲；教授；反覆灌输
5802,incur,招致，引发；蒙受
5803,incurable,不能治愈的；无可救药的；患不治之症者，不能治愈的人
5804,incursion,入侵；侵犯
5805,indebted,负债的；感激的；受惠的；使负债；使受恩惠（indebt的过去分词）
5806,indecent,下流的；不礼貌的；不得体的
5807,indecision,优柔寡断；犹豫不决
5808,indeed,的确；实在；真正地；甚至；真的（表示惊讶、怀疑、讽刺等）
5809,indefensible,站不住脚的；不能防卫的；无辩护余地的
5810,indefinable,难下定义的；难确定的；模糊不清的；难下定义的事物；难以确切描述的事物
5811,indefinite,不确定的；无限的；模糊的
5812,indelible,难忘的；擦不掉的
5813,indemnify,赔偿；保护；使免于受罚
5814,indemnity,补偿，赔偿；保障；赔偿物
5815,indent,定货；缩排；印凹痕；缩进；订货单；凹痕；契约
5816,independence,独立性，自立性；自主
5817,independent,独立的；单独的；无党派的；不受约束的；独立自主者；无党派者
5818,indeterminate,不确定的；模糊的；含混的
5819,index,指标；指数；索引；指针；做索引
5820,Indian,印度的；印第安人的；印第安语的；印度人；印第安人；印第安语
5821,indicate,表明；指出；预示；象征
5822,indication,指示，指出；迹象；象征
5823,indicative,象征的；指示的；表示…的；陈述语气；陈述语气的动词形式
5824,indicator,指示器；[试剂] 指示剂；[计] 指示符；压力计
5825,indict,控告，起诉；[法] 揭发
5826,indifference,漠不关心；冷淡；不重视；中立
5827,indifferent,漠不关心的；无关紧要的；中性的，中立的
5828,indigenous,本土的；土著的；国产的；固有的
5829,indigestion,消化不良；不消化
5830,indignant,愤愤不平的；义愤的
5831,indignation,愤慨；愤怒；义愤
5832,indignity,侮辱；轻蔑；有伤尊严；无礼举动
5833,indigo,靛蓝，靛蓝染料；靛蓝色；槐蓝属植物；靛蓝色的
5834,indirect,间接的；迂回的；非直截了当的
5835,indiscreet,轻率的；不慎重的
5836,indiscriminate,任意的；无差别的；不分皂白的
5837,indispensable,不可缺少的；绝对必要的；责无旁贷的；不可缺少之物；必不可少的人
5838,indisposed,不舒服的；不愿意的；不合适的；使厌恶，使不适当，使不能（indispose的过去式）
5839,indisputable,明白的；无争论之余地的
5840,indistinguishable,不能区别的，不能辨别的；不易察觉的
5841,individual,个人的；个别的；独特的；个人，个体
5842,individualism,个人主义；利己主义；个人特征
5843,individuality,个性；个人；个人特征；个人的嗜好（通常复数）
5844,indoctrinate,灌输；教导
5845,indolent,懒惰的；无痛的
5846,indoor,室内的，户内的
5847,indoors,在室内，在户内
5848,indubitable,不容置疑的；明确的
5849,induce,诱导；引起；引诱；感应
5850,inducement,诱因，刺激物
5851,induct,引导；感应；使…就职；征召入伍
5852,induction,[电磁] 感应；归纳法；感应现象；入门培训，入职仪式，就职；诱导
5853,indulgent,放纵的；宽容的；任性的
5854,industrial,工业的，产业的；从事工业的；供工业用的；来自勤劳的；工业股票；工业工人
5855,industrialise,使工业化（等于industrialize）
5856,industrialist,实业家；工业家；产业工人
5857,industrious,勤勉的
5858,industry,产业；工业；勤勉
5859,ineffective,无效的，失效的；不起作用的
5860,ineffectual,无效的，不起作用的；徒劳无益的；无用的人；无一技之长者
5861,inefficient,无效率的，效率低的；无能的
5862,ineluctable,不可避免的；无法逃避的
5863,inept,笨拙的；不适当的
5864,inequality,不平等；不同；不平均
5865,inert,[化学] 惰性的；呆滞的；迟缓的；无效的
5866,inertia,[力] 惯性；惰性，迟钝；不活动
5867,inescapable,不可避免的；逃脱不了的
5868,inestimable,无价的；难以估计的
5869,inevitable,必然的，不可避免的
5870,inexact,不精确的；不严格的；不正确的
5871,inexhaustible,用不完的；不知疲倦的
5872,inexorable,无情的；不屈不挠的；不可阻挡的；无法改变的
5873,inexperienced,无经验的；不熟练的
5874,inexplicable,费解的；无法说明的；不能解释的
5875,infallible,绝对可靠的；绝无错误的；永远正确的人；绝无谬误的事物
5876,infamous,声名狼藉的；无耻的；邪恶的；不名誉的
5877,infancy,初期；婴儿期；幼年
5878,infant,婴儿；幼儿；未成年人；婴儿的；幼稚的；初期的；未成年的
5879,infantile,婴儿的；幼稚的；初期的
5880,infantry,步兵；步兵团
5881,infatuated,入迷的；昏头昏脑的；迷恋；使糊涂（infatuate的过去分词）
5882,infatuation,迷恋；醉心
5883,infect,感染，传染
5884,infection,感染；传染；影响；传染病
5885,infectious,传染的；传染性的；易传染的
5886,infer,推断；推论
5887,inference,推理；推论；推断
5888,inferior,差的；自卑的；下级的，下等的；下级；次品
5889,infernal,地狱的；恶魔的；可憎的
5890,infertile,不肥沃的；不毛的；不结果实的；不能生殖的
5891,infest,骚扰；寄生于；大批出没；大批滋生
5892,infidelity,无信仰，不信神；背信
5893,infighting,暗斗；混战；接近战；暗斗（infight的ing形式）；近击
5894,infiltrate,使潜入；使渗入，使浸润；渗透物
5895,infinite,无限的，无穷的；无数的；极大的；无限；[数] 无穷大；无限的东西（如空间，时间）
5896,infinitive,原形，原形动词，不定式；原形的，不定式的
5897,infinity,无穷；无限大；无限距
5898,infirm,衰弱的；意志薄弱的；不坚固的
5899,infirmary,医务室；医院；养老院
5900,infirmity,虚弱；疾病；衰弱；缺点
5901,inflame,激怒；使燃烧；使发炎
5902,inflamed,发炎的；红肿的；使发炎（inflame的过去分词）；使燃烧；使火红；激起
5903,inflammable,易燃的；易怒的；易激动的；易燃物
5904,inflammation,[病理] 炎症；[医] 发炎；燃烧；发火
5905,inflammatory,炎症性的；煽动性的；激动的
5906,inflate,使充气；使通货膨胀
5907,inflation,膨胀；通货膨胀；夸张；自命不凡
5908,inflection,弯曲，变形；音调变化
5909,inflexible,顽固的；不可弯曲的；不屈挠的；不能转变的
5910,inflict,造成；使遭受（损伤、痛苦等）；给予（打击等）
5911,inflow,流入；流入物；岭量；流入；货币回笼
5912,influence,影响；势力；感化；有影响的人或事；影响；改变
5913,influential,有影响的；有势力的；有影响力的人物
5914,influenza,[内科] 流行性感冒（简写flu）；家畜流行性感冒
5915,influx,流入；汇集；河流的汇集处
5916,inform,通知；告诉；报告
5917,informal,非正式的；不拘礼节的；随便的；通俗的；日常使用的
5918,informant,被调查者；告密者；提供消息者
5919,information,信息，资料；知识；情报；通知
5920,informative,教育性的，有益的；情报的；见闻广博的
5921,informed,消息灵通的；见多识广的；通知；使了解；提供资料（inform的过去分词）
5922,informer,告密者；通知者；控告人
5923,infrared,红外线；红外线的
5924,infrastructure,基础设施；公共建设；下部构造
5925,infringe,侵犯；违反；破坏
5926,infuriate,激怒；使大怒；狂怒的
5927,infuse,灌输；使充满；浸渍
5928,ingenious,有独创性的；机灵的，精制的；心灵手巧的
5929,ingenuous,天真的；坦白的；正直的；朴实的
5930,inglorious,可耻的；不名誉的；不体面的
5931,ingrained,根深蒂固的；彻头彻尾的；生染的；使根深蒂固（ingrain的过去分词形式）；生染；就原料染色
5932,ingratiate,使迎合；使讨好；使逢迎
5933,ingratiating,逢迎的，讨好的；迷人的，吸引人的
5934,ingredient,原料；要素；组成部分；构成组成部分的
5935,inhabit,栖息；居住于；占据
5936,inhabitable,适于居住的；可居住的，可栖居的
5937,inhabitant,居民；居住者
5938,inhale,吸入；猛吃猛喝
5939,inherent,固有的；内在的；与生俱来的，遗传的
5940,inherit,继承；遗传而得
5941,inheritance,继承；遗传；遗产
5942,inhibit,抑制；禁止
5943,inhuman,残忍的；野蛮的；无人性的
5944,inhumane,残忍的；无人情味的
5945,inhumanity,不人道，无人性；残暴
5946,inimitable,独特的；无比的；无法仿效的
5947,initial,最初的；字首的；用姓名的首字母签名；词首大写字母
5948,initially,最初，首先；开头
5949,initiate,开始，创始；发起；使初步了解；开始；新加入者，接受初步知识者；新加入的；接受初步知识的
5950,initiative,主动权；首创精神；主动的；自发的；起始的
5951,inject,注入；注射
5952,injection,注射；注射剂；充血；射入轨道
5953,injunction,[管理] 禁令；命令；劝告
5954,injure,伤害，损害
5955,injurious,有害的；诽谤的
5956,injustice,不公正；不讲道义
5957,ink,签署；涂墨水于；墨水，墨汁；油墨
5958,inkling,暗示；略知；模糊概念；暗示 （inkle的ing形式）；略知；低声说出
5959,inlaid,镶嵌的；嵌入的；镶饰的；把…镶入；用镶嵌物装饰（inlay的过去分词形式）
5960,inland,内地；内陆；内陆的；内地的；国内的；在内地；向内地；向内陆；在内陆
5961,inlet,入口，进口；插入物；水湾；引进; 嵌入; 插入;
5962,inmate,(尤指)同院病人；同狱犯人；同被(收容所)收容者
5963,inmost,心底的，内心深处的；最深的
5964,inn,客栈；旅馆；住旅馆
5965,innate,先天的；固有的；与生俱来的
5966,inner,内部的；内心的；精神的；内部
5967,innkeeper,客栈老板；旅馆主人
5968,innocence,清白，无罪；天真无邪
5969,innocent,无辜的；无罪的；无知的；天真的人；笨蛋
5970,innovate,创新；改革；革新
5971,innovation,创新，革新；新方法
5972,innumerable,无数的，数不清的
5973,inoculate,[医] 接种；嫁接；灌输
5974,inoffensive,不触犯人的；无害的；没恶意的
5975,inordinate,过度的；无节制的；紊乱的
5976,input,投入；输入电路；[自][电子] 输入；将…输入电脑
5977,inquest,审讯；验尸；讯问
5978,inquire,询问；查究；问明
5979,inquiring,询问的；打听的；爱追究的；调查（inquire的ing形式）；打听
5980,inquiry,探究；调查；质询
5981,inquisition,调查；宗教法庭；审讯
5982,inquisitive,好奇的；好问的，爱打听的
5983,insane,疯狂的；精神病的；极愚蠢的
5984,insanity,疯狂；精神错乱；精神病；愚顽
5985,insatiable,贪得无厌的；不知足的
5986,inscribe,题写；题献；铭记；雕
5987,inscription,题词；铭文；刻印
5988,insect,昆虫；卑鄙的人
5989,insecticide,杀虫剂
5990,insensibility,不关心，不在乎；无感觉
5991,insensitive,感觉迟钝的，对…没有感觉的
5992,inseparable,[数] 不可分割的；不能分离的；不可分离的事物；形影不离的朋友
5993,insert,插入；嵌入；插入物；管芯；镶块；[机械]刀片
5994,inset,插图，插页；插入物；嵌入；插入
5995,inside,里面；内部；内情；内脏；里面的；内部的；秘密的；在里面；少于；在…之内
5996,insider,内部的人，会员；熟悉内情者
5997,insidious,阴险的；隐伏的；暗中为害的；狡猾的
5998,insight,洞察力；洞悉
5999,insignificant,无关紧要的
6000,insincere,不诚实的；虚假的
6001,insinuate,暗示；使逐渐而巧妙地取得；使迂回地潜入
6002,insipid,清淡的；无趣的
6003,insist,坚持，强调
6004,insistent,坚持的；迫切的；显著的；引人注目的；紧急的
6005,insofar,在…的范围；在…情况下
6006,insolent,无礼的；傲慢的；粗野的；无耻的
6007,insoluble,不能解决的；[化学] 不能溶解的；难以解释的
6008,insomnia,失眠症，失眠
6009,insomniac,失眠症患者
6010,insomuch,就此程度而言；由于
6011,inspect,检查；视察；检阅
6012,inspection,视察，检查
6013,inspector,检查员；巡视员
6014,inspiration,灵感；鼓舞；吸气；妙计
6015,inspire,激发；鼓舞；启示；产生；使生灵感
6016,inspiring,鼓舞人心的；灌输的；启发灵感的；鼓舞；激发；使感悟（inspire的ing形式）
6017,install,安装；任命；安顿
6018,installation,安装，装置；就职
6019,instalment,分期付款；装设；就职
6020,instance,实例；情况；建议；举为例
6021,instant,立即的；紧急的；紧迫的；瞬间；立即；片刻
6022,instantaneous,瞬间的；即时的；猝发的
6023,instantly,立即地；马上地；即刻地；一…就…
6024,instead,代替；反而；相反
6025,instep,脚背；背部；脚背形的东西
6026,instigate,唆使；煽动；教唆；怂恿
6027,instil,逐渐灌输；使渗透；滴注
6028,instinct,本能，直觉；天性；充满着的
6029,institute,开始（调查）；制定；创立；提起（诉讼）；学会，协会；学院
6030,institution,制度；建立；（社会或宗教等）公共机构；习俗
6031,institutional,制度的；制度上的
6032,instruct,指导；通知；命令；教授
6033,instruction,指令，命令；指示；教导；用法说明
6034,instructive,有益的；教育性的
6035,instructor,指导书；教员；指导者
6036,instrument,仪器；工具；乐器；手段；器械
6037,instrumental,乐器的；有帮助的；仪器的，器械的；器乐曲；工具字，工具格
6038,insufficient,不足；缺乏；不足的，不充足的；不胜任的；缺乏能力的
6039,insular,孤立的；与世隔绝的；海岛的；岛民的
6040,insulate,隔离，使孤立；使绝缘，使隔热
6041,insulation,绝缘；隔离，孤立
6042,insulator,[物] 绝缘体；从事绝缘工作的工人
6043,insult,侮辱；辱骂；损害；侮辱；凌辱；无礼
6044,insulting,侮辱的，无礼的；污蔑的；损害人体的；侮辱；损害（insult的ing形式）
6045,insuperable,不能克服的；无敌的
6046,insurance,保险；保险费；保险契约；赔偿金
6047,insure,确保，保证；给…保险
6048,insured,被保险人；已投保的；确保；给…保险（insure的过去式和过去分词）
6049,insurer,保险公司；承保人
6050,insurgent,叛乱的；起义的；叛乱者；起义者
6051,insurmountable,不能克服的；不能超越的；难以对付的
6052,insurrection,暴动；叛乱
6053,intact,完整的；原封不动的；未受损伤的
6054,intake,摄取量；通风口；引入口；引入的量
6055,intangible,无形的，触摸不到的；难以理解的
6056,integer,[数] 整数；整体；完整的事物
6057,integral,积分的；完整的，整体的；构成整体所必须的；积分；部分；完整
6058,integrate,使…完整；使…成整体；求…的积分；表示…的总和；整合的；完全的；一体化；集成体
6059,integrity,完整；正直；诚实；廉正
6060,intellect,智力，理解力；知识分子；思维逻辑领悟力；智力高的人
6061,intellectual,智力的；聪明的；理智的；知识分子；凭理智做事者
6062,intelligence,智力；情报工作；情报机关；理解力；才智，智慧；天分
6063,intelligent,智能的；聪明的；理解力强的
6064,intelligible,可理解的；明了的；仅能用智力了解的
6065,intense,强烈的；紧张的；非常的；热情的
6066,intensify,增强，强化；变激烈
6067,intensity,强度；强烈；[电子] 亮度；紧张
6068,intensive,加强的；集中的；透彻的；加强语气的；加强器
6069,intent,意图；目的；含义；专心的；急切的；坚决的
6070,intention,意图；目的；意向；愈合
6071,intentional,故意的；蓄意的；策划的
6072,interact,互相影响；互相作用；幕间剧；幕间休息
6073,interaction,相互作用；[数] 交互作用
6074,interactive,交互式的；相互作用的
6075,intercept,拦截；截断；窃听；拦截；[数] 截距；截获的情报
6076,intercession,调解；说情；仲裁
6077,interchange,（指两人等）交换；互换；互换；立体交叉道
6078,intercom,对讲机；内部通话装置
6079,intercontinental,洲际的；大陆间的
6080,intercourse,性交；交往；交流
6081,interdependent,相互依赖的；互助的
6082,interest,兴趣，爱好；利息；趣味；同行；使……感兴趣；引起……的关心；使……参与
6083,interested,感兴趣的；有权益的；有成见的；使…感兴趣（interest的过去分词）
6084,interesting,有趣的；引起兴趣的，令人关注的
6085,interface,界面；<计>接口；交界面；（使通过界面或接口）接合，连接；[计算机]使联系
6086,interfere,干涉；妨碍；打扰
6087,interference,干扰，冲突；干涉
6088,interim,临时的，暂时的；中间的；间歇的；过渡时期，中间时期；暂定
6089,interior,内部；本质；内部的；国内的；本质的
6090,interject,突然插入；插嘴
6091,interjection,[语] 感叹词；插入语；突然的发声
6092,interlock,[计] 互锁；连锁
6093,interlocutor,对话者；谈话者
6094,interloper,闯入者；（为私利）干涉他人事务者；无执照营业者
6095,interlude,插曲；穿插；幕间节目；[数] 插算；使中断
6096,intermediary,中间的；媒介的；中途的；中间人；仲裁者；调解者；媒介物
6097,intermediate,起媒介作用；中间的，中级的；[化学] 中间物；媒介
6098,interment,葬礼；埋葬
6099,interminable,冗长的；无止尽的
6100,intermingle,使混合；使搀和
6101,intermittent,间歇的；断断续续的；间歇性
6102,intern,实习生，实习医师；拘留，软禁
6103,internal,内部的；内在的；国内的
6104,international,国际组织；国际体育比赛；外国居留者；国际股票；国际的；两国（或以上）国家的；超越国界的；国际关系的；世界的
6105,Internet,因特网
6106,interpersonal,人际的；人与人之间的
6107,interplay,相互影响，相互作用
6108,interpose,提出（异议等）；使插入；使干涉
6109,interpret,说明；口译
6110,interpretation,解释；翻译；演出
6111,interpreter,解释者；口译者；注释器
6112,interrogate,审问；质问；[计] 询问
6113,interrupt,中断；打断；插嘴；妨碍；中断
6114,intersect,相交，交叉
6115,intersection,交叉；十字路口；交集；交叉点
6116,intersperse,点缀；散布
6117,interval,间隔；间距；幕间休息
6118,intervene,干涉；调停；插入
6119,intervention,介入；调停；妨碍
6120,interventionist,干涉主义的；干涉主义者
6121,interview,接见，采访；面试，面谈；采访；接见；对…进行面谈；对某人进行面试
6122,interviewee,被接见者；被访问者
6123,interviewer,采访者；会见者；面谈者；进行面试者
6124,intestinal,肠的
6125,intestine,内部的；国内的；肠
6126,intimacy,性行为；亲密；亲昵行为；隐私
6127,intimate,亲密的；私人的；精通的；有性关系的；知己；至交；暗示；通知；宣布
6128,into,到…里；深入…之中；成为…状况；进入到…之内；(Into)人名；(芬、英)因托
6129,intolerable,无法忍受的；难耐的
6130,intolerant,无法忍受的；偏狭的
6131,intonation,声调，语调；语音的抑扬
6132,intoxicant,使醉的，醉人的；使醉的东西
6133,intoxicate,使陶醉；使喝醉；使中毒
6134,intractable,棘手的；难治的；倔强的；不听话的
6135,intransigent,不妥协的；不让步的；不妥协的人
6136,intransitive,不及物的；不及物动词
6137,intrepid,无畏的；勇敢的；勇猛的
6138,intricate,复杂的；错综的，缠结的
6139,intrigue,阴谋；诡计；复杂的事；私通；用诡计取得；激起的兴趣
6140,intriguing,有趣的；迷人的；引起…的兴趣；策划阴谋；私通（intrigue的ing形式）
6141,intrinsic,本质的，固有的
6142,introduce,介绍；引进；提出；采用
6143,introduction,介绍；引进；采用；入门；传入
6144,introductory,引导的，介绍的；开端的
6145,introspection,内省；反省
6146,introvert,使内向；使内倾；使内弯；内向的人；内翻的东西
6147,intrude,把…强加；把…硬挤
6148,intruder,侵入者；干扰者；妨碍者
6149,intrusive,侵入的；打扰的
6150,intuition,直觉；直觉力；直觉的知识
6151,intuitive,直觉的；凭直觉获知的
6152,inundate,淹没；泛滥；浸水；（洪水般的）扑来
6153,invade,侵略；侵袭；侵扰；涌入
6154,invader,侵略者；侵入物
6155,invalid,无效的；有病的；残废的；病人；残废者；使伤残；使退役
6156,invalidate,使无效；使无价值
6157,invaluable,无价的；非常贵重的
6158,invariable,不变的；常数的；常数；不变的东西
6159,invasion,入侵，侵略；侵袭；侵犯
6160,invent,发明；创造；虚构
6161,invention,发明；发明物；虚构；发明才能
6162,inventive,发明的；有发明才能的；独出心裁的
6163,inventor,发明家；[专利] 发明人；创造者
6164,inventory,存货，存货清单；详细目录；财产清册
6165,inverse,相反；倒转；相反的；倒转的；使倒转；使颠倒
6166,invert,使…转化；使…颠倒；使…反转；使…前后倒置；颠倒的事物；倒置物；倒悬者；转化的
6167,invest,投资；覆盖；耗费；授予；包围
6168,investigate,调查；研究
6169,investigation,调查；调查研究
6170,investigator,研究者；调查者；侦查员
6171,investment,投资；投入；封锁
6172,investor,投资者
6173,inveterate,根深的；积习的；成癖的
6174,invidious,诽谤的；不公平的；引起反感的；易招嫉妒的
6175,invigilate,监考；看守
6176,invigilator,监考人；[自] 监视器
6177,invigorate,鼓舞；使精力充沛
6178,invincible,无敌的；不能征服的
6179,inviolable,不可侵犯的；神圣的；不可亵渎的
6180,invisible,无形的，看不见的；无形的；不显眼的，暗藏的
6181,invitation,邀请；引诱；请帖；邀请函
6182,invite,邀请，招待；招致；邀请
6183,inviting,诱人的；有魅力的；邀请（invite的ing形式）
6184,invocation,祈祷；符咒；【法律】(法院对另案的)文件调取；(法权的)行使
6185,invoice,账单，发货单，收款请求；开发票；记清单
6186,invoke,调用；祈求；引起；恳求
6187,involuntary,无意识的；自然而然的；不知不觉的
6188,involve,包含；牵涉；使陷于；潜心于
6189,involved,有关的；卷入的；复杂的；涉及；使参与；包含（involve的过去式和过去分词）
6190,invulnerable,无懈可击的；不会受伤害的
6191,inward,向内的；内部的；精神的；本质上的；熟悉的；向内；内心里；内部；内脏；密友
6192,iodide,碘负离子
6193,iodine,碘；碘酒
6194,ion,[化学] 离子
6195,irascible,易怒的
6196,iris,[解剖] 虹膜；鸢尾属植物；鸢尾属植物的
6197,Irish,爱尔兰的；爱尔兰人的；爱尔兰人；爱尔兰语；爱尔兰
6198,irk,使烦恼；使厌倦
6199,irksome,令人厌烦的，讨厌的；令人厌恶的
6200,iron,熨斗；烙铁；坚强；熨；用铁铸成；铁的；残酷的；刚强的
6201,ironic,讽刺的；反话的
6202,irony,讽刺；反语；具有讽刺意味的事；铁的；似铁的
6203,irradiate,照耀；使灿烂；启发；放射；使某物生辉；发光的
6204,irrational,不合理的；无理性的；荒谬的；[数] 无理数
6205,irreconcilable,矛盾的；不能和解的；不能协调的
6206,irreducible,[数] 不可约的；不能削减的；不能复归的
6207,irregular,不规则物；不合规格的产品；不规则的；无规律的；非正规的；不合法的
6208,irrelevant,不相干的；不切题的
6209,irreparable,不能挽回的；不能修补的
6210,irrepressible,抑制不住的；压服不了的
6211,irresistible,不可抵抗的；不能压制的；极为诱人的
6212,irrespective,无关的；不考虑的；不顾的
6213,irresponsible,不负责任的；不可靠的
6214,irretrievable,不能弥补的；不能复原的；无法挽救的
6215,irreverent,不敬的，无礼的
6216,irreversible,不可逆的；不能取消的；不能翻转的
6217,irrevocable,不可改变的；不能取消的；不能挽回的
6218,irrigate,灌溉；冲洗；使清新
6219,irrigation,灌溉；[临床] 冲洗；冲洗法
6220,irritable,过敏的；急躁的；易怒的
6221,irritant,刺激的；刺激性的；[医] 刺激物，[医] 刺激剂
6222,irritate,刺激，使兴奋；激怒
6223,irritating,刺激的；气人的；使愤怒的；刺激（irritate的ing形式）；激怒
6224,irritation,刺激；激怒，恼怒，生气；兴奋；令人恼火的事
6225,irruption,闯入，侵入；激剧繁殖
6226,is,是（be的三单形式）；存在
6227,Islam,伊斯兰教
6228,island,岛；岛屿；安全岛；岛状物；岛的；孤立；使成岛状
6229,isle,岛；使成为岛屿；住在岛屿上
6230,isolate,使隔离；使孤立；使绝缘；[生物] 隔离种群；隔离的；孤立的
6231,isolation,隔离；孤立；[电] 绝缘；[化学] 离析
6232,isotherm,[气象] 等温线
6233,isotope,同位素
6234,Israel,以色列（亚洲国家）；犹太人，以色列人
6235,Israeli,以色列的；以色列人的；以色列人
6236,issuance,发布，发行
6237,issue,问题；流出；期号；发行物；发行，发布；发给；放出，排出
6238,it,[指无生命的东西、动物、植物]它；这；那；信息技术information technology
6239,Italian,意大利的；意大利文化的；意大利语的；意大利人；意大利语
6240,italic,斜体字（或字母、数码等）；[印刷] 斜体的
6241,itch,痒；渴望；疥疮；发痒；渴望
6242,item,条款，项目；一则；一件商品（或物品）；又，同上；记下；逐条列出
6243,itemise,详细列明（等于itemize）
6244,iterate,迭代；重复；反复说；重做
6245,itinerant,巡回的；流动的；巡回者；行商
6246,itinerary,旅程，路线； 旅行日程；旅程的； 巡回的，流动的
6247,its,它的；(Its)人名；(俄)伊茨
6248,itself,它自己；它本身
6249,ivory,象牙；乳白色；长牙；乳白色的；象牙制的
6250,ivy,常春藤联盟的；常春藤
6251,jab,戳；猛击；用拨火棒等捅；戳；猛击；注射
6252,jack,千斤顶；[电] 插座；男人；增加；提醒；抬起；用千斤顶顶起某物；雄的
6253,jacket,羽绒滑雪衫；西装短外套；短上衣，夹克；土豆皮；书籍的护封；文件套，公文夹；给…穿夹克；给…装护套；给…包上护封；〈口〉打
6254,jade,翡翠；[宝] 碧玉；老马；玉制的；绿玉色的；疲倦
6255,jagged,锯齿状的；参差不齐的；使成缺口；使成锯齿状（jag的过去式）
6256,jailer,狱卒，看守监狱的人
6257,jam,果酱；拥挤；困境；扣篮；使堵塞；挤进，使塞满；混杂；压碎
6258,janitor,看门人；守卫；门警
6259,January,一月
6260,Japanese,日本（人）的；日语的；日本人；日语
6261,jar,罐；广口瓶；震动；刺耳声；冲突；不一致；震惊；发刺耳声
6262,jargon,行话，术语；黄锆石
6263,jasmine,茉莉；淡黄色
6264,javelin,标枪，投枪
6265,jaw,颌；下巴；狭窄入口；唠叨；教训；唠叨
6266,jaywalk,乱穿马路（不遵守交通规则）
6267,jazz,爵士乐，爵士舞；喧闹；奏爵士乐，跳爵士舞；游荡；爵士乐的；喧吵的
6268,jealous,妒忌的；猜疑的；唯恐失去的；戒备的
6269,jealousy,嫉妒；猜忌；戒备
6270,jeans,牛仔裤；工装裤
6271,jeep,吉普车
6272,jeer,嘲笑；戏弄；揶揄的言语；嘲笑；戏弄
6273,jelly,果冻；胶状物；成胶状
6274,jellyfish,水母；[无脊椎] 海蜇；软弱无能的人
6275,jerk,肌肉抽搐；性情古怪的人；蠢人；急拉；痉挛；急拉；颠簸地行进
6276,jerky,抽筋的；急动的；不平稳的；牛肉干
6277,jest,笑话，俏皮话；玩笑；开玩笑；嘲笑
6278,Jesus,耶稣（上帝之子）；杰西（男子名）
6279,jet,喷射，喷嘴；喷气式飞机；黑玉；墨黑的；射出
6280,jetty,码头；防波堤；乌黑发亮的，煤玉似的；伸出
6281,Jew,犹太人；犹太教徒；守财奴；欺骗；杀价
6282,jewel,宝石；珠宝；镶以宝石；饰以珠宝
6283,jeweller,珠宝商；钟表匠，宝石匠
6284,jewellery,珠宝（等于jewelry）
6285,jigsaw,拼图玩具；线锯；镂花锯；用线锯锯
6286,jingle,叮当声；节拍十分规则的简单诗歌；（使）叮当作响；具有简单而又引人注意的韵律
6287,job,工作；职业；承包；代客买卖
6288,jocular,爱开玩笑的；打趣的；滑稽的
6289,jog,慢跑；轻推；蹒跚行进；使颠簸；慢跑；轻推，轻撞
6290,join,参加；结合；连接；结合；连接；接合点
6291,joint,关节；接缝；接合处，接合点；（牛，羊等的腿）大块肉；共同的；连接的；联合的，合办的；连接，贴合；接合；使有接头
6292,joke,玩笑，笑话；笑柄；开…的玩笑
6293,jolly,愉快的；欢乐的；宜人的；很；非常；（口）用好话劝某人做…；（口）用好话使高兴；(Jolly)人名；(法)若利；(英、印)乔利；(德)约利
6294,jolt,使颠簸；使震惊；使摇动；颠簸；摇晃；震惊；严重挫折
6295,jostle,推挤，撞；争夺；推撞，挤拥
6296,jot,略记；摘要记载下来；少量；稍许
6297,journal,日报，杂志；日记；分类账
6298,journalist,新闻工作者；报人；记日志者
6299,journey,旅行；行程；旅行
6300,joy,欢乐，快乐；乐趣；高兴；欣喜，欢喜
6301,joyful,欢喜的；令人高兴的
6302,joyous,令人高兴的；充满欢乐的（等于joyful）
6303,joystick,操纵杆，[机] 控制杆
6304,jubilant,欢呼的；喜洋洋的
6305,judge,判断；审判；法官；裁判员
6306,judgement,意见；判断力；[法] 审判；评价
6307,judicial,公正的，明断的；法庭的；审判上的
6308,judicious,明智的；头脑精明的；判断正确的
6309,jug,[轻] 水壶；监牢；关押；放入壶中
6310,juggle,玩杂耍；欺骗；歪曲；玩戏法；欺骗
6311,juice,（水果）汁，液；果汁
6312,juicy,多汁的；利润多的；生动的
6313,jumble,混乱；杂乱的一堆东西；混杂；搀杂
6314,jumbo,巨大的；特大的；庞然大物；巨型喷气式飞机；体大而笨拙的人或物
6315,jump,跳跃；暴涨；惊跳；跳跃；使跳跃；跳过；突升
6316,junction,连接，接合；交叉点；接合点
6317,juncture,接缝；连接；接合
6318,June,六月；琼（人名，来源于拉丁语，含义是“年轻气盛的六月”）
6319,jungle,丛林，密林；危险地带；丛林的；蛮荒的
6320,junior,年少的；后进的；下级的；年少者，晚辈；地位较低者；大学三年级学生
6321,junk,垃圾，废物；舢板
6322,Jupiter,[天] 木星；朱庇特（罗马神话中的宙斯神）
6323,jurisdiction,司法权，审判权，管辖权；权限，权力
6324,juror,审查委员，陪审员
6325,jury,[法] 陪审团；评判委员会；应急的
6326,just,只是，仅仅；刚才，刚刚；正好，恰好；实在；刚要；公正的，合理的；正直的，正义的；正确的；公平的；应得的；(Just)人名；(英)贾斯特；(法)朱斯特；(德、匈、波、捷、挪)尤斯特；(西)胡斯特
6327,justice,司法，法律制裁；正义；法官，审判员
6328,justify,证明合法；整理版面
6329,juvenile,青少年的；幼稚的；青少年；少年读物
6330,juxtapose,并列；并置
6331,kaleidoscope,万花筒；千变万化
6332,kangaroo,袋鼠
6333,Karaoke,卡拉OK；卡拉OK录音，自动伴奏录音
6334,karat,开（黄金成色单位）；克拉（宝石的重量单位，等于carat）
6335,karate,空手道（日本的一种徒手武术）
6336,keel,给…装龙骨；把…翻转；龙骨；平底船；龙骨脊
6337,keen,敏锐的，敏捷的；渴望的；强烈的；热心的；锐利的；痛哭，挽歌
6338,keep,保持；经营；遵守；饲养；保持；生计；生活费
6339,keeper,监护人；饲养员；看守人；管理人
6340,kennel,狗屋；养狗场；[建] 阴沟；一群狗；把…关进狗舍；宿于狗舍
6341,kernel,核心，要点；[计] 内核；仁；麦粒，谷粒；精髓
6342,kerosene,煤油，火油
6343,ketchup,番茄酱
6344,kettle,壶；[化工] 釜；罐；鼓
6345,key,（打字机等的）键；关键；钥匙；键入；锁上；调节…的音调；提供线索；关键的
6346,keyboard,键盘；键入；用键盘式排字机排字
6347,keyhole,锁眼；[建] 键孔；显示内情的
6348,keynote,基调；主旨；主音；给…定基调；说明基本政策
6349,khaki,卡其色；卡其布；卡其色的；黄褐色的；卡其布做的
6350,kick,踢；反冲，朝后座；踢；反冲，后座力
6351,kickoff,开始；开球
6352,kid,小孩；小山羊；欺骗；取笑；戏弄；小山羊皮制的；较年幼的
6353,kidnap,绑架；诱拐；拐骗
6354,kidnapper,绑匪；诱拐者
6355,kidney,[解剖] 肾脏；腰子；个性
6356,kill,杀死；扼杀；使终止；抵消；杀戮；屠杀；致命的；致死的
6357,killer,杀手；致死；止痛药；宰杀的器具；断路器
6358,kilo,千克
6359,kilobyte,[计] 千字节，1024字节
6360,kilogramme,公斤；千克
6361,kilometre,[计量] 公里；[计量] 千米
6362,kin,亲戚；家族；同族；同类的；有亲属关系的；性质类似的
6363,kind,种类；性质；和蔼的；宽容的；令人感激的
6364,kindergarten,幼儿园；幼稚园
6365,kindhearted,仁慈的，好心肠的
6366,kindle,点燃；激起；照亮
6367,kindly,亲切地；温和地；仁慈地；亲切的；和蔼的；体贴的；爽快的
6368,kindness,仁慈；好意；友好的行为
6369,kindred,同类的；血缘的；同族的；家族；相似；亲属关系
6370,king,国王；最有势力者；王棋；统治；做国王；立…为王；主要的，最重要的，最大的
6371,kingdom,王国；界；领域
6372,kinship,[法] 亲属关系，家属关系；亲密关系
6373,kiosk,【网络】自助服务终端；一体机；Kiosk (KDE)；小卖部
6374,kiss,吻；（风等）轻拂；吻；轻拂
6375,kit,工具箱；成套工具；装备
6376,kitchen,厨房；炊具；炊事人员
6377,kite,风筝；使用空头支票；像风筝一样飞；轻快地移动
6378,kitten,小猫；小动物；产小猫
6379,kiwi,猕猴桃；几维（一种新西兰产的无翼鸟）；新西兰人
6380,knack,诀窍；本领；熟练技术；巧妙手法
6381,knapsack,背包
6382,knead,揉合，揉捏；按摩；捏制
6383,knee,膝盖，膝；用膝盖碰
6384,kneel,跪下，跪
6385,knife,刀；匕首；用刀切；（口）伤害
6386,knight,骑士，武士；爵士；授以爵位
6387,knighthood,骑士；骑士身份
6388,knit,编织；结合；皱眉；编织衣物；编织法
6389,knob,把手；瘤；球形突出物；鼓起；使有球形突出物
6390,knock,敲；打；敲击；敲；敲打；爆震声
6391,knot,（绳等的）结；节瘤，疙瘩；海里/小时（航速单位）；打结
6392,know,知道；认识；懂得
6393,knowhow,诀窍，技巧；情报；实际的能力；专门技术
6394,knowledge,知识，学问；知道，认识；学科
6395,knowledgeable,知识渊博的，有知识的；有见识的；聪明的
6396,known,已知的；知名的；大家知道的；知道（know的过去分词）
6397,knuckle,关节；指关节；指节；膝关节；肘；开始认真工作
6398,Koran,《可兰经》，《古兰经》（伊斯兰教）
6399,kowtow,叩头；卑躬屈膝；叩头
6400,lab,实验室，研究室
6401,label,标注；贴标签于；标签；商标；签条
6402,laboratory,实验室，研究室
6403,laborious,勤劳的；艰苦的；费劲的
6404,labour,劳动力，人工；分娩；劳动；分娩；费力地前进
6405,labourer,劳动者；劳工
6406,labyrinth,迷宫；[解剖] 迷路；难解的事物
6407,lace,花边；鞋带；饰带；少量烈酒；饰以花边；结带子
6408,lack,缺乏；不足；没有；需要；缺乏；不足
6409,lacquer,涂漆；使表面光泽；漆；漆器
6410,lad,少年，小伙子；家伙
6411,ladder,阶梯；途径；梯状物；成名；发迹
6412,ladle,不分对象予以赠送；以杓舀取；钢水包；杓子；长柄杓
6413,lady,女士，夫人；小姐；妻子
6414,ladybird,瓢虫
6415,lag,落后；迟延；防护套；囚犯；桶板；落后于；押往监狱；加上外套；最后的
6416,lager,（美）贮藏啤酒（等于lager beer）
6417,lagoon,[地理][水文] 泻湖；环礁湖；咸水湖
6418,lake,湖；深红色颜料；胭脂红；（使）血球溶解
6419,lamb,羔羊，小羊；羔羊肉；生小羊，产羔羊
6420,lame,跛足的；僵痛的；不完全的；无说服力的；差劲的，蹩脚的；变跛
6421,lament,挽歌；恸哭；悲痛之情；哀悼；悲叹；悔恨
6422,lamp,灯；照射器；照亮；发亮
6423,lance,长矛；执矛战士；柳叶刀；以长矛攻击；用柳叶刀割开；冲进
6424,land,国土；陆地；地面；使…登陆；使…陷于；将…卸下
6425,landing,登陆；码头；楼梯平台；登陆（land的ing形式）
6426,landlady,女房东；女地主；女店主
6427,landlord,房东，老板；地主
6428,landmark,[航]陆标；地标；界标；里程碑；纪念碑；地界标；划时代的事；有重大意义或影响的
6429,landowner,地主，土地所有者
6430,landscape,风景；风景画；景色；山水画；乡村风景画；地形；（文件的）横向打印格式；对…做景观美化，给…做园林美化；从事庭园设计
6431,lane,小巷；[航][水运] 航线；车道；罚球区
6432,language,语言；语言文字；表达能力
6433,languid,倦怠的；呆滞的；软弱无力的
6434,languish,憔悴；凋萎；失去活力；苦思
6435,lantern,灯笼；提灯；灯笼式天窗
6436,lap,一圈；膝盖；下摆；山坳；使重叠；拍打；包围
6437,lapse,(一时的) 走神，判断错误
6438,laptop,膝上型轻便电脑，笔记本电脑
6439,large,大的；多数的；广博的；大大地；夸大地；大
6440,largely,主要地；大部分；大量地
6441,lark,云雀；百灵鸟；欢乐；骑马玩乐；嬉耍
6442,larva,[水产] 幼体，[昆] 幼虫
6443,laryngitis,[耳鼻喉] 喉炎
6444,larynx,[解剖] 喉；喉头
6445,laser,激光
6446,lash,鞭打；冲击；摆动；扎捆；煽动；讽刺；鞭打；睫毛；鞭子；责骂；讽刺
6447,lass,小姑娘；情侣；（苏格兰）女佣
6448,last,末尾，最后；上个；鞋楦（做鞋的模型）；最后的；最近的，最新的；仅剩的；最不可能…的；持续；维持，够用；持久；最后地；上次，最近；最后一点
6449,lasting,持久的；永恒的；[纺] 厚实斜纹织物；持续；维持（last的ing形式）
6450,lastly,最后，终于
6451,latch,占有，抓住；闭锁；门闩
6452,late,晚的；迟的；已故的；最近的；晚；迟；最近；在晚期
6453,latent,潜在的；潜伏的；隐藏的
6454,later,后来；稍后；随后；更迟的；更后的；(Later)人名；(德)拉特
6455,lateral,侧面的，横向的；侧部；[语] 边音；横向传球
6456,lathe,用车床加工；车床；机床
6457,Latin,拉丁语的；拉丁人的；拉丁语；拉丁人
6458,latitude,纬度；界限；活动范围
6459,latter,后者的；近来的；后面的；较后的；(Latter)人名；(英、德、捷)拉特
6460,laugh,笑；引人发笑的事或人；笑
6461,laughter,笑；笑声
6462,launch,发射（导弹、火箭等）；发起，发动；使…下水；发射；发行，投放市场；下水；汽艇
6463,launderette,自助洗衣店
6464,laundry,洗衣店，洗衣房；要洗的衣服；洗熨；洗好的衣服
6465,laureate,戴桂冠的；荣誉的；桂冠诗人；得奖者；使戴桂冠
6466,laurel,桂冠，殊荣；月桂树；授予荣誉，使戴桂冠
6467,lava,火山岩浆；火山所喷出的熔岩
6468,lavatory,厕所，盥洗室
6469,lavish,浪费的；丰富的；大方的；浪费；慷慨给予；滥用
6470,law,法律；规律；法治；法学；诉讼；司法界；起诉；控告；控告；对…起诉
6471,lawful,合法的；法定的；法律许可的
6472,lawn,草地；草坪
6473,lawsuit,诉讼（尤指非刑事案件）；诉讼案件
6474,lawyer,律师；法学家
6475,lax,松元音；泻肚；松的；松懈的；腹泻的
6476,lay,躺下；产卵；搁放；放置；铺放；涂，敷；世俗的；外行的；没有经验的；位置；短诗；花纹方向；叙事诗；性伙伴
6477,layer,层，层次；膜；[植]压条；放置者，计划者；把…分层堆放；借助压条法；生根繁殖；将（头发）剪成不同层次
6478,layman,外行；门外汉；俗人；一般信徒
6479,layoff,活动停止期间；临时解雇；操作停止；失业期
6480,lazy,懒惰的；懒洋洋的；怠惰的；慢吞吞的；(Lazy)人名；(德)拉齐
6481,lb,救生船（Lifeboat）
6482,lead,领导；铅；导线；榜样；领导；致使；引导；指挥；带头的；最重要的
6483,leader,领导者；首领；指挥者
6484,leadership,领导能力；领导阶层
6485,leading,领导的；主要的；领导；铅板；行距；领导（lead的ing形式）
6486,leaf,叶子；（书籍等的）一张；扇页；生叶；翻书页
6487,leaflet,小叶；传单
6488,league,联盟；社团；范畴；使…结盟；与…联合
6489,leak,泄漏；漏洞，裂缝；使渗漏，泄露
6490,lean,倾斜；倚靠；倾向；依赖；瘦的；贫乏的，歉收的；瘦肉；倾斜；倾斜度
6491,leap,跳，跳跃；飞跃；跳跃
6492,learn,学习；得知；认识到
6493,learned,博学的；有学问的；学术上的；(Learned)人名；(英)勒尼德
6494,learning,学习；学问；学习（learn的现在分词）
6495,lease,租约；租期；租赁物；租赁权；出租；租得
6496,least,最小的；最少的（little的最高级）；最小；最少
6497,leather,皮革；皮革制品；用皮革包盖；抽打；皮的；皮革制的
6498,leave,离开；留下；遗忘；委托；许可，同意；休假
6499,lecture,演讲；讲稿；教训；演讲；训诫
6500,lecturer,讲师，演讲者
6501,ledge,壁架；突出之部份；暗礁；矿层
6502,ledger,总帐，分户总帐；[会计] 分类帐；帐簿；底帐；（手脚架上的）横木
6503,lee,保护；背风处；保护的；庇荫的；避风的
6504,leek,韭；[园艺] 韭葱
6505,leeway,余地；风压差；偏航；落后
6506,left,左边的；左派的；剩下的；在左面；左边；左派；激进分子；离开（leave的过去式）
6507,leftovers,遗留；剩余物；吃剩的食物（leftover的复数形式）
6508,leg,腿；支柱
6509,legacy,遗赠，遗产
6510,legal,法律的；合法的；法定的；依照法律的；(Legal)人名；(法)勒加尔
6511,legalise,使合法化（等于legalize）
6512,legend,传奇；说明；图例；刻印文字
6513,legendary,传说的，传奇的；传说集；圣徒传
6514,legible,清晰的；易读的；易辨认的
6515,legion,（古罗马）军团；众多；军队；众多的；大量的
6516,legislate,用立法规定；通过立法
6517,legislation,立法；法律
6518,legislative,立法的；有立法权的；立法权；立法机构
6519,legislature,立法机关；立法机构
6520,legitimate,合法的；正当的；合理的；正统的；使合法；认为正当（等于legitimize）
6521,legitimize,使…合法；立为嫡嗣
6522,leisure,闲暇；空闲；安逸；空闲的；有闲的；业余的
6523,lemon,柠檬色的；柠檬
6524,lemonade,柠檬水
6525,lend,贷；增添，提供；把……借给；(Lend)人名；(德)伦德
6526,length,长度，长；时间的长短；（语）音长
6527,lengthen,使延长；加长
6528,leniency,宽大，仁慈；温和
6529,lenient,宽大的；仁慈的；(Lenient)人名；(法)勒尼安
6530,lens,透镜，镜头；眼睛中的水晶体；晶状体；隐形眼镜；汽车的灯玻璃；给……摄影
6531,lentil,[作物] 兵豆，[作物] 小扁豆
6532,leopard,豹；美洲豹
6533,lesbian,[心理] 女同性恋的；女同性恋者
6534,less,较少地；较小地；更小地；较少的；较小的；减去；较少；较小
6535,lessen,使…变小；使…减轻；使…变少；(Lessen)人名；(德、罗)莱森
6536,lesson,教训；课；教训；上课
6537,lest,唯恐，以免；担心
6538,let,允许，让；出租；假设；妨碍；障碍；出租屋
6539,lethal,致命的，致死的；致死因子
6540,letter,信；字母，文字；证书；文学，学问；字面意义；写字母于
6541,lettuce,[园艺] 生菜；莴苣；（美）纸币
6542,leukemia,[内科][肿瘤] 白血病
6543,levee,堤坝（码头）；（旧时君主或显贵的）早晨接见；为…筑堤
6544,level,水平；标准；水平面；水平的；平坦的；同高的；瞄准；拉平；变得平坦
6545,lever,杠杆；控制杆；用杠杆撬动；把…作为杠杆
6546,leverage,手段，影响力；杠杆作用；杠杆效率；利用；举债经营
6547,levity,多变；轻浮；轻率；不稳定
6548,levy,征收；征兵，征税；征收（税等）；征集（兵等）
6549,lexical,词汇的；[语] 词典的；词典编纂的
6550,lexicography,词典编纂
6551,lexis,词汇；词语
6552,liable,有责任的，有义务的；应受罚的；有…倾向的；易…的
6553,liaison,联络；（语言）连音
6554,liar,说谎的人
6555,liberal,自由主义的；慷慨的；不拘泥的；宽大的；自由主义者
6556,liberalism,自由主义；开明的思想或见解
6557,liberate,解放；放出；释放
6558,liberation,释放，解放
6559,liberty,自由；许可；冒失
6560,librarian,图书馆员；图书管理员
6561,library,图书馆，藏书室；文库
6562,licence,许可证，执照；特许；特许，许可；发给执照
6563,lichen,地衣；青苔；使长满地衣
6564,lick,舔；卷过；鞭打；舔；打；少许
6565,lid,盖子；眼睑；限制；给…盖盖子
6566,lie,躺；说谎；位于；展现；谎言；位置
6567,lieu,代替；场所
6568,lieutenant,中尉；副官；助理人员
6569,life,生活，生存；寿命
6570,lifetime,一生；寿命；终生；使用期；一生的；终身的
6571,lift,举起；提升；鼓舞；空运；抄袭；电梯；举起；起重机；搭车
6572,ligament,韧带；纽带，系带
6573,light,光；光线；灯；打火机；领悟；浅色；天窗；轻的；浅色的；明亮的；轻松的；容易的；清淡的；点着；变亮；着火；轻地；清楚地；轻便地
6574,lighten,减轻；发亮
6575,lighter,打火机；驳船；点火者；驳运；明亮的；光明的；照明好的；光线充足的
6576,lighthouse,灯塔
6577,lightning,闪电的；快速的；闪电
6578,like,喜欢；想；愿意；像；如同；同样的；相似的；爱好；同样的人或物；可能；好像
6579,likelihood,可能性，可能
6580,likely,很可能的；合适的；有希望的；很可能；或许
6581,liken,比拟；把…比作
6582,likeness,相似，相像；样子，肖像；照片，画像；相似物
6583,likewise,同样地；也
6584,liking,嗜好，爱好
6585,lilac,淡紫色；丁香花；[植] 紫丁香；淡紫色的
6586,lily,百合花，百合；类似百合花的植物；洁白之物；洁白的，纯洁的
6587,limb,肢，臂；分支；枝干；切断…的手足；从…上截下树枝
6588,lime,石灰；酸橙；绿黄色；撒石灰于；涂粘鸟胶于；绿黄色的
6589,limelight,石灰光，石灰光灯；众人注目的中心；使显露头角，使受到注目
6590,limestone,[岩] 石灰岩
6591,limit,限制；限度；界线；限制；限定
6592,limitation,限制；限度；极限；追诉时效；有效期限；缺陷
6593,limited,有限的；高级快车
6594,limousine,豪华轿车；大型豪华轿车
6595,limp,柔软的，无力的；软弱的；跛行，一拐一拐地走；缓慢费力地前进；跛行
6596,line,路线，航线；排；绳；排成一行；划线于；以线条标示；使…起皱纹
6597,lineage,血统；家系，[遗] 世系
6598,linear,线的，线型的；直线的，线状的；长度的
6599,linen,亚麻布，亚麻线；亚麻制品；亚麻的；亚麻布制的
6600,liner,班轮，班机；衬垫；画线者
6601,linesman,巡线工人；前锋；架线工，线条员；巡边员
6602,linger,徘徊；苟延残喘；磨蹭；(Linger)人名；(德、捷、瑞典)林格；(法)兰热
6603,linguist,语言学家
6604,linguistic,语言的；语言学的
6605,linguistics,语言学
6606,link,[计] 链环，环节；联系，关系；连接，连结；联合，结合
6607,lion,狮子；名人；勇猛的人；社交场合的名流
6608,lioness,母狮子；雌狮
6609,lip,嘴唇；边缘；以嘴唇碰；口头上的；用嘴唇
6610,lipstick,口红；唇膏；涂口红
6611,liquid,液体的；清澈的；明亮的；易变的；液体，流体；流音
6612,liquidate,清算；偿付；消除
6613,liquor,酒，含酒精饮料；溶液；液体；烈酒；喝酒，灌酒；使喝醉
6614,list,[计] 列表；清单；目录；列于表上
6615,listen,听，倾听；听从，听信；听，倾听
6616,literacy,读写能力；精通文学
6617,literal,文字的；逐字的；无夸张的
6618,literally,照字面地；逐字地；不夸张地；正确地；简直
6619,literary,文学的；书面的；精通文学的
6620,literate,受过教育的；精通文学的；学者
6621,literature,文学；文献；文艺；著作
6622,litigation,诉讼；起诉
6623,litre,[计量] 公升（米制容量单位）
6624,litter,垃圾；轿，担架；一窝（动物的幼崽）；凌乱；乱丢；给…垫褥草；把…弄得乱七八糟
6625,little,小的；很少的；短暂的；小巧可爱的；完全不；少许；没有多少；短时间
6626,live,活的；生动的；实况转播的；精力充沛的；经历；度过；(Live)人名；(法)利夫
6627,livelihood,生计，生活；营生
6628,lively,活泼的；生动的；真实的；生气勃勃的；(Lively)人名；(英)莱夫利
6629,liven,使高兴，使快活；(Liven)人名；(俄、英)利文
6630,liver,肝脏；生活者，居民
6631,livestock,牲畜；家畜
6632,livid,铅色的；青灰色的；非常生气的
6633,living,活的；现存的；活跃的；逼真的；生活；生存；生计；生活；居住（live的ing形式）；度过
6634,lizard,蜥蜴；类蜥蜴爬行动物
6635,load,负载，负荷；工作量；装载量；[力] 加载；装载；装货
6636,loaf,条，一条面包；块；游荡；游荡；游手好闲；虚度光阴
6637,loathe,讨厌，厌恶
6638,lobby,大厅；休息室；会客室；游说议员的团体；对……进行游说
6639,lobe,（脑、肺等的）叶；裂片；耳垂；波瓣
6640,lobster,龙虾
6641,local,[计] 局部；当地居民；本地新闻；当地的；局部的；地方性的；乡土的
6642,locality,所在；位置；地点
6643,locate,位于；查找…的地点
6644,location,位置（形容词locational）；地点；外景拍摄场地
6645,lock,锁，锁上；隐藏；锁；水闸；刹车
6646,locker,柜，箱；上锁的人；有锁的橱柜；锁扣装置；有锁的存物柜
6647,locomotive,火车头的；运动的；移动的；机车；火车头
6648,locust,[植保] 蝗虫，[昆] 蚱蜢
6649,lodge,旅馆；门房；集会处；山林小屋；提出；寄存；借住；嵌入
6650,lodging,寄宿；寄宿处；出租的房间、住房；倒伏
6651,loft,阁楼；顶楼；鸽房；把…储放在阁楼内
6652,lofty,高的；崇高的；高级的；高傲的；(Lofty)人名；(英)洛夫蒂
6653,log,伐木；记录；航行日志；原木
6654,logic,逻辑；逻辑学；逻辑性；逻辑的
6655,logical,合逻辑的，合理的；逻辑学的
6656,logistics,[军] 后勤；后勤学
6657,logo,商标，徽标；标识语
6658,loin,腰；腰部；腰肉
6659,loiter,虚度；闲荡；徘徊；(Loiter)人名；(俄)洛伊特
6660,loll,懒洋洋地倚靠；(Loll)人名；(德)洛尔
6661,lonely,寂寞的；偏僻的；孤独者
6662,lonesome,寂寞的；人迹稀少的；自己
6663,long,长时间；[语] 长音节；（服装的）长尺寸；长裤；长的；过长的；做多头的；长时间的；冗长的，长音；渴望；热望；长期地；始终
6664,longevity,长寿，长命；寿命
6665,longing,渴望，热望；憧憬；渴望的，极想得到的；渴望（long的ing形式）
6666,longitude,[地理] 经度；经线
6667,look,看；期待；注意；面向；看上去像；看；样子；面容
6668,lookout,监视；监视哨；警戒；守望者；担心的事；前景
6669,loom,织布机；若隐若现的景象；可怕地出现；朦胧地出现；隐约可见
6670,loop,打环；翻筋斗；环；圈；弯曲部分；翻筋斗
6671,loophole,漏洞；枪眼；换气孔；射弹孔
6672,loose,宽松的；散漫的；不牢固的；不精确的；释放；开船；放枪；松散地；放纵；放任；发射
6673,loosen,放松；松开；(Loosen)人名；(德)洛森
6674,loot,战利品；抢劫；掠夺品；抢劫，洗劫；强夺
6675,lop,砍伐；剪去树枝；剪下的树枝；垂下的
6676,lopsided,不平衡的，倾向一方的
6677,lord,主；上帝；主，天啊；使成贵族
6678,lorry,（英）卡车；[车辆] 货车；运料车
6679,lose,浪费；使沉溺于；使迷路；遗失；错过；(Lose)人名；(英)洛斯；(德)洛泽
6680,loss,减少；亏损；失败；遗失
6681,lost,失去的；丧失的；迷惑的；遗失（lose的过去分词）；失败
6682,lot,份额；许多；命运；阄；（与形容词和副词连用）很，非常；（与动词连用）非常；大量，许多；分组，把…划分（常与out连用）；把（土地）划分成块
6683,lotion,洗液；洗涤剂
6684,lottery,彩票；碰运气的事，难算计的事；抽彩给奖法
6685,lotus,莲花（汽车品牌）
6686,loud,大声的，高声的；不断的；喧吵的；大声地，高声地，响亮地；(Loud)人名；(英)劳德
6687,loudspeaker,喇叭，扬声器；扩音器
6688,lounge,休息室；闲逛；躺椅；（英）酒吧间；闲逛；懒洋洋地躺卧；闲混
6689,louse,虱子；寄生虫；卑鄙的家伙；搞糟；清除（虱子）
6690,lousy,讨厌的；多虱的；污秽的；极坏的
6691,lovable,可爱的，讨人喜欢的；(Lovable)人名；(西)洛瓦夫莱
6692,love,恋爱；亲爱的；酷爱；喜爱的事物；爱情，爱意；疼爱；热爱；爱人，所爱之物；爱，热爱；爱戴；赞美，称赞；喜爱；喜好；喜欢；爱慕
6693,lovely,可爱的；令人愉快的；爱恋的；秀丽的，优美的；美女；可爱的东西
6694,lover,爱人，恋人；爱好者
6695,loving,亲爱的；钟情的；忠诚的；(Loving)人名；(英、瑞典)洛文
6696,low,低的，浅的；卑贱的；粗俗的；消沉的；低声地；谦卑地，低下地；低；低价；低点；牛叫声；牛叫
6697,lower,减弱，减少；放下，降下；贬低；下游的；下级的；下等的；(Lower)人名；(英、意)洛厄
6698,loyal,忠诚的，忠心的；忠贞的；效忠的臣民；忠实信徒
6699,loyalty,忠诚；忠心；忠实；忠于…感情
6700,lubricant,润滑剂；润滑油；润滑的
6701,lubricate,润滑；涂油；起润滑剂作用
6702,lucid,明晰的；透明的；易懂的；头脑清楚的
6703,luck,运气；幸运；带来好运的东西；靠运气，走运；凑巧碰上
6704,lucky,幸运的；侥幸的
6705,lucrative,有利可图的，赚钱的；合算的
6706,ludicrous,滑稽的；荒唐的
6707,lug,支托；接线片；耳状物；用力拉或拖
6708,luggage,行李；皮箱
6709,lukewarm,冷淡的；微温的；不够热心的
6710,lull,使平静；使安静；哄骗；间歇；暂停；暂时平静
6711,lullaby,摇篮曲；催眠曲；唱摇篮曲使入睡
6712,lumber,伐木；喧闹地向前走；笨重地行动，缓慢地移动；木材；废物，无用的杂物；隆隆声
6713,luminous,发光的；明亮的；清楚的
6714,lump,块，块状；肿块；瘤；很多；笨人；混在一起；使成块状；忍耐；笨重地移动；成团的；总共的；很；非常
6715,lunacy,精神失常；愚蠢的行为
6716,lunar,月亮的，月球的；阴历的；银的；微亮的；(Lunar)人名；(西)卢纳尔
6717,lunatic,疯狂的；精神错乱的；愚蠢的；疯子；疯人
6718,lunch,午餐；吃午餐；供给午餐
6719,luncheon,午宴；正式的午餐会
6720,lung,肺；呼吸器
6721,lunge,刺；跃进；刺进；套马索；刺；戳；使前冲
6722,lurch,突然倾斜；蹒跚；挫折；倾斜；蹒跚
6723,lure,诱惑；饵；诱惑物；诱惑；引诱
6724,lurk,潜伏；潜藏；埋伏；潜伏；埋伏
6725,luscious,甘美的；满足感官的
6726,lush,丰富的，豪华的；苍翠繁茂的；喝酒；酒；酒鬼；饮
6727,lust,性欲；强烈的欲望；贪求，渴望
6728,luster,[光] 光泽；光彩；有光泽；发亮；使有光泽
6729,lute,琵琶；弹诗琴；弹诗琴表达；用封泥封
6730,luxuriant,繁茂的；丰富的；奢华的；肥沃的
6731,luxurious,奢侈的；丰富的；放纵的；特级的
6732,luxury,奢侈，奢华；奢侈品；享受；奢侈的
6733,lychee,[园艺] 荔枝（等于litchi）
6734,lynch,私刑；私刑处死；（英）田埂；处以私刑；以私刑处死
6735,lyric,抒情的；吟唱的；抒情诗；歌词
6736,lyrical,抒情诗调的；感情丰富的；充满愉悦的
6737,macabre,可怕的；以死亡为主题的；令人毛骨悚然的（等于macaber）
6738,macaroni,通心粉；通心面条；纨绔子弟
6739,machine,机械，机器；机构；机械般工作的人；用机器制造
6740,machinery,机械；机器；机构；机械装置
6741,macho,大男子气概的；强壮男子；大丈夫
6742,mackerel,鲭（产于北大西洋）；马鲛鱼
6743,mackintosh,橡皮布防水衣；橡皮布
6744,macroeconomic,宏观经济的，总体经济的；整体经济
6745,mad,疯狂的；发疯的；愚蠢的；着迷的；狂怒
6746,madam,夫人；女士；鸨母
6747,madame,（法语）夫人；太太
6748,madden,使疯狂；激怒；(Madden)人名；(英、意、捷)马登
6749,Mafia,（意）秘密政党；黑手党
6750,magazine,杂志；弹药库；胶卷盒
6751,maggot,[无脊椎] 蛆；空想，狂想
6752,magic,巫术；魔法；戏法；不可思议的；有魔力的；魔术的
6753,magical,魔术的；有魔力的
6754,magician,魔术师，变戏法的人
6755,magnanimous,宽宏大量的；有雅量的；宽大的
6756,magnate,巨头；大资本家；要人；富豪；……大王
6757,magnesium,[化学] 镁
6758,magnet,磁铁；[电磁] 磁体；磁石
6759,magnetic,地磁的；有磁性的；有吸引力的
6760,magnetism,磁性，磁力；磁学；吸引力
6761,magnificent,高尚的；壮丽的；华丽的；宏伟的
6762,magnify,放大；赞美；夸大
6763,magnitude,大小；量级；[地震] 震级；重要；光度
6764,magnolia,[植] 木兰；玉兰类的植物；木兰科的
6765,magpie,鹊，喜鹊；饶舌的人；有收集零碎东西癖好的人；鹊的；有收集癖的；斑驳的，混杂的
6766,mahogany,桃花心木，红木；红褐色
6767,maid,女仆；少女；侍候；做新娘的女傧相；当女仆
6768,maiden,未婚的，处女的；初次的；少女；处女
6769,mail,邮件；邮政，邮递；盔甲；邮寄；给…穿盔甲
6770,mailbox,邮箱；邮筒
6771,maim,使残废；(Maim)人名；(意、罗)马伊姆
6772,main,主要部分，要点；体力；总管道；主要的，最重要的；全力的
6773,mainland,大陆；本土；大陆的；本土的
6774,mainspring,主要动力；（钟表）主发条；主要原因；主要动机
6775,mainstay,支柱；中流砥柱；主要的依靠；主桅支索
6776,mainstream,主流
6777,maintain,维持；继续；维修；主张；供养
6778,maintenance,维护，维修；保持；生活费用
6779,maize,黄色的，玉米色的；玉米；黄色，玉米色
6780,majestic,庄严的；宏伟的
6781,majesty,威严；最高权威，王权；雄伟；权威
6782,major,主要的；重要的；主修的；较多的；[人类] 成年人；主修科目；陆军少校；主修
6783,majority,多数；成年
6784,make,使得；进行；布置，准备，整理；制造；认为；获得；形成；安排；引起；构成；制造；构造；性情
6785,makeshift,权宜之计；凑合；临时措施；将就；临时的；权宜之计的；凑合的
6786,making,发展；制造；形成；制作（make的现在分词）
6787,maladjusted,失调的；不适应环境的
6788,maladministration,管理不善；弊政
6789,malady,弊病；疾病；腐败
6790,malaria,[内科] 疟疾；瘴气
6791,male,男性的；雄性的；有力的；男人；雄性动物
6792,malformed,畸形的，难看的
6793,malfunction,发生故障；不起作用；故障；失灵；疾病
6794,malice,恶意；怨恨；预谋
6795,malicious,恶意的；恶毒的；蓄意的；怀恨的
6796,malign,诽谤，污蔑；中伤，说坏话；恶意的，恶性的；有害的
6797,malignancy,恶性（肿瘤等）；恶意
6798,malignant,[医] 恶性的；有害的；有恶意的；保王党员；怀恶意的人
6799,mall,购物商场；林荫路；铁圈球场
6800,malnutrition,营养失调，营养不良
6801,malpractice,玩忽职守；不法行为；治疗不当
6802,malt,麦芽；麦芽酒；麦芽的；含麦芽的，用麦芽作的；用麦芽处理
6803,maltreat,虐待；滥用；粗暴对待
6804,mammal,[脊椎] 哺乳动物
6805,mammoth,长毛象；猛犸象；庞然大物；巨大的，庞大的；猛犸似的
6806,man,人；男人；人类；丈夫；雇工；操纵；给…配置人员；使增强勇气；在…就位
6807,manacle,束缚；手铐；束缚；给…上手铐
6808,manage,管理；经营；控制；设法
6809,manageable,易管理的；易控制的；易办的
6810,management,管理；管理人员；管理部门；操纵；经营手段
6811,manager,经理；管理人员
6812,managerial,[管理] 管理的；经理的
6813,mandarin,（中国）普通话；国语；官话；满清官吏；柑橘；紧身马褂的
6814,mandate,授权；命令，指令；委托管理；受命进行的工作；授权；托管
6815,mandatory,强制的；托管的；命令的；受托者（等于mandatary）
6816,mane,（马等的）鬃毛
6817,manful,勇敢的；果断的；有男子气概的
6818,manger,马槽；牛槽；挡水板
6819,mango,[园艺] 芒果
6820,manhood,成年；男子；男子气概
6821,mania,狂热；狂躁；热衷
6822,maniac,疯子，躁狂者；发狂的；狂热的；癫狂的
6823,manic,躁狂的；狂热的；躁狂症者
6824,manicure,修剪，美甲；修指甲，美甲
6825,manifestation,表现；显示；示威运动
6826,manifesto,宣言；声明；告示；发表宣言
6827,manifold,复写，复印；增多；使……多样化；多方面的，有许多部分的；各式各样的；多种；复印本
6828,manipulate,操纵；操作；巧妙地处理；篡改
6829,mankind,人类；男性
6830,manly,男子气概的；强壮的；适于男人的；雄赳赳地；(Manly)人名；(英)曼利
6831,manner,方式；习惯；种类；规矩；风俗
6832,manoeuvre,调动；演习；用策略；策略（等于maneuvre）
6833,manpower,人力；人力资源；劳动力
6834,mansion,大厦；宅邸
6835,manslaughter,杀人；过失杀人；一般杀人罪
6836,mantelpiece,壁炉架；壁炉台
6837,mantle,地幔；斗篷；覆盖物；覆盖；脸红
6838,manual,手工的；体力的；手册，指南
6839,manufacture,制造；产品；制造业；制造；加工；捏造
6840,manure,施肥于；耕种；肥料；粪肥
6841,manuscript,[图情] 手稿；原稿；手写的
6842,many,许多；许多人；许多的；(Many)人名；(法)马尼
6843,Maori,毛利人的；毛利语的；毛利人；毛利语
6844,map,映射；计划；绘制地图；确定基因在染色体中的位置；地图；示意图；染色体图
6845,maple,枫树；淡棕色
6846,mar,损毁；损伤；糟蹋；玷污；污点；瑕疵
6847,marathon,马拉松赛跑；耐力的考验；马拉松式的；有耐力的；参加马拉松赛跑
6848,marble,大理石；大理石制品；弹珠；大理石的；冷酷无情的
6849,March,三月
6850,mare,母马；母驴；月球表面阴暗部
6851,margarine,人造黄油；人造奶油
6852,margin,边缘；利润，余裕；页边的空白；加边于；加旁注于
6853,marginal,边缘的；临界的；末端的
6854,marijuana,大麻；大麻毒品
6855,marine,船舶的；海生的；海产的；航海的，海运的；海运业；舰队；水兵；（海军）士兵或军官
6856,marital,婚姻的；夫妇间的
6857,maritime,海的；海事的；沿海的；海员的
6858,mark,标志；马克；符号；痕迹；分数；作记号
6859,marked,显著的；有记号的；表示（mark的过去分词）；作记号；打分数
6860,marker,记分员；书签；标识物；作记号的人
6861,market,市场；行情；股票市场；市面；集市；销路；商店；在市场上出售
6862,marketing,行销，销售；出售；在市场上进行交易；使…上市（market的ing形式）
6863,marking,标志；打分；做记号；斑纹；注意；作记号于；给…打分数（mark的ing形式）
6864,marksman,神射手；不能用笔署名者
6865,marmalade,橘子或柠檬等水果制成的果酱；涂橘子或柠檬酱于…；橘子酱色的
6866,marquee,选取框；大天幕；华盖
6867,marriage,结婚；婚姻生活；密切结合，合并
6868,married,已婚的，有配偶的；婚姻的，夫妇的；密切结合的；已婚者；结婚，与…结婚（marry的过去式）
6869,marrow,髓，骨髓；精华；活力
6870,marry,嫁；娶；与……结婚；(Marry)人名；(阿拉伯)马雷；(法)马里
6871,Mars,战神；[天] 火星
6872,marsh,沼泽；湿地；沼泽的；生长在沼泽地的
6873,marshal,元帅；司仪；整理；引领；编列
6874,mart,集市；商业中心
6875,martial,军事的；战争的；尚武的；(Martial)人名；(法)马夏尔
6876,martyr,牺牲；折磨；杀害；烈士；殉道者
6877,marvel,奇迹；对…感到惊异
6878,marvellous,不可思议的；惊人的
6879,Marxism,马克思主义；马克思的；马克思主义的
6880,Marxist,马克思主义者；马克思主义的
6881,mascot,吉祥物；福神（等于mascotte）
6882,masculine,男性的；阳性的；男子气概的；男性；阳性，阳性词
6883,masculinity,男性；男子气；刚毅
6884,mash,饲料；糊状物；麦芽浆；捣碎；调情
6885,mask,面具；口罩；掩饰；掩饰；戴面具；化装
6886,masked,戴面具的；掩蔽的；戴面具；掩饰；使模糊（mask的过去分词）
6887,mason,泥瓦匠；共济会会员（等于freemason）；用砖瓦砌成
6888,masquerade,化装；伪装；伪装；化妆舞会
6889,mass,块，团；群众，民众；大量，众多；质量；群众的，民众的；大规模的，集中的；聚集起来，聚集
6890,massacre,残杀；彻底击败；大屠杀；惨败
6891,massage,按摩；揉
6892,massive,大量的；巨大的，厚重的；魁伟的
6893,mast,桅杆；柱；橡树果实；在…上装桅杆
6894,master,控制；精通；征服；硕士；主人；大师；教师；主人的；主要的；熟练的
6895,mastermind,策划；优秀策划者；才子
6896,masterpiece,杰作；绝无仅有的人
6897,mastery,掌握；精通；优势；征服；统治权
6898,mat,垫；垫子；衬边；缠结；铺席于……上；无光泽的
6899,match,使比赛；使相配；敌得过，比得上；相配；与…竞争；比赛，竞赛；匹配；对手；火柴
6900,mate,助手，大副；配偶；同事；配对物；使配对；使一致；结伴
6901,material,重要的；物质的，实质性的；肉体的；材料，原料；物资；布料
6902,materialise,物质化（等于materialize）
6903,materialism,唯物主义；唯物论；物质主义
6904,maternal,母亲的；母性的；母系的；母体遗传的
6905,maternity,母性，母道；[妇产] 妇产科医院；产科的；产妇的，孕妇的
6906,mathematical,数学的，数学上的；精确的
6907,mathematician,数学家
6908,mathematics,数学；数学运算
6909,maths,数学（等于mathematics）
6910,matinee,白天举行的音乐会；妇女便装之一种
6911,mating,（动物等的）交配，交尾；配套；（植物等的）杂交；交配；使配对；使紧密配合（mate的现在分词）
6912,matriculate,准许…入学；录取…入大学；被录取者
6913,matrix,[数] 矩阵；模型；[生物][地质] 基质；母体；子宫；[地质] 脉石
6914,matron,主妇；保姆；妇女；女舍监
6915,matter,物质；事件；有关系；要紧
6916,mattress,床垫；褥子；空气垫
6917,mature,成熟的；充分考虑的；到期的；成年人的；成熟；到期
6918,maul,大槌；打伤；殴打；抨击；粗暴对待
6919,mauve,淡紫色；苯胺紫；淡紫色染料；淡紫色的
6920,maverick,没打烙印的动物；持不同意见的人；用不正当手段获取；迷途；背离；未打烙印的；行为不合常规的；特立独行的
6921,maxim,格言；准则；座右铭
6922,maximum,[数] 极大，最大限度；最大量；最高的；最多的；最大极限的
6923,May,五月
6924,maybe,也许；可能；大概；可能性；不确定性
6925,mayhem,故意的伤害罪；重伤罪；蓄意的破坏
6926,mayor,市长
6927,maze,迷宫；迷惑；糊涂；迷失；使混乱；使困惑
6928,me,我（宾格）；自我；极端自私的人；自我的一部分
6929,meadow,草地；牧场
6930,meagre,瘦的；贫弱的；贫乏的
6931,meal,一餐，一顿饭；膳食；进餐
6932,mean,平均的；卑鄙的；低劣的；吝啬的；意味；想要；意欲；平均值
6933,meander,漫步；曲流（常用复数）；漫步；蜿蜒缓慢流动
6934,meaning,意义；含义；意图；意味深长的；意味；意思是（mean的ing形式）
6935,means,手段；方法；财产；意思是；打算（mean的第三人称单数） [ 复数means ]
6936,meant,意味；打算（mean的过去式和过去分词）；表示…的意思
6937,meantime,其时，其间；同时；其间
6938,meanwhile,同时，其间；其间，其时
6939,measles,[内科] 麻疹；风疹
6940,measurable,可测量的；重要的；重大的
6941,measure,测量；措施；程度；尺寸；测量；估量；权衡
6942,measurement,测量；[计量] 度量；尺寸；量度制
6943,meat,肉，肉类（食用）
6944,mecca,麦加（沙特阿拉伯一座城市）；众人渴望去的地方
6945,mechanic,技工，机修工；手工的
6946,mechanical,机械的；力学的；呆板的；无意识的；手工操作的
6947,mechanics,力学（用作单数）；结构；技术；机械学（用作单数）
6948,mechanise,使……用机械装置；使……机械化
6949,mechanism,机制；原理，途径；进程；机械装置；技巧
6950,medal,勋章，奖章；纪念章
6951,meddle,管闲事，干预他人之事
6952,media,媒体；媒质（medium的复数）；血管中层；浊塞音；中脉
6953,mediate,调解；斡旋；居中；间接的；居间的
6954,Medicaid,（美）医疗补助计划
6955,medical,医学的；药的；内科的；医生；体格检查
6956,medication,药物；药物治疗；药物处理
6957,medicine,药；医学；内科；巫术；用药物治疗；给…用药
6958,medieval,中世纪的；原始的；仿中世纪的；老式的
6959,mediocre,普通的；平凡的；中等的
6960,meditate,考虑；计划；企图
6961,Mediterranean,地中海；地中海的
6962,medium,中间的，中等的；半生熟的；方法；媒体；媒介；中间物
6963,meek,温顺的；谦恭的；驯服的；(Meek)人名；(英)米克
6964,meet,满足；遇见；对付；集会；合适的；适宜的
6965,meeting,会议；会见；集会；汇合点；会面；会合（meet的ing形式）
6966,megaphone,扩音器，喇叭筒；用扩音器对…讲话；用扩音器传达
6967,melancholy,忧郁的；使人悲伤的；忧郁；悲哀；愁思
6968,mellow,圆润的，柔和的；成熟的；芳醇的；使成熟；使柔和；(Mellow)人名；(英)梅洛
6969,melodrama,情节剧；音乐剧；耸人听闻的事件，闹剧
6970,melody,旋律；歌曲；美妙的音乐
6971,melon,瓜；甜瓜；大肚子；圆鼓鼓像瓜似的东西
6972,member,成员；会员；议员
6973,membership,资格；成员资格；会员身份
6974,membrane,膜；薄膜；羊皮纸
6975,memento,纪念品，引起回忆的东西
6976,memo,备忘录
6977,memoir,回忆录；研究报告；自传；实录
6978,memorable,显著的，难忘的；值得纪念的
6979,memorandum,备忘录；便笺
6980,memorial,纪念碑，纪念馆；纪念仪式；纪念物；记忆的；纪念的，追悼的
6981,memorise,（英）记忆；存储（等于memorize）
6982,memory,记忆，记忆力；内存，[计] 存储器；回忆
6983,menace,威胁；恐吓；恐吓；进行威胁
6984,mend,修理，修补；改善；修改；好转，改进；修补处
6985,menial,卑微的；仆人的；适合仆人做的；仆人；住家佣工；下贱的人
6986,meningitis,脑膜炎
6987,menopause,更年期；活动终止期
6988,menstrual,月经的；每月的；一月一次的
6989,mental,精神的；脑力的；疯的；精神病患者
6990,mentality,心态；[心理] 智力；精神力；头脑作用
6991,mention,提到，谈到；提及，论及；说起；提及，说起
6992,menu,菜单
6993,mercantile,商业的；商人的；重商主义的；商品
6994,mercenary,雇佣的；唯利是图的；雇佣兵；唯利是图者
6995,merchandise,商品；货物；买卖；推销
6996,merchant,商人，批发商；店主；商业的，商人的
6997,merciful,仁慈的；慈悲的；宽容的
6998,merciless,残忍的；无慈悲心的
6999,mercury,[化]汞，水银
7000,mercy,仁慈，宽容；怜悯；幸运；善行
7001,mere,仅仅的；只不过的；小湖；池塘
7002,merely,仅仅，只不过；只是
7003,merge,合并；使合并；吞没；(Merge)人名；(意)梅尔杰
7004,merit,优点，价值；功绩；功过；值得
7005,mermaid,美人鱼（传说中的）；女子游泳健将
7006,merry,愉快的；微醉的；嬉戏作乐的；甜樱桃
7007,mesh,网眼；网丝；圈套；相啮合
7008,mesmerise,施以催眠术；使…入迷；使…目瞪口呆
7009,mess,混乱；食堂，伙食团；困境；脏乱的东西；弄乱，弄脏；毁坏；使就餐
7010,message,消息；差使；启示；预言；广告词；报信，报告；[通信] 报文
7011,messenger,报信者，送信者；先驱
7012,Messiah,弥赛亚（犹太人所期待的救世主）；救星，解放者
7013,metabolism,[生理] 新陈代谢
7014,metal,金属；合金；以金属覆盖；金属制的
7015,metallic,金属的，含金属的
7016,metallurgy,冶金；冶金学；冶金术
7017,metaphor,暗喻，隐喻；比喻说法
7018,metaphysical,形而上学的；超自然的；玄学派诗歌的
7019,meteor,流星；[气象] 大气现象
7020,meteorological,气象的；气象学的
7021,meteorology,气象状态，气象学
7022,meter,米；仪表；[计量] 公尺；韵律；用仪表测量
7023,methane,[有化] 甲烷；[能源] 沼气
7024,method,方法；条理；类函数；使用体验派表演方法的
7025,methodical,有系统的；有方法的
7026,methodology,方法学，方法论
7027,meticulous,一丝不苟的；小心翼翼的；拘泥小节的
7028,metre,米；公尺；韵律
7029,metric,公制的；米制的；公尺的；度量标准
7030,Metro,麦德龙
7031,metropolis,大都市；首府；重要中心
7032,metropolitan,大都市的；大主教辖区的；宗主国的；大城市人；大主教；宗主国的公民
7033,Mexican,墨西哥的；墨西哥人的；墨西哥人；墨西哥语
7034,microbiology,微生物学
7035,microchip,微型集成电路片，微芯片
7036,microcomputer,微电脑；[计] 微型计算机
7037,microorganism,[微] 微生物；微小动植物
7038,microphone,扩音器，麦克风
7039,microprocessor,[计] 微处理器
7040,microscope,显微镜
7041,microwave,微波
7042,mid,中间的；中央的；在…之中；(Mid)人名；(柬)米
7043,midday,中午；正午；正午的
7044,middle,中间的，中部的；中级的，中等的；中间，中央；腰部
7045,middleman,中间人；经纪人；调解人
7046,midget,侏儒；极小者；小型的
7047,midnight,午夜，半夜12点钟；半夜的；漆黑的
7048,midst,当中，中间；在…中间（等于amidst）
7049,midway,中途；娱乐场；中途的；中途
7050,midwife,助产士；促成因素；助胎儿出生；促成
7051,might,力量；威力；势力；可以；或许（may的过去式）；应该；可能；也许
7052,mighty,有力的；强有力的；有势力的；很；极；非常；有势力的人
7053,migraine,[内科] 偏头痛
7054,migrant,候鸟；移居者；随季节迁移的民工；移居的；流浪的
7055,migrate,移动；随季节而移居；移往
7056,migration,迁移；移民；移动
7057,mild,温和的；轻微的；淡味的；文雅的；不含有害物质的的；（英国的一种）淡味麦芽啤酒
7058,mile,英里；一英里赛跑；较大的距离
7059,mileage,英里数
7060,mileometer,计程表
7061,milestone,里程碑，划时代的事件
7062,militant,好战的；富有战斗性的人；好斗者；激进分子
7063,militarism,军国主义；尚武精神，好战态度；职业军人的精神
7064,military,军事的；军人的；适于战争的；军队；军人
7065,militia,民兵组织；自卫队；义勇军；国民军
7066,militiaman,民兵；民兵组织
7067,milk,牛奶；乳状物；榨取；挤…的奶
7068,milkman,牛奶商；送奶工人；挤奶员工
7069,milky,乳白色的；牛奶的；乳状的；柔和的；混浊不清的；(Milky)人名；(巴基)米尔基
7070,mill,乱转；被碾磨；工厂；磨坊；磨粉机；制造厂；压榨机
7071,millennium,千年期，千禧年；一千年，千年纪念；太平盛世，黄金时代
7072,millet,小米；粟；稷；黍的子实
7073,milligramme,毫克（等于milligram）；公厘
7074,millimetre,毫米；公厘
7075,million,百万；无数；百万的；无数的；百万
7076,millionaire,百万富翁；大富豪；100万以上人口的
7077,millipede,[无脊椎] 千足虫；倍足纲节动物（等于millepede）
7078,mime,哑剧；小丑；滑稽戏；摸拟表演
7079,mimic,模仿，摹拟；效颦者，模仿者；仿制品；小丑；模仿的，模拟的；假装的
7080,mince,切碎；矫揉做作地说；切碎物，肉馅
7081,mind,理智，精神；意见；智力；记忆力；介意；专心于；照料
7082,mine,矿，矿藏；矿山，矿井；地雷，水雷；开采，采掘；在…布雷；我的
7083,minefield,布雷区；充满隐伏危险的事物
7084,miner,矿工；开矿机
7085,mineral,矿物；（英）矿泉水；无机物；苏打水（常用复数表示）；矿物的；矿质的
7086,miniature,微型的，小规模的；缩图；微型画；微型图画绘画术；是…的缩影
7087,minibus,面包车（等于microbus）；小型公共汽车；中客车；乘中客车
7088,minimum,最小值；最低限度；最小化；最小量；最小的；最低的
7089,minister,部长；大臣；牧师；执行牧师职务；辅助或伺候某人
7090,ministry,（政府的）部门
7091,mink,貂；貂皮衣；豪华的；富裕的
7092,minor,未成年的；次要的；较小的；小调的；二流的；未成年人；小调；副修科目；副修
7093,minority,少数民族；少数派；未成年；少数的；属于少数派的
7094,mint,薄荷；[金融] 造币厂，巨款；铸造，铸币；完美的
7095,minus,减，减去；负号，减号；不足；负数；减的；负的
7096,minute,分，分钟；片刻，一会儿；备忘录，笔记；会议记录；将…记录下来；微小的，详细的 [maɪˈnjuːt; US -ˈnuːt; maɪˋnut]
7097,miracle,奇迹，奇迹般的人或物；惊人的事例
7098,miraculous,不可思议的，奇迹的
7099,mirage,海市蜃楼；幻想，妄想
7100,mire,泥潭；[地理] 泥沼；陷于泥坑；陷入困境
7101,mirror,镜子；真实的写照；榜样；反射；反映
7102,mirth,欢笑；欢乐；高兴
7103,misadventure,灾难；不幸遭遇
7104,misapprehend,误会，误解
7105,misapprehension,误解；误会
7106,misappropriate,侵占；盗用；滥用
7107,misbehave,作弊；行为不礼貌
7108,misbehaviour,不正当举止；行为无礼貌
7109,miscalculate,算错；估计错误
7110,miscarriage,[妇产] 流产；失败；误送
7111,miscellaneous,混杂的，各种各样的；多方面的，多才多艺的
7112,mischief,恶作剧；伤害；顽皮；不和
7113,mischievous,淘气的；（人、行为等）恶作剧的；有害的
7114,misconduct,不端行为；处理不当；处理不当；行为不检
7115,miser,守财奴；吝啬鬼；（石油工程上用的）凿井机
7116,miserable,悲惨的；痛苦的；卑鄙的
7117,misery,痛苦，悲惨；不幸；苦恼；穷困
7118,misfit,不适合；不适应环境的人；对…不适合
7119,misfortune,不幸；灾祸，灾难
7120,misgiving,担忧；疑虑；不安；担忧；使…疑虑；害怕（misgive的ing形式）
7121,mislead,误导；带错
7122,misplace,放错地方；忘记把…放在什么地方；错误地信任某人
7123,miss,女士，小姐，年轻未婚女子
7124,missile,导弹；投射物；导弹的；可投掷的；用以发射导弹的
7125,missing,失踪的；缺少的；错过（miss的ing形式）；想念；漏掉；(Missing)人名；(德)米辛
7126,mission,使命，任务；代表团；布道；派遣；向……传教
7127,missionary,传教的；传教士的；传教士
7128,mist,薄雾；视线模糊不清；模糊不清之物；下雾；变模糊
7129,mistake,错误；误会；过失；弄错；误解
7130,mistaken,错误的；弄错的；被误解的；弄错（mistake的过去分词）
7131,mister,先生；平民；称…先生
7132,mistress,情妇；女主人；主妇；女教师；女能人
7133,misty,模糊的；有雾的；(Misty)人名；(英)米斯蒂，米丝蒂(女名)；(法)米斯蒂
7134,misunderstand,误解；误会
7135,misunderstanding,误解；误会；不和
7136,mitigate,使缓和，使减轻
7137,mitten,露指手套；连指手套
7138,mix,配制；混淆；使混和；使结交；混合；混合物；混乱
7139,mixer,混合器；搅拌器；[电子] 混频器
7140,mixture,混合；混合物；混合剂
7141,moan,抱怨，悲叹；呻吟；呻吟声；悲叹
7142,moat,护城河；壕沟；将围以壕沟
7143,mob,暴民，暴徒；民众；乌合之众；大举包围，围攻；蜂拥进入
7144,mobile,可移动的；机动的；易变的；非固定的；运动物体
7145,mobilise,动员；调动；使流通
7146,mobility,移动性；机动性；[电子] 迁移率
7147,mock,英国模拟考试（mocks）；愚弄，嘲弄；仿制的，模拟的，虚假的，不诚实的
7148,mockery,嘲弄；笑柄；徒劳无功；拙劣可笑的模仿或歪曲
7149,mode,模式；方式；风格；时尚
7150,model,模型；典型；模范；模特儿；样式；模拟；塑造；模仿；模范的；作模型用的
7151,modem,调制解调器（等于modulator-demodulator）
7152,moderate,稳健的，温和的；适度的，中等的；有节制的；变缓和，变弱
7153,modern,现代的，近代的；时髦的；现代人；有思想的人
7154,modernise,现代化（等于modernize）
7155,modernism,现代主义；现代思想；现代作风
7156,modernization,现代化
7157,modest,谦虚的，谦逊的；适度的；端庄的；羞怯的；(Modest)人名；(罗)莫代斯特；(德)莫德斯特；(俄)莫杰斯特
7158,modesty,谦逊；质朴；稳重
7159,modify,修改，修饰；更改
7160,modular,模块化的；模数的；有标准组件的
7161,module,[计] 模块；组件；模数
7162,moist,潮湿的；多雨的；含泪的；潮湿
7163,moisture,水分；湿度；潮湿；降雨量
7164,moisturise,给…增加水分
7165,mole,鼹鼠；痣；防波堤；胎块；间谍
7166,molecule,[化学] 分子；微小颗粒，微粒
7167,molest,骚扰；调戏；干扰
7168,mollify,平息，缓和；使…平静；使…变软
7169,moment,片刻，瞬间，时刻；重要，契机
7170,momentary,瞬间的；短暂的；随时会发生的
7171,momentous,重要的；重大的
7172,momentum,势头；[物] 动量；动力；冲力
7173,monarch,君主，帝王；最高统治者
7174,monarchy,君主政体；君主国；君主政治
7175,monastery,修道院；僧侣
7176,Monday,星期一
7177,monetary,货币的；财政的
7178,money,钱；货币；财富
7179,Mongolian,蒙古人；蒙古语；蒙古人的；蒙古语的
7180,mongrel,杂种；混血儿；杂种动物；杂种的；混血儿的
7181,monitor,监视器；监听器；监控器；显示屏；班长；监控
7182,monk,僧侣，修道士；和尚
7183,monkey,猴子；顽童；胡闹；捣蛋
7184,monochrome,单色；单色画；单色的；黑白的
7185,monogamy,一夫一妻制；[动] 单配偶，[动] 单配性
7186,monolingual,单语的；仅用一种语言的；仅懂一种语言的；只用一种语言的人
7187,monolith,整块石料；庞然大物
7188,monologue,独白
7189,monopolise,垄断，获得专卖权（等于monopolize）
7190,monopoly,垄断；垄断者；专卖权
7191,monotone,单调；单音调；单调的；单调地读
7192,monotonous,单调的，无抑扬顿挫的；无变化的
7193,monotony,单调；千篇一律
7194,monsoon,季风；（印度等地的）雨季；季候风
7195,monster,怪物；巨人，巨兽；残忍的人；巨大的，庞大的
7196,monstrous,巨大的；怪异的；荒谬的；畸形的
7197,montage,蒙太奇（电影的基本结构手段和叙事方式）；混合画，拼集的照片
7198,month,月，一个月的时间
7199,monthly,每月的，每月一次的；有效期为一个月的；月刊；每月，每月一次
7200,monument,纪念碑；历史遗迹；不朽的作品；为…树碑
7201,monumental,不朽的；纪念碑的；非常的
7202,mood,情绪，语气；心境；气氛
7203,moon,月亮；月球；月光；卫星；闲荡；出神
7204,moonlight,月夜的；有月光的；月光；兼职，夜袭
7205,moonlighting,夜间活动；夜袭；（尤指夜间）从事第二职业
7206,moor,系住；使停泊；沼泽；荒野
7207,mop,擦干；用拖把拖洗；拖把；蓬松的头发；鬼脸
7208,mope,忧郁；百无聊赖；忧郁的人；消沉
7209,moral,道德的；精神上的；品性端正的；道德；寓意
7210,morale,士气，斗志
7211,morality,道德；品行，美德
7212,morbid,病态的；由病引起的；恐怖的；病变部位的
7213,more,更多；此外；更大程度地；更多的；附加的；更多的数量；更多
7214,moreover,而且；此外
7215,mores,习惯，习俗；风俗；道德观念
7216,moribund,垂死的；停滞不前的；垂死的人
7217,morning,早晨；黎明；初期
7218,morphine,[毒物][药] 吗啡
7219,mortal,凡人的；致死的；终有一死的；不共戴天的；人类，凡人
7220,mortality,死亡数，死亡率；必死性，必死的命运
7221,mortar,迫击炮；臼，研钵；灰浆；用灰泥涂抹，用灰泥结合
7222,mortuary,太平间；停尸间；死的；悲哀的
7223,mosaic,摩西的；拼成的；嵌花式的；马赛克；镶嵌；镶嵌细工
7224,mosque,清真寺
7225,mosquito,蚊子
7226,moss,苔藓；泥沼；使长满苔藓
7227,most,最；非常，极其；最多；几乎；大部分的，多数的；最多的；大部分，大多数
7228,mostly,主要地；通常；多半地
7229,motel,汽车旅馆
7230,moth,蛾；蛀虫
7231,mother,母亲；大娘；女修道院院长；生下；养育；像母亲般关怀或照管；母亲的；出生地的
7232,motherland,祖国；母国
7233,motif,主题；动机；主旨；图形；意念
7234,motion,动作；移动；手势；请求；意向；议案；运动；打手势
7235,motionless,静止的；不运动的
7236,motivate,刺激；使有动机；激发…的积极性
7237,motivation,动机；积极性；推动
7238,motive,动机，目的；主题；发动的；成为动机的；使产生动机，激起
7239,motley,杂色的；混杂的；五颜六色的；混杂；杂色衣服；小丑
7240,motor,发动机，马达；汽车；汽车的；机动的；乘汽车
7241,motorist,驾车旅行的人，开汽车的人
7242,motorway,高速公路，汽车高速公路
7243,motto,座右铭，格言；箴言
7244,mould,发霉；模具；霉
7245,mound,堆；高地；坟堆；护堤；堆起；筑堤
7246,mount,增加；爬上；使骑上马；安装，架置；镶嵌，嵌入；准备上演；成立（军队等）；山峰；底座；乘骑用马；攀，登；运载工具；底座
7247,mountain,山；山脉
7248,mountainous,多山的；巨大的；山一般的
7249,mourn,哀悼；忧伤；服丧
7250,mournful,悲哀的；令人惋惜的
7251,mouse,鼠标；老鼠；胆小羞怯的人；探出
7252,mousse,摩丝；奶油冻；在…上抹摩丝
7253,moustache,小胡子；髭；触须
7254,mouth,口，嘴；河口；做作地说，装腔作势地说；喃喃地说出
7255,mouthful,一口，满口
7256,movable,动产的；可移动的；不固定的；动产；可移动的东西
7257,move,移动；步骤；迁居；策略；移动；搬家，迁移；离开
7258,movement,运动；活动；运转；乐章
7259,movie,电影；电影院；电影业；电影的
7260,moving,移动的；动人的；活动的；移动（move的ing形式）
7261,mow,草堆；皱眉；谷堆；割草；收割庄稼
7262,much,非常，很；大量的；许多，大量
7263,muck,淤泥；垃圾；肥料；品质低劣的东西；弄脏；施肥；清除…的污物
7264,mud,弄脏；用泥涂；泥；诽谤的话；无价值的东西
7265,muddle,混合；使咬字不清晰；使微醉；糊涂；困惑；混浊状态
7266,muddy,泥泞的；模糊的；混乱的；使污浊；使沾上泥；把…弄糊涂
7267,muffin,（涂牛油趁热吃的）英格兰松饼，（常含小块水果等）杯状小松糕；玛芬
7268,muffle,蒙住；裹住；抑制；发低沉的声音；低沉的声音；消声器；包裹物（如头巾，围巾等）；唇鼻部
7269,mug,杯子；脸；苦读者；扮鬼脸，做怪相
7270,mule,骡；倔强之人，顽固的人；杂交种动物
7271,multilateral,[数] 多边的；多国的，多国参加的
7272,multimedia,多媒体；多媒体的
7273,multinational,跨国公司的；多国的；跨国公司
7274,multiple,多重的；多样的；许多的；倍数；[电] 并联
7275,multiply,乘；使增加；使繁殖；使相乘；多样地；复合地；多层的；多样的
7276,multitude,群众；多数
7277,mumble,含糊地说；抿着嘴嚼；含糊的话；咕噜
7278,mummy,妈妈；木乃伊；干瘪的人
7279,mumps,[内科] 流行性腮腺炎；愠怒；生气
7280,mundane,世俗的，平凡的；世界的，宇宙的
7281,municipal,市政的，市的；地方自治的
7282,municipality,市民；市政当局；自治市或区
7283,munitions,[军] 军需品（尤指武器弹药）；必需品（munition的复数）；供应…军需品；从事军需品生产（munition的三单形式）
7284,mural,墙壁的；壁画；（美）壁饰
7285,murder,谋杀，凶杀
7286,murmur,低语；低语声；低声抱怨；潺潺声；低声说；私下抱怨；发出轻柔持续的声音
7287,muscle,肌肉；力量；加强；使劲搬动；使劲挤出
7288,muscular,肌肉的；肌肉发达的；强健的
7289,muse,沉思；冥想；沉思；沉思地说
7290,museum,博物馆
7291,mushroom,蘑菇，伞菌；蘑菇形物体；暴发户；蘑菇的；蘑菇形的；迅速生长的；迅速增加；采蘑菇；迅速生长
7292,music,音乐，乐曲
7293,musical,音乐的；悦耳的；音乐片
7294,musician,音乐家
7295,musk,麝香；麝香鹿；麝香香味
7296,muslim,穆斯林；穆罕默德信徒；伊斯兰教的
7297,mussel,蚌；贻贝；淡菜
7298,must,必须，一定；可以，应当；很可能；绝对必要的事物；未发酵葡萄汁
7299,mustard,芥末；芥菜；深黄色；强烈的兴趣
7300,muster,召集；对…进行点名；使振作；集合；检阅；点名册；集合人员
7301,mutant,突变体；突变异种；突变的
7302,mute,哑的；沉默的；无声的；减弱……的声音；使……柔和；哑巴；弱音器；闭锁音
7303,mutilate,切断，毁坏；使…残缺不全；使…支离破碎
7304,mutter,咕哝；喃喃自语；咕哝；喃喃低语
7305,mutton,羊肉
7306,mutual,共同的；相互的，彼此的
7307,muzzle,枪口，炮口；口套，口络；动物的鼻口；使…缄默；给…戴口套；封锁…的言论
7308,my,我的；哎呀（表示惊奇等）；喔唷；(My)人名；(越)美；(老、柬)米
7309,myriad,无数的；种种的；无数，极大数量；无数的人或物
7310,myself,我自己；我亲自；我的正常的健康状况和正常情绪
7311,mysterious,神秘的；不可思议的；难解的
7312,mystery,秘密，谜；神秘，神秘的事物；推理小说，推理剧；常作 mysteries 秘技，秘诀
7313,mystic,神秘的；神秘主义的；神秘主义者
7314,myth,神话；虚构的人，虚构的事
7315,mythology,神话；神话学；神话集
7316,nab,捉住，逮捕；抢夺；(Nab)人名；(阿富)纳卜；(英)纳布
7317,nag,唠叨；老马；竞赛马；使烦恼；不断地唠叨
7318,nail,钉；使固定；揭露；[解剖] 指甲；钉子
7319,naive,"天真的,幼稚的"
7320,naked,裸体的；无装饰的；无证据的；直率的
7321,name,名称，名字；姓名；名誉；命名，任命；指定；称呼；提名；叫出；姓名的；据以取名的
7322,namely,也就是；即是；换句话说
7323,namesake,名义；同名物；同名的人
7324,nap,小睡，打盹儿；细毛；孤注一掷；使拉毛
7325,nape,颈背；项
7326,napkin,餐巾；餐巾纸；尿布
7327,nappy,尿布；起毛的
7328,narcissus,水仙
7329,narcotic,麻醉的；有麻醉作用的；催眠的；[药] 麻醉药；镇静剂；起麻醉作用的事物
7330,narrate,叙述；给…作旁白
7331,narration,叙述，讲述；故事
7332,narrative,叙述；故事；讲述；叙事的，叙述的；叙事体的
7333,narrator,叙述者；解说员
7334,narrow,狭窄的，有限的；勉强的；精密的；度量小的；海峡；狭窄部分，隘路；使变狭窄
7335,nasal,鼻的；鼻音的；鼻骨；鼻音；鼻音字
7336,nasty,下流的；肮脏的；脾气不好的；险恶的；令人不快的事物
7337,nation,国家；民族；国民
7338,national,国家的；国民的；民族的；国立的；国民
7339,nationality,国籍，国家；民族；部落
7340,nationwide,全国范围的；全国性的；在全国
7341,native,本国的；土著的；天然的；与生俱来的；天赋的；本地人；土产；当地居民
7342,natural,自然的；物质的；天生的；不做作的；自然的事情；白痴；本位音
7343,naturalise,使入国籍；使归化
7344,nature,自然；性质；本性；种类
7345,naughty,顽皮的，淘气的；不听话的；没规矩的；不适当的；下流的
7346,nausea,恶心，晕船；极端的憎恶
7347,nautical,航海的，海上的；船员的
7348,naval,海军的；军舰的；(Naval)人名；(西、德、印)纳瓦尔
7349,navel,[解剖] 肚脐；中央；中心点
7350,navigate,驾驶，操纵；使通过；航行于
7351,navigation,航行；航海
7352,navy,海军
7353,Nazi,纳粹党人；纳粹主义信徒；纳粹党的；纳粹主义的
7354,Nazism,纳粹主义
7355,near,近的；亲近的；近似的；近；接近；靠近；近似于
7356,nearby,附近的，邻近的；在附近；在…附近
7357,nearly,差不多，几乎；密切地
7358,neat,灵巧的；整洁的；优雅的；齐整的；未搀水的；平滑的
7359,nebulous,朦胧的；星云的，星云状的
7360,necessarily,必要地；必定地，必然地
7361,necessary,必要的；必需的；必然的；必需品
7362,necessitate,使成为必需，需要；迫使
7363,necessity,需要；必然性；必需品
7364,neck,脖子；衣领；海峡；搂著脖子亲吻；变狭窄
7365,necklace,项链
7366,nectar,[植] 花蜜；甘露；神酒；任何美味的饮料
7367,need,需要，要求；缺乏；必要之物；需要
7368,needle,针；指针；刺激；针状物；缝纫；做针线
7369,needy,贫困的；贫穷的；生活艰苦的；(Needy)人名；(英)尼迪
7370,negate,否定；取消；使无效；对立面；反面
7371,negative,[数] 负的；消极的；否定的；阴性的；否定；负数；[摄] 底片；否定；拒绝
7372,neglect,疏忽，忽视；忽略；疏忽，忽视；怠慢
7373,negligent,疏忽的；粗心大意的
7374,negligible,微不足道的，可以忽略的
7375,negotiable,可通过谈判解决的；可协商的
7376,negotiate,谈判，商议；转让；越过
7377,negotiation,谈判；转让；顺利的通过
7378,Negro,黑人；黑人的
7379,neighbour,n邻居;同胞；仁慈的人；邻接；邻居的；邻近的
7380,neighbourhood,邻近；周围；邻居关系；附近一带
7381,neither,也不；既不；两个都不；既不……也不；两者都不的；两者都不
7382,neoclassical,新古典主义的
7383,neon,霓虹灯；氖（10号元素，符号Ne）
7384,nephew,侄子；外甥
7385,nerve,神经；勇气；[植] 叶脉；鼓起勇气
7386,nervous,神经的；紧张不安的；强健有力的
7387,nest,巢，窝；安乐窝；温床；筑巢；嵌套
7388,nestle,舒适地坐定；偎依；半隐半现地处于
7389,net,网；网络；净利；实价；编网；纯粹的；净余的
7390,network,网络；广播网；网状物
7391,neural,神经的；神经系统的；背的；神经中枢的；(Neural)人名；(捷)诺伊拉尔
7392,neurological,神经病学的，神经学上的
7393,neurosis,[心理] 神经症；神经衰弱症
7394,neurotic,神经过敏的；神经病的；神经病患者；神经过敏者
7395,neutral,中立的，中性的；中立国的；非彩色的；中立国；中立者；非彩色；齿轮的空档
7396,neutralise,中和；使中立；使无效
7397,never,从未；决不
7398,nevertheless,然而，不过；虽然如此；然而，不过
7399,new,新的，新鲜的；更新的；初见的；新近；(New)人名；(英)纽
7400,newborn,新生的；再生的；婴儿
7401,newly,最近；重新；以新的方式
7402,news,新闻，消息；新闻报导
7403,newscast,新闻广播
7404,newsletter,时事通讯
7405,newspaper,报纸
7406,newsreel,新闻影片
7407,next,然后；下次；其次；下一个的；其次的；贴近的；下一个；靠近；居于…之后
7408,nib,钢笔尖；嘴；鹅管笔的尖端；装尖头；削尖；插入
7409,nibble,细咬；一点一点地咬；吹毛求疵；轻咬；啃；细咬
7410,nice,精密的；美好的；细微的；和蔼的；(Nice)人名；(英)尼斯
7411,nicely,漂亮地；恰好地；精细地；(Nicely)人名；(英)奈斯利
7412,niche,壁龛；合适的职业；[亦称作 niche market]【商业】有利可图的市场(或形势等)；放入壁龛
7413,nickel,镍；镍币；五分镍币；镀镍于
7414,nickname,绰号；昵称；给……取绰号；叫错名字
7415,nicotine,[有化] 尼古丁；[有化] 烟碱
7416,niece,外甥女，侄女
7417,nigger,黑鬼（蔑称）；社会地位低下的人
7418,nigh,近于；在附近的；直接的；几乎；在附近地；(Nigh)人名；(英)奈伊
7419,night,夜晚，晚上；黑暗，黑夜；夜晚的，夜间的
7420,nightclub,夜总会；去夜总会
7421,nightgown,睡衣（等于dressing gown或nightdress）
7422,nightingale,夜莺
7423,nightmare,恶梦；梦魇般的经历；可怕的；噩梦似的
7424,nimble,敏捷的；聪明的；敏感的
7425,nine,九，九个；九；九个；九的，九个的
7426,nineteen,十九
7427,nineteenth,第十九；十九分之一
7428,ninety,九十；九十的；九十岁的
7429,ninth,第九；第九的；九分之一的；九分之一
7430,nip,夹；捏；剪断；冻伤；阻止；夹；捏；刺骨；小饮
7431,nipple,乳头，奶头；奶嘴
7432,nirvana,涅槃；天堂
7433,nitrate,硝酸盐；用硝酸处理
7434,nitrogen,[化学] 氮
7435,no,不；没有；不是；不；否决票；数字（number）；元素锘（nobelium）的符号
7436,nobility,贵族；高贵；高尚
7437,noble,高尚的；贵族的；惰性的；宏伟的；贵族；抓住；逮捕
7438,nobleman,贵族
7439,nobody,无人，没有人；没有任何人；无名小卒；小人物
7440,nod,点头；打盹；摆动；点头；点头表示
7441,node,节点；瘤；[数] 叉点
7442,noise,[环境] 噪音；响声；杂音；谣传
7443,noisy,嘈杂的；喧闹的；聒噪的
7444,nomad,游牧民；流浪者；游牧的；流浪的
7445,nomadic,游牧的；流浪的；游动的
7446,nomenclature,命名法；术语
7447,nominal,名义上的；有名无实的；[会计] 票面上的；[语] 名词性词
7448,nominate,推荐；提名；任命；指定
7449,nomination,任命，提名；提名权
7450,nominee,被任命者；被提名的人；代名人
7451,nonchalant,冷淡的，漠不关心的
7452,none,没有人；一个也没有；没有任何东西；没有的，一点没有的；决不，一点也不；(None)人名；(葡、罗)诺内；(日)野根(姓)
7453,nonetheless,尽管如此，但是
7454,nonstop,直达的；不休息的；不着陆的；直达车；不休息地
7455,noodle,面条；笨蛋
7456,noon,中午；正午；全盛期
7457,nor,也不；也不是；也不；也没有；(Nor)人名；(中)挪(广东话·威妥玛)；(马来、俄)诺尔；(柬)诺
7458,Nordic,北欧人的；斯堪的纳维亚的；日耳曼民族的；北欧人；日耳曼民族；斯堪的纳维亚人；具有北欧日尔曼民族外貌特征的人
7459,norm,标准，规范
7460,normal,正常的；正规的，标准的；正常；标准；常态
7461,normally,正常地；通常地，一般地
7462,north,北，北方；北方的；朝北的；在北方，向北方
7463,northeast,东北的；向东北的；来自东北的；东北；向东北；来自东北
7464,northern,北部的；北方的；北部方言
7465,northwest,西北的；向西北的；来自西北的；西北；在西北；向西北；来自西北
7466,nose,鼻子；嗅觉；突出的部分；探问；嗅；用鼻子触
7467,nostalgia,乡愁；怀旧之情；怀乡病
7468,nostalgic,怀旧的；乡愁的
7469,nostril,鼻孔
7470,not,表示否定，不；“非”（计算机中逻辑运算的一种）
7471,notable,值得注意的，显著的；著名的；名人，显要人物
7472,notary,[法] 公证人
7473,notation,符号；乐谱；注释；记号法
7474,note,笔记；音符；票据；注解；纸币；便笺；照会；调子；注意；记录；注解
7475,notebook,笔记本，笔记簿；手册
7476,noted,著名的；显著的；附有乐谱的；注意；记下（note的过去式和过去分词）
7477,nothing,没什么；毫不；无；零；不关紧要之事；毫不；决不；无事；无物；什么也没有
7478,notice,通知，布告；注意；公告；通知；注意到；留心
7479,noticeable,显而易见的，显著的；值得注意的
7480,notification,通知；通告；[法] 告示
7481,notify,通告，通知；公布
7482,notion,概念；见解；打算
7483,notoriety,恶名；声名狼藉；丑名
7484,notorious,声名狼藉的，臭名昭著的
7485,notwithstanding,尽管，仍然；尽管，虽然；虽然
7486,nought,[数] 零；没有
7487,noun,名词
7488,nourish,滋养；怀有；使健壮
7489,nourishment,食物；营养品；滋养品
7490,novel,新奇的；异常的；小说
7491,novelist,小说家
7492,novelty,新奇；新奇的事物；新颖小巧而廉价的物品
7493,November,十一月
7494,novice,初学者，新手
7495,now,现在；如今；立刻；现在的；现在；目前；由于；既然
7496,nowadays,现今；时下；当今
7497,nowhere,无处；任何地方都不；毫无结果；无处；任何地方；无名之地；不存在的；毫无结果的；不知名的
7498,nuance,细微差别
7499,nuclear,原子能的；[细胞] 细胞核的；中心的；原子核的
7500,nucleus,核，核心；原子核
7501,nude,裸的，裸体的；无装饰的；与生俱有的；裸体；裸体画
7502,nudge,推动；用肘轻推；没完没了抱怨的人；推进；用肘轻推；向…不停地唠叨
7503,nudity,裸露；裸体像
7504,nuisance,讨厌的人；损害；麻烦事；讨厌的东西
7505,numb,使麻木；使发愣；使失去感觉；麻木的；发愣的
7506,number,数；（杂志等的）期；号码；数字；算术；计入；总数达到
7507,numeral,数字；数字的；表示数字的
7508,numerical,数值的；数字的；用数字表示的（等于numeric）
7509,numerous,许多的，很多的
7510,nun,修女，尼姑
7511,nurse,看护，护理；照顾；培养；给…喂奶；护士；奶妈，保姆
7512,nursery,苗圃；托儿所；温床
7513,nurture,养育；鼓励；培植；养育；教养；营养物
7514,nut,螺母，螺帽；坚果；难对付的人，难解的问题；采坚果
7515,nutrient,营养物；滋养物；营养的；滋养的
7516,nutrition,营养，营养学；营养品
7517,nutritious,有营养的，滋养的
7518,nuzzle,用鼻紧挨，用鼻爱抚；紧贴某人
7519,nylon,尼龙，[纺] 聚酰胺纤维；尼龙袜
7520,nymph,女神；居于山林水泽的仙女；美丽的少女；蛹
7521,oak,橡树；橡木色；橡木家具；栎树的；栎木制的
7522,oar,桨；橹；桨手；划（船）；划行
7523,oasis,绿洲；舒适的地方；令人宽慰的事物
7524,oath,誓言，誓约；诅咒，咒骂
7525,oats,燕麦；燕麦片（oat的复数）；燕麦粥
7526,obedience,顺从；服从；遵守
7527,obedient,顺从的，服从的；孝顺的
7528,obese,肥胖的，过胖的
7529,obesity,肥大，肥胖
7530,obey,服从，听从；按照……行动；(Obey)人名；(英、法)奥贝
7531,obituary,讣告的；死亡的；讣告
7532,object,目标；物体；客体；宾语；提出…作为反对的理由
7533,objection,异议，反对；缺陷，缺点；妨碍；拒绝的理由
7534,objective,客观的；目标的；宾格的；目的；目标；[光] 物镜；宾格
7535,obligation,义务；职责；债务
7536,obligatory,义务的；必须的；义不容辞的
7537,oblige,迫使；强制；赐，施恩惠；责成；义务
7538,obliterate,消灭；涂去；冲刷；忘掉
7539,oblivion,遗忘；湮没；赦免
7540,oblivious,遗忘的；健忘的；不注意的；不知道的
7541,oblong,椭圆形的；长方形的；椭圆形；长方形
7542,oboe,双簧管
7543,obscene,淫秽的；猥亵的；可憎的
7544,obscenity,猥亵，淫秽；猥亵的言语（或行为）
7545,obscure,昏暗的，朦胧的；晦涩的，不清楚的；隐蔽的；不著名的，无名的；使…模糊不清，掩盖；隐藏；使难理解；某种模糊的或不清楚的东西
7546,obscurity,朦胧；阴暗；晦涩；身份低微；不分明
7547,observance,惯例；遵守；仪式；庆祝
7548,observant,善于观察的；机警的；严格遵守的
7549,observation,观察；监视；观察报告
7550,observatory,天文台；气象台；瞭望台
7551,observe,庆祝
7552,observer,观察者；[天] 观测者；遵守者
7553,obsess,迷住，缠住；使…着迷；使…困扰
7554,obsessive,强迫性的；着迷的；分神的
7555,obsolete,废弃的；老式的；废词；陈腐的人；淘汰；废弃
7556,obstacle,障碍，干扰；妨害物
7557,obstinate,顽固的；倔强的；难以控制的
7558,obstruct,妨碍；阻塞；遮断
7559,obstruction,障碍；阻碍；妨碍
7560,obtain,获得；流行
7561,obvious,明显的；显著的；平淡无奇的
7562,occasion,时机，机会；场合；理由；引起，惹起
7563,occasional,偶然的；临时的；特殊场合的
7564,occidental,西方人；欧美人；西方的；西洋的
7565,occupancy,居住；占有；占用
7566,occupation,职业；占有；消遣；占有期
7567,occupational,职业的；占领的
7568,occupy,占据，占领；居住；使忙碌
7569,occur,发生；出现；存在
7570,occurrence,发生；出现；事件；发现
7571,oceanography,海洋学
7572,October,[天] 十月
7573,octopus,章鱼
7574,odd,奇数的；古怪的；剩余的；临时的；零散的；奇数；怪人；奇特的事物
7575,odds,几率；胜算；不平等；差别
7576,ode,赋；颂歌；颂诗
7577,odour,气味；声誉
7578,of,关于；属于；…的；由…组成的
7579,off,离开；脱落；切断；走开；远离的；空闲的
7580,offence,犯罪；违反；过错；攻击
7581,offend,冒犯；使…不愉快
7582,offender,罪犯；冒犯者；违法者
7583,offensive,攻击的；冒犯的；无礼的；讨厌的；攻势；攻击
7584,offer,提供；出价；试图；提议；出价；意图；录取通知书
7585,offhand,随便的；即时的；无准备的；即席的；随便地；即席地；即时地
7586,office,办公室；政府机关；官职；营业处
7587,officer,军官，警官；公务员，政府官员；船长；指挥
7588,offset,抵消，补偿；平版印刷；支管；抵消；弥补；用平版印刷术印刷
7589,offshore,离岸的；[海洋] 近海的；吹向海面的；向海面，向海
7590,offspring,后代，子孙；产物
7591,often,常常，时常
7592,oh,哦；哎呀（表示惊讶或恐惧等）
7593,oil,油；石油；油画颜料；加油；涂油；使融化
7594,oily,油的；油质的；油滑的；油腔滑调的
7595,ointment,药膏；[药] 油膏
7596,okay,可以；对；很好地；可以；对；不错；同意，批准；好；行
7597,old,陈旧的，古老的；年老的；古时
7598,olive,橄榄；橄榄树；橄榄色；橄榄的；橄榄色的
7599,Olympic,奥林匹斯山的，奥林匹亚的；奥林匹克的
7600,omega,最后；终了；希腊字母的最后一个字Ω
7601,omelette,煎蛋卷
7602,omen,预兆；征兆；预示；有…的前兆；预告
7603,ominous,预兆的；不吉利的
7604,omission,疏忽，遗漏；省略；冗长
7605,omit,省略；遗漏；删除；疏忽
7606,omniscient,全知的；无所不知的；上帝；无所不知者
7607,on,向前地；作用中，行动中；继续着；向，朝……；关于；在……之上；在……时候；开着的；发生着的，正在进行中；(On)人名；(日)温(姓、名)；(缅、柬、印)翁
7608,once,一次；曾经；一旦；一次，一回
7609,one,一个人；任何人；一的；唯一的；一；一；一个
7610,oneself,自己；亲自
7611,ongoing,不间断的，进行的；前进的；前进；行为，举止
7612,onion,洋葱；洋葱头
7613,online,联机的；在线的；在线地
7614,onlooker,旁观者；观众（等于spectator）
7615,only,只，仅仅；不料；唯一的，仅有的；最合适的；但是；不过；可是
7616,onset,开始，着手；发作；攻击，进攻
7617,onslaught,猛攻；突击
7618,onto,在…之上；对…了解；映射到…上；映射的；自身的；映成的
7619,onward,向前的；前进的；向前；在前面
7620,onwards,向前；在前面
7621,ooze,渗出；泄漏；[地质] 软泥
7622,opal,猫眼石，蛋白石；乳白玻璃
7623,opaque,不透明的；不传热的；迟钝的；不透明物；使不透明；使不反光
7624,open,公开的；敞开的；空旷的；坦率的；营业着的；开始；展现；公开；空旷；户外
7625,opener,[五金] 开启工具；开启的人
7626,opening,开始；机会；通路；空缺的职位；开始的；开放（open的ing形式）；打开；公开
7627,opera,歌剧；歌剧院；歌剧团
7628,operate,运转；动手术；起作用
7629,operation,操作；经营；[外科] 手术；[数][计] 运算
7630,operational,操作的；运作的
7631,operative,有效的；运转着的；从事生产劳动的；侦探；技工
7632,operator,经营者；操作员；话务员；行家
7633,opinion,意见；主张
7634,opium,鸦片；麻醉剂；鸦片的
7635,opponent,对手；反对者；敌手；对立的；敌对的
7636,opportunity,时机，机会
7637,oppose,反对；对抗，抗争
7638,opposite,相反的；对面的；对立的；对立面；反义词；在…的对面；在对面
7639,opposition,反对；反对派；在野党；敌对
7640,oppress,压迫，压抑；使……烦恼；使……感到沉重
7641,oppressive,压迫的；沉重的；压制性的；难以忍受的
7642,opt,选择
7643,optical,光学的；眼睛的，视觉的
7644,optics,[光] 光学
7645,optimal,最佳的；最理想的
7646,optimise,使优化；充分利用
7647,optimism,乐观；乐观主义
7648,optimistic,乐观的；乐观主义的
7649,optimum,最适宜的；最佳效果；最适宜条件
7650,option,[计] 选项；选择权；买卖的特权
7651,optional,可选择的，随意的；选修科目
7652,opulent,丰富的；富裕的；大量的
7653,or,或，或者；还是；(Or)人名；(中)柯(广东话·威妥玛)；(柬)奥；(土、匈、土库、阿塞、瑞典)奥尔
7654,oracle,神谕；预言；神谕处；圣人
7655,oral,口头的，口述的；口试
7656,orange,橙色的；橘色的；橙；橙色；桔子
7657,orator,演说者；演讲者；雄辩家；原告
7658,orbit,轨道；眼眶；势力范围；生活常规；盘旋；绕轨道运行
7659,orbital,轨道的；眼窝的
7660,orchard,果园；果树林
7661,orchestrate,把…编成管弦乐曲；（美）精心安排；把…协调地结合起来
7662,orchid,兰花；[植] 兰科植物；淡紫色；淡紫色的
7663,ordain,任命某人为牧师；授某人以圣职；（上帝、法律等）命令；注定
7664,ordeal,折磨；严酷的考验；痛苦的经验
7665,order,命令；顺序；规则；[贸易] 定单；命令；整理；定购
7666,orderly,有秩序的；整齐的；值班的；勤务兵；传令兵；护理员；顺序地；依次地
7667,ordinal,顺序的，依次的；[数] 序数
7668,ordinance,条例；法令；圣餐礼
7669,ordinary,普通的；平凡的；平常的；普通；平常的人（或事）
7670,ore,矿；矿石
7671,organ,[生物] 器官；机构；风琴；管风琴；嗓音
7672,organic,[有化] 有机的；组织的；器官的；根本的
7673,organisation,组织；团体（等于organization）
7674,organise,组织起来；组织工会
7675,organism,有机体；生物体；微生物
7676,orgasm,[生理] 性高潮；极度兴奋
7677,orgy,狂欢；放荡
7678,orient,使适应；确定方向；使朝东；东方；东方诸国；东方的
7679,oriental,东方的；东方人的；东方人
7680,orientation,方向；定向；适应；情况介绍；向东方
7681,origin,起源；原点；出身；开端
7682,original,原件；原作；原物；原型；原始的；最初的；独创的；新颖的
7683,originality,创意；独创性，创造力；原始；新奇
7684,originate,引起；创作
7685,ornament,装饰；[建][服装] 装饰物；教堂用品；装饰，修饰
7686,ornate,华丽的；装饰的；（文体）绚丽的
7687,orphan,孤儿的；无双亲的；孤儿；使成孤儿
7688,orphanage,孤儿院；孤儿身份
7689,orthodox,正统的；传统的；惯常的；东正教的；正统的人；正统的事物
7690,orthodoxy,正统；正教；正统说法
7691,oscillation,振荡；振动；摆动
7692,ostensibly,表面上；外表
7693,ostentatious,招摇的；卖弄的；夸耀的；铺张的；惹人注目的
7694,ostrich,鸵鸟；鸵鸟般的人
7695,other,其他的，另外的；另外一个
7696,otherwise,否则；另外；在其他方面；另外的；其他方面的；原本，本来；其他；如果不；然后
7697,ought,应该，应当；大概
7698,ounce,盎司；少量；雪豹
7699,our,我们的
7700,ours,我们的；(Ours)人名；(法)乌尔斯
7701,ourselves,我们自己；我们亲自
7702,oust,驱逐；剥夺；取代
7703,out,出现；在外；出局；出声地；不流行地；外面的；出局的；下台的；出局；向；离去；出来；暴露
7704,outbreak,（战争的）爆发；（疾病的）发作；爆发
7705,outcast,流浪的人；被驱逐的人；被遗弃的；无家可归的；被逐出的
7706,outcome,结果，结局；成果
7707,outcry,强烈抗议；大声疾呼；尖叫；倒彩
7708,outdated,过时的；旧式的；使过时（outdate的过去式和过去分词）
7709,outdoor,户外的；露天的；野外的（等于out-of-door）
7710,outdoors,在户外；户外；户外的（等于outdoor）
7711,outer,外面的，外部的；远离中心的；环外命中
7712,outfit,机构；用具；全套装备；得到装备
7713,outgoing,对人友好的，开朗的；出发的，外出的；即将离职的；乐于助人的；外出；流出；开支；超过；优于（outgo的ing形式）
7714,outgrow,过大而不适于；出生；长大成熟而不再
7715,outing,远足；短途旅游；体育比赛；远足适用的；出来；暴露（out的ing形式）
7716,outlandish,古怪的；奇异的；异国风格的；偏僻的
7717,outlaw,歹徒；罪犯；亡命之徒；被剥夺法律保护者；宣布…为不合法；将…放逐；剥夺…的法律保护
7718,outlay,花费；[会计] 经费；支出；费用
7719,outlet,出口，排放孔；[电] 电源插座；销路；发泄的方法；批发商店
7720,outline,轮廓；大纲；概要；略图；概述；略述；描画…轮廓
7721,outlook,展望；观点；景色；比……好看；用目光压倒；朝外看
7722,outnumber,数目超过；比…多
7723,outpost,前哨；警戒部队；边区村落
7724,output,输出，输出量；产量；出产；输出
7725,outrage,愤怒，愤慨；暴行；侮辱；凌辱，强奸；对…施暴行；激起愤怒
7726,outrageous,粗暴的；可恶的；令人吃惊的
7727,outreach,超越，伸出；超出…的范围；拓广，延伸；延伸，拓广；扩大服务范围；扩大服务的
7728,outright,全部地；立刻地；率直地；一直向前；痛快地；完全的，彻底的；直率的；总共的
7729,outset,开始；开端
7730,outside,外面的，外部的；外来的；外部；外观；在外面，向外面；在室外；在…范围之外
7731,outskirts,市郊，郊区
7732,outspoken,坦率的，直言不讳的
7733,outstanding,杰出的；显著的；未解决的；未偿付的；未偿贷款
7734,outward,向外的；外面的；公开的；外服的；肉体的；向外（等于outwards）；在外；显而易见地；外表；外面；物质世界
7735,outwards,向外地
7736,outweigh,比…重（在重量上）；比…重要；比…有价值
7737,oval,椭圆的；卵形的；椭圆形；卵形
7738,ovation,热烈欢迎；大喝采
7739,oven,炉，灶；烤炉，烤箱
7740,over,结束；越过；从头到尾；越过；在…之上；遍于…之上；结束的；上面的；越过；(Over)人名；(俄、西、土)奥韦尔
7741,overall,全部的；全体的；一切在内的；全部地；总的说来；工装裤；罩衫
7742,overboard,自船上落下；向船外；极其热心的；全身心投入的
7743,overcast,阴天的；阴暗的；愁闷的；使沮丧；包缝；遮蔽
7744,overcoat,大衣，外套
7745,overcome,克服；胜过
7746,overcrowd,使过度拥挤；把…塞得过满
7747,overdo,把…做得过分；使过于疲劳；对…表演过火；夸张
7748,overdose,配药过量；使过分沉溺；药量过多（等于overdosage）
7749,overdraft,[金融] 透支；[金融] 透支额；[金融] 透支
7750,overdue,过期的；迟到的；未兑的
7751,overflow,溢出；泛滥；充溢；充满，洋溢；泛滥；超值；溢值
7752,overgrown,蔓生的；生长过快的；生长过度（overgrow的过去分词）
7753,overhear,无意中听到；偷听
7754,overjoyed,狂喜的；极度高兴的；使…万分高兴；使…狂喜（overjoy的过去分词）
7755,overlap,重叠；重复；部分重叠；部分的同时发生
7756,overleaf,在次页；在背面；背面的；次页的
7757,overlook,忽略；俯瞰；远眺；检查；高耸于…之上；忽视；眺望
7758,overly,过度地；极度地；(Overly)人名；(英)奥弗利
7759,overnight,通宵；突然；昨晚；晚上的；通宵的；前夜的；头天晚上；一夜的逗留；连夜快递；过一夜
7760,override,推翻；不顾；践踏；代理佣金
7761,overrule,否决；统治；对…施加影响
7762,oversea,外国的；在海外的；国外；向国外，向海外
7763,overseas,在海外，海外；海外的，国外的
7764,overshadow,使失色；使阴暗；遮阴；夺去…的光彩
7765,oversight,监督，照管；疏忽
7766,overstate,夸张；夸大的叙述
7767,overt,明显的；公然的；蓄意的
7768,overtake,赶上；压倒；突然来袭
7769,overthrow,推翻；倾覆；瓦解；推翻；打倒；倾覆
7770,overtime,[劳经] 加班时间；延长时间；加时赛；超时的；加班的；使超过时间；加班地
7771,overture,前奏曲；提案；序幕；提议；为……奏前奏曲
7772,overturn,推翻；倾覆；破坏；倾覆；周转；破灭
7773,overview,[图情] 综述；概观
7774,overweight,超重的；过重的；使负担过重；超重
7775,overwhelm,淹没；压倒；受打击；覆盖；压垮
7776,overwhelming,压倒性的；势不可挡的；压倒；淹没（overwhelm的ing形式）；制服
7777,ovum,[细胞][组织] 卵；卵子；卵形装饰
7778,owe,欠；感激；应给予；应该把……归功于；(Owe)人名；(瑞典、挪)奥弗
7779,owing,未付的；欠着的；欠；把…归功于（owe的ing形式）
7780,owl,猫头鹰；枭；惯于晚上活动的人
7781,own,拥有；承认；自己的；特有的；自己的
7782,owner,[经] 所有者；物主
7783,ownership,所有权；物主身份
7784,ox,牛；公牛
7785,oxide,[化学] 氧化物
7786,oxidize,使氧化；使生锈
7787,oxygen,[化学] 氧气，[化学] 氧
7788,oyster,牡蛎，[无脊椎] 蚝；沉默寡言的人
7789,ozone,[化学] 臭氧；新鲜的空气
7790,pace,一步；步速；步伐；速度；踱步；缓慢而行
7791,pacific,和平的；温和的；平静的；太平洋
7792,pacify,使平静；安慰；平定
7793,pack,包装；一群；背包；包裹；一副；包装；压紧；捆扎；挑选；塞满
7794,package,包，包裹；套装软件，[计] 程序包；一揽子的；打包；将…包装
7795,packet,数据包，信息包；小包，小捆；包装，打包
7796,pact,协定；公约；条约；契约
7797,pad,衬垫；护具；便笺簿；填补；步行；放轻脚步走
7798,paddle,划桨；明轮翼；拌；搅；用桨划
7799,paddock,围场；小牧场
7800,paddy,稻田（复数paddies）；爱尔兰人；Patrick（男子名）和Patricia（女子名）的昵称
7801,padlock,挂锁；关闭；禁止进入；用挂锁锁上；关闭
7802,pagan,异教的；异教徒的；异教徒；无宗教信仰者
7803,page,页；记录；大事件，时期；男侍者；给…标页码
7804,pageant,盛会；游行；虚饰；露天表演
7805,pager,寻呼机，呼机
7806,pagoda,（东方寺院的）宝塔；印度的旧金币
7807,pail,桶，提桶
7808,pain,疼痛；努力；使…痛苦；使…烦恼
7809,painful,痛苦的；疼痛的；令人不快的
7810,painkiller,止痛药
7811,painstaking,艰苦的；勤勉的；小心的；辛苦；勤勉
7812,paint,油漆；绘画；装饰；涂色于；描绘；（用语言，文字等）描写；擦脂粉等；油漆；颜料，涂料；绘画作品；胭脂等化妆品；色彩，装饰
7813,painter,画家；油漆匠
7814,painting,绘画；油画；着色；绘画（paint的ing形式）；涂色于
7815,pair,一对，一双，一副；把…组成一对
7816,pajamas,睡衣；宽长裤
7817,pal,朋友，伙伴；同志；结为朋友
7818,palace,宫殿；宅邸；豪华住宅
7819,palatable,美味的，可口的；愉快的
7820,palate,味觉；上颚；趣味
7821,palette,调色板；颜料
7822,palm,手掌；棕榈树；掌状物；将…藏于掌中
7823,palpable,明显的；可感知的；易觉察的
7824,pamper,纵容；使…过量；给…吃得过多；(Pamper)人名；(德)潘佩尔
7825,pamphlet,小册子
7826,pan,平底锅；盘状的器皿；淘盘子，金盘，秤盘；淘金；在浅锅中烹调（食物）；[非正式用语]严厉的批评
7827,panacea,灵丹妙药；万能药
7828,pancake,薄烤饼；粉饼；平降（全称pancake landing）；平坠着陆；平展；使平坠著陆；使平展
7829,panda,熊猫；猫熊
7830,pane,窗格；边；面；窗格玻璃；嵌板；装窗玻璃于；镶嵌板于
7831,panel,仪表板；嵌板；座谈小组，全体陪审员；嵌镶板
7832,pang,（肉体上）剧痛；苦闷；（精神上）一阵极度的痛苦；使剧痛；折磨
7833,panic,恐慌，惊慌；大恐慌；恐慌的；没有理由的；使恐慌
7834,panorama,全景，全貌；全景画；概论
7835,panoramic,[摄] 全景的
7836,pant,喘息；渴望；气喘吁吁地说出某事；气喘；喘息；喷气声
7837,panther,豹；黑豹；美洲豹
7838,pantomime,哑剧；舞剧；手势；打手势；演哑剧
7839,pants,裤子
7840,paper,纸；论文；文件；报纸；纸做的；用纸糊；用纸包装
7841,paperweight,书镇；压纸器；镇纸
7842,paperwork,文书工作
7843,par,标准；票面价值；平均数量；标准的；票面的
7844,parable,寓言，比喻；隐晦或谜般的格言
7845,parachute,降落伞；跳伞
7846,parade,游行；阅兵；炫耀；行进；阅兵场；游行；炫耀；列队行进
7847,paradigm,范例；词形变化表
7848,paradise,天堂
7849,paradox,悖论，反论；似非而是的论点；自相矛盾的人或事
7850,paradoxical,矛盾的；诡论的；似非而是的
7851,paraffin,石蜡；[有化] 链烷烃；硬石蜡；用石蜡处理；涂石蜡于…
7852,paragraph,段落；短评；段落符号；将…分段
7853,parallel,平行线；对比；使…与…平行；平行的；类似的，相同的
7854,paralyse,使……无力；使……麻痹；使……瘫痪
7855,paralysis,麻痹；无力；停顿
7856,paralytic,麻痹的；瘫痪的；中风的；中风患者；麻痹患者
7857,parameter,参数；系数；参量
7858,paramilitary,准军事的；辅助军事的；准军事部队
7859,paramount,最重要的，主要的；至高无上的；最高统治者
7860,paranoia,[心理] 偏执狂，[内科] 妄想狂
7861,paranoid,类似妄想狂的；属于偏执狂的；患妄想狂的人；偏执狂患者
7862,paraphrase,释义；解释；意译；释义
7863,parasite,寄生虫；食客
7864,parcel,包裹，小包；打包；捆扎
7865,pardon,原谅；赦免；宽恕
7866,pare,消减；削皮；剪；修掉（边等）；(Pare)人名；(英)佩尔；(法)帕尔
7867,parent,父亲（或母亲）；父母亲；根源
7868,parentage,出身；亲子关系；门第；起源
7869,parenthesis,"插入语,插入成分"
7870,parenthetical,插句的；附加说明的；放在括号里的
7871,parenthood,亲子关系；父母身份
7872,parish,教区
7873,park,公园；[交] 停车场；停放；放置；寄存
7874,parking,停车；停车的；停车（park的ing形式）
7875,parliament,议会，国会
7876,parliamentary,议会的；国会的；议会制度的
7877,parlour,客厅；会客室；雅座
7878,parody,拙劣的模仿；诙谐的改编诗文；拙劣模仿
7879,parole,语言；誓言，诺言；释放宣言；有条件释放，假释；使假释出狱；宣誓后释放
7880,parrot,鹦鹉；学舌者，应声虫；机械模仿别人的人；机械地模仿
7881,parry,回避；挡开；闪避的回答；回避；挡开
7882,parsley,荷兰芹，欧芹
7883,parson,牧师，教区牧师；神职人员
7884,part,部分；角色；零件；一些；片段；分离；分配；分开；部分地；部分的
7885,partake,吃，喝；分享；参与；分担；带有某种性质
7886,partial,局部的；偏爱的；不公平的
7887,partiality,偏心；偏袒；偏爱；癖好
7888,participant,参与的；有关系的；参与者；关系者
7889,participate,参与，参加；分享
7890,participle,分词
7891,particle,颗粒；[物] 质点；极小量；小品词
7892,particular,特别的；详细的；独有的；挑剔的；详细说明；个别项目
7893,particularly,特别地，独特地；详细地，具体地；明确地，细致地
7894,parting,分手；分离；分界点；离别的；分开的；逝去的；分开；断裂；离去（part的ing形式）
7895,partisan,党派的；效忠的；偏袒的；盲目推崇的；游击队；虔诚信徒；党羽
7896,partition,划分，分开；[数] 分割；隔墙；隔离物；[数] 分割；分隔；区分
7897,partly,部分地；在一定程度上
7898,partner,伙伴；合伙人；配偶；合伙；合股；成为搭档
7899,party,政党，党派；聚会，派对；当事人 [复数 parties]；参加社交聚会 [ 过去式 partied 过去分词 partied 现在分词 partying ]
7900,pass,及格；经过；护照；途径；传球；经过；传递；变化；终止
7901,passage,一段（文章）；走廊；通路
7902,passenger,旅客；乘客；过路人；碍手碍脚的人
7903,passerby,行人，过路人
7904,passion,激情；热情；酷爱；盛怒
7905,passionate,热情的；热烈的，激昂的；易怒的
7906,passive,被动的，消极的；被动语态的；被动语态
7907,passport,护照，通行证；手段
7908,password,密码；口令
7909,past,过去；往事；过去的；结束的；越过；晚于；过；经过
7910,pasta,意大利面食；面团
7911,paste,张贴，裱糊；用浆糊粘；面团，膏；糊状物，[胶粘] 浆糊
7912,pastel,柔和的；彩色蜡笔的，粉蜡笔的；粉蜡笔；粉蜡笔画
7913,pastime,娱乐，消遣
7914,pastoral,牧师的；牧人的；田园生活的；乡村的；牧歌；田园诗；田园景色
7915,pastry,油酥点心；面粉糕饼
7916,pasture,草地；牧场；牧草；放牧；吃草
7917,pat,恰好的；熟练的；合适的；恰好；熟记地；轻拍；小块；轻拍声；轻拍
7918,patch,眼罩；斑点；碎片；小块土地；修补；解决；掩饰
7919,patchy,不调和的；拼凑成的；有补丁的
7920,patent,授予专利；取得…的专利权；专利的；新奇的；显然的；专利权；执照；专利品
7921,path,道路；小路；轨道
7922,pathetic,可怜的，悲哀的；感伤的；乏味的
7923,pathologic,病理学的；病态的
7924,pathology,病理（学）; 〈比喻〉异常状态
7925,patience,耐性，耐心；忍耐，容忍
7926,patient,有耐心的，能容忍的；病人；患者
7927,patio,露台；天井
7928,patriarch,家长；族长；元老；创始人
7929,patriarchal,家长的；族长的；由族长统治的
7930,patriot,爱国者
7931,patriotic,爱国的
7932,patrol,巡逻；巡逻队；侦察队；巡逻；巡查
7933,patron,赞助人；保护人；主顾
7934,patronage,赞助；光顾；任免权
7935,patronise,（英）保护（等于patronize）
7936,patter,行话；轻快脚步声；急速拍打声；滴答地响；急速地说；发出急速轻拍声
7937,pattern,模式；图案；样品；模仿；以图案装饰
7938,pause,暂停；间歇；暂停，停顿，中止；踌躇
7939,pave,铺设；安排；作铺设之用；(Pave)人名；(西、塞)帕韦
7940,pavement,人行道
7941,pavilion,阁；亭子；大帐篷；展示馆；搭帐篷；置…于亭中；笼罩
7942,pawn,典当；抵押物；兵，卒；人质；当掉；以……担保
7943,pay,支付，付；偿还，补偿；给予；工资，薪水；付款；报答；收费的；需付费的
7944,payable,应付的；到期的；可付的；可获利的
7945,payment,付款，支付；报酬，报答；偿还；惩罚，报应
7946,payoff,报酬；结果；发工资；结算；支付的；决定性的；产生结果的
7947,payout,支出；花费
7948,payroll,工资单；在册职工人数；工资名单
7949,pea,豌豆
7950,peace,和平；平静；和睦；秩序
7951,peaceful,和平的，爱好和平的；平静的
7952,peach,桃子；桃树；桃红色；受人喜欢的人（或物）；桃色的；用桃子制成的；告密
7953,peacock,孔雀；雄孔雀；爱虚荣的人；炫耀；神气活现地走
7954,peak,山峰；最高点；顶点；帽舌；使达到最高点；使竖起；最高的；最大值的
7955,peanut,花生
7956,pear,[园艺] 梨树；梨子
7957,pearl,珍珠；珍珠色；杰出者；珍品；镶珍珠的；珍珠状的；采珍珠；成珍珠状
7958,peasant,农民；乡下人
7959,peat,泥煤；泥炭块；泥炭色
7960,peck,啄食；扔石头；吹毛求疵；许多；配克（容量单位，等于2加仑）；啄痕；快速轻吻
7961,peculiar,特殊的；独特的；奇怪的；罕见的；特权；特有财产
7962,peculiarity,特性；特质；怪癖；奇特
7963,pedal,踩踏板；骑车；踏板；脚蹬子；脚的；脚踏的
7964,pedantic,迂腐的；学究式的；卖弄学问的；假装学者的
7965,peddle,叫卖；兜售；散播；(Peddle)人名；(英)佩德尔
7966,pedestal,基架，基座；基础；搁在台上；支持；加座
7967,pedestrian,徒步的；缺乏想像力的；行人；步行者
7968,pedigree,血统；家谱；纯种的
7969,pedlar,[贸易] 小贩；传播者（等于peddler）
7970,peek,偷看；一瞥，看一眼；窥视，偷看
7971,peel,剥，剥落；削；皮
7972,peep,偷看；隐约看见，瞥见；窥视；慢慢露出，出现；吱吱叫
7973,peer,贵族；同等的人；同龄人；凝视，盯着看；窥视
7974,peg,钉；桩；借口；琴栓；限制；钉木钉；越往下端越细的
7975,pelican,[鸟] 鹈鹕
7976,pen,钢笔；作家；围栏；写；关入栏中
7977,penalize,处罚；处刑；使不利
7978,penalty,罚款，罚金；处罚
7979,pencil,铅笔；笔状物；用铅笔写；用眉笔涂
7980,pendant,下垂物，垂饰
7981,pendent,悬而未决的；下垂的；未定的；向外伸出的
7982,pending,未决定的；行将发生的；在…期间；直到…时为止；在等待…之际；待定；悬而不决（pend的ing形式）；(Pending)人名；(瑞典)彭丁
7983,pendulum,钟摆；摇锤；摇摆不定的事态
7984,penguin,企鹅；空军地勤人员
7985,peninsula,半岛
7986,penis,阳物；[解剖] 阴茎
7987,penny,（美）分；便士
7988,pension,退休金，抚恤金；津贴；膳宿费；发给养老金或抚恤金
7989,pensioner,领养老金者；领取抚恤金者
7990,pentagon,五角形
7991,pentathlon,五项运动；五项全能运动
7992,penthouse,阁楼；顶层公寓，屋顶房间
7993,peony,牡丹；芍药
7994,people,人；人类；民族；公民；居住于；使住满人
7995,pepper,胡椒；辣椒；胡椒粉；加胡椒粉于；使布满
7996,peppermint,薄荷；薄荷油；胡椒薄荷；薄荷糖（等于mint）
7997,per,每；经；按照；每一；(Per)人名；(德、挪、丹、瑞典)佩尔
7998,perceive,察觉，感觉；理解；认知
7999,percent,百分比，百分率；部分；百分数；百分之…的；以百分之…地
8000,percentage,百分比；百分率，百分数
8001,perceptible,可察觉的；可感知的；看得见的
8002,perception,知觉；[生理] 感觉；看法；洞察力；获取
8003,perceptive,感知的，知觉的；有知觉力的
8004,perch,鲈鱼; 高位；栖木；杆；栖息；就位；位于；使坐落于
8005,percussion,[临床] 叩诊；振动；碰撞；敲打乐器；打击乐器组
8006,perfect,完美的；最好的；精通的；使完美；使熟练；完成式
8007,perfection,完善；完美
8008,perform,执行；完成；演奏
8009,performance,性能；绩效；表演；执行；表现
8010,performer,演出者；执行者；演奏者
8011,perfume,香水；香味；洒香水于…；使…带香味
8012,perfunctory,敷衍的；马虎的；得过且过的
8013,perhaps,或许；（表示不确定）也许；（用于粗略的估计）或许；（表示勉强同意或其实不赞成）也许；可能；假定；猜想；未定之事
8014,peril,危险；冒险；危及；置…于险境
8015,perilous,危险的，冒险的
8016,perimeter,周长；周界；[眼科] 视野计
8017,period,周期，期间；时期；月经；课时；（语法学）句点，句号；某一时代的
8018,periodic,周期的；定期的
8019,periodical,[数] 周期的；定期的；期刊；杂志
8020,peripheral,外围的；次要的；（神经）末梢区域的；外部设备
8021,periphery,外围，边缘；圆周；圆柱体表面
8022,perish,使麻木；毁坏
8023,perjury,伪证；伪誓；背信弃义
8024,perk,振作；昂首；小费；额外收入
8025,permanent,永久的，永恒的；不变的；烫发（等于permanent wave）
8026,permeate,渗透，透过；弥漫
8027,permissible,可允许的；获得准许的
8028,permission,允许，许可
8029,permit,许可；允许；许可证，执照
8030,pernicious,有害的；恶性的；致命的；险恶的
8031,perpendicular,垂直的，正交的；直立的；陡峭的；垂线；垂直的位置
8032,perpetrate,犯（罪）；做（恶）
8033,perpetrator,犯罪者；作恶者；行凶者
8034,perpetual,永久的；不断的；四季开花的；无期限的
8035,perpetuate,使不朽；保持；长存的
8036,perplex,使困惑，使为难；使复杂化
8037,persecute,迫害；困扰；同…捣乱
8038,perseverance,坚持不懈；不屈不挠
8039,persevere,坚持；不屈不挠；固执己见（在辩论中）
8040,Persian,猫老大
8041,persimmon,柿子；柿子树
8042,persist,存留，坚持；持续，固执
8043,persistence,持续；固执；存留；坚持不懈；毅力
8044,persistent,固执的，坚持的；持久稳固的
8045,person,人；身体；容貌，外表；人称
8046,personage,要人；角色；名士
8047,personal,个人的；身体的；亲自的；人事消息栏；人称代名词
8048,personality,个性；品格；名人
8049,personify,使人格化；赋与…以人性
8050,personnel,人事部门；全体人员；人员的；有关人事的
8051,perspective,观点；远景；透视图；透视的
8052,persuade,说服，劝说；使某人相信；劝某人做（不做）某事；空闲的，有闲的
8053,persuasion,说服；说服力；信念；派别
8054,persuasive,有说服力的；劝诱的，劝说的
8055,pertain,属于；关于；适合
8056,pertinent,相关的，相干的；中肯的；切题的
8057,perturb,扰乱；使…混乱；使…心绪不宁
8058,pervade,遍及；弥漫
8059,pervert,使堕落；滥用；使反常；堕落者；行为反常者；性欲反常者；变态
8060,pessimist,悲观主义者
8061,pessimistic,悲观的，厌世的；悲观主义的
8062,pest,害虫；有害之物；讨厌的人
8063,pester,纠缠，烦扰；使烦恼；(Pester)人名；(德)佩斯特
8064,pesticide,杀虫剂
8065,pet,宠物；生气；受宠爱的人；宠爱；宠爱的
8066,petal,花瓣
8067,petition,请愿；请愿书；祈求；[法] 诉状；请愿；请求
8068,petrol,（英）汽油
8069,petroleum,石油
8070,petty,琐碎的；小气的；小规模的；(Petty)人名；(英、法)佩蒂
8071,phantom,幽灵；幻影；虚位；幽灵的；幻觉的；有名无实的
8072,pharmaceutical,制药（学）的；药物
8073,pharmacist,药剂师
8074,pharmacy,药房；配药学，药剂学；制药业；一批备用药品
8075,phase,月相
8076,PhD,博士学位；哲学博士学位（Doctor of Philosophy）
8077,pheasant,野鸡；雉科鸟
8078,phenomenal,现象的；显著的；异常的；能知觉的；惊人的，非凡的
8079,phenomenon,现象；奇迹；杰出的人才
8080,philanthropic,博爱的；仁慈的
8081,philosopher,哲学家；哲人
8082,philosophic,哲学的；贤明的
8083,philosophy,哲学；哲理；人生观
8084,phobia,恐怖，憎恶；恐惧症
8085,phoenix,凤凰；死而复生的人
8086,phone,电话；耳机，听筒；打电话
8087,phonetic,语音的，语音学的；音形一致的；发音有细微区别的
8088,phonology,音系学；音韵学；语音体系
8089,phosphorous,磷的，含磷的；发磷光的
8090,phosphorus,磷
8091,photo,照片
8092,photocopier,影印机；复印机
8093,photocopy,复印件；影印；影印，复印
8094,photograph,为…拍照；使深深印入；照片，相片
8095,photographer,摄影师；照相师
8096,photography,摄影；摄影术
8097,phrase,"短语, 习语, 措辞, 乐句；措词, 将(乐曲)分成乐句"
8098,physical,[物] 物理的；身体的；物质的；根据自然规律的，符合自然法则的；体格检查
8099,physician,[医] 医师；内科医师
8100,physicist,物理学家；唯物论者
8101,physics,物理学；物理现象
8102,physiological,生理学的，生理的
8103,physiology,生理学；生理机能
8104,physiotherapy,物理疗法
8105,physique,体格，体形
8106,pianist,钢琴家；钢琴演奏者
8107,piano,钢琴
8108,pick,挑选；采摘；挖；选择；鹤嘴锄；挖；掩护
8109,picket,警戒哨；纠察队；[建] 尖木桩；派……担任纠察；用尖桩围住
8110,pickle,泡菜；盐卤；腌制食品；泡；腌制
8111,pickpocket,扒手
8112,picnic,野餐；去野餐
8113,pictorial,绘画的；形象化的；画报；画刊
8114,picture,照片，图画；影片；景色；化身；画；想像；描写
8115,picturesque,独特的；生动的；别致的；图画般的
8116,pidgin,洋泾滨语；混杂语言；事务
8117,pie,馅饼；饼图；爱说话的人；使杂乱
8118,piece,块；件；篇；硬币；修补；接合；凑合
8119,pier,码头，直码头；桥墩；窗间壁
8120,pierce,刺穿；洞察；响彻；深深地打动
8121,piety,虔诚；孝敬；虔诚的行为或语言
8122,pig,猪；猪肉；生小猪；像猪一样过活
8123,pigeon,鸽子
8124,pigsty,猪舍；木垛；脏乱的地方
8125,pike,通行费；矛；梭子鱼；尖头；收费道路；用矛刺穿
8126,pile,堆；大量；建筑群；累积；打桩于
8127,pilgrim,朝圣者；漫游者；（美）最初的移民；去朝圣；漫游
8128,pill,药丸；弹丸，子弹；口服避孕药；把…制成丸剂；使服用药丸；抢劫，掠夺（古语）
8129,pillar,柱子，柱形物；栋梁；墩；用柱支持
8130,pillow,枕头；垫；枕于…；使…靠在
8131,pillowcase,枕头套（等于pillow slip）
8132,pilot,飞行员；领航员；试点的；驾驶；领航；试用
8133,pin,大头针，别针，针；栓；琐碎物；钉住；压住；将……用针别住
8134,pinch,捏；勒索；使苦恼；掐掉某物，修剪；匮乏；少量；夹痛
8135,pine,渴望，痛苦；憔悴；[林] 松树；凤梨，菠萝；松木的；似松的
8136,pineapple,[园艺] 菠萝；[园艺] 凤梨；凤梨科的
8137,pink,粉红色；化身，典范；石竹花；头面人物；扎，刺，戳；使…变粉红色；使…面红耳赤；粉红的；比较激进的；石竹科的；脸色发红的
8138,pinpoint,查明；精确地找到；准确描述；精确的；详尽的；针尖；精确位置；极小之物
8139,pint,品脱；一品脱的量；一品脱牛奶或啤酒
8140,pioneer,先锋；拓荒者；开辟；倡导；提倡
8141,pious,虔诚的；敬神的；可嘉的；尽责的
8142,pipe,管；烟斗；笛；吹笛；尖叫
8143,piracy,海盗行为；剽窃；著作权侵害；非法翻印
8144,pirate,海盗；盗版；侵犯专利权者；掠夺；翻印；剽窃
8145,piss,小便；呸！
8146,pistol,手枪；信号枪；用手枪射击
8147,piston,活塞
8148,pit,矿井；深坑；陷阱；（物体或人体表面上的）凹陷；（英国剧场的）正厅后排；正厅后排的观众；使竞争；窖藏；使凹下；去…之核；使留疤痕
8149,pitcher,投手；大水罐
8150,pitfall,陷阱，圈套；缺陷；诱惑
8151,pity,怜悯，同情；遗憾；对……表示怜悯；对……感到同情
8152,pivot,枢轴；中心点；旋转运动；以…为中心旋转；把…置于枢轴上；枢轴的；关键的
8153,pivotal,关键的；中枢的；枢轴的；关键事物；中心事物
8154,pizza,比萨饼（一种涂有乳酪核番茄酱的意大利式有馅烘饼）
8155,place,地方；住所；座位；放置；任命；寄予
8156,placid,平静的；温和的；沉着的
8157,plague,瘟疫；灾祸；麻烦；讨厌的人；折磨；使苦恼；使得灾祸
8158,plaid,格子花呢；格子图案；有格子图案的
8159,plain,平的；简单的；朴素的；清晰的；平原；无格式；朴实无华的东西；清楚地；平易地
8160,plaintiff,原告
8161,plan,计划；平面图；计划；设计；打算
8162,plane,飞机；平面；程度，水平；刨；乘飞机旅行；翱翔；平的；平面的
8163,planet,行星
8164,planetary,行星的
8165,plank,[木] 厚木板；支架；政纲条款；在…上铺板；撂下；立刻付款
8166,plant,工厂，车间；植物；设备；庄稼；种植；培养；栽培；安置
8167,planter,种植机，[农机] 播种机；种植者；种植园主；耕作者；殖民者
8168,plaque,匾；血小板；饰板
8169,plasma,[等离子] 等离子体；血浆；[矿物] 深绿玉髓
8170,plaster,石膏；灰泥；膏药；减轻；粘贴；涂以灰泥；敷以膏药；使平服
8171,plastic,塑料的；（外科）造型的；可塑的；塑料制品；整形；可塑体
8172,plate,碟；金属板；金属牌；感光底片；电镀；给…装甲
8173,plateau,高原；高原印第安人的
8174,platform,平台；月台，站台；坛；讲台
8175,platinum,[化学] 铂；白金；唱片集达100万张的销售量；银灰色；唱片集已售出100万张的
8176,platoon,排，团；一组
8177,plausible,貌似可信的，花言巧语的；貌似真实的，貌似有理的
8178,play,游戏；扮演；演奏；播放；同…比赛；游戏；比赛；剧本
8179,player,运动员，比赛者；游戏者，做游戏的人；演奏者，表演者；演员；播放器
8180,playground,运动场，操场；游乐场
8181,playmate,玩伴；游伴
8182,playoff,双方得分相等时的最后决赛；复赛；季后赛
8183,playwright,剧作家
8184,plaza,广场；市场，购物中心
8185,plea,恳求，请求；辩解，辩护；借口，托辞
8186,plead,借口；为辩护；托称
8187,pleasant,令人愉快的，舒适的；讨人喜欢的，和蔼可亲的；(Pleasant)人名；(英)普莱曾特
8188,please,使喜欢；使高兴，使满意；请（礼貌用语）
8189,pleased,高兴的；喜欢的；乐意做某事；满意；愿意（please的过去分词形式）
8190,pleasing,令人愉快的；讨人喜欢的；合意的；取悦（please的现在分词）
8191,pleasure,快乐；希望；娱乐；令人高兴的事；使高兴；使满意；高兴；寻欢作乐
8192,pleat,使…打褶；褶；褶状物
8193,pledge,保证，誓言；抵押；抵押品，典当物；保证，许诺；用……抵押；举杯祝……健康
8194,plenary,充分的；全体出席的；全体会议
8195,plenipotentiary,全权代表的；有全权的；全权代表；全权大使
8196,plentiful,丰富的；许多的；丰饶的；众多的
8197,plenty,丰富，大量；充足；足够的，很多的；足够
8198,plight,困境；境况；誓约；保证；约定
8199,plot,情节；图；阴谋；密谋；绘图；划分；标绘
8200,plough,犁；耕；犁；耕地（等于plow）
8201,pluck,勇气；内脏；快而猛的拉；摘；拔；扯
8202,plug,插头；塞子；栓；塞住；用插头将与电源接通
8203,plum,李子；梅子；洋李；紫红色；人所希望的；有利的；上等的
8204,plumb,使垂直；探测，探索；垂直；铅锤；恰恰，正；垂直地；垂直的
8205,plumber,水管工；堵漏人员
8206,plume,用羽毛装饰；羽毛
8207,plummet,[测] 铅锤，坠子；垂直落下；（价格、水平等）骤然下跌
8208,plump,使丰满；使鼓起；突然放下；沉重地；突然地；圆胖的，丰满的；鼓起的；扑通声
8209,plunder,抢夺；战利品；掠夺品；掠夺；抢劫；侵吞
8210,plunger,[机] 活塞；潜水者；跳水者；莽撞的人
8211,plural,复数的；复数
8212,plus,正号，加号；好处；附加额；正的；附加的；加，加上
8213,plush,豪华的；长毛绒做的；舒服的；长毛绒
8214,plutonium,[化学] 钚（94号元素）
8215,pneumonia,肺炎
8216,poach,水煮；偷猎；窃取；把…踏成泥浆
8217,pocket,口袋；钱；容器；隐藏；忍受；将…放入衣袋；小型的，袖珍的；金钱上的
8218,pockmark,麻子；凹坑；使留下痘疤；使有凹坑
8219,pod,蚕茧；豆荚；结豆荚
8220,poem,诗
8221,poet,诗人
8222,poetess,女诗人
8223,poetic,诗的，诗歌的；诗意的；诗人的；诗学，诗论
8224,poetry,诗；诗意，诗情；诗歌艺术
8225,poignant,尖锐的；辛酸的；深刻的；切中要害的；(Poignant)人名；(法)普瓦尼昂
8226,point,要点；得分；标点；[机] 尖端；指向；弄尖；加标点于
8227,poise,平衡；姿势；镇静；使平衡；保持姿势
8228,poison,污染；使中毒，放毒于；败坏；阻碍；毒药，毒物；酒；有毒害的事物；[助剂] 抑制剂；有毒的
8229,poisonous,有毒的；恶毒的；讨厌的
8230,poke,刺，捅；戳；伸出；刺探；闲荡；戳；刺；袋子；懒汉
8231,poker,拨火棍；纸牌戏；（用棍）戳的人；烙制
8232,polar,极地的；两极的；正好相反的；极面；极线
8233,polarity,[物] 极性；两极；对立
8234,pole,杆；极点；电极；用竿支撑
8235,polemic,争论；辩论者；好争论的
8236,police,警察，警方；治安；监督；管辖；维持治安；为…配备警察；警察的；有关警察的
8237,policeman,警察，警员；[分化] 淀帚（橡皮头玻璃搅棒）
8238,policewoman,女警察；女警官
8239,policy,政策，方针；保险单
8240,polio,小儿麻痹症（等于poliomyelitis）；脊髓灰质炎
8241,Polish,磨光，擦亮；上光剂，擦亮剂；优雅，精良；擦亮，变光滑；波兰的
8242,politburo,（共产党中央委员会的）政治局；类似政治局的决策控制机构
8243,polite,有礼貌的，客气的；文雅的；上流的；优雅的
8244,political,政治的；党派的
8245,politician,政治家，政客
8246,politics,政治，政治学；政治活动；政纲
8247,poll,投票；民意测验；投票数；投票所；投票；剪短；对…进行民意测验；获得选票；无角的；剪过毛的；修过枝的
8248,pollen,传授花粉给；[植] 花粉
8249,pollster,民意测验专家，民意调查人；整理民意测验结果的人
8250,pollutant,污染物
8251,pollute,污染；玷污；败坏
8252,pollution,污染
8253,polo,马球；水球
8254,polyester,聚酯
8255,polytechnic,各种工艺的；综合技术的；工艺学校；理工专科学校
8256,pompous,自大的；浮夸的；华而不实的；爱炫耀的
8257,pond,筑成池塘；池塘
8258,ponder,仔细考虑；衡量；(Ponder)人名；(英)庞德
8259,pony,矮种马；小型马；小型的；每日摘要的；付清
8260,pool,联营；撞球；水塘；共同资金；联营，合伙经营
8261,poor,贫穷的；可怜的；贫乏的；卑鄙的；(Poor)人名；(英、伊朗)普尔
8262,pop,卖点广告（Point of Purchase）
8263,popcorn,爆米花，爆玉米花
8264,pope,教皇，罗马教皇；权威，大师
8265,poplar,白杨；白杨木
8266,poppy,罂粟花；罂粟属植物；深红色；罂粟科的
8267,popular,流行的，通俗的；受欢迎的；大众的；普及的
8268,popularise,推广，普及；使…通俗化（等于popularize）；使…受欢迎
8269,popularity,普及，流行；名气；受大众欢迎
8270,population,人口；[生物] 种群，[生物] 群体；全体居民
8271,populous,人口稠密的；人口多的
8272,porcelain,瓷；瓷器；瓷制的；精美的
8273,porch,门廊；走廊
8274,pore,细想；凝视；熟读；气孔；小孔
8275,pork,猪肉；与女子性交
8276,pornography,色情文学；色情描写
8277,porridge,粥，糊；麦片粥；服刑
8278,port,港口，口岸；（计算机的）端口；左舷；舱门；转向左舷
8279,portable,手提的，便携式的；轻便的；手提式打字机
8280,porter,门房；服务员；行李搬运工；守门人
8281,portfolio,公文包；文件夹；证券投资组合；部长职务
8282,portion,部分；一份；命运；分配；给…嫁妆
8283,portrait,肖像；描写；半身雕塑像
8284,portray,描绘；扮演
8285,pose,造成，形成；摆姿势；装模作样；提出…讨论；姿势，姿态；装模作样
8286,position,位置，方位；职位，工作；姿态；站位；安置；把……放在适当位置
8287,positive,积极的；[数] 正的，[医][化学] 阳性的；确定的，肯定的；实际的，真实的；绝对的；正数；[摄] 正片
8288,possess,控制；使掌握；持有；迷住；拥有，具备
8289,possession,拥有；财产；领地；自制；着迷
8290,possibility,可能性；可能发生的事物
8291,possible,可能的；合理的；合适的；可能性；合适的人；可能的事物
8292,possibly,可能地；也许；大概
8293,post,岗位；邮件；标杆；张贴；公布；邮递；布置
8294,postage,邮资，邮费
8295,postcard,明信片
8296,poster,海报，广告；招贴
8297,posthumous,死后的；遗腹的；作者死后出版的
8298,postman,邮递员；邮差
8299,postpone,使…延期；把…放在次要地位；把…放在后面
8300,postscript,附言；又及
8301,postulate,假定；要求；视…为理所当然；基本条件；假定
8302,posture,姿势；态度；情形；摆姿势
8303,pot,壶；盆；罐；把…装罐；射击；节略
8304,potato,[作物] 土豆，[作物] 马铃薯
8305,potency,效能；力量；潜力；权势
8306,potent,有效的；强有力的，有权势的；有说服力的
8307,potential,潜能；可能性；[电] 电势；潜在的；可能的；势的
8308,potluck,家常便饭；百乐餐（每人自带一个菜的家庭聚会）
8309,pottery,陶器；陶器厂；陶器制造术
8310,pouch,小袋；育儿袋；烟草袋；成袋状
8311,poultry,家禽
8312,pounce,突袭，猛扑；猛扑，爪
8313,pound,英镑；重击，重击声；兽栏；拘留所；捣烂；敲打；监禁，拘留
8314,pour,倾泻；流出；骤雨；灌，注；倒；倾泻；倾吐
8315,poverty,贫困；困难；缺少；低劣
8316,powder,粉；粉末；[化工][军] 火药；尘土；使成粉末；撒粉；搽粉于
8317,power,力量，能力；电力，功率；政权，势力；[数] 幂；激励；供以动力；使…有力量；借影响有权势人物以操纵权力的
8318,powerful,强大的；强有力的；很；非常
8319,practicable,可用的；行得通的；可实行的
8320,practical,实际的；实用性的
8321,practicality,实用性，实际性；实际，实例
8322,practice,实践；练习；惯例；练习；实习；实行
8323,practise,练习，实践；实施，实行；从事
8324,practitioner,开业者，从业者，执业医生
8325,pragmatic,实际的；实用主义的；国事的
8326,prairie,大草原；牧场
8327,praise,赞扬；称赞；荣耀；崇拜；赞美，歌颂；表扬
8328,pram,婴儿车；送牛奶用的手推车
8329,prawn,对虾，明虾；捕虾
8330,pray,祈祷；恳求；央求；(Pray)人名；(匈)普劳伊；(英)普雷
8331,prayer,祈祷，祷告；恳求；祈祷文
8332,preach,说教；讲道；鼓吹；传道；反复灌输；说教
8333,precarious,危险的；不确定的
8334,precaution,预防，警惕；预防措施；警惕；预先警告
8335,precede,领先，在…之前；优于，高于
8336,precedent,先例；前例；在前的；在先的
8337,precinct,选区；管理区；管辖区
8338,precious,宝贵的；珍贵的；矫揉造作的；(Precious)人名；(英)普雷舍斯，普雷舍丝(女名)
8339,precipitate,[化学] 沉淀物；使沉淀；促成；猛抛；使陷入；突如其来的；猛地落下的；急促的
8340,precipitous,险峻的；急躁的，鲁莽的
8341,precis,摘要；大纲；概括…的大意；为…写摘要
8342,precise,精确的；明确的；严格的
8343,precision,精度，[数] 精密度；精确；精密的，精确的
8344,preclude,排除；妨碍；阻止
8345,predatory,掠夺的，掠夺成性的；食肉的；捕食生物的
8346,predecessor,前任，前辈
8347,predicament,窘况，困境；状态
8348,predicate,断定为…；使…基于；谓语，述语；谓语的；述语的
8349,predict,预报，预言；预知
8350,prediction,预报；预言
8351,predominant,主要的；卓越的；支配的；有力的；有影响的
8352,prefabricate,预先制造；预先构思；预制构件
8353,preface,前言；引语；为…加序言；以…开始
8354,prefer,更喜欢；宁愿；提出；提升
8355,preferable,更好的，更可取的；更合意的
8356,preference,偏爱，倾向；优先权
8357,preferential,优先的；选择的；特惠的；先取的
8358,prefix,前缀；加前缀；将某事物加在前面
8359,pregnancy,怀孕；丰富，多产；意义深长
8360,pregnant,怀孕的；富有意义的
8361,prehistoric,史前的；陈旧的
8362,prejudice,偏见；侵害；损害；使有偏见
8363,preliminary,准备；预赛；初步措施；初步的；开始的；预备的
8364,prelude,前奏；序幕；前奏曲；成为…的序幕；演奏…作为前奏曲
8365,premature,早产的；不成熟的；比预期早的；早产儿；过早发生的事物
8366,premier,第一的；最初的；总理，首相
8367,premiere,首位的；初次的；女主角的；初次公演；首次露面；初次的演出；女主角
8368,premise,引出，预先提出；作为…的前提；前提；上述各项；房屋连地基
8369,premium,额外费用；奖金；保险费;(商)溢价；高价的；优质的
8370,premonition,预告；征兆
8371,prenatal,产前的；胎儿期的；[医] 出生以前的
8372,preoccupation,全神贯注，入神；当务之急；关注的事物；抢先占据；成见
8373,preoccupied,全神贯注的；心事重重的；被先占的；抢先占有；使…全神贯注（preoccupy的过去式）
8374,preparation,预备；准备
8375,preparatory,预备的；预科；预备学校
8376,prepare,准备；使适合；装备；起草
8377,preposition,介词；前置词
8378,prerequisite,先决条件；首要必备的
8379,preschool,未满学龄的；就学前的，入学前的；幼儿园，育幼院
8380,prescribe,规定；开药方
8381,prescription,药方；指示；惯例；凭处方方可购买的
8382,presence,存在；出席；参加；风度；仪态
8383,present,提出；介绍；呈现；赠送；现在的；出席的；现在；礼物；瞄准
8384,presentation,展示；描述，陈述；介绍；赠送
8385,presently,（美）目前；不久
8386,preservation,保存，保留
8387,preserve,保存；保护；维持；腌；禁猎；保护区；禁猎地；加工成的食品
8388,preside,主持，担任会议主席
8389,president,总统；董事长；校长；主席
8390,presidential,总统的；首长的；统辖的
8391,presidium,主席团
8392,press,压；按；逼迫；紧抱；压；按；新闻；出版社；[印刷] 印刷机
8393,pressing,压；冲压件；紧迫的；迫切的；恳切的；压；按；熨烫衣物（press的ing形式）
8394,pressure,压力；压迫，[物] 压强；迫使；密封；使……增压
8395,prestige,威望，声望；声誉
8396,prestigious,有名望的；享有声望的
8397,presumably,大概；推测起来；可假定
8398,presume,假定；推测；擅自；意味着
8399,presumption,放肆，傲慢；推测
8400,presuppose,假定；预料；以…为先决条件
8401,pretence,假装；借口；虚伪
8402,pretend,假装，伪装，佯装；假装的
8403,pretentious,自命不凡的；炫耀的；做作的
8404,pretext,借口；托辞；以…为借口
8405,pretty,漂亮的；可爱的；优美的；相当地；颇；有吸引力的事物（尤指饰品）；漂亮的人
8406,prevail,盛行，流行；战胜，获胜
8407,prevalent,流行的；普遍的，广传的
8408,prevent,预防，防止；阻止
8409,prevention,预防；阻止；妨碍
8410,previous,以前的；早先的；过早的；在先；在…以前
8411,prey,捕食；掠夺；折磨；捕食；牺牲者；被捕食的动物
8412,price,价格；价值；代价；给……定价；问……的价格
8413,priceless,无价的；极贵重的；非常有趣的；非卖品
8414,prick,刺，戳；刺伤，刺痛；竖起；刺，扎；刺痛，刺伤；阴茎；锥；竖起的
8415,pride,自豪；骄傲；自尊心；使得意，以…自豪
8416,priest,牧师；神父；教士；使成为神职人员；任命…为祭司
8417,primary,主要的；初级的；基本的；原色；最主要者
8418,prime,主要的；最好的；基本的；极好地；初期；青年；精华；全盛时期；使准备好；填装
8419,primitive,原始的，远古的；简单的，粗糙的；原始人
8420,prince,王子，国君；亲王；贵族
8421,princess,公主；王妃；女巨头
8422,principal,主要的；资本的；首长；校长；资本；当事人
8423,principle,原理，原则；主义，道义；本质，本义；根源，源泉
8424,print,印刷业；印花布；印刷字体；印章；印记；印刷；打印；刊载；用印刷体写；在…印花样
8425,printer,[计] 打印机；印刷工；印花工
8426,prior,优先的；在先的，在前的；在前，居先；(Prior)人名；(法、西、葡、捷)普里奥尔；(英)普赖尔；(意)普廖尔
8427,priority,优先；优先权；[数] 优先次序；优先考虑的事
8428,prism,棱镜；[晶体][数] 棱柱
8429,prison,监狱；监禁；拘留所；监禁，关押
8430,prisoner,囚犯，犯人；俘虏；刑事被告
8431,pristine,原始的，古时的；纯朴的
8432,privacy,隐私；秘密；隐居；隐居处
8433,private,私人的；私有的；私下的；列兵；二等兵
8434,privilege,特权；优待；给与…特权；特免
8435,prize,奖品；奖赏；战利品；珍视；捕获；估价；获奖的
8436,pro,赞成地；赞成者；赞成的意见；赞成
8437,probability,可能性；机率；[数] 或然率
8438,probation,试用；缓刑；查验
8439,probe,探针；调查；调查；探测
8440,problem,难题；引起麻烦的人；成问题的；难处理的
8441,problematic,问题的；有疑问的；不确定的
8442,procedural,程序上的
8443,procedure,程序，手续；步骤
8444,proceed,开始；继续进行；发生；行进；收入，获利
8445,proceeding,进行；程序；诉讼；事项；开始；继续做；行进（proceed的ing形式）
8446,process,处理；加工；过程，进行；方法，步骤；作用；程序；推移；经过特殊加工（或处理）的
8447,procession,队伍，行列；一列，一排；列队行进；列队行进；沿著……行进
8448,proclaim,宣告，公布；声明；表明；赞扬
8449,procure,获得，取得；导致
8450,prod,刺针；刺棒；签子；刺，戳；刺激
8451,prodigal,挥霍的；十分慷慨的；浪子；挥霍者
8452,produce,生产；引起；创作；生育，繁殖；农产品，产品
8453,producer,制作人，制片人；生产者；发生器
8454,product,产品；结果；[数] 乘积；作品
8455,production,成果；产品；生产；作品
8456,productive,能生产的；生产的，生产性的；多产的；富有成效的
8457,productivity,生产力；生产率；生产能力
8458,profess,自称；公开表示；宣称信奉；正式准予加入
8459,profession,职业，专业；声明，宣布，表白
8460,professional,专业的；职业的；职业性的；专业人员；职业运动员
8461,proficiency,精通，熟练
8462,proficient,熟练的，精通的；精通；专家，能手
8463,profile,侧面；轮廓；外形；剖面；简况；描…的轮廓；扼要描述
8464,profit,利润；利益；获利；有益
8465,profitable,有利可图的；赚钱的；有益的
8466,profiteer,赚大钱；牟取暴利；[贸易] 奸商；牟取暴利的人
8467,profound,深厚的；意义深远的；渊博的
8468,programme,计划，规划；节目；程序；编程序；制作节目
8469,programmer,[自][计] 程序设计员
8470,progress,进步，发展；前进；前进，进步；进行
8471,progressive,进步的；先进的；改革论者；进步分子
8472,prohibit,阻止，禁止
8473,prohibition,禁止；禁令；禁酒；诉讼中止令
8474,project,设计；计划；表达；投射；工程；计划；事业
8475,projection,投射；规划；突出；发射；推测
8476,projector,[仪] 投影仪；放映机；探照灯；设计者
8477,proletarian,普罗，无产者；工人；普罗阶级的，无产阶级的
8478,proliferation,增殖，扩散；分芽繁殖
8479,prolific,多产的；丰富的
8480,prologue,开场白；序言；加上…前言；为…作序
8481,prolong,延长；拖延
8482,prominence,突出；显著；突出物；卓越
8483,prominent,突出的，显著的；杰出的；卓越的
8484,promise,许诺，允诺；希望；允诺，许诺；给人以…的指望或希望
8485,promising,有希望的，有前途的；许诺，答应（promise的现在分词形式）
8486,promote,促进；提升；推销；发扬
8487,promotion,提升，[劳经] 晋升；推销，促销；促进；发扬，振兴
8488,prompt,敏捷的，迅速的；立刻的；提示；促进；激起；（给演员）提白；提示；付款期限；DOS命令：改变DOS系统提示符的风格；准时地
8489,prone,俯卧的；有…倾向的，易于…的；(Prone)人名；(意、法)普罗内
8490,pronoun,代词
8491,pronounce,发音；宣判；断言
8492,pronunciation,发音；读法
8493,proof,证明；证据；校样；考验；验证；试验；防…的；不能透入的；证明用的；耐…的；试验；校对；使不被穿透
8494,proofread,校对，校勘
8495,prop,支柱，支撑物；支持者；道具；（橄榄球中的）支柱前锋；支撑，支持，维持；使倚靠在某物上
8496,propaganda,宣传；传道总会
8497,propagate,传播；传送；繁殖；宣传
8498,propel,推进；驱使；激励；驱策
8499,proper,适当的；本身的；特有的；正派的；完全地；(Proper)人名；(英、德)普罗珀
8500,property,性质，性能；财产；所有权
8501,prophecy,预言；预言书；预言能力
8502,prophesy,预言；预告
8503,prophet,先知；预言者；提倡者
8504,proponent,支持者；建议者；提出认证遗嘱者
8505,proportion,比例，占比；部分；面积；均衡；使成比例；使均衡；分摊
8506,proportional,比例的，成比例的；相称的，均衡的；[数] 比例项
8507,proposal,提议，建议；求婚
8508,propose,建议；打算，计划；求婚
8509,proposition,[数] 命题；提议；主题；议题；向…提议；向…求欢
8510,proprietor,业主；所有者；经营者
8511,prose,散文；单调；散文的；平凡的；乏味的；写散文；乏味地讲话；把…写成散文
8512,prosecute,检举；贯彻；从事；依法进行
8513,prosecution,起诉，检举；进行；经营
8514,prospect,前途；预期；景色；勘探，找矿
8515,prospective,未来的；预期的；预期；展望
8516,prosperity,繁荣，成功
8517,prosperous,繁荣的；兴旺的
8518,prostate,前列腺的；[解剖] 前列腺
8519,prostitute,使沦为妓女；卖淫的；堕落的；妓女
8520,prostitution,卖淫；滥用；出卖灵魂
8521,protagonist,主角，主演；主要人物，领导者
8522,protect,保护，防卫；警戒
8523,protection,保护；防卫；护照
8524,protective,防护的；关切保护的；保护贸易的
8525,protein,蛋白质；朊；蛋白质的
8526,protest,抗议；断言；抗议；表示抗议的；抗议性的
8527,Protestant,新教的；新教徒的；新教；新教徒
8528,protocol,协议；草案；礼仪；拟定
8529,prototype,原型；标准，模范
8530,protracted,拖延的；拖延；绘制；伸展（protract的过去分词）
8531,protrude,使突出，使伸出
8532,proud,自豪的；得意的；自负的；(Proud)人名；(英)普劳德
8533,prove,证明；检验；显示
8534,proverb,谚语，格言；众所周知的人或事
8535,provide,提供；规定；准备；装备
8536,provident,节俭的；有先见之明的；顾及未来的
8537,province,省；领域；职权
8538,provincial,省的；地方性的；偏狭的；粗野的人；乡下人；外地人
8539,provision,规定；条款；准备；[经] 供应品；供给…食物及必需品
8540,provisional,临时的，暂时的；暂定的；临时邮票
8541,provocation,挑衅；激怒；挑拨
8542,provocative,刺激的，挑拨的；气人的；刺激物，挑拨物；兴奋剂
8543,provoke,驱使；激怒；煽动；惹起
8544,prowess,英勇；超凡技术；勇猛
8545,proximity,接近，[数]邻近；接近；接近度，距离；亲近
8546,prudent,谨慎的；精明的；节俭的；(Prudent)人名；(法)普吕当
8547,prune,删除；减少；深紫红色；傻瓜；李子干
8548,pseudo,伪君子；假冒的人；冒充的，假的
8549,psychiatrist,精神病学家，精神病医生
8550,psychiatry,精神病学；精神病治疗法
8551,psycho,心理分析，精神分析；精神病患者；精神病的；精神病学的
8552,psychoanalyst,精神分析学家；心理分析学家
8553,psychological,心理的；心理学的；精神上的
8554,psychologist,心理学家，心理学者
8555,psychotherapist,精神治疗医师
8556,psychotherapy,心理疗法；精神疗法
8557,pub,酒馆；客栈
8558,puberty,青春期；开花期
8559,public,公众的；政府的；公用的；公立的；公众；社会；公共场所
8560,publication,出版；出版物；发表
8561,publish,出版；发表；公布
8562,publisher,出版者，出版商；发行人
8563,pudding,布丁
8564,puff,喷出，张开；使膨胀；夸张；使骄傲自满；粉扑；泡芙；蓬松；一阵喷烟；肿块；吹嘘，宣传广告
8565,pull,拉；拔；拖；拉，拉绳；拉力，牵引力；拖
8566,pullover,套衫；套领的
8567,pulp,纸浆；果肉；黏浆状物质；使…化成纸浆；除去…的果肉
8568,pulpit,讲道坛；高架操纵台；神职人员
8569,pulse,[电子] 脉冲；脉搏；使跳动
8570,pump,打气；用抽水机抽…；泵，抽水机；打气筒
8571,pumpkin,南瓜
8572,pun,说双关语；说俏皮话；双关语；俏皮话
8573,punch,冲压机；打洞器；钻孔机；开洞；以拳重击
8574,punctual,准时的，守时的；精确的
8575,punctuation,标点；标点符号
8576,puncture,刺穿；揭穿；削弱；穿刺；刺痕
8577,pungent,辛辣的；刺激性的；刺鼻的；苦痛的；尖刻的
8578,punish,惩罚；严厉对待；贪婪地吃喝
8579,punishment,惩罚；严厉对待，虐待
8580,pupil,学生；[解剖] 瞳孔；未成年人
8581,puppet,木偶；傀儡；受他人操纵的人
8582,puppy,小狗，幼犬
8583,purchase,购买；紧握；起重装置；购买；赢得
8584,pure,纯的；纯粹的；纯洁的；清白的；纯理论的；(Pure)人名；(俄)普雷
8585,purely,纯粹地；仅仅，只不过；完全地；贞淑地；清洁地
8586,purge,净化；通便；净化；泻药
8587,purify,净化；使纯净
8588,Puritan,清教徒的；清教徒
8589,purity,[化学] 纯度；纯洁；纯净；纯粹
8590,purple,紫色的；帝王的；华而不实的；紫色；紫袍；变成紫色
8591,purport,声称；意图；意指；打算；意义，主旨；意图
8592,purpose,目的；用途；意志；决心；企图；打算
8593,purse,(女士)手提袋；(国家、家庭、团体等的) 财力；（嘴巴）皱起，使缩拢；撅嘴
8594,pursue,继续；从事；追赶；纠缠
8595,pursuit,追赶，追求；职业，工作
8596,push,推动，增加；对…施加压力，逼迫；按；说服；推，决心；大规模攻势；矢志的追求
8597,put,放；表达；移动；安置；赋予；掷；笨蛋；投击；怪人；固定不动的
8598,puzzle,使…困惑；使…为难；苦思而得出；谜；难题；迷惑
8599,pyramid,金字塔；角锥体；渐增；上涨；成金字塔状
8600,python,巨蟒；大蟒
8601,quack,庸医；鸭叫声；（鸭子）嘎嘎叫；吹嘘；大声闲聊；骗人的；冒牌医生的
8602,quadrangle,四边形；方院
8603,quadrant,象限；[海洋][天] 象限仪；四分之一圆
8604,quadratic,[数] 二次的；二次方程式
8605,quadrilateral,四边形；四边形的
8606,quadruple,四倍的；四重的；使…成四倍；四倍
8607,quail,畏缩，胆怯；感到恐惧；鹌鹑
8608,quaint,古雅的；奇怪的；离奇有趣的；做得很精巧的
8609,quake,震动；颤抖；地震；颤抖
8610,Quaker,教友派信徒；贵格会教徒
8611,qualification,资格；条件；限制；赋予资格
8612,qualifier,[语] 修饰语
8613,qualify,限制；使具有资格；证明…合格
8614,qualitative,定性的；质的，性质上的
8615,quality,质量，[统计] 品质；特性；才能；优质的；高品质的；<英俚>棒极了
8616,qualm,疑虑；不安
8617,quantifier,[数][语] 量词；数量词；精于计算的人
8618,quantify,量化；为…定量；确定数量
8619,quantitative,定量的；量的，数量的
8620,quantity,量，数量；大量；总量
8621,quantum,量子论；额；美国昆腾公司（世界领先的硬盘生产商）
8622,quarantine,检疫；隔离；使隔离；检疫；隔离；检疫期；封锁
8623,quarrel,吵架；争论；挑剔；吵架；反目；怨言；争吵的原因；方头凿
8624,quarry,采石场；猎物；来源；费力地找
8625,quart,夸脱（容量单位）；一夸脱的容器
8626,quarter,四分之一；地区；季度；一刻钟；两角五分；节；住宿；驻扎；四分之一
8627,quarterly,季度的，按季度的；一年四次的；按季度，[农] 一季一次地；纵横四分地；季刊
8628,quartet,四重奏；四重唱；四件一套
8629,quartz,石英
8630,quash,撤销；镇压；宣布无效；捣碎
8631,quaver,颤抖；颤抖；八分音符；颤音
8632,quay,码头
8633,queen,女王，王后；（纸牌中的）皇后；（蜜蜂等的）蜂王；使…成为女王或王后
8634,queer,奇怪的；同性恋的；不舒服的；心智不平衡的；搞糟；使陷于不利地位；同性恋者；怪人；伪造的货币
8635,quell,平息；镇压；减轻；消除；(Quell)人名；(捷)奎尔；(西)克利
8636,quench,熄灭，[机] 淬火；解渴；结束；冷浸
8637,querulous,易怒的，暴躁的；爱发牢骚的，抱怨的；爱挑剔的
8638,query,疑问，质问；疑问号 ；[计] 查询；询问；对……表示疑问
8639,quest,追求；寻找
8640,question,问题，疑问；询问；疑问句；询问；怀疑；审问
8641,questionable,可疑的；有问题的
8642,queue,队列；长队；辫子；排队；排队等候
8643,quibble,谬论；双关语；遁辞；诡辩；挑剔；说模棱两可的话
8644,quick,核心；伤口的嫩肉；快的；迅速的，敏捷的；灵敏的；迅速地，快
8645,quickly,迅速地；很快地
8646,quicksand,[水利] 流沙，危险状态
8647,quiet,安静的；安定的；不动的；温顺的；安静；和平；使平息；安慰
8648,quietly,安静地；秘密地；平稳地
8649,quilt,被子；棉被；东拼西凑地编；加软衬料后缝制
8650,quintessence,精华；典范；第五元素（被视为地、水、火、风以外之构成宇宙的元素）
8651,quintet,五重奏，五重唱；男子篮球队；[计] 五位字节
8652,quip,妙语；嘲弄；讽刺语；嘲弄；讥讽
8653,quirk,怪癖；急转；借口
8654,quit,离开；放弃；停止；使…解除；离开；[计] 退出；摆脱了…的；已经了结的
8655,quite,很；相当；完全
8656,quitter,轻易放弃的人；懒人
8657,quiver,颤抖；箭袋；震动；颤抖；振动
8658,quixotic,唐吉诃德式的；狂想家的；愚侠的
8659,quiz,考查；恶作剧；课堂测验；挖苦；张望；对…进行测验
8660,quizzical,古怪的；引人发笑的；探询的；嘲弄的
8661,quota,配额；定额；限额
8662,quotation,[贸易] 报价单；引用语；引证
8663,quote,报价；引述；举证；引用
8664,quotient,[数] 商；系数；份额
8665,rabbi,拉比（犹太人的学者）；法师；犹太教律法专家；先生
8666,rabbit,兔子，野兔；让…见鬼去吧
8667,rabid,激烈的；狂暴的；偏激的；患狂犬病的
8668,rabies,[内科] 狂犬病，恐水病
8669,race,属，种；种族，人种；家庭，门第；使参加比赛；和…竞赛；使急走，使全速行进
8670,racecourse,赛马场，跑马场；跑道
8671,racer,比赛者；比赛用的汽车
8672,racial,种族的；人种的
8673,racialism,种族主义；种族歧视；人种偏见
8674,racing,赛马；竞赛；赛马（race的ing形式）；竞赛；比赛的
8675,racism,种族主义，种族歧视；人种偏见
8676,racist,种族主义者
8677,rack,[机] 齿条；架子；拷问台；变形；随风飘；小步跑
8678,racket,球拍；吵闹，喧闹；过着花天酒地的生活
8679,racketeer,骗子；敲诈者；对…进行勒索
8680,radar,[雷达] 雷达，无线电探测器
8681,radial,半径的；放射状的；光线的；光线状的；射线，光线
8682,radiance,辐射；光辉；发光；容光焕发
8683,radiant,辐射的；容光焕发的；光芒四射的；光点；发光的物体
8684,radiate,辐射；传播；流露；发射；广播；辐射状的，有射线的
8685,radiation,辐射；发光；放射物
8686,radiator,散热器；暖气片；辐射体
8687,radicalism,激进主义
8688,radio,收音机；无线电广播设备；用无线电进行通信
8689,radioactive,[核] 放射性的；有辐射的
8690,radioactivity,放射性；[核] 放射能力；[核] 放射现象
8691,radiochemical,已含放射性同位素的化学物质；放射化学的
8692,radium,[化学] 镭（88号元素符号Ra）
8693,radius,半径，半径范围；[解剖] 桡骨；辐射光线；有效航程
8694,raffle,废物；抽彩售货；抽彩售货
8695,raft,筏；救生艇；（美）大量；筏运；制成筏
8696,rag,破布；碎屑；戏弄；责骂
8697,rage,愤怒；狂暴，肆虐；情绪激动；大怒，发怒；流行，风行
8698,ragged,衣衫褴褛的；粗糙的；参差不齐的；锯齿状的；刺耳的；不规则的
8699,raid,袭击；突袭；搜捕；抢劫；对…进行突然袭击
8700,raider,袭击者；侵入者
8701,rail,铁轨；扶手；横杆；围栏；抱怨；责骂
8702,railway,（英）铁路；轨道；铁道部门；乘火车旅行
8703,rain,雨；下雨；雨天；雨季；下雨；降雨
8704,rainbow,彩虹；五彩缤纷的排列；幻想；五彩缤纷的；彩虹状的；使呈彩虹状；如彩虹般装饰；呈彩虹状
8705,raincoat,（美）雨衣
8706,raindrop,雨滴；雨点
8707,rainfall,降雨；降雨量
8708,rainforest,（热带）雨林
8709,rainproof,雨衣；雨披；防雨的；防水的；使防水
8710,rainy,下雨的；多雨的；(Rainy)人名；(英)雷尼
8711,raise,提高；筹集；养育；升起；高地；上升；加薪
8712,raiser,饲养者；提高者；栽培者；筹集者
8713,raisin,葡萄干
8714,rake,搜索；用耙子耙；掠过，擦过；耙子；斜度；钱耙；放荡的人，浪子
8715,rally,团结；重整；恢复；（网球等）连续对打；集会；回复；公路赛车会
8716,ram,随机存取存储器（random access memory的缩写）；随机访问内存（random-access memory的缩写）；公羊；撞锤；撞击装置；有撞角的军舰；（水压机的）[机] 活塞；撞击；填塞；强迫通过或接受
8717,ramble,漫步；漫游；随笔；漫步于…
8718,rambler,漫步者，漫谈者；攀缘蔷薇
8719,ramification,衍生物；分枝，分叉；支流
8720,ramp,斜坡，坡道；敲诈；蔓延；狂跳乱撞；敲诈
8721,rampage,暴怒；暴跳；乱闹；狂暴；乱闹；发怒
8722,rampant,猖獗的；蔓延的；狂暴的；奔放的；(Rampant)人名；(法)朗庞
8723,rampart,壁垒；垒；防御土墙；用壁垒围绕；防卫
8724,ranch,大农场；大牧场；经营牧场；在牧场工作
8725,rancid,腐臭的；令人作呕的，讨厌的
8726,rancour,深仇；敌意
8727,random,[数] 随机的；任意的；胡乱的；随意；胡乱地
8728,randy,好色的；喧闹的；粗俗的；莽汉；粗鲁悍妇
8729,range,范围；幅度；排；山脉；（在内）变动；平行，列为一行；延伸；漫游；射程达到
8730,ranger,突击队员；漫游者；骑警；别动队员
8731,rank,排；等级；军衔；队列；讨厌的；恶臭的；繁茂的；排列；把…分等
8732,ransom,赎回，赎；勒索赎金；救赎；得赎金后释放；赎金；赎身，赎回
8733,rap,抢走；轻敲；敲击致使；使着迷；轻敲
8734,rape,强奸，掠夺；[园艺] 油菜；葡萄渣；强奸；掠夺，抢夺
8735,rapid,迅速的，急促的；飞快的；险峻的；急流；高速交通工具，高速交通网
8736,rapidly,迅速地；很快地；立即
8737,rapist,强奸犯
8738,rapport,密切关系，交往；和谐一致
8739,rapprochement,友好；恢复邦交；友善关系的建立
8740,rapt,全神贯注的；入迷的
8741,rapture,兴高采烈；使…狂喜
8742,rare,稀有的；稀薄的；半熟的；非常；极其；用后腿站起；渴望
8743,rarely,很少地；难得；罕有地
8744,rarity,罕见；珍贵；珍品（需用复数）；稀薄
8745,rascal,流氓，无赖；淘气鬼，捣蛋鬼；不诚实的；下贱的，卑鄙的
8746,rash,轻率的；鲁莽的；不顾后果的；[皮肤] 皮疹；突然大量出现的事物
8747,rasp,用粗锉刀锉；粗声粗气地说；[机] 粗锉刀；锉磨声；刺耳声
8748,raspberry,覆盆子；舌头放在唇间发出的声音；（表示轻蔑，嘲笑等的）咂舌声
8749,rat,鼠；卑鄙小人，叛徒；捕鼠；背叛，告密
8750,ratchet,棘轮；棘齿；安装棘轮于；松脱
8751,rate,比率，率；速度；价格；等级；认为；估价；责骂
8752,ratepayer,地方税纳税人
8753,rather,宁可，宁愿；相当；当然啦（回答问题时用）；(Rather)人名；(英)拉瑟
8754,rating,等级；等级评定；额定功率；对…评价（rate的ing形式）
8755,ratio,比率，比例
8756,ration,配给；定量供应；定量；口粮；配给量
8757,rational,合理的；理性的；有理数
8758,rationale,基本原理；原理的阐述
8759,rationalize,使……合理化；使……有理化；为……找借口
8760,rattle,使发出咯咯声；喋喋不休；使慌乱，使惊慌；喋喋不休的人；吓吱声，格格声
8761,rattlesnake,[脊椎] 响尾蛇
8762,ravage,毁坏；破坏；掠夺；蹂躏，破坏
8763,raven,掠夺，劫掠；大乌鸦；乌黑的；掠夺；狼吞虎咽
8764,ravine,沟壑，山涧；峡谷
8765,ravish,强夺；强奸；使着迷；(Ravish)人名；(印)拉维什
8766,raw,生的；未加工的；阴冷的；刺痛的；擦掉皮的；无经验的；（在艺术等方面）不成熟的；擦伤处；擦伤
8767,razor,剃，用剃刀刮；剃刀
8768,reach,达到；延伸；伸出手；传开；范围；延伸；河段；横风行驶
8769,react,反应；影响；反抗；起反作用
8770,reaction,反应，感应；反动，复古；反作用
8771,reactionary,保守的，反动的；反动主义的；反对改革的；反动分子；反动派；保守派
8772,reactor,[化工] 反应器；[核] 反应堆；起反应的人
8773,read,阅读；读懂，理解；阅读；读物；有学问的
8774,reader,读者；阅读器；读物
8775,readily,容易地；乐意地；无困难地
8776,readiness,敏捷，迅速；准备就绪；愿意
8777,reading,阅读，朗读；读物；读数；阅读的；阅读（read的ing形式）
8778,ready,准备好；现成的；迅速的；情愿的；快要…的；现款；预备好的状态；迅速地；预先；使准备好
8779,reaffirm,再肯定，重申；再断言
8780,real,实际的；真实的；实在的；真正地；确实地；现实；实数
8781,realism,现实主义；实在论；现实主义的态度和行为
8782,realist,现实主义者；实在论者
8783,realistic,现实的；现实主义的；逼真的；实在论的
8784,reality,现实；实际；真实
8785,realization,实现；领悟
8786,realm,领域，范围；王国
8787,reap,收获，获得；收割；(Reap)人名；(英)里普
8788,reappear,再出现
8789,reappraise,重新评估；重新评价
8790,rear,培养；树立；栽种；向后；在后面；后方的；后面的；背面的；后面；屁股；后方部队
8791,rearguard,无望取胜的；殿后抵挡的；后卫
8792,rearmament,[军] 重整军备；改良装备
8793,rearrange,重新排列；重新整理
8794,reason,理由；理性；动机；推论；劝说
8795,reasonable,合理的，公道的；通情达理的
8796,reasoning,推理；论证；评理；推理的；推论；说服（reason的ing形式）
8797,reassemble,重新集合
8798,reassure,使…安心，使消除疑虑
8799,rebate,减少；打折扣；折扣
8800,rebel,反叛；反抗；造反；反叛者；叛徒；反抗的；造反的
8801,rebellion,叛乱；反抗；谋反；不服从
8802,rebellious,反抗的；造反的；难控制的
8803,rebirth,再生；复兴
8804,rebound,回弹；篮板球；回升；弹回
8805,rebuff,断然拒绝；回绝；漠不关心；断然拒绝
8806,rebuild,重建；改造，重新组装；复原
8807,rebuke,指责，非难；制止；使相形见绌；非难，指责；谴责，鞭策
8808,recall,召回；回想起，记起；取消；召回；回忆；撤消
8809,recapture,夺回；拿回；再体验；政府征收再经历；夺回；取回；政府对公司超额收益或利润的征收
8810,recede,后退；减弱
8811,receipt,收到；收据；收入；收到
8812,receive,收到；接待；接纳
8813,receiver,接收器；接受者；收信机；收款员，接待者
8814,recent,最近的；近代的
8815,recently,最近；新近
8816,reception,接待；接收；招待会；感受；反应
8817,receptionist,接待员；传达员
8818,receptive,善于接受的；能容纳的
8819,recess,休息；休会；凹处；使凹进；把…放在隐蔽处
8820,recession,衰退；不景气；后退；凹处
8821,recipe,食谱；[临床] 处方；秘诀；烹饪法
8822,recipient,容器，接受者；容纳者；容易接受的，感受性强的
8823,reciprocal,互惠的；相互的；倒数的，彼此相反的；[数] 倒数；互相起作用的事物
8824,reciprocate,报答；互换；互给
8825,reciprocity,相互作用（复数reciprocities）；相互性；互惠主义
8826,recitation,背诵；朗诵；详述；背诵的诗
8827,recite,背诵；叙述；列举
8828,reckless,鲁莽的，不顾后果的；粗心大意的；(Reckless)人名；(英)雷克利斯
8829,reckon,测算，估计；认为；计算
8830,reclaim,开拓；回收再利用；改造某人，使某人悔改；改造，感化；再生胶
8831,recline,靠；依赖；斜倚
8832,recognition,识别；承认，认出；重视；赞誉；公认
8833,recognizable,可辨认的；可认识的；可承认的
8834,recognize,认出，识别；承认
8835,recollect,回忆，想起
8836,recollection,回忆；回忆起的事物
8837,recommend,推荐，介绍；劝告；使受欢迎；托付
8838,recommendation,推荐；建议；推荐信
8839,recompense,赔偿；酬谢；赔偿；报酬
8840,reconcile,使一致；使和解；调停，调解；使顺从
8841,reconciliation,和解；调和；和谐；甘愿
8842,reconnaissance,[军] 侦察；勘测（等于reconnoissance）；搜索；事先考查
8843,reconstruct,重建；改造；修复；重现
8844,record,记录，记载；标明；将录音；档案，履历；唱片；最高纪录；创纪录的
8845,recorder,录音机；记录器；记录员；八孔直笛
8846,recording,录音；唱片；记录的；记录用的；录音；记录；录像（record的ing形式）
8847,recount,叙述；重新计算；重算
8848,recoup,收回；恢复；偿还；扣除
8849,recourse,求援，求助；[经] 追索权；依赖；救生索
8850,recover,恢复；弥补；重新获得；还原至预备姿势
8851,recreate,娱乐；消遣
8852,recreation,娱乐；消遣；休养
8853,recruit,招聘；新兵；新成员；补充；聘用；征募；使…恢复健康
8854,rectangle,矩形；长方形
8855,rectangular,矩形的；成直角的
8856,rectification,改正，矫正；[化工] 精馏；[电] 整流；[数] 求长
8857,rectify,改正；精馏；整流
8858,rectitude,公正；诚实；清廉
8859,rector,校长；院长；教区牧师
8860,recur,复发；重现；采用；再来；循环；递归
8861,recurrence,再发生；循环；重现；重新提起
8862,recurrent,复发的；周期性的，经常发生的
8863,recycle,使再循环；使…重新利用；再生；再循环；重复利用
8864,red,红色，红颜料；赤字；红色的；红肿的，充血的
8865,redbrick,新大学；十九世纪在伦敦之外成立的大学；新大学的
8866,reddish,微红的；略带红色的；(Reddish)人名；(英)雷迪什
8867,redeem,赎回；挽回；兑换；履行；补偿；恢复
8868,redemption,赎回；拯救；偿还；实践
8869,redemptive,赎回的；赎身的；挽回的
8870,redevelopment,再开发；重点恢复
8871,redistribute,重新分配；再区分
8872,redolent,芬芳的；有…香味的；令人想起…的
8873,redraw,重画
8874,redress,救济；赔偿；纠正；重新调整；救济；赔偿；矫正
8875,reduce,减少；降低；使处于；把…分解
8876,reduction,减少；下降；缩小；还原反应
8877,redundancy,[计][数] 冗余（等于redundance）；裁员；人浮于事
8878,redundant,多余的，过剩的；被解雇的，失业的；冗长的，累赘的
8879,reed,[作物] 芦苇；簧片；牧笛；不可依靠的人；用芦苇盖；用芦苇装饰
8880,reedy,芦苇丛生的；芦苇做的；芦苇状的；似笛声的；(Reedy)人名；(英、阿拉伯)里迪
8881,reef,暗礁；[地质] 矿脉；收帆；收帆；缩帆
8882,reel,卷；眩晕；蹒跚地走；退缩；蹒跚；眩晕；旋转
8883,refer,参考；涉及；提到；查阅
8884,referee,裁判员；调解人；介绍人；仲裁；担任裁判
8885,reference,参考，参照；涉及，提及；参考书目；介绍信；证明书；引用
8886,referendum,公民投票权；外交官请示书
8887,refine,精炼，提纯；改善；使…文雅
8888,refined,[油气][化工][冶] 精炼的；精确的；微妙的；有教养的
8889,refinement,精制；文雅；[化工][油气][冶] 提纯
8890,refinery,精炼厂；提炼厂；冶炼厂
8891,reflect,反映；反射，照出；表达；显示;反省
8892,reflection,反射；沉思；映象
8893,reflex,反射；反映；映像；回复；习惯性思维；反射的；反省的；反作用的；优角的
8894,reform,改革，改良；改正；改革，革新；重新组成；改革的；改革教会的
8895,reformer,改革家；改革运动者；改良者
8896,refrain,节制，克制；避免；制止；叠句，副歌；重复
8897,refresh,更新；使……恢复；使……清新；消除……的疲劳
8898,refreshing,提神的；使清爽的；使人重新振作的；使清新；恢复精神（refresh的ing形式）
8899,refreshment,点心；起提神作用的东西；精力恢复
8900,refrigerator,冰箱，冷藏库
8901,refuge,避难；避难所；庇护；给予…庇护；接纳…避难；避难；逃避
8902,refugee,难民，避难者；流亡者，逃亡者
8903,refurbish,刷新；再磨光
8904,refusal,拒绝；优先取舍权；推却；取舍权
8905,refuse,垃圾；废物；拒绝；不愿；抵制
8906,refutation,反驳；驳斥；辩驳
8907,refute,反驳，驳斥；驳倒
8908,regain,恢复；重新获得；收回；收复；取回
8909,regal,帝王的；王室的；豪华的；庄严的；(Regal)人名；(英、西、捷)雷加尔
8910,regard,注意；尊重；问候；凝视；注重，考虑；看待；尊敬；把…看作；与…有关
8911,regarding,关于，至于
8912,regardless,不管的；不顾的；不注意的；不顾后果地；不管怎样，无论如何；不惜费用地
8913,regatta,赛舟会；平底船比赛
8914,regency,摄政；摄政统治；摄政权
8915,regeneration,[生物][化学][物] 再生，重生；重建
8916,regent,摄政王；摄政者；州立大学董事会董事；统治者；摄政的；统治的
8917,regime,政权，政体；社会制度；管理体制
8918,regiment,把…编成团；严格地管制；团；大量
8919,region,地区；范围；部位
8920,register,登记；注册；记录；挂号邮寄；把…挂号；正式提出；登记；注册；记录；寄存器；登记簿
8921,registrar,登记员；注册主任；专科住院医师
8922,registration,登记；注册；挂号
8923,registry,注册；登记处；挂号处；船舶的国籍
8924,regress,逆行，倒退；复归；回归；退回
8925,regression,回归；退化；逆行；复原
8926,regressive,回归的；后退的；退化的
8927,regret,遗憾；抱歉；悲叹；后悔；惋惜；哀悼
8928,regular,定期的；有规律的；合格的；整齐的；普通的；常客；正式队员；中坚分子；定期地；经常地
8929,regularity,规则性；整齐；正规；匀称
8930,regulate,调节，规定；控制；校准；有系统的管理
8931,regulation,管理；规则；校准；规定的；平常的
8932,rehabilitate,使康复；使恢复名誉；使恢复原状
8933,rehearsal,排演；预演；练习；训练；叙述
8934,rehearse,排练；预演
8935,rehouse,供以新住宅；使移住新居
8936,reign,统治；支配；盛行；君临；统治；统治时期；支配
8937,reimburse,偿还；赔偿
8938,rein,缰绳；驾驭；统治；支配；控制；驾驭；勒住
8939,reinforce,加强，加固；强化；补充；加强；加固物；加固材料
8940,reinforcement,加固；增援；援军；加强
8941,reinstate,使恢复；使复原
8942,reject,拒绝；排斥；抵制；丢弃；被弃之物或人；次品
8943,rejection,抛弃；拒绝；被抛弃的东西；盖帽
8944,rejoice,高兴；庆祝
8945,rejuvenate,使年轻；使更新；使恢复精神；使复原
8946,relapse,故态复萌；旧病复发；再度堕落；再陷邪道；复发，再发；故态复萌；回复原状
8947,relate,叙述；使…有联系
8948,relation,关系；叙述；故事；亲属关系
8949,relationship,关系；关联
8950,relative,相对的；有关系的；成比例的；亲戚；相关物；[语] 关系词；亲缘植物
8951,relativity,相对论；相关性；相对性
8952,relax,放松，休息；松懈，松弛；变从容；休养
8953,relaxation,放松；缓和；消遣
8954,relay,转播；接替；[电] 继电器；接替，接替人员；驿马
8955,release,释放；发射；让与；允许发表；释放；发布；让与
8956,relegate,把降低到；归入；提交
8957,relent,变温和，变宽厚；减弱；缓和
8958,relentless,无情的；残酷的；不间断的
8959,relevance,关联；适当；中肯
8960,relevant,相关的；切题的；中肯的；有重大关系的；有意义的，目的明确的
8961,reliability,可靠性
8962,reliable,可靠的；可信赖的；可靠的人
8963,reliance,信赖；信心；受信赖的人或物
8964,relic,遗迹，遗物；废墟；纪念物
8965,relief,救济；减轻，解除；安慰；浮雕
8966,relieve,解除，减轻；使不单调乏味；换…的班；解围；使放心
8967,religion,宗教；宗教信仰
8968,religious,宗教的；虔诚的；严谨的；修道的；修道士；尼姑
8969,relinquish,放弃；放手；让渡
8970,relish,滋味；风味；食欲；开胃小菜；含义；调味品；盼望;期待;享受; 品味；喜爱；给…加佐料
8971,reluctance,[电磁] 磁阻；勉强；不情愿
8972,reluctant,不情愿的；勉强的；顽抗的
8973,rely,依靠；信赖
8974,remain,保持；依然；留下；剩余；逗留；残存；遗迹；剩余物，残骸
8975,remainder,[数] 余数，残余；剩余物；其余的人；剩余的；吃剩的；廉价出售；削价出售
8976,remains,残余；遗骸
8977,remark,注意；言辞；评论；觉察
8978,remarkable,卓越的；非凡的；值得注意的
8979,remedial,治疗的；补救的；矫正的
8980,remedy,补救；治疗；纠正；补救；治疗；赔偿
8981,remember,记得；牢记；纪念；代…问好
8982,remembrance,回想，回忆；纪念品；记忆力
8983,remind,提醒；使想起
8984,reminder,暗示；提醒的人/物；催单
8985,reminiscence,回忆；怀旧；引起联想的相似事物
8986,reminiscent,怀旧的，回忆往事的；耽于回想的；回忆录作者；回忆者
8987,remission,缓解；宽恕；豁免
8988,remit,宽恕；免除；减轻；传送；使恢复原状；移交的事物
8989,remittance,汇款；汇寄之款；汇款额
8990,remnant,剩余；剩余的
8991,remorse,懊悔；同情
8992,remorseful,懊悔的；悔恨的
8993,remorseless,冷酷的；不知过错的；坚持不懈的；不屈不挠的
8994,remote,遥远的；偏僻的；疏远的；远程
8995,removable,可移动的；可去掉的；可免职的
8996,removal,免职；移动；排除；搬迁
8997,remove,移动，迁移；开除；调动；移动；距离；搬家
8998,remunerate,酬劳；给与报酬；赔偿
8999,remuneration,报酬；酬劳，赔偿
9000,renaissance,文艺复兴（欧洲14至17世纪）
9001,rend,撕碎；分裂；强夺；(Rend)人名；(英、匈)伦德
9002,render,致使；提出；实施；着色；以…回报；打底；交纳；粉刷
9003,rendezvous,约会；约会地点；集结地；会合；约会
9004,rendition,译文；演奏；提供；引渡逃奴
9005,renegade,叛徒；变节者；脱党者；背叛；脱离；叛徒的；背弃的；脱离的
9006,renew,使更新；续借；续费；复兴；重申
9007,renewal,更新，恢复；复兴；补充；革新；续借；重申
9008,renounce,宣布放弃；与…断绝关系；垫牌；垫牌
9009,renovate,更新；修复；革新；刷新
9010,renovation,革新；修理；恢复活力
9011,renown,声誉；名望；使有声望
9012,renowned,著名的；有声望的；使有声誉（renown的过去分词）
9013,rent,租金；出租；租用；租借
9014,rental,租金收入，租金；租赁；租赁的；收取租金的
9015,renunciation,放弃；脱离关系；拒绝承认；抛弃；弃权
9016,reorient,使适应；再调整
9017,rep,棱纹平布；雷普（物体伦琴当量）；代表（representative）；名声（reputation）
9018,repair,修理；修复；修理，修补；修补部位
9019,repairable,可修理的；可挽回的；可补偿的
9020,reparation,赔偿；修理；赔款
9021,repay,偿还；报答；报复
9022,repayment,偿还；[金融] 付还
9023,repeal,废除；撤销；废止；放弃；否定；废除；撤销
9024,repeat,重复；复制；背诵；重复；副本
9025,repeatedly,反复地；再三地；屡次地
9026,repel,击退；抵制；使厌恶；使不愉快
9027,repellent,排斥的；防水的；弹回的；令人讨厌的；防护剂；防水布；排斥力
9028,repent,后悔；忏悔；[植] 匍匐生根的；[动] 爬行的
9029,repentance,悔改；后悔
9030,repercussion,反响；弹回；反射；浮动诊胎法；令人不满意的后果
9031,repertoire,全部节目；计算机指令系统；（美）某人或机器的全部技能
9032,repertory,储备；仓库；全部剧目
9033,repetition,重复；背诵；副本
9034,repetitive,重复的
9035,repine,抱怨；不满
9036,replace,取代，代替；替换，更换；归还，偿还；把…放回原处
9037,replacement,更换；复位；代替者；补充兵员
9038,replay,重放；重演；重新比赛；重赛；重播；重演
9039,replenish,补充，再装满；把…装满；给…添加燃料
9040,replica,复制品，复制物
9041,replicate,复制；折叠；复制的；折叠的；复制品；八音阶间隔的反覆音
9042,reply,回答；[法] 答辩；回击；回答；[法] 答辩
9043,report,报告；报道；成绩单；报告；报导；使报到
9044,reporter,记者
9045,repository,贮藏室，仓库；知识库；智囊团
9046,represent,代表；表现；描绘；回忆；再赠送
9047,representation,代表；表现；表示法；陈述
9048,representative,典型的，有代表性的；代议制的；代表；典型；众议员
9049,repress,抑制；镇压（叛乱等）；约束
9050,repression,抑制，[心理] 压抑；镇压
9051,repressive,镇压的；压抑的；抑制的
9052,reprimand,谴责；训斥；申诉；谴责；训斥；责难
9053,reprint,再版；重印；重印；翻版
9054,reprisal,报复（行为）；报复性劫掠
9055,reproach,责备；耻辱；责备；申斥
9056,reproduce,复制；再生；生殖；使…在脑海中重现
9057,reprove,责骂；谴责；非难
9058,republic,共和国；共和政体
9059,republican,共和国的；共和政体的；共和主义的；拥护共和政体的；共和主义者
9060,repudiate,拒绝；否定；批判；与…断绝关系；拒付
9061,repugnant,讨厌的；矛盾的；敌对的
9062,repulse,拒绝；驱逐；憎恶；拒绝；击退
9063,repulsion,排斥；反驳；反感；厌恶
9064,repulsive,排斥的；令人厌恶的；击退的；冷淡的
9065,reputable,声誉好的；受尊敬的；卓越的
9066,reputation,名声，名誉；声望
9067,repute,名誉；声望；名誉；认为；把…称为
9068,request,请求；需要；要求，请求
9069,requiem,安魂曲；追思弥撒
9070,require,需要；要求；命令
9071,requirement,要求；必要条件；必需品
9072,requisite,必备的，必不可少的；需要的；必需品
9073,requisition,征用；要求；申请书；引渡要求；征用；申请领取
9074,rescue,营救；援救；营救；援救；解救
9075,research,研究；调查
9076,researcher,研究员
9077,resemblance,相似；相似之处；相似物；肖像
9078,resemble,类似，像
9079,resent,怨恨；愤恨；厌恶
9080,resentful,充满忿恨的；厌恶的
9081,resentment,愤恨，怨恨
9082,reservation,预约，预订；保留
9083,reserve,储备，储存；自然保护区；预备队；缄默；[金融] 储备金；储备；保留；预约
9084,reservist,在乡军人；后备军人
9085,reservoir,水库；蓄水池
9086,reshape,改造；再成形
9087,reshuffle,重新洗牌；改组；重作安排；重新洗牌；改组
9088,reside,住，居住；属于
9089,residence,住宅，住处；居住
9090,residential,住宅的；与居住有关的
9091,residual,剩余；残渣；剩余的；残留的
9092,resign,辞职；放弃；委托；使听从；辞去职务
9093,resignation,辞职；放弃；辞职书；顺从
9094,resigned,顺从的；已辞职的；己放弃的；辞职；顺从（resign的过去分词）
9095,resilience,恢复力；弹力；顺应力
9096,resin,树脂；松香；涂树脂；用树脂处理
9097,resinous,树脂的；树脂质的
9098,resist,抵抗，抗拒；忍耐；[助剂] 抗蚀剂；防染剂
9099,resistance,阻力；电阻；抵抗；反抗；抵抗力
9100,resistant,抵抗的，反抗的；顽固的；抵抗者
9101,resistor,[电] 电阻器
9102,resolute,坚决的；果断的
9103,resolution,[物] 分辨率；决议；解决；决心
9104,resolve,决定；溶解；使…分解；决心要做…；坚决；决定要做的事
9105,resonance,[力] 共振；共鸣；反响
9106,resort,凭借，手段；度假胜地；常去之地；求助，诉诸；常去；采取某手段或方法
9107,resounding,响亮的；轰动的；彻底的；回响（resound的ing形式）
9108,resource,资源，财力；办法；智谋
9109,resourceful,资源丰富的；足智多谋的；机智的
9110,respect,尊敬，尊重；方面；敬意；尊敬，尊重；遵守
9111,respectability,体面；可尊敬；有社会地位
9112,respectable,值得尊敬的；人格高尚的；相当数量的；可敬的人
9113,respectful,恭敬的；有礼貌的
9114,respective,分别的，各自的
9115,respiration,呼吸；呼吸作用
9116,respite,缓解；暂缓；暂时的休息；缓期执行；使缓解；使暂缓；使延期；缓期执行
9117,resplendent,光辉的；华丽的
9118,respond,回答；作出反应；承担责任；应答；唱和
9119,respondent,回答的；应答的；[法] 被告；应答者
9120,response,响应；反应；回答
9121,responsibility,责任，职责；义务
9122,responsible,负责的，可靠的；有责任的
9123,responsive,响应的；应答的；回答的
9124,rest,使休息，使轻松；把…寄托于；休息，静止；休息时间；剩余部分；支架
9125,restaurant,餐馆；[经] 饭店
9126,restful,宁静的；安静的；给人休息的
9127,restitution,恢复；赔偿；归还
9128,restless,焦躁不安的；不安宁的；得不到满足的
9129,restoration,恢复；复位；王政复辟；归还
9130,restore,恢复；修复；归还
9131,restrain,抑制，控制；约束；制止
9132,restraint,抑制，克制；约束
9133,restrict,限制；约束；限定
9134,restrictive,限制的；限制性的；约束的；限制词
9135,result,结果；成绩；答案；比赛结果；结果；导致；产生
9136,resume,摘要；[管理] 履历，简历；重新开始，继续；恢复，重新占用
9137,resumption,恢复；重新开始；取回；重获；恢复硬币支付
9138,resurgent,复活的；复苏的；复活者
9139,resurrect,使复活；复兴；挖出
9140,resurrection,复活；恢复；复兴
9141,resuscitation,复苏；复兴；复活
9142,retail,零售；转述；零售；以零售方式；零售的
9143,retailer,零售商；传播的人
9144,retain,保持；雇；记住
9145,retainer,保持器；家臣；保持者；[机] 护圈；预付费用
9146,retaliate,报复；回敬
9147,retard,延迟；阻止；妨碍；使减速；延迟；阻止
9148,retell,复述；再讲；重述
9149,retention,保留；扣留，滞留；记忆力；闭尿
9150,reticent,沉默的；有保留的；谨慎的
9151,retina,[解剖] 视网膜
9152,retire,退休；撤退；退却；退休；退隐；退兵信号
9153,retirement,退休，退役
9154,retort,反驳，顶嘴；曲颈瓶；反驳，反击
9155,retreat,撤退；休息寓所；撤退；撤退；退避；向后倾
9156,retribution,报应；惩罚；报答；报偿
9157,retrievable,可取回的；可补偿的；可检索的
9158,retrieval,检索；恢复；取回；拯救
9159,retrieve,[计] 检索；恢复；重新得到；[计] 检索；恢复，取回
9160,retrospect,回顾，追溯；回顾，追溯；回想
9161,retrospective,回顾的；怀旧的；可追溯的；回顾展
9162,return,返回；报答；返回；归还；回球；报答的；回程的；返回的
9163,reunion,重聚；（班级或学校的）同学会，同窗会
9164,reunite,使重聚；使再结合；使再联合
9165,revaluation,重新估价；再评价
9166,revamp,修补；翻新；修改；改进；换新鞋面
9167,reveal,显示；透露；揭露；泄露；揭露；暴露；门侧，窗侧
9168,Revel,狂欢；陶醉；狂欢；闹饮；喜庆狂欢活动
9169,revelation,启示；揭露；出乎意料的事；被揭露的真相
9170,revenge,报复；复仇；报复；替…报仇；洗雪
9171,revenue,税收，国家的收入；收益
9172,revere,敬畏；尊敬；崇敬
9173,reverence,崇敬；尊严；敬礼；敬畏；尊敬
9174,reverend,教士的；可尊敬的；教士
9175,reverent,虔诚的；恭敬的；尊敬的
9176,reverie,幻想；沉思；幻想曲
9177,reversal,逆转；[摄] 反转；[法] 撤销
9178,reverse,背面；相反；倒退；失败；颠倒；倒转；反面的；颠倒的；反身的
9179,reversible,可逆的；可撤消的；可反转的；双面布料
9180,reversion,逆转；回复；归还；[遗] 隔代遗传；[法] 继承权
9181,revert,回复；重提；返祖遗传；归还；恢复原状者
9182,review,回顾；复习；评论；检讨；检阅；回顾；检查；复审
9183,revise,修正；复习；校订；修订；校订
9184,revision,[印刷] 修正；复习；修订本
9185,revitalize,使…复活；使…复兴；使…恢复生气
9186,revival,复兴；复活；苏醒；恢复精神；再生效
9187,revive,复兴；复活；苏醒；恢复精神
9188,revivify,使再生，使复活；使振奋精神
9189,revoke,撤回，取消；废除；有牌不跟
9190,revolt,反抗；反叛；反感，厌恶；反抗；叛乱；反感
9191,revolution,革命；旋转；运行；循环
9192,revolutionary,革命的；旋转的；大变革的；革命者
9193,revolve,旋转；循环出现；反复考虑；旋转；循环；旋转舞台
9194,revolver,左轮手枪；旋转器
9195,revulsion,剧变；厌恶；强烈反感；抽回
9196,reward,[劳经] 报酬；报答；酬谢；[劳经] 奖励；奖赏
9197,rewrite,改写；重写；重写或改写的文稿；改写的作品
9198,rhetoric,修辞，修辞学；华丽的词藻；花言巧语的
9199,rhetorical,修辞的；修辞学的；夸张的
9200,rheumatism,[内科] 风湿病
9201,rhino,犀牛（等于rhinoceros）；钱；现金
9202,rhinoceros,[脊椎] 犀牛
9203,rhyme,韵律；韵脚；韵文；押韵词；使押韵；用韵诗表达；把…写作诗
9204,rhythm,节奏；韵律
9205,rhythmic,[生物] 有节奏的（等于rhythmical）；间歇的；合拍的；韵律论（等于rhythmics）
9206,rhythmical,有节奏的；有韵律的
9207,rib,肋骨；排骨；肋状物；戏弄；装肋于
9208,ribald,下流的；言谈粗俗的；言谈粗俗的人；说下流话的人
9209,ribbon,带；缎带；（勋章等的）绶带；带状物；勋表；形成带状；把…撕成条带；用缎带装饰
9210,rice,稻；米饭；把…捣成米糊状
9211,rich,富有的；肥沃的；昂贵的；(Rich)人名；(丹)里克；(捷)里赫；(英、西)里奇；(葡、法)里什
9212,rickets,[内科] 佝偻病
9213,rickety,摇晃的；虚弱的；患佝偻病的
9214,rickshaw,（等于ricksha）人力车；黄包车
9215,rid,使摆脱；使去掉；(Rid)人名；(英)里德
9216,riddle,解谜；给出谜；充满于；谜语；粗筛；谜一般的人、东西、事情等
9217,ride,骑马；乘车；依靠；漂浮；骑；乘坐；交通工具；可供骑行的路；（乘坐汽车等的）旅行；乘骑；（乘车或骑车的）短途旅程；供乘骑的游乐设施
9218,ridge,山脊；山脉；屋脊；使成脊状；作垄
9219,ridicule,嘲笑；嘲弄；愚弄；嘲笑；笑柄；愚弄
9220,ridiculous,可笑的；荒谬的
9221,rifle,步枪；来复枪；用步枪射击；抢夺；偷走
9222,rifleman,步枪兵
9223,rift,裂缝；不和；[木] 裂口；使断裂；使分开；裂开
9224,rig,装备；钻探设备；服装；[船] 帆装；操纵；装配；装扮；装上索具
9225,right,正确的；直接的；右方的；复正；恢复平稳；正确；右边；正义；正确地；恰当地；彻底地
9226,righteous,正义的；正直的；公正的
9227,rightly,正确地；恰当地；公正地；合适地
9228,rigid,严格的；僵硬的，死板的；坚硬的；精确的
9229,rigmarole,冗长的废话；冗长的
9230,rigorous,严格的，严厉的；严密的；严酷的
9231,rim,边，边缘；轮辋；圆圈；作…的边，装边于
9232,rime,[水文] 雾凇；白霜；结晶；使蒙霜
9233,rind,壳；外皮；剥壳；削皮
9234,ring,按铃；敲钟；回响；成环形；戒指；铃声，钟声；拳击场；环形物
9235,rink,溜冰场，室内溜冰场；冰球场；溜冰
9236,rinse,漱；冲洗掉；漂净；冲洗；漂洗；[轻] 染发剂；染发
9237,riot,暴乱；放纵；蔓延；骚乱；放荡
9238,rip,撕；锯；裂口，裂缝
9239,ripe,熟的，成熟的；时机成熟的；搜查；调查；进行搜查；(Ripe)人名；(意、瑞典)里佩
9240,ripen,使成熟
9241,ripple,波纹；涟漪；[物] 涟波；起潺潺声
9242,rise,上升；增强；起立；高耸；上升；高地；增加；出现
9243,risk,风险；危险；冒险；冒…的危险
9244,risky,危险的；冒险的；（作品等）有伤风化的
9245,rite,仪式；惯例，习俗；典礼
9246,ritual,仪式；惯例；礼制；仪式的；例行的；礼节性的
9247,rival,对手；竞争者；与…竞争；比得上某人；竞争的
9248,rivalry,竞争；对抗；竞赛
9249,river,河，江
9250,rivet,铆钉；铆接；固定；（把目光、注意力等）集中于
9251,roach,（美）蟑螂；[鱼] 斜齿鳊
9252,road,公路，马路；道路；手段；（狗）沿臭迹追逐（猎物）；（美）巡回的
9253,roadside,路边；路旁；路边的；路旁的
9254,roadway,道路；路面；车行道；铁路的路基
9255,roam,漫游，漫步；流浪；漫步，漫游；流浪
9256,roar,咆哮；吼；轰鸣；咆哮；吼叫；喧闹
9257,roast,烤，焙；烘，烘烤；暴露于某种热力下以得温暖；烘烤的；烤过的；烤肉；烘烤
9258,rob,抢劫；使…丧失；非法剥夺
9259,robbery,抢劫，盗窃；抢掠
9260,robe,长袍，礼服；制服；穿长袍
9261,robin,知更鸟
9262,robot,机器人；遥控设备，自动机械；机械般工作的人
9263,robust,强健的；健康的；粗野的；粗鲁的
9264,rock,岩石；摇滚乐；暗礁；摇动；使摇晃
9265,rocker,摇杆；摇的人；镰刀弯；套钩；摇轴
9266,rocket,飞驰，飞快地移动；迅速增加；火箭
9267,rocky,岩石的，多岩石的；坚如岩石的；摇晃的；头晕目眩的
9268,rod,棒；惩罚；枝条；权力
9269,rodent,啮齿类的；咬的，嚼的；侵蚀性的；[脊椎] 啮齿动物
9270,rodeo,竞技表演；竞技者；竞技
9271,roger,好；知道了；罗杰（男子名）
9272,role,角色；任务
9273,roll,卷；滚动，转动；辗；卷，卷形物；名单；摇晃
9274,roller,[机] 滚筒；[机] 滚轴；辊子；滚转机
9275,Roman,罗马人；古罗马语；罗马的；罗马人的
9276,romance,传奇；浪漫史；风流韵事；冒险故事；虚构；渲染；写传奇
9277,romantic,浪漫的；多情的；空想的；浪漫的人；使…浪漫化
9278,romanticism,浪漫主义；浪漫精神
9279,Rome,罗马（意大利首都）
9280,roof,屋顶；最高处，顶部；最高限度；给…盖屋顶，覆盖
9281,rookie,新手
9282,room,房间；空间；余地；机会；房间里所有的人；为…提供住处；租房，合住；投宿，住宿；留…住宿
9283,roost,栖木；鸟窝；群栖的禽鸟；栖息；安歇
9284,rooster,公鸡；狂妄自负的人
9285,root,根；根源；词根；祖先；生根；根除
9286,rope,绳，绳索；捆，绑
9287,rose,玫瑰；粉红色；蔷薇（花）；粉红色的葡萄酒；玫瑰花的；玫瑰色的；粉红色的；带有玫瑰香味的；使成玫瑰色，使（面颊）发红；使有玫瑰香味；起义( rise的过去式)；升起；（数量）增加；休会
9288,rosette,莲座丛；玫瑰形饰物；[建] 圆花饰
9289,rostrum,讲坛；演讲者；嘴；喙
9290,rosy,蔷薇色的，玫瑰红色的；美好的；乐观的；涨红脸的；(Rosy)人名；(罗、意、瑞、典)罗茜(女名)，罗西；(英)罗茜
9291,rot,腐烂；腐败；腐坏；腐烂；腐败；堕落；（表示厌恶、蔑视、烦恼等）胡说；糟了
9292,rota,值班名册；轮值表
9293,rotary,旋转的，转动的；轮流的；旋转式机器；[动力] 转缸式发动机
9294,rotate,旋转；循环；[植] 辐状的
9295,rotational,转动的；回转的；轮流的
9296,rotor,[电][机][动力] 转子；水平旋翼；旋转体
9297,rotten,腐烂的；堕落的；恶臭的；虚弱的；极坏的；非常；(Rotten)人名；(法、德)罗滕
9298,rouge,胭脂；口红；铁丹，红铁粉；擦口红；在…上搽胭脂；〈罕〉红的〔只用于： R- Croix 〔英国〕纹章局四属官之一
9299,rough,粗糙的；粗略的；粗野的；艰苦的；未经加工的；使粗糙；粗暴对待；草拟；艰苦；高低不平的地面；未经加工的材料；粗糙的部分；粗糙地；粗略地；粗暴地
9300,roughen,变粗糙
9301,roughly,粗糙地；概略地
9302,roulette,轮盘赌；刻骑缝孔的点线机；（邮票的）骑缝孔；旋轮线；给…滚压骑线孔
9303,round,圆；循环；一回合；圆形物；圆的；完全的；大概的；肥胖的；在周围；迂回地；朝反方向；挨个；完成；围捕；绕行；弄圆；附近；绕过；大约；在…周围
9304,roundabout,迂回的，绕道的；圆滚滚的；迂回路线；环状交叉路口
9305,rounders,一种类似棒球的儿童游戏
9306,roundup,综述；集拢；围捕；摘要
9307,rouse,唤醒；激起，使振奋；惊起；觉醒；奋起
9308,route,按某路线发送；路线；航线；通道
9309,routine,[计] 程序；日常工作；例行公事；日常的；例行的
9310,rove,漫游于；漂泊于；流浪；徘徊；粗纺线
9311,rover,漫游者；流浪者；漂泊者
9312,row,行，排；划船；街道；吵闹；划船；使……成排
9313,rowdy,吵闹的；粗暴的；粗暴的人；好吵闹的人
9314,rower,桨手
9315,royal,皇家的；盛大的；女王的；高贵的；第一流的；王室；王室成员
9316,royalist,保皇主义者；保皇党人；保皇主义的；保皇党人的
9317,royalty,皇室；版税；王权；专利税
9318,rub,擦；摩擦；惹怒；摩擦；障碍；磨损处
9319,rubber,橡胶；橡皮；合成橡胶；按摩师；橡胶制成的；涂橡胶于；用橡胶制造
9320,rubbish,垃圾，废物；废话；毫无价值的
9321,rubble,碎石，碎砖；粗石堆
9322,rubdown,按摩，摩擦身体；磨平
9323,ruby,红宝石；红宝石色；红宝石色的；使带红宝石色
9324,rucksack,帆布背包
9325,ruckus,骚动；喧闹
9326,ruddy,红的；红润的；极度；非常；使变红；变红；(Ruddy)人名；(英)拉迪
9327,rude,粗鲁的；无礼的；狂暴的；未开化的；(Rude)人名；(英、西、瑞典)鲁德；(法)吕德
9328,rudimentary,基本的；初步的；退化的；残遗的；未发展的
9329,rue,后悔；悲伤；芸香；后悔
9330,rueful,可怜的；悲伤的；悔恨的
9331,ruffian,恶棍；流氓；无赖；残暴的；凶恶的；无法无天的
9332,ruffle,弄皱；触怒；扰乱；迅速翻动；皱褶；生气；混乱；连续轻敲声
9333,rug,小地毯；毛皮地毯；男子假发
9334,Rugby,英式橄榄球；拉格比（英格兰中部的城市）
9335,rugged,崎岖的；坚固的；高低不平的；粗糙的
9336,rugger,英式橄榄球
9337,ruin,废墟；毁坏；灭亡；毁灭；使破产
9338,ruinous,破坏性的，毁灭性的；零落的
9339,rule,统治；管辖；裁定；统治；规则
9340,ruler,尺；统治者；[测] 划线板，划线的人
9341,ruling,统治的；主要的；支配的；流行的，普遍的；统治，支配；裁定
9342,rum,古怪的；奇特的；朗姆酒
9343,rumble,使隆隆响；低沉地说；隆隆声；抱怨声
9344,rummage,检查；搜出；仔细搜查；翻找出；翻找；检查；查出的物件；零星杂物
9345,rumour,谣言；传闻
9346,run,经营；奔跑；运转；奔跑；赛跑；趋向；奔跑的路程
9347,runaway,逃亡的；逃走的；逃跑；逃走的人
9348,runner,跑步者；走私者；推销员；送信人
9349,running,运转；赛跑；流出；连续的；流动的；跑着的；运转着的；跑；运转（run的ing形式）；行驶
9350,runway,跑道；河床；滑道
9351,rupture,破裂；决裂；疝气；破裂；发疝气
9352,rural,农村的，乡下的；田园的，有乡村风味的
9353,rush,冲进；匆促；急流；灯心草；急需的；使冲；突袭；匆忙地做；飞跃
9354,russet,黄褐色的，赤褐色的；赤褐色，黄褐色；冬季粗皮苹果（黄色苹果之一种）
9355,Russian,俄国的；俄语的；俄语；俄国人
9356,rust,锈；生锈；[植保] 锈病；使生锈；腐蚀
9357,rustic,乡村的；纯朴的；粗野的；手工粗糙的；乡下人；乡巴佬
9358,rustle,发出沙沙声；沙沙声；急忙；飒飒声
9359,rusty,生锈的，腐蚀的；铁锈色的，锈色的；迟钝的
9360,rut,发情期；惯例；性冲动；凹槽；挖槽于；在…形成车辙
9361,ruthless,无情的，残忍的
9362,rye,黑麦；吉卜赛绅士；用黑麦制成的
9363,Sabbath,安息日
9364,sabbatical,安息日的；休假（美国某些大学给大学教师每七年一次的）
9365,sabotage,妨害；对…采取破坏行动；破坏；破坏活动；怠工
9366,saboteur,怠工者，破坏者；从事破坏活动者
9367,sabre,军刀；马刀；击剑或决斗用的长剑；用马刀砍（等于saber）
9368,sack,麻布袋；洗劫；解雇；把……装入袋；劫掠
9369,sacking,麻袋布（等于sackcloth）；解雇（sack的ing形式）；装进；获得
9370,sacrament,圣礼；圣餐；神秘的事物；立誓
9371,sacred,神的；神圣的；宗教的；庄严的
9372,sacrifice,牺牲；祭品；供奉；牺牲；献祭；亏本出售
9373,sacrilegious,该受天谴的，亵渎神明的
9374,sad,难过的；悲哀的，令人悲痛的；凄惨的，阴郁的（形容颜色）
9375,sadden,使悲伤，使难过；使黯淡
9376,saddle,鞍，鞍状物；车座；拖具；承受；使负担；装以马鞍
9377,sadism,虐待狂；性虐待狂；病态的残忍
9378,sadness,悲哀
9379,safari,旅行；狩猎远征；旅行队
9380,safe,安全的；可靠的；平安的；保险箱；冷藏室；纱橱
9381,safeguard,[安全] 保护；保卫；保护措施；[安全] 保护，护卫
9382,safety,安全；保险；安全设备；保险装置；安打
9383,saffron,藏红花；橙黄色；藏红花色的，橘黄色的
9384,sag,松弛；下跌；漂流；萧条；下垂；下降；萎靡
9385,saga,传说；冒险故事；英雄事迹
9386,sagacious,睿智的，聪慧的；有远见的，聪慧的
9387,sagacity,睿智；聪敏；有远见
9388,sage,圣人；贤人；哲人；明智的；贤明的；审慎的
9389,sail,航行；启航，开船；帆，篷；航行
9390,sailcloth,帆布
9391,sailor,水手，海员；乘船者
9392,saint,圣人；圣徒；道德崇高的人；神圣的；成为圣徒
9393,sake,目的；利益；理由；日本米酒
9394,salad,色拉；尤指莴苣
9395,salary,给加薪；给薪水；薪水
9396,sale,销售；出售；拍卖；销售额；廉价出售
9397,salesclerk,售货员；商店里的店员
9398,salesgirl,女售货员，女店员
9399,saleslady,女售货员
9400,salesman,推销员；售货员
9401,salient,显著的；突出的；跳跃的；凸角；突出部分
9402,saline,盐的；含盐分的；盐湖；碱盐泻药
9403,saliva,唾液；涎
9404,salivary,唾液的；分泌唾液的
9405,salivate,使流涎；使过量分泌唾液
9406,sallow,气色不好的；灰黄色的；黄华柳；黄华柳细枝；成土色
9407,salmon,鲑鱼；大马哈鱼；鲑肉色；鲑鱼肉；橙红色，粉橙色；浅澄色的
9408,salon,沙龙；客厅；画廊；美术展览馆
9409,saloon,酒吧；大厅；展览场；公共大厅；大会客室；轿车（英国用法）
9410,salt,盐；风趣，刺激性；咸水的；含盐的，咸味的；盐腌的；猥亵的；用盐腌；给…加盐；将盐撒在道路上使冰或雪融化
9411,salty,咸的；含盐的
9412,salutary,有益的，有用的；有益健康的
9413,salute,致敬，欢迎；敬礼；行礼致敬，欢迎
9414,salvage,打捞；海上救助；抢救财货；救难的奖金；抢救；海上救助
9415,salvation,拯救；救助
9416,salvo,齐射；齐鸣；齐声欢呼喝彩；保留条款；遁辞；齐鸣
9417,samba,桑巴舞（巴西交谊舞）；跳桑巴舞
9418,same,相同的；同一的；上述的（通常与the连用）；无变化的；同样的事物或人（通常与the连用）；同样地（通常与the连用）；(Same)人名；(意)萨梅
9419,sampan,舢板；小船
9420,sample,取样；尝试；抽样检查；样品；样本；例子；试样的，样品的；作为例子的
9421,sanatorium,疗养院；休养地
9422,sanctification,神圣化，神灵化
9423,sanctify,使圣洁；使神圣化；把…奉献给神；认可
9424,sanction,制裁，处罚；认可；支持；制裁，处罚；批准；鼓励
9425,sanctuary,避难所；至圣所；耶路撒冷的神殿
9426,sanctum,圣所；密室；私室
9427,sand,沙；沙地；沙洲；沙滩；沙子；撒沙于；以沙掩盖；用砂纸等擦平或磨光某物；使撒沙似地布满；给…掺沙子
9428,sandal,凉鞋；檀香；檀香木；便鞋
9429,sandstone,[岩] 砂岩；沙岩
9430,sandwich,夹入；挤进；把做成三明治；三明治；夹心面包
9431,sandy,沙地的；多沙的；含沙的；(Sandy)人名；(法、喀、罗、西、英)桑迪(教名Alasdair、Alastair、Alexander、Alister、Elshender的昵称)
9432,sane,健全的；理智的；[临床] 神志正常的；(Sane)人名；(日)实(姓)；(日)实(名)；(芬、塞、冈、几比、塞内)萨内
9433,sanguinary,血腥的；流血的；残暴的
9434,sanguine,乐观的；满怀希望的；面色红润的；血染；以血沾污；血红色
9435,sanitary,卫生的，清洁的；公共厕所
9436,sanity,明智；头脑清楚；精神健全；通情达理
9437,SAP,[植] 树液；精力，元气；活力；坑道；使衰竭，使伤元气；挖掘以破坏基础
9438,sapling,树苗；年轻人
9439,sarcasm,讽刺；挖苦；嘲笑
9440,sarcastic,挖苦的；尖刻的，辛辣的
9441,sardine,沙丁鱼；庸碌无能的人；使拥挤不堪
9442,sardonic,讽刺的；嘲笑的，冷笑的
9443,sarong,围裙；马来群岛土人所穿的围裙
9444,sartorial,裁缝的；缝纫的；裁缝匠的
9445,sash,腰带；肩带；饰带；框格；系上腰带；装以窗框
9446,Satan,撒旦（魔鬼）
9447,satanic,邪恶的；魔鬼的
9448,satchel,书包；小背包
9449,satellite,卫星；人造卫星；随从；卫星国家
9450,satiate,充分满足；使厌腻；饱足的；厌腻的
9451,satiation,饱满；饱食；满足；厌腻
9452,satin,缎子；缎子衣服；光滑的；绸缎做的；似缎的
9453,satire,讽刺；讽刺文学，讽刺作品
9454,satirical,讽刺性的；讥讽的；爱挖苦人的
9455,satirise,讥刺；讽刺
9456,satirist,讽刺作家；爱挖苦的人
9457,satisfaction,满意，满足；赔偿；乐事；赎罪
9458,satisfactory,满意的；符合要求的；赎罪的
9459,satisfied,感到满意的；使满意（satisfy的过去式）
9460,saturate,浸透，使湿透；使饱和，使充满；浸透的，饱和的；深颜色的
9461,Saturday,星期六
9462,satyr,好色之徒；萨梯（希腊神话中森林之神）；眼蝶科
9463,sauce,酱油；沙司；调味汁；使增加趣味；给…调味
9464,saucepan,炖锅；深平底锅
9465,saucer,茶托，浅碟；浅碟形物；眼睛
9466,sauna,桑拿浴；洗桑拿浴
9467,saunter,漫步；闲逛；闲逛；漫步
9468,sausage,香肠；腊肠；装香肠的碎肉
9469,savage,野蛮的；残酷的；狂怒的；荒凉的；未开化的人；粗鲁的人；残暴成性的人；乱咬；粗暴的对待
9470,savagery,野性；野蛮人；原始状态
9471,savant,学者；专家
9472,save,节省；保存；储蓄；解救；除之外；救援
9473,saver,救助者；节俭的人；节约装置
9474,savings,储蓄；存款；救助；节省物（saving的复数形式）
9475,savour,具有…的特点；加调味品于；使有风味；滋味；风味
9476,savoury,开胃的菜肴；可口的；开胃的；令人愉快的
9477,saw,看见；明白，了解；锯；锯成；锯开；锯子；谚语
9478,sawmill,锯木厂；锯木机
9479,saxophone,萨克斯管
9480,say,讲；说明；例如；声称；假设；指明；(Say)人名；(土)萨伊；(法、老、柬)赛；(英)塞伊；(匈、罗)绍伊
9481,saying,话；谚语；言论；说（say的ing形式）
9482,scab,痂；疤；疥癣；恶棍；结痂；生疙瘩；破坏罢工
9483,scaffold,脚手架；鹰架；绞刑台；给…搭脚手架；用支架支撑
9484,scaffolding,脚手架；搭脚手架的材料
9485,scalar,标量的；数量的；梯状的，分等级的；[数] 标量；[数] 数量
9486,scale,规模；比例；鳞；刻度；天平；数值范围；衡量；攀登；剥落；生水垢
9487,scallop,扇贝，干贝；使成扇形
9488,scalp,头皮；战利品；剥头皮
9489,scalpel,解剖刀；外科手术刀
9490,scan,扫描；浏览；细看；详细调查；标出格律；扫描；浏览；审视；细看
9491,scandal,丑闻；流言蜚语；诽谤；公愤
9492,scandalous,可耻的；诽谤性的
9493,Scandinavian,斯堪的纳维亚人；斯堪的纳维亚语；北欧日耳曼语系；斯堪的纳维亚的；斯堪的纳维亚人的；斯堪的纳维亚语的；北欧日耳曼语系的
9494,scanner,[计] 扫描仪；扫描器；光电子扫描装置
9495,scant,不足的；缺乏的；勉强够的；减少；节省；限制
9496,scanty,缺乏的；吝啬的；仅有的；稀疏的
9497,scapegoat,替罪羊，替人顶罪者；替身；使成为…的替罪羊
9498,scar,伤害；给留下伤痕；创伤；伤痕
9499,scarce,缺乏的，不足的；稀有的；仅仅；几乎不；几乎没有
9500,scarcely,几乎不，简直不；简直没有
9501,scare,惊吓；把…吓跑；恐慌；惊吓；惊恐；（美）骇人的
9502,scaremonger,散布谣言的人
9503,scarf,围巾；嵌接，嵌接处；头巾领巾；披嵌接；用围巾围
9504,scarlet,深红的；鲜红色的；罪孽深重的；淫荡的；猩红色；红衣；绯红色；鲜红色布
9505,scary,（事物）可怕的；恐怖的；吓人的；（人）提心吊胆的；引起惊慌的；胆小的
9506,scathing,严厉的；损伤的；损伤；伤害（scathe的ing形式）
9507,scatter,分散，散开；散射；分散；散播，撒播
9508,scatterbrain,注意力不集中的人
9509,scavenge,打扫；排除废气；以…为食
9510,scavenger,食腐动物；清道夫；[助剂] 清除剂；拾荒者
9511,scenario,方案；情节；剧本；设想
9512,scene,场面；情景；景象；事件
9513,scenery,风景；景色；舞台布景
9514,scenic,风景优美的；舞台的；戏剧的；风景胜地；风景照片
9515,scent,气味；嗅觉；痕迹；察觉能力；闻到；发觉；使充满…的气味；循着遗臭追踪
9516,sceptical,怀疑的；怀疑论的；习惯怀疑的
9517,scepticism,怀疑；怀疑论；怀疑主义
9518,schedule,安排，计划；编制目录；将……列入计划表；时间表；计划表；一览表
9519,schema,[计][心理] 模式；计划；图解；概要
9520,schematize,系统化；计划；扼要表示
9521,scheme,计划；组合；体制；诡计；搞阴谋；拟订计划
9522,schizophrenia,[内科] 精神分裂症
9523,scholar,学者；奖学金获得者
9524,scholarly,博学的；学者风度的；学者派头的
9525,scholarship,奖学金；学识，学问
9526,scholastic,学校的；学者的；学术的（等于scholastical）；学者；学生；墨守成规者；经院哲学家
9527,school,学校；学院；学派；鱼群；教育
9528,schoolboy,男学生；学童
9529,schoolchild,学童
9530,schoolgirl,女学生
9531,schoolmaster,男校长；教导者；男教师
9532,schoolmistress,女教师；女校长
9533,science,科学；技术；学科；理科
9534,scientific,科学的，系统的
9535,scientist,科学家
9536,scintillation,闪烁；发出火花；才华横溢
9537,scissors,剪刀；剪式跳法；剪开；删除（scissor的第三人称单数）
9538,scoff,嘲笑；愚弄；笑柄；嘲笑；嘲弄；贪婪地吃
9539,scold,责骂；叱责；责骂；爱责骂的人
9540,scoop,掘；舀取；抢先获得；搜集；勺；铲子；独家新闻；凹处
9541,scooter,小轮摩托车；速可达；单脚滑行车；小孩滑板车
9542,scope,范围；余地；视野；眼界；导弹射程；审视
9543,scorch,烧焦；使枯萎；挖苦；烧焦；焦痕
9544,scorching,灼热的；激烈的；讽刺的；过早硫化的；把…烧焦；严厉批评；切割；过早硫化（scorch的ing形式）
9545,score,分数；二十；配乐；刻痕；获得；评价；划线，刻划；把…记下
9546,scoring,得分；刻痕；总谱；得分的；得分（score的ing形式）；刻痕；记下
9547,scorn,轻蔑；嘲笑；藐视的对象；轻蔑；藐视；不屑做
9548,scorpion,蝎子；蝎尾鞭；心黑的人
9549,Scotch,苏格兰人的；苏格兰语的
9550,Scotland,苏格兰
9551,Scots,苏格兰的；苏格兰人的；苏格兰英语的；苏格兰人；苏格兰语
9552,Scotsman,苏格兰人
9553,Scottish,苏格兰的；苏格兰人的；苏格兰语的；苏格兰人；苏格兰语
9554,scoundrel,卑鄙的；恶棍；无赖；流氓
9555,scour,冲刷；擦；腹泻；擦，冲刷；洗涤剂；（畜类等的）腹泻
9556,scout,搜索，侦察；侦察员；侦察机；侦察；跟踪，监视；发现
9557,scramble,攀登；使混杂，仓促凑成；扰乱；抢夺，争夺；混乱，混乱的一团；爬行，攀登
9558,scrap,碎片；残余物；打架；少量；废弃；使解体；拆毁；废弃的；零碎的
9559,scrape,刮掉；擦痕；困境；刮擦声；刮；擦伤；挖成
9560,scratch,擦伤；抓痕；刮擦声；乱写；打草稿用的；凑合的；碰巧的；抓；刮；挖出；乱涂
9561,scrawl,潦草地写；乱涂；潦草的笔迹
9562,scrawny,骨瘦如柴的
9563,scream,尖叫；呼啸；发出尖锐刺耳的声音；令人触目惊心；尖叫声；尖锐刺耳的声音；极其滑稽可笑的人
9564,screech,发出尖锐的声音；发出恐惧或痛苦的叫喊声；尖叫声，尖利刺耳的声音；尖声喊叫
9565,screen,屏，幕；屏风；筛；拍摄；放映；掩蔽
9566,screenplay,编剧，剧本；电影剧本
9567,screw,旋，拧；压榨；强迫；螺旋；螺丝钉；吝啬鬼
9568,screwdriver,螺丝刀
9569,scribble,潦草写成的东西；潦草的写法；杂文；乱写；滥写；潦草地书写
9570,scribe,抄写员；作家；划线器；写下，记下；用划线器划
9571,script,脚本；手迹；书写用的字母；把…改编为剧本
9572,scripture,（大写）圣经；手稿；（大写）圣经的一句
9573,scriptwriter,编剧
9574,scroll,卷轴，画卷；名册；卷形物；成卷形
9575,scrounge,搜寻；乞讨；讨要；索要
9576,scrub,矮树；洗擦；擦洗者；矮小的人（或物）；用力擦洗；使净化；矮小的；临时凑合的；次等的
9577,scrum,扭打，混乱；并列争球；参加并列争球；抛（球）开始并列争球
9578,scruple,微量；顾虑；踌躇；有顾忌；踌躇
9579,scrupulous,细心的；小心谨慎的；一丝不苟的
9580,scrutinise,作仔细检查；细致观察
9581,scrutiny,详细审查；监视；细看；选票复查
9582,scuba,水肺；水中呼吸器
9583,scuffle,扭打；乱斗；拖着脚走路；混战；扭打
9584,sculptor,雕刻家
9585,sculpture,雕塑；雕刻；刻蚀
9586,scum,浮渣；泡沫；糟粕；产生泡沫；被浮渣覆盖
9587,scupper,使船沉没；突袭；排水口；水性杨花的女人
9588,scurf,头皮屑
9589,scurry,急跑；短距离赛跑（或赛马）；急赶；急跑
9590,scuttle,天窗；煤桶；筐；逃避；急促地跑
9591,scythe,长柄大镰刀；钐刀；用大镰刀割
9592,sea,海；海洋；许多；大量
9593,seafood,海鲜；海味；海产食品
9594,seagull,海鸥
9595,seal,密封；印章；海豹；封条；标志；密封；盖章
9596,seals,seal的复数形式
9597,seam,缝；接缝；缝合；接合；使留下伤痕
9598,seaman,海员，水手；水兵
9599,seaport,海港；港口都市
9600,search,搜寻；调查；探求；搜寻；探究，查究
9601,seashore,海滨；海岸；海滨的；在海滨的
9602,seasick,晕船的
9603,seasickness,晕船
9604,seaside,海边；海滨；海边的；海滨的
9605,season,时期；季节；赛季；给…调味；使适应
9606,seasoning,调味品；佐料；风干；增添趣味的东西
9607,seat,座位；所在地；职位；使…坐下；可容纳…的；使就职
9608,seatbelt,座位安全带
9609,seaward,向海的；朝海的；向海；往海那边；临海位置；朝海方向
9610,seaweed,海藻，海草
9611,secession,脱离；分离
9612,seclude,使隔离，使隔绝
9613,secluded,隐蔽的；隐退的，隐居的；隔绝（seclude的过去式）
9614,second,秒；第二名；瞬间；二等品；支持；第二的；次要的；附加的；第二；第二；其次；居第二位
9615,secondary,第二的；中等的；次要的；中级的；副手；代理人
9616,secondhand,二手的；旧的；间接获得的；做旧货生意的；间接地；间接听来；以旧货
9617,secrecy,保密；秘密；隐蔽
9618,secret,秘密；秘诀；机密；秘密的；机密的
9619,secretarial,秘书的；书记的；部长的
9620,secretariat,秘书处；书记处；秘书（书记，部长等）之职
9621,secretary,秘书；书记；部长；大臣
9622,secrete,藏匿；私下侵吞；分泌
9623,secretive,秘密的；偷偷摸摸的；促进分泌的
9624,sect,宗派
9625,sectarian,宗派的；偏狭的；党派心强的；属于宗派的人；宗派心强的人；宗派主义者
9626,section,截面；部分；部门；地区；章节；被切割成片；被分成部分
9627,sector,部门；扇形，扇区；象限仪；函数尺；把…分成扇形
9628,secular,世俗的；长期的；现世的；不朽的；修道院外的教士，(对宗教家而言的) 俗人
9629,secure,安全的；无虑的；有把握的；稳当的；保护；弄到；招致；缚住
9630,security,安全；保证；证券；抵押品；安全的；保安的；保密的
9631,Sedan,轿车；轿子
9632,sedative,[药] 镇静剂；能使安静的东西；止痛药；使镇静的；使安静的
9633,sediment,沉积；沉淀物
9634,seduce,引诱；诱惑；诱奸；怂恿
9635,seduction,诱惑；魅力；（复数）诱惑物
9636,seductive,有魅力的；性感的；引人注意的
9637,see,看见；理解；领会；(See)人名；(英)西伊；(柬)塞；(德)泽
9638,seed,种子；根据；精液；萌芽；子孙；原由；播种；结实；成熟；去…籽
9639,seedling,秧苗，幼苗；树苗
9640,seedy,多种子的；结籽的；破烂的；没精打采的；下流的
9641,seek,寻求；寻找；探索；搜索
9642,seem,似乎；像是；装作；(Seem)人名；(英)西姆
9643,seemingly,看来似乎；表面上看来
9644,seep,漏；渗出；小泉；水陆两用的吉普车
9645,seesaw,跷跷板；秋千；交互的；前后动的；玩跷跷板；上下来回摇动
9646,seethe,沸腾；冒泡；激动；沸腾；感情等的迸发
9647,segment,分割；段；部分
9648,segregate,使隔离；使分离；在…实行种族隔离
9649,segregation,隔离，分离；种族隔离
9650,seize,抓住；夺取；理解；逮捕
9651,seizure,没收；夺取；捕获；（疾病的）突然发作
9652,seldom,很少，不常
9653,select,挑选；选拔；精选的；挑选出来的；极好的；被挑选者；精萃
9654,selection,选择，挑选；选集；精选品
9655,selective,选择性的
9656,selenium,[化学] 硒
9657,self,自己，自我；本质；私心；同一的；使自花授精；使近亲繁殖；自花授精
9658,selfish,自私的；利己主义的
9659,selfless,无私的；不考虑自己的
9660,sell,销售；推销；出卖；欺骗；销售；失望；推销术
9661,seller,卖方，售货员
9662,semantic,语义的；语义学的（等于semantical）
9663,semantics,[语] 语义学；语义论
9664,semester,学期；半年
9665,semicolon,分号
9666,seminal,种子的；精液的；生殖的
9667,seminar,讨论会，研讨班
9668,senate,参议院，上院；（古罗马的）元老院
9669,senator,参议员；（古罗马的）元老院议员；评议员，理事
9670,send,发送，寄；派遣；使进入；发射；上升运动
9671,senile,高龄的；老衰的；高龄所致的
9672,senility,[基医] 衰老；高龄；老态龙钟
9673,senior,高级的；年长的；地位较高的；年资较深的，资格较老的；上司；较年长者；毕业班学生
9674,seniority,长辈；老资格；前任者的特权
9675,sensation,感觉；轰动；感动
9676,sensational,轰动的；耸人听闻的；非常好的；使人感动的
9677,sense,感觉，功能；观念；道理；理智；感觉到；检测
9678,senseless,愚蠢的；无知觉的；无意识的
9679,sensibility,情感；敏感性；感觉；识别力
9680,sensible,明智的; 通情达理的; 合乎情理的; 意识到的，能感觉到的;；可感觉到的东西; 敏感的人;
9681,sensitive,敏感的；感觉的；[仪] 灵敏的；感光的；易受伤害的；易受影响的；敏感的人；有灵异能力的人
9682,sensor,传感器
9683,sensory,感觉的；知觉的；传递感觉的
9684,sensual,感觉的；肉欲的；世俗的；感觉论的
9685,sensuous,感觉上的，依感观的；诉诸美感的
9686,sentence,[语][计] 句子，命题；宣判，判决；判决，宣判
9687,sentiment,感情，情绪；情操；观点；多愁善感
9688,sentimental,伤感的；多愁善感的；感情用事的；寓有情感的
9689,sentinel,哨兵；守卫，放哨
9690,sentry,哨兵；岗哨；放哨；设岗哨
9691,separate,使分离；使分开；使分居；单独的；分开的；不同的；各自的；；分开；抽印本
9692,separately,分别地；分离地；个别地
9693,separation,分离，分开；间隔，距离；[法] 分居；缺口
9694,separatist,分离主义者；独立派；分离主义者的
9695,September,九月
9696,sepulchre,坟墓；圣体安置所（等于Easter sepulchre）；埋葬；以…为坟墓
9697,sequel,续集；结局；继续；后果
9698,sequence,[数][计] 序列；顺序；续发事件；按顺序排好
9699,serenade,小夜曲；为…唱小夜曲
9700,serene,平静的；安详的；清澈的；晴朗的；平静；晴朗；使平静
9701,serenely,安详地；沉着地；宁静地
9702,serf,农奴；奴隶；被压迫者
9703,sergeant,军士；警察小队长；海军陆战队中士；高等律师
9704,serial,连续的；连载的；分期偿还的；电视连续剧；[图情] 期刊；连载小说
9705,series,系列，连续；[电] 串联；级数；丛书
9706,serious,严肃的，严重的；认真的；庄重的；危急的
9707,sermon,布道；训诫；启示；冗长的讲话；对…布道；对…说教；布道
9708,serpent,蛇（尤指大蛇或毒蛇）；狡猾的人
9709,serrated,[生物] 锯齿状的，有锯齿的；使有锯齿（serrate的过去分词）
9710,serum,血清；浆液；免疫血清；乳清；树液
9711,servant,仆人，佣人；公务员；雇工
9712,service,服务，服侍；服役；仪式；服务性的；耐用的；服现役的；维修，检修；保养
9713,serviceable,有用的，可供使用的；耐用的
9714,serviceman,军人；维修人员
9715,servile,奴隶的；奴性的；卑屈的；卑屈的
9716,servility,奴性；奴态；卑屈
9717,servitude,劳役，奴役；地役权；奴隶状态
9718,sesame,芝麻
9719,session,会议；（法庭的）开庭；（议会等的）开会；学期；讲习会
9720,set,[数] 集合；一套；布景；[机] 装置；树立；点燃；点缀；；固定的；规定的；固执的
9721,setback,挫折；退步；逆流
9722,settee,有靠背的长椅；中型沙发
9723,setter,[机] 调节器；作曲者；排字工人；安装员，从事安装的人
9724,setting,环境；安装；布置；[天] 沉落；放置；沉没；使…处于某位置（set的ing形式）
9725,settle,解决；定居；沉淀；下陷；有背长椅
9726,settlement,解决，处理；[会计] 结算；沉降；殖民
9727,settler,移居者；殖民者
9728,seven,七个，七；七的；七个的
9729,seventeen,十七，十七个；十七岁的；十七的，十七个的；十七
9730,seventh,第七；七分之一；第七的；七分之一的；居第七位地
9731,seventieth,第七十；第七十的；七十分之一的；第七十；七十分之一
9732,seventy,七十；七十个；七十岁；七十年代；七十的；七十个的；七十岁的；七十
9733,sever,割断，断绝；分开；使分离；(Sever)人名；(俄)谢韦尔；(捷、塞、意、西、土、瑞典、罗)塞韦尔；(英)塞弗；(德)泽弗
9734,several,几个的；各自的；几个；数个
9735,severe,严峻的；严厉的；剧烈的；苛刻的
9736,severity,严重；严格；猛烈
9737,sew,缝合，缝上；缝纫
9738,sewage,污水；下水道；污物
9739,sewer,下水道；阴沟；裁缝师；为…铺设污水管道；用下水道排除…的污水；清洗污水管
9740,sewerage,下水道系统
9741,sex,性；性别；性行为；色情；引起…的性欲；区别…的性别
9742,sexism,（针对女性的）性别歧视；男性至上主义
9743,sexist,性别歧视者；男性至上主义者；性别主义者的；性别歧视者的
9744,sexual,性的；性别的；有性的
9745,sexuality,[胚] 性别；性欲；性征；性方面的事情（比如性行为或性能力）
9746,sexy,性感的；迷人的；色情的
9747,shabby,破旧的；卑鄙的；吝啬的；低劣的
9748,shack,棚屋；小室；居住
9749,shade,树荫；阴影；阴凉处；遮阳物；（照片等的）明暗度；少量、些微；细微的差别；使阴暗；使渐变；为…遮阳；使阴郁；掩盖
9750,shadow,阴影；影子；幽灵；庇护；隐蔽处；遮蔽；使朦胧；尾随；预示；影子内阁的
9751,shadowy,朦胧的；有阴影的；虚无的；暗黑的
9752,shady,成荫的；阴暗的；名声不好的；(Shady)人名；(阿拉伯)沙迪
9753,shaft,拍杆；[机] 轴；箭杆；杆状物；利用；在……上装杆
9754,shaggy,蓬松的；表面粗糙的；毛发粗浓杂乱的
9755,shake,动摇；摇动；震动；握手；摇动；哆嗦
9756,shaky,摇晃的；不可靠的；不坚定的
9757,shall,应；会；将；必须
9758,shallow,浅的；肤浅的；[地理] 浅滩；使变浅
9759,sham,假装；骗子；赝品；假装；冒充；假的；虚假的；假装的
9760,shamble,蹒跚地走；摇晃不稳；摇摇晃晃地走；蹒跚；摇晃的脚步
9761,shame,羞耻，羞愧；憾事，带来耻辱的人；使丢脸，使羞愧
9762,shamefaced,谦逊的；害羞的；不惹眼的
9763,shameful,可耻的；不体面的；不道德的；猥亵的
9764,shameless,无耻的；不要脸的；伤风败俗的
9765,shampoo,洗发；洗发精；洗发
9766,shanghai,上海（中国东部港市）
9767,shape,形状；模型；身材；具体化；形成；塑造，使成形；使符合
9768,shapely,定形的；形状美观的；样子好的；有条理的
9769,share,分享，分担；分配；份额；股份
9770,shareholder,股东；股票持有人
9771,shark,鲨鱼；骗子；诈骗
9772,sharp,急剧的；锋利的；强烈的；敏捷的；刺耳的；急剧地；锐利地；突然地；尖头；骗子；内行；磨快；把音调升高；打扮；升音演奏
9773,sharpen,削尖；磨快；使敏捷；加重
9774,sharpener,卷笔刀；[机] 磨具；研磨者
9775,shatter,粉碎；打碎；破坏；破掉；使散开；碎片；乱七八糟的状态
9776,shave,剃须，剃毛；刮脸，剃胡子；修面；<口>侥幸逃过，幸免；剃刀，刮刀
9777,shawl,围巾，长方形披巾；用披巾包裹
9778,she,她（主格）；它（用来指雌性动物或国家、船舶、地球、月亮等）；女人；雌性动物
9779,sheaf,捆；束；扎
9780,shear,剪；修剪；剥夺；[力] 切变；修剪；大剪刀
9781,sheath,鞘；护套；叶鞘；女子紧身服装
9782,sheen,光辉，光泽，光彩；光辉的；有光泽的；华丽的；闪耀；发光
9783,sheep,羊，绵羊；胆小鬼
9784,sheepish,羞怯的；懦弱的
9785,sheer,绝对的；透明的；峻峭的；纯粹的；完全；陡峭地；偏航；偏航；透明薄织物
9786,sheet,薄片，纸张；薄板；床单；覆盖；盖上被单；使成大片；片状的
9787,sheikh,族长；阿拉伯酋长（等于sheik）
9788,shelf,架子；搁板；搁板状物；暗礁
9789,shell,壳，贝壳；炮弹；外形；剥落；设定命令行解释器的位置
9790,shellfish,甲壳类动物；贝类等有壳的水生动物
9791,shelter,庇护；避难所；遮盖物；保护；使掩蔽
9792,shepherd,牧羊；带领；指导；看管；牧羊人；牧师；指导者
9793,sheriff,州长；郡治安官；执行吏
9794,sherry,雪利酒（西班牙产的一种烈性白葡萄酒）；葡萄酒
9795,shield,盾；防护物；保护者；遮蔽；包庇；避开；保卫
9796,shift,移动；变化；手段；轮班；移动；转变；转换
9797,shilling,先令
9798,shimmer,微光；闪光；闪烁；发闪烁的微光
9799,shin,胫骨；爬；攀
9800,shine,发出光；反射光，闪耀；出类拔萃，表现突出；露出；照耀；显露；出众；光亮，光泽；好天气；擦亮；晴天；擦皮鞋；鬼把戏或诡计
9801,shiny,有光泽的，擦亮的；闪耀的；晴朗的；磨损的
9802,ship,运送，乘船；以船运送；船；舰；太空船
9803,shipboard,船；舷侧
9804,shipment,装货；装载的货物
9805,shipping,[船] 船舶，船舶吨数；海运；运送；运送，乘船（ship的ing形式）
9806,shipwreck,海难；遇难船；使失事；使毁灭；使失败
9807,shipyard,造船厂；船坞；修船厂
9808,shirk,逃避；(Shirk)人名；(英)舍克
9809,shirt,衬衫；汗衫，内衣
9810,shit,屎；粪；拉屎；狗屁；呸
9811,shiver,颤抖，战栗；碎片；颤抖；哆嗦；打碎
9812,shoal,浅滩，沙洲；鱼群；潜在危险；变浅；浅的
9813,shock,休克；震惊；震动；打击；禾束堆；使休克；使震惊；使震动；使受电击；把…堆成禾束堆；浓密的；蓬乱的
9814,shockproof,防震的；防电击的
9815,shoddy,赝品；冒牌货；假装粗俗；假冒的；劣质的；卑劣的
9816,shoe,鞋；蹄铁；外胎；给……穿上鞋；穿……鞋
9817,shoemaker,鞋匠；补鞋工人
9818,shoot,射击，射中；拍摄；发芽；使爆炸；给…注射；射击；摄影；狩猎；急流
9819,shop,商店；店铺；购物
9820,shopkeeper,店主，老板
9821,shoplift,从商店中偷商品
9822,shopper,购物者；顾客
9823,shopping,购物，买东西；购物（shop的ing形式）
9824,shore,支撑，使稳住；用支柱撑住；海滨；支柱
9825,short,短的；不足的；矮的，低的；短；缺乏；短路；短裤；不足；突然；唐突地
9826,shortage,缺乏，缺少；不足
9827,shortchange,欺骗；（找钱时故意）少找零钱
9828,shortcoming,缺点；短处
9829,shortcut,捷径；被切短的东西
9830,shorten,缩短；减少；变短
9831,shortfall,差额；缺少
9832,shorthand,速记；速记法；速记法的
9833,shortly,立刻；简短地；唐突地
9834,shorts,短裤
9835,shortsighted,目光短浅的；近视的
9836,shot,发射；炮弹；射手；镜头；用尽的；破旧的；杂色的，闪光的；射击（shoot的过去式和过去分词）
9837,shotgun,霰弹猎枪；猎枪的；被迫的；用猎枪射击；强迫；用猎枪射击
9838,should,应该；就；可能；将要
9839,shoulder,肩，肩膀；肩部；肩负，承担
9840,shout,呼喊；喊叫；大声说；呼喊；呼叫
9841,shove,挤；强使；撞；猛推；推；挤
9842,shovel,铁铲；一铲的量；铲车；铲除；用铲挖；把…胡乱塞入
9843,show,显示；说明；演出；展出；显示；表演；炫耀
9844,showcase,陈列橱，[家具] 陈列柜；显示优点的东西；使展现；在玻璃橱窗陈列
9845,showdown,摊牌；紧要关头；最后一决胜负
9846,shower,淋浴；（倾泻般出现的）一阵，一大批；阵雨；大量地给予；把……弄湿
9847,showpiece,展出品，展示品
9848,showy,艳丽的；炫耀的；显眼的
9849,shred,碎片；少量剩余；最少量；破布；切成条状；用碎纸机撕毁
9850,shrew,泼妇，悍妇
9851,shrewd,精明的；狡猾的；机灵的；精明（的人）；机灵（的人）
9852,shriek,尖叫；促人注意；尖声；尖锐的响声
9853,shrill,尖锐的；刺耳的；尖锐地；尖声喊叫；尖叫声
9854,shrimp,虾；小虾；矮小的人；捕虾；有虾的；虾制的
9855,shrine,圣地；神殿；神龛；圣祠；将…置于神龛内；把…奉为神圣
9856,shrinkage,收缩；减低
9857,shrivel,枯萎；皱缩
9858,shroud,寿衣；覆盖物；船的横桅索；[电] 护罩；覆盖；包以尸衣
9859,shrub,灌木；灌木丛
9860,shrubbery,灌木；[林] 灌木林
9861,shrubby,灌木的；灌木繁茂的；灌木一般的
9862,shrug,耸肩，耸肩表示；耸肩
9863,shudder,发抖；战栗；震动；发抖；战栗
9864,shuffle,洗牌；推诿，推卸；拖曳，慢吞吞地走；搅乱；洗牌，洗纸牌；混乱，蒙混；拖着脚走
9865,shun,避开，避免；回避；(Shun)人名；(日)春(姓)
9866,shunt,使转轨；使分流；回避讨论；推延；转轨；[电] 分流器
9867,shut,关闭；停业；幽禁；关闭；关闭的；围绕的
9868,shutter,快门；百叶窗；关闭物；遮板；为…装百叶窗；以百叶窗遮闭
9869,shuttle,航天飞机；穿梭；梭子；穿梭班机、公共汽车等；使穿梭般来回移动；短程穿梭般运送
9870,shy,害羞的；畏缩的，胆怯的；投；畏缩；惊退；厌恶；投掷；惊跳
9871,sibling,兄弟姊妹；民族成员
9872,sic,（拉）原文如此（通常放在括号内）
9873,sick,厌恶的；病态的；不舒服；渴望的；恶心的 ；生病的；病人；使狗去咬；呕吐；追击
9874,sickbay,船上的医务室
9875,sicken,使患病；使恶心；使嫌恶
9876,sickening,令人厌恶的；患病的
9877,sickle,镰刀
9878,sickness,疾病；呕吐；弊病
9879,side,方面；侧面；旁边；支持；赞助；偏袒；旁的，侧的
9880,sideboard,餐具柜；侧板，边线界墙
9881,sidelight,侧灯，舷灯；趣闻；侧面射进来的光线
9882,sideline,副业；球场边线；局外人的观点；迫使退出；倾斜的
9883,sidestep,回避；横跨一步躲避；台阶；横跨的一步
9884,sidewalk,人行道
9885,sideways,向侧面地；向一旁；向侧面的；一旁的
9886,sidle,侧身而行；悄悄贴近；侧走；挨近
9887,siege,围攻；包围；围城；不断袭击；长期努力；围攻；包围
9888,sierra,[地理] 锯齿山脊；呈齿状起伏的山脉
9889,sieve,[粮食][矿业] 筛子；滤网；不能保守秘密的人；筛；滤
9890,sift,筛选；撒；过滤；详查；(Sift)人名；(匈)希夫特
9891,sigh,叹息，叹气
9892,sight,视力；景象；眼界；见解；看见；瞄准；见票即付的；即席的
9893,sighting,瞄准；照准；视线；看见（sight的ing形式）
9894,sightseeing,观光；游览；观光的；游览的；观光（sightsee的ing形式）；游览
9895,sign,迹象；符号；记号；手势；指示牌；签署；签名
9896,signal,信号；暗号；导火线；标志；用信号通知；表示；显著的；作为信号的
9897,signature,署名；签名；信号
9898,signet,印；图章；盖章于
9899,significance,意义；重要性；意思
9900,significant,重大的；有效的；有意义的；值得注意的；意味深长的；象征；有意义的事物
9901,signify,表示；意味；预示
9902,signpost,路标；指示牌
9903,silage,青贮；把放入青贮窖；青贮饲料
9904,silence,沉默；寂静；缄默；不谈；无声状态；使沉默；使安静；压制；消除噪音；安静！；别作声！
9905,silent,沉默的；寂静的；无记载的；无声电影
9906,silhouette,轮廓，剪影；使…照出影子来；使…仅仅显出轮廓
9907,silica,二氧化硅；[材] 硅土
9908,silicon,[化学] 硅；硅元素
9909,silk,丝绸；蚕丝；丝织物；丝的；丝绸的；丝制的；（玉米）处于长须的阶段中
9910,silky,丝的；柔滑的；温和的；丝绸一样的
9911,silly,愚蠢的；不明事理的；没头脑的；傻瓜
9912,silo,筒仓；青贮窖；飞弹发射井；把…存入青贮窖；把…储存在筒仓内
9913,silt,淤泥，泥沙；煤粉；残渣；淤塞，充塞；为淤泥堵塞
9914,silvery,银色的；清脆的；银铃一般的；似银的
9915,similar,相似的；类似物
9916,similarity,类似；相似点
9917,simile,明喻；直喻
9918,simmer,炖；内心充满；即将爆发；炖；即将沸腾的状态；即将发作
9919,simple,简单的；单纯的；天真的；笨蛋；愚蠢的行为；出身低微者
9920,simpleton,傻子；笨蛋
9921,simplify,简化；使单纯；使简易
9922,simply,简单地；仅仅；简直；朴素地；坦白地
9923,simulate,模仿；假装；冒充；模仿的；假装的
9924,simultaneous,同时的；联立的；同时发生的；同时译员
9925,simultaneously,同时地
9926,sin,罪恶；罪孽；过失；犯罪；犯过失
9927,since,因为；由于；既然；自…以来；自…以后；自…以来；自…以后；后来
9928,sincere,真诚的；诚挚的；真实的
9929,sincerity,真实，诚挚
9930,sinew,筋；肌腱；体力；精力；加强；使牢固
9931,sinful,有罪的
9932,sing,唱歌；歌颂；鸣叫；呼号；演唱；鸣声；呼啸声
9933,singe,烧焦；烤焦
9934,singer,歌手，歌唱家
9935,single,单一的；单身的；单程的；一个；单打；单程票；选出
9936,singlehood,单身；未婚
9937,singular,单数的；单一的；非凡的；异常的；单数
9938,sinister,阴险的；凶兆的；灾难性的；左边的
9939,sink,下沉；消沉；渗透；水槽；洗涤槽；污水坑
9940,sinner,罪人；有错者
9941,sinuous,蜿蜒的；弯曲的；迂回的
9942,sip,抿；小口喝；单列直插式组件；啜饮
9943,siphon,虹吸管；通过虹吸管
9944,sir,先生；（用于姓名前）爵士；阁下；（中小学生对男教师的称呼）先生；老师
9945,sirloin,牛的上部腰肉；牛里脊肉
9946,sister,姐妹；（称志同道合者）姐妹；修女；护士；姐妹般的；同类型的
9947,sit,坐；位于；(Sit)人名；(东南亚国家华语)硕；(罗)西特
9948,sitcom,情景喜剧（situation comedy）
9949,site,地点；位置；场所；设置；为…选址
9950,situate,使位于；使处于；位于…的
9951,situation,情况；形势；处境；位置
9952,six,六，六个
9953,sixpence,（英）六便士（硬币）
9954,sixteen,十六的，十六个的；十六
9955,sixteenth,第十六；十六分之一；第十六的；十六分之一的
9956,sixth,月的第六日，（与the连用的）第六个；六分之一；（与 the 连用）第六的，第六个的；六分之一的
9957,sixtieth,第六十；六十分之一；第六十的；六十分之一的
9958,sixty,六十；六十个
9959,size,大小；尺寸；一定尺寸的；依大小排列
9960,sizeable,大的，相当大的
9961,sizzle,发嘶嘶声；嘶嘶声
9962,skate,滑冰；滑过；溜冰；冰鞋
9963,skateboard,溜冰板；用滑板滑行
9964,skeleton,骨架，骨骼；纲要；骨瘦如柴的人；骨骼的；骨瘦如柴的；概略的
9965,skeptical,怀疑的；怀疑论的，不可知论的
9966,sketch,素描；略图；梗概；画素描或速写
9967,ski,滑雪橇；滑雪；滑雪（用）的
9968,skid,打滑；[车辆] 刹车；滑轨，滑动垫木；刹住，使减速；滚滑
9969,skill,技能，技巧；本领，技术
9970,skim,略读；撇去…的浮物；从…表面飞掠而过；去除；（为逃税而）隐瞒（部分收入）；撇；撇去的东西；表层物；瞒报所得的收入；脱脂的；撇去浮沫的；表层的
9971,skimmer,漏杓；燕鸥类；大略阅读的人；撇去浮沫的器具
9972,skin,皮肤；外皮；剥皮
9973,skinny,机密情报；内部消息；小道消息；皮的；皮包骨的；紧身的；小气的
9974,skip,跳跃；跳绳；遗漏；跳读；跳跃；跳读
9975,skipper,队长；船长；机长；带领；作…的船长（或机长）
9976,skirmish,小冲突，小规模战斗；小争论；进行小规模战斗；发生小争论
9977,skirt,裙子；绕过，回避；位于…边缘
9978,skull,头盖骨，脑壳
9979,sky,天空；顶点；把…投向空中；把…挂得过高
9980,skylight,天窗
9981,skyline,地平线；空中轮廓线；架空索；天空映衬出…的轮廓
9982,skyrocket,流星烟火；冲天火箭；飞涨，突然高升
9983,skyscraper,摩天楼，超高层大楼；特别高的东西
9984,slab,厚板，平板；混凝土路面；厚片；把…分成厚片；用石板铺
9985,slack,松弛的；疏忽的；不流畅的；松懈；减弱；煤末；峡谷；马虎地；缓慢地
9986,slacken,松劲，懈怠；变松弛；变缓慢
9987,slacks,便裤；宽松长裤；放松；懈怠；使…松弛（slack的第三人称单数）
9988,slag,炉渣；矿渣；熔渣；使成渣；使变成熔渣
9989,slam,砰地关上；猛力抨击；猛击；砰然声
9990,slander,诽谤；造谣中伤；诽谤；中伤
9991,slanderous,诽谤的；诽谤性的；中伤的
9992,slang,俚语；行话；俚语的；用粗话骂
9993,slangy,俚语的；俗话多的；好用俚语的
9994,slant,倾斜；观点；偏见；倾斜；有倾向；倾斜的；有偏见的
9995,slap,拍击；侮辱；掌击；掴…的耳光；掴；侮辱；掌击；拍打声；直接地；猛然地；恰好
9996,slash,猛砍；鞭打；严厉批评；大幅度裁减或削减；削减；斜线；猛砍；砍痕；沼泽低地
9997,slat,用板条做或装备；用条板制造；板条；狭板
9998,slate,板岩；石板；蓝色；石片；铺石板；严厉批评某人；计划；板岩的；石板色的
9999,slaughter,屠宰，屠杀；杀戮；使惨败；屠宰，屠杀；杀戮；消灭
10000,slave,奴隶；从动装置；苦干；拼命工作
10001,slavery,奴役；奴隶制度；奴隶身份
10002,slavish,奴隶的；奴性的；卑屈的；盲从的
10003,slay,杀害，杀死；使禁不住大笑；(Slay)人名；(英、柬)斯莱
10004,sleazy,质地薄的；肮脏的；低级庸俗的；破烂的
10005,sledge,用雪橇搬运；乘雪橇；用大锤打；雪橇；大锤
10006,sleek,圆滑的；井然有序的；使…光滑；掩盖
10007,sleep,睡，睡觉；睡眠
10008,sleeper,卧车；卧铺；枕木；睡眠者
10009,sleepless,失眠的；不休息的；警觉的；永不停息的
10010,sleepy,欲睡的；困乏的；不活跃的
10011,sleet,下雨夹雪；下冰雹；雨夹雪；雨淞
10012,sleeve,[机] 套筒，[机] 套管；袖子，[服装] 袖套；给……装袖子；给……装套筒
10013,sleigh,乘雪橇；驾雪橇；雪橇
10014,slender,细长的；苗条的；微薄的
10015,slice,薄片；部分；菜刀，火铲；切下；把…分成部分；将…切成薄片
10016,slick,光滑的；华而不实的；聪明的；熟练的；老套的；[机] 平滑器；[机] 修光工具；通俗杂志；灵活地；聪明地；使光滑；使漂亮
10017,slide,滑动；幻灯片；滑梯；雪崩；滑动；滑落；不知不觉陷入
10018,slight,轻微的，少量的；脆弱的；细长的；不重要的；轻视，忽略；怠慢；怠慢；轻蔑
10019,slightly,些微地，轻微地；纤细地
10020,slim,苗条的；修长的；微小的；差的；使…体重减轻；使…苗条；(Slim)人名；(阿拉伯)萨利姆；(英、西)斯利姆
10021,slime,黏液；烂泥；涂泥
10022,slimnastics,减肥体操；健美操
10023,slimy,黏滑的；泥泞的；谄媚的，虚伪的
10024,sling,[机] 吊索；投石器；抛掷；用投石器投掷；吊起
10025,slink,潜逃；溜走；早产的动物；鬼鬼祟祟的人；早产的
10026,slip,滑动；滑倒；犯错；失足；减退；滑，滑倒；片，纸片；错误；下跌；事故；滑动的；有活结的；活络的；串行线路接口协议，是旧式的协议（Serial Line Interface Protocol）
10027,slipper,拖鞋；用拖鞋打
10028,slippery,滑的；狡猾的；不稳定的
10029,slit,撕裂；使有狭缝；裂缝；投币口
10030,slither,蜿蜒地滑行；滑动；滑行
10031,sliver,梳毛，梳棉；裂片；成为薄片；裂成小片
10032,slogan,标语；呐喊声
10033,slop,溢出，使溅出
10034,slope,斜坡；倾斜；斜率；扛枪姿势；倾斜；逃走
10035,slot,位置；狭槽；水沟；硬币投币口；跟踪；开槽于
10036,slouch,下垂；笨拙的人，懒散的人；懒散的样子；没精打采地站；耷拉
10037,slow,慢的；减速的；迟钝的；变慢；变萧条；慢慢地；迟缓地；(Slow)人名；(英)斯洛
10038,slowly,缓慢地，慢慢地
10039,slug,鼻涕虫；动作缓慢的人；金属小块；偷懒；动作迟缓
10040,sluggish,萧条的；迟钝的；行动迟缓的；懒惰的；市况呆滞；市势疲弱
10041,slum,（为猎奇或救济等）去贫民窟；贫民窟；陋巷；脏乱的地方
10042,slumber,睡眠；麻木状态；静止状态；睡眠；蛰伏；麻木
10043,slump,下降，衰落；倒下；大幅度下降，暴跌；衰退；暴跌；消沉
10044,slur,忽视；草率地看过；含糊地念；诋毁；污点；诽谤；连音符
10045,slurry,泥浆；悬浮液
10046,sly,狡猾的；淘气的；诡密的；(Sly)人名；(英)斯莱
10047,smack,滋味；少量；海洛因；风味；掴；用掌击；猛然；直接地
10048,small,少的，小的；微弱的；几乎没有的；不重要的；幼小的；小小地；卑鄙地；小件物品；矮小的人
10049,smart,聪明的；巧妙的；敏捷的；厉害的；潇洒的；剧烈的；时髦的；(Smart)人名；(法)斯马尔；(英、德)斯马特
10050,smash,粉碎；使破产；溃裂；破碎；扣球；冲突；大败；了不起的；非常轰动的；出色的
10051,smear,诽谤；弄脏；涂上；把…擦模糊；涂片；诽谤；污点
10052,smell,嗅，闻；有…气味；气味，嗅觉；臭味
10053,smelly,有臭味的，发臭的
10054,smile,微笑；微笑；笑容；喜色
10055,smith,史密斯（男子姓氏）
10056,smog,烟雾
10057,smoke,烟；抽烟；无常的事物；冒烟，吸烟；抽烟；弥漫
10058,smokeless,无烟的；不冒烟的
10059,smoker,吸烟者；薰制工
10060,smokestack,烟囱，烟窗；低技术制造业的；大工厂的
10061,smoking,抽烟；冒气；冒着烟；准许吸烟的；吸烟；冒烟（smoke的现在分词）
10062,smoky,冒烟的；烟熏味的；熏着的；呛人的；烟状的
10063,smooth,顺利的；光滑的；平稳的；使光滑；消除（障碍等）；使优雅；缓和；平滑部分；一块平地；光滑地；平稳地；流畅地
10064,smother,使窒息；抑制；（用灰等）闷熄；忍住；窒息状态；令人窒息的浓烟
10065,smoulder,闷烧；郁积；闷烧
10066,smudge,弄脏，涂污；用浓烟熏；污点，污迹；烟熏火堆
10067,smug,自鸣得意的；自以为是的；整洁的；书呆子；自命不凡的家伙
10068,smuggle,走私；偷运
10069,snack,小吃，快餐；一份，部分；吃快餐，吃点心
10070,snag,障碍；意外障碍；突出物；抓住机会；造成阻碍；清除障碍物
10071,snail,蜗牛；迟钝的人；缓慢移动
10072,snake,蛇；阴险的人；迂回前进
10073,snap,突然折断，拉断；猛咬；啪地关上；猛咬；劈啪声；突然折断；突然的
10074,snapshot,快照，快相；急射，速射；简单印象；给…拍快照；拍快照
10075,snare,陷阱；圈套；[外科] 勒除器；捕捉；诱惑
10076,snarl,咆哮；怒骂；混乱；咆哮；怒骂；缠结
10077,snatch,抢夺；抓举；小量；夺得；抽空做；及时救助
10078,sneak,溜；鬼鬼祟祟做事；向老师打小报告；鬼鬼祟祟的人；偷偷摸摸的行为；告密者；暗中进行的
10079,sneakily,偷偷摸摸地
10080,sneer,嘲笑，冷笑
10081,sneeze,打喷嚏；喷嚏
10082,snicker,偷笑，窃笑；窃笑
10083,sniff,嗅；嗤之以鼻；吸，闻；嗤之以鼻；气味；以鼻吸气；吸气声
10084,sniffle,抽鼻涕；抽噎（等于snuffle）；鼻塞声；不断的吸鼻子（等于snuffle）
10085,snigger,窃笑；偷偷的笑；吃吃窃笑；暗笑
10086,sniper,狙击兵
10087,snivel,流鼻涕；啜泣；流鼻涕；哭泣
10088,snob,势利小人，势利眼；假内行
10089,snobbery,势利，谄上欺下；摆绅士架子；势利的行为或语言
10090,snobbish,势利的
10091,snooker,斯诺克台球；阻挠
10092,snooty,傲慢的，自大的；目中无人的
10093,snore,鼾声；打呼噜；打着鼾声渡过
10094,snorkel,通气管；潜艇换气装置；用水下通气管潜航
10095,snout,鼻子；猪嘴；烟草；鼻口部；口吻状物
10096,snow,雪，积雪；下雪；降雪
10097,snub,冷落；严厉斥责；掐灭；冷落；斥责；突然的停止；制动用的；短扁上翘的
10098,snuff,剪烛花；掐灭；消灭；嗅出；鼻烟；烛花；灯花
10099,snug,舒适的；温暖的；紧身的；隐藏的；使变得温暖舒适；隐藏；偎依；舒适地蜷伏；舒适温暖的地方；雅室
10100,so,如此，这么；确是如此；所以；因此；这样；(So)人名；(柬)索
10101,soak,吸收，吸入；沉浸在（工作或学习中）；使……上下湿透；浸；湿透；大雨
10102,soap,肥皂；将肥皂涂在……上；对……拍马屁（俚语）
10103,soapy,涂着肥皂的；含有肥皂的；似肥皂的；圆滑的
10104,soar,高飞；高耸；往上飞舞；高飞；高涨
10105,sob,啜泣，呜咽；（风等）发出呜咽声；啜泣，呜咽
10106,sober,冷静的，清醒的；未醉的；使严肃；使醒酒，使清醒；(Sober)人名；(英)索伯
10107,sobriety,清醒，冷静；节制；严肃
10108,soccer,英式足球，足球
10109,sociable,社交的；好交际的；友善的；联谊会
10110,social,社会的，社交的；群居的；联谊会；联欢会
10111,socialism,社会主义
10112,socialist,社会主义者；社会党党员；社会主义的
10113,society,社会；交往；社团；社交界
10114,sociological,社会的（等于sociologic）；社会学的；针对社会问题的
10115,sociologist,社会学家
10116,sociology,社会学；群体生态学
10117,sock,短袜；一击；重击；给……穿袜；正着地；不偏不倚地；非常成功的
10118,socket,插座；窝，穴；牙槽；给…配插座
10119,sod,草地；草皮；铺上草皮；以生草土覆盖；铺草皮于
10120,soda,苏打；碳酸水
10121,sodium,[化学] 钠（11号元素，符号 Na）
10122,sofa,沙发；长椅
10123,soft,软的，柔软的；温柔的，温和的；软弱的；笨的；柔软地；温和地；柔性；柔软的东西；柔软部分
10124,soften,使温和；使缓和；使变柔软
10125,softly,温柔地；柔和地；柔软地；静静地
10126,software,软件
10127,soggy,浸水的；透湿的；沉闷的
10128,soil,土地；土壤；国家；粪便；务农；温床；弄脏；污辱
10129,Sol,索尔（男子名，等于Solomon）；（罗马神话）太阳神；黄金
10130,solace,安慰；慰藉；安慰之物；安慰；抚慰；使快乐（过去式solaced，过去分词solaced，现在分词solacing，第三人称单数solaces）
10131,solar,太阳的；日光的；利用太阳光的；与太阳相关的；日光浴室
10132,soldier,军人；[昆] 兵蚁；懒汉；一片烤面包；当兵；磨洋工；坚持干；假称害病
10133,soldierly,军人的；适于军人的；英勇的
10134,sole,鞋底；脚底；基础；鳎目鱼；唯一的；单独的；仅有的；触底；上鞋底
10135,solely,单独地，唯一地
10136,solemn,庄严的，严肃的；隆重的，郑重的
10137,solicit,征求；招揽；请求；乞求
10138,solicitor,律师；法务官；募捐者；掮客
10139,solid,固体的；可靠的；立体的；结实的；一致的；固体；立方体
10140,solidarity,团结，团结一致
10141,soliloquy,独白；自言自语
10142,solitary,孤独的；独居的；独居者；隐士
10143,solitude,孤独；隐居；荒僻的地方
10144,solo,独奏；独唱；独奏曲；独奏的；独唱的；单独的；单人攀登；单独驾；单独地
10145,soloist,独奏者；独唱者
10146,soluble,[化学] 可溶的，可溶解的；可解决的
10147,solution,解决方案；溶液；溶解；解答
10148,solve,解决；解答；溶解
10149,solvency,偿付能力；溶解力
10150,solvent,有偿付能力的；有溶解力的；溶剂；解决方法
10151,sombre,阴沉的；忧郁的；昏暗的
10152,some,一些；某个；大约；相当多的；一些；若干；其中的一部分；（数量不确切时用）有些人；非常；相当；<美>稍微
10153,somebody,大人物；重要人物；有人；某人
10154,somehow,以某种方法；莫名其妙地
10155,someone,有人，某人
10156,something,某事；某物；重要的人；值得重视的事；非常；有点；大约；大约；有点象
10157,sometime,改天；来日；在某一时候；以前的；某一时间的
10158,sometimes,有时，间或
10159,somewhat,几分；某物；有点；多少；几分；稍微
10160,somewhere,在某处；到某处；某个地方
10161,son,儿子；孩子（对年轻人的称呼）；男性后裔
10162,sonar,声纳；声波定位仪（等于asdic）
10163,sonata,奏鸣曲
10164,song,歌曲；歌唱；诗歌；鸣声
10165,sonnet,十四行诗；商籁诗
10166,soon,快；不久，一会儿；立刻；宁愿
10167,soot,煤烟，烟灰；用煤烟熏黑；以煤烟弄脏
10168,soothe,安慰；使平静；缓和
10169,sophist,诡辩家；学者，哲学家
10170,sophisticate,弄复杂；使变得世故；曲解；久经世故的人；精通者
10171,sophisticated,复杂的；精致的；久经世故的；富有经验的；使变得世故；使迷惑；篡改（sophisticate的过去分词形式）
10172,sophomore,大学二年级生；（美）有二年经验的人；二年级的；二年级学生的
10173,soprano,女高音；最高音部；女高音歌手；女高音的；童声高音的
10174,sordid,肮脏的；卑鄙的；利欲熏心的；色彩暗淡的
10175,sore,疼痛的，痛心的；剧烈的，极度的；恼火的，发怒的；厉害的，迫切的；溃疡，痛处；恨事，伤心事
10176,sorghum,高粱；[作物] 蜀黍；甜得发腻的东西
10177,sorrow,悲伤；懊悔；伤心事；懊悔；遗憾；感到悲伤
10178,sorrowful,悲伤的，伤心的
10179,sorry,遗憾的；对不起的，抱歉的；对不起，抱歉（表示委婉的拒绝等）
10180,sort,种类；方式；品质；分类；协调；交往
10181,sos,紧急求救信号；发出遇难信号
10182,soul,灵魂；心灵；精神；鬼魂；美国黑人文化的
10183,sound,听（诊）；测量，测…深；使发声；试探；宣告；声音，语音；噪音；海峡；吵闹；听力范围；[医] 探条；健全的，健康的；合理的；可靠的；有效彻底的；彻底地，充分地
10184,soup,汤，羹；马力；加速；增加马力
10185,sour,酸的；发酵的；刺耳的；酸臭的；讨厌的；发酵；变酸；厌烦；酸味；苦事
10186,source,来源；水源；原始资料
10187,south,南方，南边；南部；在南方，向南方；南的，南方的
10188,southeast,东南的；来自东南的；东南；东南地区；来自东南
10189,southerly,来自南方的；向南的；来自南方；向南；南风
10190,southern,南的；南方的；南方人
10191,southward,向南的；在南方的；向南；朝南的方向
10192,southwest,西南方；西南的；往西南；来自西南
10193,souvenir,纪念品；礼物；把…留作纪念
10194,sovereign,至高无上的；有主权的；拥有最高统治权的；不折不扣的；极好的；君主；独立国；最高统治者
10195,sovereignty,主权；主权国家；君主；独立国
10196,soviet,苏联的；苏维埃的；委员会的；苏维埃（代表会议）；委员会；代表会议
10197,sow,播种；散布；使密布；母猪
10198,spa,矿泉；温泉浴场；矿泉治疗地
10199,space,空间；太空；距离；留间隔
10200,spacecraft,[航] 宇宙飞船，航天器
10201,spaceship,[航] 宇宙飞船
10202,spacious,宽敞的，广阔的；无边无际的
10203,spade,铁锹，铲子；铲；把……弄实抹平
10204,Spain,西班牙
10205,span,跨度，跨距；范围；跨越；持续；以手指测量
10206,Spaniard,西班牙人
10207,spaniel,西班牙猎犬；恭顺的人；嬉戏；向…摇尾乞怜
10208,Spanish,西班牙的；西班牙人的；西班牙语的；西班牙语；西班牙人
10209,spanner,扳手；螺丝扳手；测量器；用手掌量的人
10210,spar,[矿物] 晶石；圆材（如桅、桁等）；争论；拳斗；争论；拳击
10211,spare,节约，吝惜；饶恕；分出，分让；多余的；瘦的；少量的；剩余；备用零件
10212,sparingly,节俭地；保守地；爱惜地
10213,spark,火花；朝气；闪光；发动；鼓舞；求婚
10214,sparkle,闪耀；火花；活力；使闪耀；使发光
10215,sparrow,麻雀；矮小的人
10216,sparse,稀疏的；稀少的
10217,spasm,[临床] 痉挛；抽搐；一阵发作
10218,spasmodic,痉挛的，痉挛性的；间歇性的
10219,spate,洪水；一阵；大雨；突然迸发
10220,spatial,空间的；存在于空间的；受空间条件限制的
10221,spatter,溅；洒；泼溅的污迹；少量；溅；洒；污蔑
10222,spawn,卵；菌丝；产物；产卵；酿成，造成；大量生产
10223,speak,说话；演讲；表明；陈述
10224,speaker,演讲者；扬声器；说话者；说某种语言的人
10225,spear,矛，枪；用矛刺
10226,spearhead,矛头；先锋；先锋部队；带头；做先锋
10227,special,特使，特派人员；特刊；特色菜；专车；特价商品；特别的；专门的，专用的
10228,specialist,专家；专门医师；专家的；专业的
10229,specialize,专门从事；详细说明；特化
10230,specially,特别地；专门地
10231,species,[生物] 物种；种类；物种上的
10232,specify,指定；详细说明；列举；把…列入说明书
10233,specimen,样品，样本；标本
10234,speck,灰尘；污点；小颗粒；使有斑点
10235,speckle,弄上斑点；点缀；斑点
10236,spectacle,景象；场面；奇观；壮观；公开展示；表相，假相 n（复）眼镜
10237,spectacular,壮观的，惊人的；公开展示的
10238,spectator,观众；旁观者
10239,spectre,幽灵；妖怪；鬼性（等于specter）
10240,spectrum,光谱；频谱；范围；余象
10241,speculate,推测；投机；思索
10242,speculative,投机的；推测的；思索性的
10243,speculator,投机者；思索者
10244,speech,演讲；讲话；[语] 语音；演说
10245,speed,超速，加速；加速，迅速前行；兴隆；速度，速率；迅速，快速；昌盛，繁荣
10246,speedometer,速度计；里程计
10247,speedway,高速公路；（摩托车或汽车的）赛车跑道；机器脚踏车的竞赛场
10248,spell,拼，拼写；意味着；招致；拼成；迷住；轮值；符咒；一段时间；魅力
10249,spelling,拼写；拼字；拼法；拼写；意味着（spell的ing形式）；迷住
10250,spend,度过，消磨（时光）；花费；浪费；用尽；预算
10251,spew,喷出；呕吐
10252,sphere,范围；球体；包围；放入球内；使…成球形；球体的
10253,spice,香料；情趣；调味品；少许；加香料于…；使…增添趣味
10254,spiced,五香的；调过味的；含香料的
10255,spicy,辛辣的；香的，多香料的；下流的
10256,spider,蜘蛛；设圈套者；三脚架
10257,spike,长钉，道钉；钉鞋；细高跟；阻止；以大钉钉牢；用尖物刺穿
10258,spill,使溢出，使流出；使摔下；溢出，溅出；溢出量；摔下；小塞子
10259,spin,旋转；纺纱；吐丝；晕眩；旋转；疾驰
10260,spinach,菠菜
10261,spindle,轴；纺锤，锭子；细长的人或物；锭子的，锭子似的；细长的；装锭子于；长得细长，变细长
10262,spine,脊柱，脊椎；刺；书脊
10263,spinner,纺纱机；纺纱工人；旋床工人；旋式诱饵
10264,spinster,老姑娘；未婚女人
10265,spiral,螺旋；旋涡；螺旋形之物；螺旋形的；盘旋的；使成螺旋形；使作螺旋形上升
10266,spire,[建] 尖顶；尖塔；螺旋；螺旋形上升；给…加塔尖
10267,spirit,精神；心灵；情绪；志气；烈酒；鼓励；鼓舞；诱拐
10268,spirited,英勇的；生机勃勃的；鼓舞（spirit的过去分词）
10269,spiritual,圣歌（尤指美国南部黑人的）；精神的，心灵的
10270,spirituality,灵性；精神性
10271,spit,吐痰；吐口水；发出劈啪声；唾液
10272,spite,不顾；恶意；怨恨；刁难；使恼怒
10273,spiteful,怀恨的，恶意的
10274,splash,溅，泼；用使液体飞溅；飞溅的水；污点；卖弄
10275,spleen,脾脏；坏脾气；怒气
10276,splendid,辉煌的；灿烂的；极好的；杰出的
10277,splendour,显赫（等于splendor）；光彩壮丽
10278,splinter,碎片；微小的东西；极瘦的人；分裂；裂成碎片
10279,split,分离；使分离；劈开；离开；分解；劈开；裂缝；劈开的
10280,splutter,劈啪声；急忙说出的话；杂乱的声音；喷溅；气急败坏地说
10281,spoil,溺爱；糟蹋；破坏；掠夺；次品；奖品
10282,spoken,口语的，口头的；说（speak的过去分词）
10283,spokesman,发言人；代言人
10284,sponge,抹掉；用海绵擦拭；讨得；海绵；海绵状物
10285,sponsor,赞助者；主办者；保证人；赞助；发起
10286,spontaneous,自发的；自然的；无意识的
10287,spook,鬼；幽灵；惊吓；鬼怪般地出没
10288,spoon,匙，勺子；一杓的量；用匙舀；使成匙状
10289,spoonful,一匙；一匙的量
10290,sporadic,零星的；分散的；不定时发生的
10291,spore,孢子；长孢子
10292,sport,运动；游戏；娱乐；运动会；玩笑；游戏；运动的
10293,sportsman,运动员；运动家；冒险家
10294,sportsmanship,运动员精神，运动道德
10295,sportswoman,女运动家；女运动员
10296,spot,地点；斑点；认出；弄脏；用灯光照射；现场的；现货买卖的；准确地；恰好
10297,spotless,无可挑剔的；无瑕疵的；纯洁的
10298,spotlight,聚光灯；反光灯；公众注意的中心；聚光照明；使公众注意
10299,spouse,配偶；和…结婚
10300,spout,喷口；水龙卷；水落管；水柱；喷出；喷射；滔滔不绝地讲；把…典当掉
10301,sprain,扭伤
10302,sprawl,蔓延；伸开手足躺；无计划地扩展；蔓生；伸开手足躺卧姿势
10303,spray,喷雾；喷雾器；水沫；喷射
10304,spread,传播；伸展；伸展的
10305,spring,春天；弹簧；泉水；活力；跳跃；春天的；生长；涌出；跃出；裂开
10306,springboard,跳板；出发点；利用跳板跃进
10307,springlock,弹簧锁
10308,sprinkle,撒，洒；少量；洒；微雨；散置
10309,sprint,冲刺，全速跑；冲刺；短跑
10310,sprout,发芽；长芽；芽；萌芽；苗芽
10311,spruce,打扮整齐；使显干净；整洁的；云杉
10312,spur,鼓舞，刺激；马刺；山坡；骑马疾驰；给予刺激
10313,spurious,假的；伪造的；欺骗的
10314,spy,侦察；发现；暗中监视；间谍；密探
10315,squabble,发生口角；大声争吵；争吵；口角
10316,squad,班；小队；五人组（篮球队的非正式说法）；把…编成班；把…编入班
10317,squadron,空军中队；一群；骑兵中队；分遣队；小舰队；把…编成中队
10318,squalid,肮脏的；污秽的；卑劣的
10319,squall,嚎啕；尖叫；暴风；麻烦；高声哭喊；尖叫
10320,squalor,肮脏；悲惨；卑劣；道德败坏
10321,squander,浪费
10322,square,平方的；正方形的；直角的；正直的；使成方形；与…一致；平方；广场；正方形；成直角地
10323,squarely,直角地；诚实地；正好；干脆地；正当地
10324,squash,镇压；把…压扁；使沉默；壁球；挤压；咯吱声；南瓜属植物；（英）果汁饮料
10325,squat,蹲，蹲下；蹲坐；蹲伏；蹲坐，蜷伏；蹲着的；矮胖的
10326,squawk,抗议；发出响而粗的叫声；大声抱怨；抗议；叫声；诉苦；故障
10327,squeak,告密；吱吱叫；侥幸成功；吱吱声；机会
10328,squeal,告密；长声尖叫；尖叫声
10329,squeamish,易呕吐的；易生气的；神经质的；过于拘谨的；洁癖的
10330,squeeze,挤；紧握；勒索；压榨；紧握；拥挤；佣金
10331,squint,眯眼看；斜视；窥视；偏移；斜视；斜孔小窗；一瞥；斜视的；斜的
10332,squire,乡绅；侍从；大地主；地方法官；随侍；护卫
10333,squirm,蠕动，扭动；羞愧，不舒服；蠕动
10334,squirrel,松鼠；松鼠毛皮；贮藏
10335,squirt,喷射；注射；喷湿
10336,stab,刺；刺伤；戳；刺穿；直入；刺；戳；尝试；突发的一阵
10337,stability,稳定性；坚定，恒心
10338,stabilize,使稳固，使安定
10339,stable,马厩；牛棚；稳定的；牢固的；坚定的；被关在马厩
10340,staccato,断奏，断音；断奏的，断音的；不连贯地
10341,stack,堆；堆叠；使堆叠；把…堆积起来
10342,stadium,体育场；露天大型运动场
10343,staff,职员；参谋；棒；支撑；职员的；行政工作的；供给人员；给…配备职员
10344,stag,牡鹿；不带女伴的舞客；阉割过的雄鹿；全是男人的；不带女伴参加晚会
10345,stage,阶段；舞台；戏剧；驿站；举行；上演；筹划
10346,stagger,蹒跚；使交错；使犹豫；蹒跚；交错安排；交错的；错开的
10347,stagnant,停滞的；不景气的；污浊的；迟钝的
10348,stagnation,停滞；滞止
10349,staid,固定的；沉着的；沉静的；古板的，保守的
10350,stain,沾污；败坏；给…着色；污点；瑕疵；着色剂
10351,stainless,不锈的；纯洁的，未被玷污的；无瑕疵的
10352,stair,楼梯，阶梯；梯级
10353,staircase,楼梯
10354,stake,桩，棍子；赌注；火刑；奖金；资助，支持；系…于桩上；把…押下打赌
10355,stale,陈腐的；不新鲜的；变陈旧；撒尿；变得不新鲜；尿
10356,stalemate,僵局；陷于困境；使僵持；使陷入困境
10357,stalk,（植物的）茎，秆；（支持叶子、果实和花的）梗，柄；追踪；高视阔步；追踪，潜近；高视阔步
10358,stall,货摊；畜栏；托辞；停止，停转；拖延
10359,stallion,种马；成年公马
10360,stalwart,坚定的；健壮的；坚定分子
10361,stamina,毅力；精力；活力；持久力
10362,stammer,口吃；结结巴巴地说；口吃；结巴
10363,stamp,邮票；印记；标志；跺脚；铭记；标出；盖章于…；贴邮票于…；用脚踩踏
10364,stampede,惊跑；人群的蜂拥；军队溃败；蜂拥；逃窜
10365,stance,立场；姿态；位置；准备击球姿势
10366,stand,站立；位于；停滞；站立；立场；看台；停止
10367,standard,标准；水准；旗；度量衡标准；标准的；合规格的；公认为优秀的
10368,standardize,使标准化；用标准检验
10369,standing,长期的；直立的；固定的；站立；持续；身分；站立；坚持不变；坐落于（stand的ing形式）
10370,standpoint,立场；观点
10371,standstill,停顿；停止
10372,stanza,演出期；局；场；诗的一节
10373,staple,主要产品；订书钉；主题；主食；主要的，大宗生产的；常用的；纺织纤维的；把…分级；钉住
10374,stapler,[轻] 订书机；主要商品批发商；把羊毛分级的人
10375,starboard,右舷；向右转舵；右舷的
10376,starch,淀粉；刻板，生硬；给…上浆
10377,stardom,演员们；明星界；明星身份
10378,stare,凝视，盯着看；显眼；凝视；注视
10379,stark,完全的；荒凉的；刻板的；光秃秃的；朴实的；完全；明显地；突出地；质朴地；(Stark)人名；(俄、罗)斯塔尔克；(英、芬、法、瑞典)斯塔克；(德)施塔克
10380,starry,布满星星的；闪闪发光的；星光照耀的；星形的；(Starry)人名；(英)斯塔里
10381,start,开始；启动；开始；起点
10382,starter,起动机；发令员；第一道菜；发射装置；发起者；参加比赛者，上场队员
10383,startle,使吓一跳；使惊奇；惊愕；惊恐
10384,starvation,饿死；挨饿；绝食
10385,starve,饿死；挨饿；渴望
10386,state,国家；州；情形；规定；声明；陈述；国家的；州的；正式的
10387,stately,庄严的；堂皇的，宏伟的
10388,statement,声明；陈述，叙述；报表，清单
10389,stateroom,政府公寓；特等舱；包房
10390,statesman,政治家；国务活动家
10391,static,静态的；静电的；静力的；静电；静电干扰
10392,station,车站；驻地；地位；身份；配置；安置；驻扎
10393,stationary,固定的；静止的；定居的；常备军的；不动的人；驻军
10394,stationery,文具；信纸
10395,statistical,统计的；统计学的
10396,statistician,统计学家，统计员
10397,statistics,统计；统计学；[统计] 统计资料
10398,statue,雕像，塑像；以雕像装饰
10399,status,地位；状态；情形；重要身份
10400,statute,[法] 法规；法令；条例
10401,statutory,法定的；法令的；可依法惩处的
10402,staunch,坚定的；忠诚的；坚固的；止住；止血；(Staunch)人名；(英)斯汤奇
10403,stay,停留；坚持；暂住；停下；逗留；停止；支柱
10404,steadfast,坚定的；不变的
10405,steady,稳定的；不变的；沉着的；稳固；稳定地；稳固地；关系固定的情侣；固定支架
10406,steak,牛排；肉排；鱼排
10407,steal,剽窃；偷偷地做；偷窃；偷窃；便宜货；偷垒；断球
10408,stealth,秘密；秘密行动；鬼祟
10409,stealthily,暗地里
10410,stealthy,鬼鬼祟祟的；秘密的
10411,steam,蒸，散发；用蒸汽处理；蒸汽；精力；蒸汽的
10412,steamer,轮船；蒸汽机；蒸笼
10413,steel,钢铁；钢制品；坚固；钢化；使冷酷；钢制的；钢铁业的；坚强的
10414,steely,似钢的，钢铁般的；钢制的；严格的；(Steely)人名；(英)斯蒂利
10415,steep,陡峭的；不合理的；夸大的；急剧升降的；泡；浸；使…充满；峭壁；浸渍
10416,steeple,尖塔；尖顶；把…建成尖塔
10417,steer,控制，引导；驾驶；阉牛
10418,stem,干；茎；船首；血统；阻止；除去…的茎；给…装柄
10419,stench,恶臭；臭气；使…散发恶臭；发恶臭
10420,step,步，脚步；步骤；步伐；梯级；踏，踩；走
10421,stereo,立体声；立体声系统；铅版；立体照片；立体的；立体声的；立体感觉的
10422,stereotype,使用铅版；套用老套，使一成不变；陈腔滥调，老套；铅版
10423,stereotypically,带有成见地
10424,sterile,不育的；无菌的；贫瘠的；不毛的；枯燥乏味的
10425,sterility,[泌尿] 不育；[妇产] 不孕；无菌；不毛；内容贫乏
10426,sterilize,消毒，杀菌；使成不毛；使绝育；使不起作用
10427,sterling,纯正的；英币的；纯银制的；英国货币；标准纯银
10428,stern,船尾；末端；严厉的；坚定的
10429,stethoscope,用听诊器诊断；[临床] 听诊器
10430,stew,炖，炖汤；焖；忧虑；受闷热；炖，炖汤；烦恼；闷热；鱼塘
10431,steward,管家；乘务员；膳务员；工会管事；当服务员；当管事；管理
10432,stewardess,女管家；女干事；女服务员
10433,stick,刺，戳；伸出；粘贴；棍；手杖；呆头呆脑的人
10434,sticky,粘的；粘性的
10435,stiff,呆板的；坚硬的；严厉的；拘谨的；僵硬地；彻底地；死尸；令人讨厌者；流通票据；劳动者；诈骗；失信
10436,stiffen,变硬；变猛烈；变粘
10437,stifle,扼杀；使窒息；藏匿；（马等的）后膝关节；（马等的）[动] 后膝关节病
10438,stigma,[植] 柱头；耻辱；污名；烙印；特征
10439,stile,阶梯
10440,still,仍然；更；静止地；静止的，不动的；寂静的，平静的；不起泡的；寂静；剧照；蒸馏室；仍然；但是；尽管如此；蒸馏；使…静止；使…平静下来
10441,stimulant,[药] 兴奋剂；刺激物；酒精饮料；激励的；使人兴奋的
10442,stimulate,刺激；鼓舞，激励
10443,stimulation,刺激；激励，鼓舞
10444,stimulus,刺激；激励；刺激物
10445,sting,刺痛；讽刺，刺激；刺毛；刺；驱使；使…苦恼；使…疼痛
10446,stink,臭味；讨厌的人；发出臭味；招人讨厌
10447,stint,节约；定额，定量；节省；限制
10448,stipend,奖学金；固定薪金；定期津贴；养老金
10449,stipulate,规定；保证；有托叶的
10450,stir,搅拌；轰动；搅拌；激起；惹起
10451,stirrup,[建] 箍筋；马镫；镫形物
10452,stitch,针脚，线迹；一针；缝，缝合
10453,stock,股份，股票；库存；血统；树干；家畜；存货的，常备的；平凡的；进货；备有；装把手于…
10454,stockbroker,[金融] 股票经纪人
10455,stockholder,股东；股票持有人
10456,stocking,长袜
10457,stoic,斯多葛学派哲学家；禁欲主义者；恬淡寡欲的人，不以苦乐为意的人；坚忍的，苦修的；斯多葛派的；禁欲主义的
10458,stoical,坚忍的；禁欲的；斯多葛学派的
10459,stoke,烧火；做司炉工；大吃大喝；(Stoke)人名；(英)斯托克
10460,stomach,胃；腹部；胃口；忍受；吃下
10461,stone,石头；结石；[宝] 宝石；石的，石制的；向扔石块；用石头铺
10462,stoneware,瓷器；石器
10463,stony,无情的；多石的；石头的
10464,stool,凳子；粪便；厕所；长新枝；分檗
10465,stoop,弯腰；屈服；堕落；弯腰，屈背；屈服
10466,stop,停止；堵塞；断绝；停止；车站；障碍；逗留
10467,stoppage,停止；故障；罢工；堵塞；扣留
10468,stopper,塞子；阻塞物；制止者；妨碍物；用塞子塞住
10469,storage,存储；仓库；贮藏所
10470,store,商店；储备，贮藏；仓库；贮藏，储存
10471,storey,[建] 楼层；叠架的一层
10472,storm,暴风雨；大动荡；起风暴；横冲直撞；狂怒咆哮
10473,story,故事；小说；新闻报道；来历；假话；用历史故事画装饰；说谎
10474,stout,结实的；矮胖的；勇敢的；激烈的；矮胖子；烈性啤酒
10475,stove,火炉；窑；温室；用火炉烤
10476,stow,装载；收藏；使暂留；堆装；(Stow)人名；(英)斯托
10477,straddle,跨坐；两腿叉开坐；跨坐
10478,straggle,迷路；落伍，掉队；四散，蔓延；散乱
10479,straight,直的；连续的；笔直的；正直的；整齐的；异性恋的；直接地；不断地；立即；坦率地；直；直线；直男，直女，异性恋者
10480,straighten,整顿；使…改正；使…挺直；使…好转
10481,straightforward,简单的；坦率的；明确的；径直的；直截了当地；坦率地
10482,strain,张力；拉紧；负担；扭伤；血缘；拉紧；尽力
10483,strained,紧张的；勉强的；牵强附会的；滤过的；使紧张（动词strain的过去式和过去分词）
10484,strait,狭窄的；苦恼的；海峡；困境
10485,straitlaced,严格的；固执的；刻板的；用系带缚紧（straitlace的过去式）
10486,strand,线；串；海滨；使搁浅；使陷于困境；弄断；使落后
10487,strange,奇怪的；陌生的；外行的；奇怪地；陌生地，冷淡地；(Strange)人名；(英)斯特兰奇；(瑞典、塞)斯特朗格
10488,stranger,陌生人；外地人；局外人
10489,strangle,把…勒死；使…窒息
10490,strap,用带捆绑；用皮条抽打；约束；带；皮带；磨刀皮带；鞭打
10491,strategic,战略上的，战略的
10492,strategist,战略家；军事家
10493,strategy,战略，策略
10494,stratify,分层；成层；使形成阶层
10495,stratum,（组织的）层；[地质] 地层；社会阶层
10496,straw,稻草；吸管；一文不值的东西；稻草的；无价值的
10497,strawberry,草莓；草莓色
10498,stray,流浪；迷路；偏离；迷路的；离群的；偶遇的；走失的家畜；流浪者
10499,streak,条纹，线条；倾向；飞跑，疾驶；加上条纹
10500,stream,溪流；流动；潮流；光线；流；涌进；飘扬
10501,streamline,把…做成流线型；使现代化；组织；使合理化；使简单化；流线；流线型；流线型的
10502,street,街道；街道的
10503,streetcar,有轨电车
10504,strength,力量；力气；兵力；长处
10505,strengthen,加强；巩固
10506,strenuous,紧张的；费力的；奋发的；艰苦的；热烈的
10507,stress,压力；强调；紧张；重要性；重读；强调；使紧张；加压力于；用重音读
10508,stressful,紧张的；有压力的
10509,stretch,"伸展,张开；（大量地）使用，消耗（金钱，时间）；使竭尽所能；使全力以赴；；伸展，延伸"
10510,stretcher,担架；延伸器
10511,strew,散播；撒满
10512,stricken,患病的；受挫折的；受…侵袭的；遭殃的
10513,strict,严格的；绝对的；精确的；详细的
10514,stricture,狭窄；苛评；非难
10515,stride,大步；步幅；进展；跨过；大踏步走过；跨坐在…
10516,strident,刺耳的；尖锐的；吱吱尖叫的；轧轧作响的
10517,strife,冲突；争吵；不和
10518,strike,打，打击；罢工；敲，敲击；抓；打动；穿透；罢工；打击；殴打
10519,striking,显著的，突出的，惊人的；打击的；罢工的；打（strike的ing形式）
10520,string,线，弦，细绳；一串，一行
10521,stringent,严格的；严厉的；紧缩的；短缺的
10522,strip,剥夺；剥去；脱去衣服；带；条状；脱衣舞
10523,stripe,条纹，斑纹；种类；加条纹于…
10524,striped,有条纹的；有斑纹的；被剥去（strip的过去分词）
10525,strive,努力；奋斗；抗争
10526,stroke,（游泳或划船的）划；中风；（打、击等的）一下；冲程；（成功的）举动；尝试；轻抚；（用笔等）画；轻抚；轻挪；敲击；划尾桨；划掉；（打字时）击打键盘
10527,stroll,漫步；闲逛；巡回演出；散步；闲逛；巡回演出
10528,strong,坚强的；强壮的；牢固的；擅长的；强劲地；猛烈地；(Strong)人名；(英)斯特朗
10529,strontium,[化学] 锶
10530,structural,结构的；建筑的
10531,structure,结构；构造；建筑物；组织；构成；建造
10532,struggle,奋斗，努力；挣扎；努力，奋斗；竞争
10533,strut,炫耀；在…上趾高气扬地走；给…加支撑；支柱；高视阔步
10534,stub,存根；烟蒂；树桩；断株；踩熄；连根拔除
10535,stubble,残株；发茬，须茬
10536,stubborn,顽固的；顽强的；难处理的
10537,stud,种马；大头钉；饰纽；壁骨；散布；用许多饰钮等装饰；种马的；为配种而饲养的
10538,student,学生；学者
10539,studio,工作室；[广播][电视] 演播室；画室；电影制片厂
10540,study,学习，研究；课题；书房；学问；学习；考虑；攻读；细察
10541,stuff,东西；材料；填充物；素材资料；塞满；填塞；让吃饱
10542,stuffing,填料，填塞物
10543,stuffy,闷热的；古板的；不通气的
10544,stumble,踌躇，蹒跚；失足；犯错；绊倒；蹒跚而行
10545,stump,树桩；残余部分；假肢；砍伐；使为难；在…作巡回政治演说
10546,stun,使震惊；打昏；给以深刻的印象；昏迷；打昏；惊倒；令人惊叹的事物
10547,stupefaction,麻醉；昏迷；麻木状态
10548,stupendous,惊人的；巨大的
10549,stupid,愚蠢的；麻木的；乏味的；傻瓜，笨蛋
10550,stupor,昏迷，恍惚；麻木
10551,sturdy,坚定的；强健的；健全的；羊晕倒病
10552,stutter,结结巴巴地说话；口吃，结巴
10553,style,风格；时尚；类型；字体；设计；称呼；使合潮流
10554,stylish,时髦的；现代风格的；潇洒的
10555,stylistic,体裁上的；格式上的；文体论的
10556,subconscious,潜意识的；下意识的；潜在意识；下意识心理活动
10557,subdue,征服；抑制；减轻
10558,subject,主题；科目；[语] 主语；国民；服从的；易患…的；受制于…的；使…隶属；使屈从于…
10559,subjection,隶属；服从；征服
10560,subjective,主观的；个人的；自觉的
10561,subjectivity,主观性，主观
10562,subjunctive,虚拟语气；虚拟的；虚拟语气的
10563,sublime,庄严的；令人崇敬的；极端的；超群的；崇高；顶点；使…纯化；使…升华；使…变高尚
10564,submarine,潜水艇；海底生物；海底的；水下的；用潜水艇攻击
10565,submerge,淹没；把…浸入；沉浸
10566,submission,投降；提交（物）；服从；（向法官提出的）意见；谦恭
10567,submissive,顺从的；服从的；柔顺的
10568,submit,使服从；主张；呈递
10569,subordinate,下属，下级；部属，属下；从属的；次要的；使……居下位；使……服从
10570,subordination,从属；附属；主从关系
10571,subscribe,订阅；捐款；认购；赞成；签署
10572,subsequent,后来的，随后的
10573,subside,平息；减弱；沉淀；坐下
10574,subsidiary,附属的；辅助的；子公司；辅助者
10575,subsidize,资助；给与奖助金；向…行贿
10576,subsidy,补贴；津贴；补助金
10577,substance,物质；实质；资产；主旨
10578,substandard,不合规格的；标准以下的
10579,substantial,大量的；实质的；内容充实的；本质；重要材料
10580,substantiate,证实；使实体化
10581,substantive,有实质的；大量的；真实的；独立存在的；名词性实词；独立存在的实体
10582,substitute,代用品；代替者；替代
10583,substitution,代替；[数] 置换；代替物
10584,subtitle,副标题；说明或对白的字幕；在…上印字幕；给…加副标题
10585,subtle,微妙的；精细的；敏感的；狡猾的；稀薄的
10586,subtlety,微妙；敏锐；精明
10587,subtly,精细地；巧妙地；敏锐地
10588,subtract,减去；扣掉
10589,subtraction,[数] 减法；减少；差集
10590,suburb,郊区；边缘
10591,suburban,郊区的，城郊的；土气的；见闻不广的；郊区居民
10592,suburbanite,郊区居民
10593,subversion,颠覆；破坏
10594,subversive,破坏性的；从事颠覆的；危险分子；颠覆分子
10595,subvert,颠覆；推翻；破坏
10596,subway,地铁；地道；乘地铁
10597,succeed,成功；继承；继任；兴旺
10598,success,成功，成就；胜利；大获成功的人或事物
10599,successful,成功的；一帆风顺的
10600,succession,连续；继位；继承权；[生态] 演替
10601,successive,连续的；继承的；依次的；接替的
10602,successor,继承者；后续的事物
10603,succour,救援物品；救助
10604,succulent,多汁的；多水分的；多汁性的；肉质植物；多汁植物
10605,succumb,屈服；死；被压垮
10606,such,这样的，如此的；(Such)人名；(英)萨奇；(德)祖赫
10607,suck,吸吮；吸取；吮吸
10608,suckle,给…哺乳；吮吸；养育
10609,suction,吸；吸力；抽吸
10610,sudden,突然的，意外的；快速的；突然发生的事
10611,suddenly,突然地；忽然
10612,sue,控告；请求；(Sue)人名；(日)末(名)；(法)休；(英)休(女子教名Susan、Susanna的昵称)
10613,suffer,遭受；忍受；经历；(Suffer)人名；(意)苏费尔
10614,sufferable,可忍耐的；可容忍的；可忍受得了的
10615,sufferance,容许；忍耐；默许
10616,suffering,受难；苦楚；受苦的；患病的；受苦；蒙受（suffer的ing形式）
10617,suffice,使满足；足够…用；合格
10618,sufficiency,足量，充足；自满
10619,sufficient,足够的；充分的
10620,suffix,添后缀；后缀；下标
10621,suffocate,受阻，受扼制；窒息
10622,suffrage,选举权；投票；参政权；代祷；赞成票
10623,sugar,糖；食糖；甜言蜜语；加糖于；粉饰
10624,suggest,提议，建议；启发；使人想起；显示；暗示
10625,suggestive,暗示的；提示的；影射的
10626,suicidal,自杀的，自杀性的；自我毁灭的；自取灭亡的
10627,suicide,自杀；自杀行为；自杀者；自杀的；自杀
10628,suit,适合；使适应；诉讼；恳求；套装，西装；一套外衣
10629,suitability,适合；适当；相配
10630,suitable,适当的；相配的
10631,suitcase,[轻] 手提箱；衣箱
10632,suite,（一套）家具；套房；组曲；（一批）随员，随从
10633,suitor,求婚者；请愿者；[法] 起诉人
10634,sulk,生气；愠怒；生气；愠怒；生气的人
10635,sulky,生气的；阴沉的
10636,sullen,愠怒的，不高兴的；（天气）阴沉的；沉闷的
10637,sully,玷污；使丢脸；污点，损伤
10638,sulphate,硫酸盐；使与硫酸化合；硫酸盐化
10639,sulphur,硫磺；硫磺色；使硫化；用硫磺处理
10640,sulphurous,含硫磺的；地狱般的
10641,sultan,苏丹（某些伊斯兰国家统治者的称号）
10642,sultry,闷热的；狂暴的；淫荡的
10643,sum,金额；总数；概括
10644,summarize,总结；概述
10645,summary,简易的；扼要的；概要，摘要，总结
10646,summon,召唤；召集；鼓起；振作
10647,summons,召唤；传票；传唤；召集；唤出；传到；传唤到法院
10648,sumo,（日）相扑
10649,sumptuous,华丽的，豪华的；奢侈的
10650,sun,太阳；使晒
10651,sunbath,日光浴；太阳灯浴
10652,sunbathe,日光浴；太阳灯浴；沐日光浴
10653,sunburn,晒黑；[皮肤] 晒斑；晒伤皮肤；晒红皮肤；晒黑皮肤
10654,Sunday,星期日；礼拜日
10655,sundial,日晷，日规；羽扇豆（产于美国东部）
10656,sundry,杂的；各式各样的；杂货；杂项
10657,sunflower,向日葵
10658,sunken,沉没的；凹陷的；比周围低的；沉没（sink的过去分词）；下沉
10659,sunlight,日光
10660,sunny,阳光充足的，和煦的；快活的；性情开朗的
10661,sunrise,日出；黎明
10662,sunset,日落，傍晚
10663,sunshine,阳光；愉快；晴天；快活
10664,sunstroke,中暑
10665,suntan,晒黑；土黄色军服；棕色
10666,super,特级的；极好的；特级品，特大号；临时雇员
10667,superb,极好的；华丽的；宏伟的；(Superb)人名；(罗)苏佩尔布
10668,superficial,表面的；肤浅的 ；表面文章的；外表的；（人）浅薄的
10669,superfluous,多余的；不必要的；奢侈的
10670,superhuman,超人的；人类能力所不能及的；属于神仙的；超人
10671,superimpose,添加；重叠；附加；安装
10672,superintend,监督；管理；主管；指挥
10673,superintendent,监督人；负责人；主管；指挥者
10674,superior,上级的；优秀的，出众的；高傲的；上级，长官；优胜者，高手；长者
10675,superiority,优越，优势；优越性
10676,superlative,最高的；最高级的；过度的；最高级；最好的人；最高程度；夸大话
10677,superman,超人，能力非凡的
10678,supermarket,超级市场；自助售货商店
10679,supernatural,超自然的；神奇的，不可思议的；超自然现象；不可思议的事
10680,supersede,取代，代替；紧接着……而到来
10681,supersonic,超音速的；超声波的；超音速；超声波
10682,superstition,迷信
10683,superstitious,迷信的；由迷信引起的
10684,supervise,监督，管理；指导
10685,supervision,监督，管理
10686,supervisor,监督人，[管理] 管理人；检查员
10687,supper,晚餐，晚饭；夜宵
10688,supplant,代替；排挤掉
10689,supple,柔软的；灵活的；顺从的；易弯曲的；逢迎的；使柔软；使顺从；(Supple)人名；(意、西)苏普莱
10690,supplement,增补，补充；增补，补充；补充物；增刊，副刊
10691,supplementary,补充的；追加的；补充者；增补物
10692,supply,供给，补给；供应品；供给，提供；补充
10693,support,支持，支撑，支援；扶持，帮助；赡养，供养；支持，维持；支援，供养；支持者，支撑物
10694,supportive,支持的；支援的；赞助的
10695,suppose,假设；认为；让（虚拟语气）；推想；假使…结果会怎样
10696,supposition,假定；推测；想像；见解
10697,suppress,抑制；镇压；废止
10698,suppression,抑制；镇压；[植] 压抑
10699,supremacy,霸权；至高无上；主权；最高地位
10700,supreme,最高的；至高的；最重要的；至高；霸权
10701,sure,确信的；可靠的；必定的；当然；的确；(Sure)人名；(英)休尔
10702,surely,当然；无疑；坚定地；稳当地
10703,surf,海浪，拍岸浪；在…冲浪
10704,surface,表面；表层；外观；表面的，肤浅的；浮出水面
10705,surfboard,冲浪板；以冲浪板滑水
10706,surge,汹涌；大浪，波涛；汹涌澎湃；巨涌；汹涌；起大浪，蜂拥而来
10707,surgeon,外科医生
10708,surgery,外科；外科手术；手术室；诊疗室
10709,surgical,外科的；手术上的；外科手术；外科病房
10710,surly,乖戾的；板面孔的，无礼的；阴沉的
10711,surmount,克服，越过；战胜
10712,surname,姓，姓氏；绰号，别名；给…起别名；给…姓氏
10713,surpass,超越；胜过，优于；非…所能办到或理解
10714,surplus,剩余；[贸易] 顺差；盈余；过剩；剩余的；过剩的
10715,surprise,惊奇，诧异；突然袭击；使惊奇；奇袭；令人惊讶的
10716,surprising,令人惊讶的；意外的；使惊奇；意外发现（surprise的ing形式）
10717,surreal,超现实主义的；离奇的；不真实的
10718,surrealist,超现实主义者；超现实主义的
10719,surrender,使投降；放弃；交出；听任；投降；放弃；交出；屈服
10720,surreptitious,秘密的；鬼鬼祟祟的；暗中的
10721,surrogate,代理；代用品；遗嘱检验法官；代理；指定某人为自己的代理人；代理的；替代的
10722,surround,围绕；包围；围绕物；环绕立体声的
10723,surveillance,监督；监视
10724,survey,调查；测量；审视；纵览；调查；勘测；俯瞰
10725,survival,幸存，残存；幸存者，残存物
10726,survive,幸存；生还；幸免于；比活得长
10727,survivor,幸存者；生还者；残存物
10728,susceptibility,敏感性；感情；磁化系数
10729,susceptible,易受影响的；易感动的；容许…的；易得病的人
10730,suspect,嫌疑犯；可疑的；不可信的；怀疑；猜想
10731,suspend,延缓，推迟；使暂停；使悬浮
10732,suspender,袜吊；吊裤带；悬挂物
10733,suspenders,吊裤带；裤子背带（suspender的复数）
10734,suspense,悬念；悬疑；焦虑；悬而不决
10735,suspension,悬浮；暂停；停职
10736,suspicious,可疑的；怀疑的；多疑的
10737,sustain,维持；支撑，承担；忍受；供养；证实
10738,sustenance,食物；生计；支持
10739,swagger,吓唬；趾高气扬地行走或行事；大摇大摆；吹牛；威吓；下摆散开状的女式短大衣；炫耀的；时髦的
10740,swallow,忍受；吞没；燕子；一次吞咽的量
10741,swamp,沼泽；湿地；使陷于沼泽；使沉没；使陷入困境
10742,swan,天鹅；天鹅星座；游荡，闲荡
10743,swap,交换；交换之物；与交换；以作交换
10744,swarm,挤满；成群浮游；云集；蜂群；一大群
10745,swathe,包围；紧绑；裹；带子，绷带；包装品
10746,sway,影响；统治；使摇动；影响；摇摆；统治
10747,swear,发誓；咒骂；宣誓；诅咒
10748,sweat,使出汗；流出；使干苦活；剥削；藉出汗减轻；焦急地期待；汗；水珠；焦急；苦差使
10749,sweater,毛线衣，运动衫；大量出汗的人，发汗剂
10750,sweatshirt,运动衫；T-恤衫
10751,sweatshop,血汗工厂；剥削劳力的工厂
10752,Swede,瑞典人；瑞典甘蓝
10753,sweep,扫除；猛拉；掸去；打扫，扫除；范围；全胜
10754,sweeping,扫除；垃圾；彻底的；广泛的；扫荡的；打扫；扫除（sweep的现在分词形式）
10755,sweet,甜的；悦耳的；芳香的；亲切的；糖果；乐趣；芳香；宝贝
10756,sweetheart,爱人；心上人；向…求爱；与…恋爱；爱慕；恋爱；私下签订的；私下达成的
10757,swell,膨胀；肿胀；隆起；肿胀；隆起；漂亮的；一流的
10758,swerve,转弯；突然转向；背离；转向；偏离的程度
10759,swift,褐雨燕；快的；迅速的；敏捷的；立刻的；迅速地
10760,swim,游泳；漂浮；浸；眩晕；游泳；漂浮；眩晕；游泳时穿戴的
10761,swimmer,游泳者
10762,swindle,欺诈；骗局；诈骗；骗取
10763,swindler,骗子
10764,swine,猪；卑贱的人
10765,swing,摇摆；摆动；秋千；音律；涨落；摇摆；转向；悬挂；大摇大摆地行走；旋转的；悬挂的；强节奏爵士音乐的
10766,swipe,猛击；偷窃；刷…卡；猛击；尖刻的话
10767,swirl,漩涡；打旋；涡状形；盘绕；打旋；眩晕；大口喝酒
10768,Swiss,瑞士的；瑞士人的；瑞士风格的；瑞士人；瑞士腔调
10769,switch,转换；用鞭子等抽打；开关；转换；鞭子
10770,switchboard,配电盘；接线总机
10771,Switzerland,瑞士（欧洲国家）
10772,swivel,转环；转椅座架；使旋转
10773,swollen,肿胀的，浮肿的；浮夸的；激动兴奋的
10774,swoop,猛扑；突然袭击；突然下降；飞扑；猛扑；俯冲；突然袭击
10775,sword,刀，剑；武力，战争
10776,syllabic,音节的；音节主音
10777,syllable,音节；划分音节；按音节发音；讲话
10778,syllabus,教学大纲，摘要；课程表
10779,symbol,象征；符号；标志
10780,symbolic,象征的；符号的；使用符号的
10781,symbolise,象征，代表（等于symbolize）
10782,symbolism,象征，象征主义；符号论；记号
10783,symmetric,对称的；匀称的
10784,symmetry,对称（性）；整齐，匀称
10785,sympathetic,同情的；交感神经的；共鸣的；赞同的；和谐的；合意的；交感神经；容易感受的人
10786,sympathize,同情，怜悯；支持
10787,sympathy,同情；慰问；赞同
10788,symphonic,交响乐的；交响性的；和声的
10789,symphony,交响乐；谐声，和声
10790,symposium,讨论会，座谈会；专题论文集；酒宴，宴会
10791,synagogue,犹太教会堂；犹太人集会
10792,syndicate,辛迪加；企业联合；财团；联合成辛迪加；组成企业联合组织
10793,syndrome,[临床] 综合症状；并发症状；校验子；并发位
10794,synonym,同义词；同义字
10795,synonymous,同义的；同义词的；同义突变的
10796,synopsis,概要，大纲
10797,synoptic,天气的；概要的；对观福音书的
10798,syntactic,句法的；语法的；依据造句法的
10799,syntax,语法；句法；有秩序的排列
10800,synthesis,综合，[化学] 合成；综合体
10801,synthesize,合成；综合
10802,synthetic,综合的；合成的，人造的；合成物
10803,syphilis,[性病] 梅毒
10804,syringe,注射，冲洗；注射器；洗涤器
10805,system,制度，体制；系统；方法
10806,systematic,系统的；体系的；有系统的；[图情] 分类的；一贯的，惯常的
10807,systematise,使系统化；使有秩序（等于systematize）
10808,tab,标签；制表；帐单；给…贴标签
10809,table,桌子；表格；平地层；制表；搁置；嵌合；桌子的
10810,tablecloth,桌布；台布
10811,tablet,碑；药片；写字板；小块；平板电脑；用碑牌纪念；将(备忘录等)写在板上；将…制成小片或小块
10812,taboo,禁忌；禁止；禁忌的；忌讳的
10813,tacit,缄默的；不言而喻的；心照不宣的；默许的
10814,tacitly,肃静地；沉默地；心照不宣地
10815,taciturn,沉默寡言的；无言的，不太说话的
10816,tackle,滑车；装备；用具；扭倒；处理；抓住；固定；与…交涉
10817,tacky,俗气的；发黏的；缺乏教养或风度的
10818,tact,机智；老练；圆滑；鉴赏力
10819,tactful,机智的；圆滑的；老练的
10820,tactical,战术的；策略的；善于策略的
10821,tactician,战术家；谋士
10822,taffeta,塔夫绸；平纹皱丝织品；似塔夫绸的；塔夫绸做的
10823,tag,标签；名称；结束语；附属物；尾随，紧随；连接；起浑名；添饰
10824,tail,尾巴；踪迹；辫子；燕尾服；尾随；装上尾巴；从后面而来的；尾部的
10825,tailor,剪裁；使合适；裁缝
10826,tailplane,水平尾翼；水平安定面
10827,taint,污染；腐蚀；使感染；污点；感染
10828,take,拿，取；采取；接受（礼物等）；买，花费；耗费（时间等）；捕获量；看法；利益，盈益；（入场券的）售得金额
10829,takeaway,外卖的；外吃的；外卖食品；外卖餐馆
10830,takeover,接管；验收
10831,takings,[会计] 收入；[金融] 进款
10832,tale,故事；传说；叙述；流言蜚语
10833,talent,才能；天才；天资
10834,talented,有才能的；多才的
10835,talk,说；谈话；讨论；谈话；演讲；空谈
10836,talkative,饶舌的；多话的；多嘴的；爱说话的
10837,tall,高的；长的；过分的；夸大的；夸大地；(Tall)人名；(马里、阿拉伯)塔勒；(芬、罗、瑞典)塔尔；(英)托尔；(土)塔勒
10838,tally,计数器；标签；记账；使符合；计算；记录
10839,tame,驯服的；平淡的；乏味的；顺从的；驯养；使变得平淡；制服；(Tame)人名；(捷)塔梅
10840,tamper,篡改；干预；损害；削弱；玩弄；贿赂；填塞者；捣棒
10841,tan,（日晒后皮肤的）黝黑色；棕褐色；鞣料；马戏团；鞣（革）；晒成褐色；黄褐色的；鞣皮的
10842,tangent,切线的，相切的；接触的；离题的；[数] 切线，[数] 正切
10843,tangerine,橘子
10844,tangible,有形的；切实的；可触摸的；有形资产
10845,tangle,纠纷；混乱状态；使纠缠；处于混乱状态
10846,tank,坦克；水槽；池塘；把…贮放在柜内；打败
10847,tanker,油轮；运油飞机；油槽车；坦克手
10848,tanner,制革工人；六便士
10849,tannic,单宁的；得自鞣革的
10850,tantalise,使…干着急；逗弄（等于tantalize）
10851,tantamount,同等的；相当于…的
10852,tantrum,发脾气；发怒
10853,tap,轻敲；轻打；装上嘴子；水龙头；轻打
10854,tape,胶带；磁带；带子；卷尺；录音；用带子捆扎；用胶布把…封住
10855,taper,细蜡烛，烛芯；逐渐变弱；锥形物；逐渐减少；逐渐变弱
10856,tapestry,织锦；挂毯；绣帷；用挂毯装饰
10857,tapeworm,[基医] 绦虫
10858,tar,焦油；柏油；水手；涂以焦油；玷污
10859,target,目标；靶子；把……作为目标；规定……的指标；瞄准某物
10860,tariff,关税表；收费表；定税率；征收关税
10861,tarmac,柏油碎石路面；铺有柏油碎石的飞机跑道
10862,tarnish,晦暗，无光泽；污点；玷污；使……失去光泽；使……变灰暗
10863,tarry,等候；逗留；耽搁；逗留；涂了焦油的
10864,tart,酸的；锋利的；尖刻的；果馅饼；妓女；打扮
10865,tartan,格子呢（苏格兰）；格子呢的
10866,tartly,辛辣地；锋利地
10867,task,分派任务；工作，作业；任务
10868,taste,味道；品味；审美；尝；体验
10869,tasty,美味的；高雅的；有趣的；可口的东西；引人入胜的东西
10870,tatters,破衣服；梭织者；碎片（tatter的复数）；撕碎；把…穿破（tatter的三单形式）
10871,tattoo,文身；刺花纹于
10872,tattooist,文身的人
10873,taunt,嘲弄；讥讽；奚落；逗弄；很高的
10874,taut,拉紧的；紧张的；整洁的；使纠缠；使缠结；(Taut)人名；(德)陶特
10875,tavern,酒馆；客栈
10876,tawdry,非常华丽的；廉价而俗丽的；俗丽的东西；廉价而俗丽之物
10877,tax,向…课税；使负重担；税金；重负
10878,taxation,课税，征税；税款
10879,taxi,乘出租车；滑行；出租汽车
10880,tea,茶叶；茶树；茶点；给…沏茶；喝茶；进茶点
10881,teach,教；教授；教导；(Teach)人名；(英)蒂奇
10882,teacher,教师；导师
10883,teacup,茶碗，茶杯；一茶杯容量；心理极其脆弱、不堪一击的人
10884,teak,柚木
10885,team,队；组；使合作
10886,teapot,茶壶
10887,tearful,含泪的；令人伤心的
10888,tease,取笑；戏弄；梳理；欺负；强求；使起毛；戏弄；爱纠缠的小孩；挑逗者；卖弄风骚的女孩
10889,teaspoon,茶匙；一茶匙的量
10890,technical,工艺的，科技的；技术上的；专门的
10891,technicality,学术性；专门性；术语，专门语
10892,technician,技师，技术员；技巧纯熟的人
10893,technique,技巧，技术；手法
10894,technocracy,专家管理；专家政治论，技术统治论
10895,technology,技术；工艺；术语
10896,teddy,连衫衬裤；泰迪玩具熊
10897,tedious,沉闷的；冗长乏味的
10898,tedium,沉闷；单调乏味；厌烦
10899,teem,大量出现；充满；(Teem)人名；(英)蒂姆
10900,teenager,十几岁的青少年；十三岁到十九岁的少年
10901,teens,十多岁，十几岁；青少年
10902,teeter,摇晃；玩跷跷板；步履蹒跚；摇摇欲坠；岌岌可危；跷跷板；摇摆
10903,telecommunications,通讯行业：服务类型变更，缴纳话费，账户总览等所有业务均可通过移动设备完成
10904,telegram,电报；用电报发送；发电报
10905,telegraph,[通信] 电报机，电报；电汇；流露出；打电报给…
10906,telephone,（美）电话；电话机；电话耳机；打电话
10907,telescope,压缩；使套叠；望远镜；缩叠式旅行袋
10908,televise,用电视播放
10909,television,电视，电视机；电视业
10910,telex,电传；电传机；用户直通电报；用电传拍发；用直通电报拍发
10911,tell,告诉，说；辨别；吩咐；断定；(Tell)人名；(英、德、瑞典)特尔；(罗、意)泰尔；(阿拉伯)塔勒
10912,teller,（美）出纳员；讲述者；讲故事者；计票员
10913,telling,有效的；生动的；显著的；命令；叙述；吐露真情；告诉；讲述（tell的ing形式）；命令
10914,temper,脾气；（钢等）回火；性情；倾向；使回火；锻炼；调和；使缓和
10915,temperament,气质，性情，性格；急躁
10916,temperamental,喜怒无常的；性情的；易兴奋的
10917,temperate,温和的；适度的；有节制的
10918,temperature,温度；体温；气温；发烧
10919,temple,庙宇；寺院；神殿；太阳穴
10920,tempo,速度，发展速度；拍子
10921,temporal,暂时的；当时的；现世的；世间万物；暂存的事物
10922,temporary,暂时的，临时的；临时工，临时雇员
10923,tempt,诱惑；引起；冒…的风险；使感兴趣
10924,temptation,引诱；诱惑物
10925,ten,十个，十；(Ten)人名；(英)坦恩；(意)泰恩；(柬)登
10926,tenancy,租期；租用
10927,tenant,承租人；房客；佃户；居住者；租借（常用于被动语态）
10928,tend,趋向，倾向；照料，照顾
10929,tendency,倾向，趋势；癖好
10930,tender,温柔的；柔软的；脆弱的；幼稚的；难对付的；偿付，清偿；看管人；小船；提供，偿还；使…变嫩；使…变柔软
10931,tendon,[解剖] 腱
10932,tenet,原则；信条；教义
10933,tenor,男高音；要旨，大意；票据的限期；稳定的进程；男高音的
10934,tense,紧张的；拉紧的；变得紧张；使拉紧；时态
10935,tensile,[力] 拉力的；可伸长的；可拉长的
10936,tension,张力，拉力；紧张，不安；电压；使紧张；使拉紧
10937,tent,帐篷；住处；帷幕；用帐篷遮盖；使在帐篷里住宿
10938,tentative,试验性的，暂定的；踌躇的；假设，试验
10939,tenth,第十；十分之一；十分之一的；第十个的
10940,tenuous,纤细的；稀薄的；贫乏的
10941,tenure,任期；占有；授予…终身职位
10942,tepid,微温的，温热的；不太热烈的；不热情的
10943,term,术语；学期；期限；条款；(代数式等的)项；把…叫做
10944,terminal,末端；终点；终端机；极限；末端的；终点的；晚期的
10945,terminate,使终止；使结束；解雇；结束的
10946,terminology,术语，术语学；用辞
10947,terrace,平台；梯田；阳台；使成梯田，使成阶地；使有平台屋顶；（女服）叠层式的
10948,terracotta,陶瓦；赤土陶器；赤土色
10949,terrain,[地理] 地形，地势；领域；地带
10950,terrestrial,地球的；陆地的，[生物] 陆生的；人间的；陆地生物；地球上的人
10951,terrible,可怕的；很糟的；令人讨厌的；很，非常
10952,terrific,极好的；极其的，非常的；可怕的
10953,terrify,恐吓；使恐怖；使害怕
10954,territory,领土，领域；范围；地域；版图
10955,terror,恐怖；恐怖行动；恐怖时期；可怕的人
10956,terrorist,恐怖主义者，恐怖分子
10957,terry,厚绒布；毛毛圈；起毛毛圈的
10958,terse,简洁的，精练的，扼要的
10959,tertiary,第三纪；第三修道会会员；第三级教士；第三的；第三位的；三代的
10960,test,试验；检验；试验；测试
10961,testament,[法] 遗嘱；圣约；确实的证明
10962,testator,立遗嘱者
10963,testify,证明，证实；作证
10964,testimony,[法] 证词，证言；证据
10965,tether,范围；系链；拴绳；用绳或链拴住
10966,text,[计] 文本；课文；主题；发短信
10967,textbook,教科书，课本
10968,textile,纺织品，织物；纺织的
10969,textual,本文的；按原文的
10970,texture,质地；纹理；结构；本质，实质
10971,than,比（用于形容词、副词的比较级之后）；除…外（用于other等之后）；与其…（用于 rather等之后）；一…就（用于 no sooner等之后）；比；超过；(Than)人名；(老、柬、德)坦；(缅)丹
10972,thank,感谢；谢谢
10973,thankful,感谢的；欣慰的
10974,thanksgiving,感恩
10975,that,那；那个；那么；那样；因为；以至于；(That)人名；(德)塔特
10976,thatch,茅草，杂草；浓密的头发；茅草屋顶；用茅草覆盖屋顶
10977,thaw,融解；变暖和；解冻；融雪
10978,the,这；那；更加（用于比较级，最高级前）
10979,theatre,电影院，戏院；戏剧；阶梯式讲堂
10980,theatrical,戏剧性的；剧场的，戏剧的；夸张的；做作的
10981,thee,你（古英语thou的宾格）；(Thee)人名；(德)特厄
10982,theft,盗窃；偷；赃物
10983,their,他们的，她们的；它们的；(Their)人名；(英)蒂尔；(芬、瑞典)泰尔
10984,theirs,他们的；她们的；它们的
10985,them,他们；它们；她们；(Them)人名；(老)探
10986,thematic,主题的，主旋律的；题目的；语干的
10987,theme,主题；主旋律；题目；以奇想主题布置的
10988,themselves,他们自己；他们亲自
10989,then,然后；那么；于是；当时；此外；那时；然后，当时
10990,theologian,神学者；空头理论家
10991,theological,神学的，神学上的
10992,theology,神学；宗教体系
10993,theorem,[数] 定理；原理
10994,theoretical,理论的；理论上的；假设的；推理的
10995,theory,理论；原理；学说；推测
10996,therapeutic,治疗的；治疗学的；有益于健康的；治疗剂；治疗学家
10997,therapist,临床医学家；治疗学家
10998,therapy,治疗，疗法
10999,there,在那里；在那边；在那点上；你瞧；那个地方
11000,thereabout,在那附近；大约
11001,thereafter,其后；从那时以后
11002,thereby,从而，因此；在那附近；在那方面
11003,therefore,因此；所以
11004,therein,在其中；在那里
11005,thereof,它的；由此；在其中；关于…；将它
11006,thereto,另外；到那
11007,thereupon,于是；随即；关于那，在其上
11008,therewith,随其；于是；以其；与此
11009,thermal,热的；热量的；保热的；上升的热气流
11010,thermocouple,[电] 热电偶
11011,thermodynamics,热力学
11012,thermometer,温度计；体温计
11013,thermonuclear,[核] 热核的；高热原子核反应的
11014,thermostat,恒温器；自动调温器；为…配备恒温器；用恒温器控制
11015,thesaurus,宝库；辞典；知识宝库；分类词汇汇编
11016,these,这些；这些的
11017,thesis,论文；论点
11018,they,他们；它们；她们
11019,thick,最拥挤部分；活动最多部分；事物的粗大浓密部分；厚的；浓的；粗大的；密集地；浓浓地，厚厚地
11020,thicket,[林] 灌木丛；丛林；错综复杂
11021,thief,小偷，贼
11022,thigh,大腿，股
11023,thin,薄的；瘦的；稀薄的；微弱的；使瘦；使淡；使稀疏；稀疏地；微弱地；细小部分
11024,thing,事情；东西；事物；情况
11025,think,想；认为；想起；想像；打算；想；想法；思想的
11026,thinker,思想家；思想者
11027,thinking,思考的；思想的；有理性的；好思考的；思考；思想；想法；意见；见解；思考（think的现在分词）
11028,third,第三；三分之一；第三的；三分之一的
11029,thirst,渴望；口渴；热望；渴望；口渴
11030,thirsty,口渴的，口干的；渴望的，热望的
11031,thirteen,十三；十三岁；十三个；十三；十三的；十三个的
11032,thirteenth,第十三的；十三分之一的；第十三；十三分之一
11033,thirtieth,第三十；三十分之一；第三十个的；三十分之一的
11034,thirty,三十年代；三十；三十个的
11035,this,这；这个；这里；这；本；这个；今；这样地；这么；(This)人名；(法)蒂斯
11036,thistle,[植] 蓟
11037,thorn,刺；[植] 荆棘
11038,thorough,彻底的；十分的；周密的
11039,thoroughbred,受过严格训练的人；良种动物；良种的；受过严格训练的；优秀的
11040,thoroughfare,大道，通路
11041,those,那些的；那些（that的复数）
11042,thou,你；尔，汝（古时候的叫法）；(Thou)人名；(法、柬)图
11043,though,可是，虽然；不过；然而；虽然；尽管；但
11044,thought,思想；思考；想法；关心；想，思考；认为（think的过去式和过去分词）
11045,thoughtful,深思的；体贴的；关切的
11046,thoughtless,轻率的；欠考虑的；考虑不周的；不顾及他人的
11047,thoughtlessness,欠考虑；不体贴
11048,thousand,一千；一千个；许许多多；成千的；无数的
11049,thrash,打；使逆行；打谷；逆风浪行进；踢水动作
11050,thread,线；螺纹；思路；衣服；线状物；玻璃纤维；路线；穿过；穿线于；使交织
11051,threadbare,磨破的；衣衫褴褛的；乏味的；俗套的
11052,threat,威胁，恐吓；凶兆
11053,threaten,威胁；恐吓；预示
11054,three,三，三个；三；三的，三个的
11055,thresh,推敲；打谷；反复做；打谷
11056,threshold,入口；门槛；开始；极限；临界值
11057,thrice,三次；三倍地；非常，十分
11058,thrift,节俭；节约；[植] 海石竹
11059,thrifty,节约的；茂盛的；成功的
11060,thrill,激动；震颤；紧张；使…颤动；使…紧张；使…感到兴奋或激动
11061,thriller,惊险小说；使人毛骨悚然的东西；使人毛骨悚然的小说
11062,thrive,繁荣，兴旺；茁壮成长
11063,throat,喉咙；嗓子，嗓音；窄路；开沟于；用喉音说
11064,throatily,喉音地；嘶哑地
11065,throb,悸动；抽动；颤动；跳动着作痛；充满活力；悸动；脉搏
11066,throne,王座；君主；王权；登上王座
11067,throng,人群；众多；群集；挤满；拥挤的
11068,throttle,节流阀；[车辆] 风门；喉咙；压制，扼杀；使……窒息；使……节流
11069,through,通过；穿过；凭借；彻底；从头至尾；直达的；过境的；完结的
11070,throughout,自始至终，到处；全部；贯穿，遍及
11071,throughput,生产量，生产能力
11072,throw,投；抛；掷；投掷；冒险
11073,thrush,画眉；[口腔] 鹅口疮；蹄叉腐疽
11074,thrust,[力] 推力；刺；插；插入；推挤
11075,thud,砰的一声；重击；砰的一声掉下；发出砰声
11076,thug,暴徒；恶棍；刺客
11077,thumb,翻阅；以拇指拨弄；作搭车手势；笨拙地摆弄；拇指
11078,thumbtack,图钉；用图钉钉住
11079,thump,重击；用拳头打；砰地撞到；重打；重击声
11080,thunder,雷；轰隆声；恐吓；打雷；怒喝
11081,thunderclap,霹雳；雷声；晴天霹雳似的消息
11082,thunderous,像打雷的，隆轰隆响的；多雷的，强有力的
11083,thunderstorm,[气象] 雷暴；雷暴雨；大雷雨
11084,Thursday,星期四
11085,thus,因此；从而；这样；如此；因此；乳香
11086,thwart,挫败；反对；阻碍；横过；横放的；固执的；划手座；独木舟的横梁；横过
11087,thy,你的；(Thy)人名；(柬)提
11088,thyroid,甲状腺；甲状软骨；甲状腺剂；甲状腺的；盾状的
11089,tiara,女式冕状头饰；（罗马教皇的）三重冕
11090,tick,标记号于；滴答地记录；滴答声；扁虱；记号；赊欠
11091,ticket,票；入场券，标签；（美）候选人名单；证明书；交通罚款单；加标签于；指派；对…开出交通违规罚单
11092,tickle,使发痒；使高兴；使满足；胳肢；痒感；使人发痒、高兴的东西
11093,tidal,潮汐的；潮的，有关潮水的；定时涨落的；(Tidal)人名；(瑞典)蒂达尔
11094,tide,趋势，潮流；潮汐；随潮漂流
11095,tidy,整齐的；相当大的；整理；收拾；弄整齐；椅子的背罩
11096,tie,系；约束；打结；与…成平局；领带；平局；鞋带；领结；不分胜负
11097,tier,层，排；行，列；等级；使层叠；成递升排列
11098,tiger,老虎；凶暴的人
11099,tight,紧的；密封的；绷紧的；麻烦的；严厉的；没空的；吝啬的；紧紧地；彻底地；(Tight)人名；(英)泰特
11100,tighten,变紧；使变紧
11101,tile,瓷砖，瓦片；铺以瓦；铺以瓷砖
11102,till,[地理][水文] 冰碛；放钱的抽屉；备用现金；直到；直到为止；耕种；犁
11103,tilt,倾斜；翘起；以言词或文字抨击；倾斜
11104,timber,木材；木料
11105,time,时间；时代；次数；节拍；倍数；计时；测定…的时间；安排…的速度；定时的；定期的；分期的
11106,timely,及时的；适时的；及时地；早
11107,timetable,时间表；时刻表；课程表
11108,timid,胆小的；羞怯的
11109,timidity,胆怯，胆小；羞怯
11110,tin,锡；罐头，罐；马口铁；锡制的；涂锡于；给…包马口铁
11111,tinder,火绒；易燃物
11112,tinge,淡色；些许味道；风味；微染；使带气息
11113,tingle,感到刺痛；（耳朵等）鸣响；刺痛感；激动；鸣响
11114,tinker,补锅匠；修补匠；焊锅；（美）小鲭鱼；做焊锅匠；焊补；笨手笨脚地做事
11115,tinkle,使发清脆的声响；叮当声
11116,tinny,锡的；含锡的；像锡的；有锡味的；(Tinny)人名；(罗)廷尼
11117,tint,色彩；浅色；染（发）；给…着色
11118,tiny,微小的；很少的；(Tiny)人名；(葡、印)蒂尼
11119,tip,给小费；翻倒；倾覆；小费；尖端；小建议，小窍门；轻拍
11120,tipper,给小费的人；翻斗卡车；倾卸车之搬运夫
11121,tiptoe,脚尖；趾尖；用脚尖走；用脚尖；踮着脚走的；偷偷摸摸的
11122,tirade,激烈的长篇演说
11123,tire,疲劳；厌倦；轮胎；头饰
11124,tired,疲倦的；厌倦的，厌烦的；疲倦；对…腻烦（tire的过去分词形式）
11125,tiresome,烦人的，无聊的；令人讨厌的
11126,tissue,组织；纸巾；薄纱；一套；饰以薄纱；用化妆纸揩去
11127,titan,巨人；提坦；太阳神
11128,titanic,巨大的；四价钛的；泰坦尼克号
11129,title,冠军；标题；头衔；权利；字幕；加标题于；赋予头衔；把…称为；冠军的；标题的；头衔的
11130,to,向前；（门等）关上；到；向；（表示时间、方向）朝…方向；(To)人名；(柬)多；(中)脱(普通话·威妥玛)
11131,toad,蟾蜍；癞蛤蟆；讨厌的家伙
11132,toast,干杯；烤面包；接受敬酒的人；（在某领域）广受赞誉的人；向…祝酒，为…干杯
11133,tobacco,烟草，烟叶；烟草制品；抽烟
11134,tobacconist,（主英）烟草商；烟草制品零售商
11135,today,今天；现今
11136,toddle,东倒西歪的走路；刚学走步的小孩；蹒跚学步；东倒西歪地走；散步
11137,toe,脚趾；足尖；用脚尖走；以趾踏触
11138,toenail,脚趾甲；[木] 斜钉
11139,toffee,乳脂糖，太妃糖
11140,together,一起；同时；相互；连续地；总共；新潮的；情绪稳定的，做事有效率的
11141,toil,辛苦；苦工；网；圈套；辛苦工作；艰难地行进
11142,toilet,厕所，盥洗室；梳妆，打扮；梳妆，打扮；给…梳妆打扮
11143,token,表征；代币；记号；象征的；表意的；作为对某事的保证的；象征；代表
11144,tolerable,可以的；可容忍的
11145,tolerance,公差；宽容；容忍；公差
11146,tolerant,宽容的；容忍的；有耐药力的
11147,tolerate,忍受；默许；宽恕
11148,toleration,宽容，忍受，默认；耐受性
11149,toll,通行费；代价；钟声；伤亡人数；征收；敲钟
11150,tom,雄性动物（尤指雄猫）；汤姆（人名）；〈美口〉(像汤姆叔一样)逆来顺受
11151,tomato,番茄，西红柿
11152,tomb,坟墓；死亡；埋葬
11153,tomorrow,明天；未来；明天；未来地（等于to-morrow）
11154,ton,吨；很多，大量
11155,tonal,色调的；音调的
11156,tone,语气；色调；音调；音色；增强；用某种调子说
11157,tongs,[机] 夹具；钳子（tong的复数）；用钳夹取（tong的三单形式）
11158,tongue,舌头；语言；舔；斥责；用舌吹
11159,tonic,补药；主调音或基音；滋补的；声调的；使精神振作的
11160,tonight,在今晚；今晚
11161,tonnage,吨位，载重量；船舶总吨数，排水量
11162,too,太；也；很；还；非常；过度
11163,tool,工具，用具；器械，机床；手段；使用工具；用机床装备工厂
11164,tooth,牙齿；给……装齿；啮合
11165,toothache,[口腔] 牙痛
11166,toothbrush,牙刷
11167,toothpaste,牙膏
11168,top,顶部，顶端；上部；首席；陀螺；高出，超越；结束；达到顶点；最高的，顶上的；头等的
11169,topic,主题（等于theme）；题目；一般规则；总论
11170,topographer,地形学者；地志学者
11171,topple,倾倒；倒塌；摇摇欲坠；(Topple)人名；(英)托佩尔
11172,topsoil,表层土；上层土
11173,torch,火把，火炬；手电筒；启发之物；像火炬一样燃烧
11174,torment,折磨，使痛苦；纠缠，作弄；痛苦，苦恼；痛苦的根源
11175,tornado,[气象] 龙卷风；旋风；暴风；大雷雨
11176,torpedo,鱼雷；水雷；油井爆破筒；电鳐；职业杀手；破坏；用鱼雷袭击
11177,torrent,奔流；倾注；迸发；连续不断
11178,torrential,猛烈的，汹涌的；奔流的
11179,torrid,晒热的；热情的
11180,torsion,扭转，扭曲；转矩，[力] 扭力
11181,torso,躯干；裸体躯干雕像；未完成的作品；残缺不全的东西
11182,tortoise,龟，[脊椎] 乌龟（等于testudo）；迟缓的人
11183,tortuous,扭曲的，弯曲的；啰嗦的
11184,torture,折磨；拷问；歪曲
11185,Tory,保守党员；保守主义的
11186,toss,投掷；摇荡；投掷的距离；掷币赌胜负；投掷；使…不安；突然抬起；使…上下摇动；与…掷币打赌
11187,total,全部的；完全的；整个的；总数达；总数，合计
11188,totalitarian,极权主义的；极权主义者
11189,totalitarianism,极权主义
11190,totter,蹒跚；踉跄；蹒跚的步子
11191,touch,接触；触动；使轻度受害；接触；触觉；格调；少许
11192,touchdown,着陆，降落；触地；触地得分
11193,touching,动人的，令人同情的；至于，关于；接触；感动（touch的ing形式）
11194,tough,艰苦的，困难的；坚强的，不屈不挠的；坚韧的，牢固的；强壮的，结实的；恶棍；坚持；忍受，忍耐；强硬地，顽强地
11195,tourism,旅游业；游览
11196,tourist,旅行者，观光客；旅游的；在旅行参观；旅游；观光；坐旅游车厢；坐经济舱
11197,tournament,锦标赛，联赛；比赛
11198,tout,兜售；招徕；刺探赛马情报；侦查者；兜售者
11199,tow,拖；麻的粗纤维；拖曳所用之绳；拖；牵引；曳
11200,toward,向；对于；为了；接近；即将来到的，进行中的；(Toward)人名；(英)特沃德
11201,towel,毛巾，手巾；[纸] 纸巾；用毛巾擦
11202,tower,塔；高楼；堡垒；高耸；超越
11203,town,城镇，市镇；市内商业区
11204,townsfolk,市民；镇民
11205,township,镇区；小镇
11206,townsman,市民，镇民；同乡人
11207,toxic,有毒的；中毒的
11208,toy,玩具；小装饰品；不值钱的东西；玩弄；调情；随随便便地对待；作为玩具的；玩物似的
11209,trace,追溯；沿路走；痕迹，踪迹；微量；[仪] 迹线；缰绳
11210,track,轨道；足迹，踪迹；小道；追踪；通过；循路而行；用纤拉
11211,tract,束；大片土地，地带；小册子
11212,tractable,易于管教的；易驾驭的；易处理的；驯良的
11213,tractor,拖拉机；牵引机
11214,trade,贸易，交易；行业；职业；交易，买卖；以物易物
11215,trademark,商标
11216,tradesman,商人；（英）店主；零售商；手艺人
11217,tradition,惯例，传统；传说
11218,traditional,传统的；惯例的
11219,traffic,交通；运输；贸易；[通信] 通信量；用…作交换；在…通行
11220,trafficker,贩子；商人；从事违法勾当者
11221,tragedian,悲剧演员；悲剧作家
11222,tragedy,悲剧；灾难；惨案
11223,tragic,悲剧的；悲痛的，不幸的
11224,trail,追踪；拖；蔓延；落后于；小径；痕迹；尾部；踪迹；一串，一系列
11225,trailer,拖车；[电视] 预告片；追踪者；乘拖车式活动房屋旅行；用拖车载运
11226,train,火车；行列；长队；裙裾；培养；训练；瞄准
11227,training,训练；培养；瞄准；整枝；训练；教养（train的ing形式）
11228,trait,特性，特点；品质；少许
11229,traitor,叛徒；卖国贼；背信弃义的人
11230,tram,电车轨道；煤车；用煤车运载
11231,tramp,流浪；践踏，踩；脚步沉重地行走；流浪者；沉重的脚步声；徒步旅行
11232,trample,践踏；蔑视，伤害；蹂躏；践踏声
11233,trance,恍惚；出神；着迷，入迷；使恍惚；使发呆
11234,tranquil,安静的，平静的；安宁的；稳定的
11235,tranquility,宁静；平静
11236,transcend,胜过，超越
11237,transcendental,先验的；卓越的，[数] 超越的；超自然的
11238,transcendentalism,超越论；先验论
11239,transcribe,转录；抄写
11240,transfer,转让；转移；传递；过户；转让；转学；换车
11241,transfigure,使变形；使改观；美化；理想化
11242,transform,改变，使…变形；转换
11243,transformation,[遗] 转化；转换；改革；变形
11244,transfuse,输血；灌输；注入
11245,transient,短暂的；路过的；瞬变现象；过往旅客；候鸟
11246,transistor,晶体管（收音机）
11247,transit,运输；经过；运送
11248,transition,过渡；转变；[分子生物] 转换；变调
11249,transitive,及物的；过渡的；可迁的；传递；及物动词
11250,transitory,短暂的，暂时的；瞬息的
11251,translate,翻译；转化；解释；转变为；调动
11252,translation,翻译；译文；转化；调任
11253,translator,译者；翻译器
11254,translucent,透明的；半透明的
11255,transmission,传动装置，[机] 变速器；传递；传送；播送
11256,transmit,传输；传播；发射；传达；遗传
11257,transmutation,变形；变化；演变
11258,transmute,使变形；使变质
11259,transparency,透明，透明度；幻灯片；有图案的玻璃
11260,transparent,透明的；显然的；坦率的；易懂的
11261,transpire,发生；蒸发；泄露
11262,transplant,移植；迁移；使移居；移植；移植器官；被移植物；移居者
11263,transport,运输；运输机；狂喜；流放犯；运输；流放；使狂喜
11264,transportation,运输；运输系统；运输工具；流放
11265,transpose,调换；移项；颠倒顺序；转置阵
11266,transposition,[数] 移项；调换；换置；变调
11267,trap,诱捕；使…受限制；使…陷入困境；陷阱；圈套；[建] 存水湾
11268,trash,垃圾；废物；丢弃；修剪树枝
11269,trauma,[外科] 创伤（由心理创伤造成精神上的异常）；外伤
11270,traveller,旅行者
11271,traverse,穿过；横贯；横木；穿过；反对；详细研究；在…来回移动；横贯的
11272,trawl,拖网；排钩；用拖网捕鱼
11273,trawler,拖网渔船；拖网捕鱼的人
11274,tray,托盘；文件盒；隔底匣；（无线电的）发射箱
11275,treacherous,奸诈的，叛逆的，背叛的；危险的；不牢靠的
11276,treachery,背叛；变节；背叛行为
11277,tread,踏；胎面；步态；鞋底；踏板；梯级；踏；踩；践踏；跳；踩出
11278,treason,[法] 叛国罪；不忠
11279,treasonable,不忠的；叛逆的，谋反的
11280,treasure,财富，财产；财宝；珍品；珍爱；珍藏
11281,treat,治疗；对待；探讨；视为；请客；款待
11282,treatise,论述；论文；专著
11283,treatment,治疗，疗法；处理；对待
11284,treaty,条约，协议；谈判
11285,treble,三倍的；最高声部的；三层的；三重的；三倍；最高声部；变成三倍
11286,tree,树；木料；树状物；把赶上树
11287,treeline,林木线（山顶上树木生长的上限）
11288,trek,艰苦跋涉；（牛）拉（货车）；搬运
11289,tremble,发抖；战栗；焦虑；摇晃；颤抖；战栗；摇晃
11290,tremendous,极大的，巨大的；惊人的；极好的
11291,tremor,[医] 震颤；颤动
11292,trench,沟，沟渠；战壕；堑壕；掘沟
11293,trend,趋势，倾向；走向；趋向，伸向
11294,trespass,侵入；犯罪；打扰；冒犯；罪过；非法侵入；过失；擅自进入
11295,trestle,[交] 栈桥，高架桥；支架，搁凳
11296,trial,试验；审讯；努力；磨炼；试验的；审讯的
11297,triangle,三角（形）；三角关系；三角形之物；三人一组
11298,triangular,三角的，[数] 三角形的；三人间的
11299,tribal,部落的；种族的；(Tribal)人名；(法)特里巴尔
11300,tribe,部落；族；宗族；一伙
11301,tribunal,法庭；裁决；法官席
11302,tributary,纳贡的；附属的；辅助的；支流；进贡国；附属国
11303,tribute,礼物；[税收] 贡物；颂词；（尤指对死者的）致敬，悼念，吊唁礼物
11304,trick,诡计；恶作剧；窍门；花招；骗局；欺诈；欺骗；哄骗；装饰；打扮；特技的；欺诈的；有决窍的
11305,trickle,滴；细细地流；慢慢地移动；滴，淌；细流
11306,tricky,狡猾的；机警的
11307,trifle,琐事；蛋糕；少量；开玩笑；闲混；嘲弄
11308,trigger,引发，引起；触发；扳机；[电子] 触发器；制滑机
11309,trill,颤音；啭声；颤声；用颤音唱；用颤声说
11310,trilogy,三部曲；三部剧
11311,trim,修剪；整理；装点；修剪；整齐；情形；整齐的
11312,trinity,三位一体；三人一组；三个一组的东西；三倍
11313,trinket,小装饰品；不值钱的小玩意儿；密谋
11314,trip,绊倒；远足；犯错误；轻快地走；旅行；绊倒；差错
11315,triple,三倍的；三方的；三倍数；三个一组；增至三倍
11316,tripod,[摄] 三脚架；三脚桌
11317,tripper,远足者；旅行者；绊跌者
11318,triumph,胜利，凯旋；欢欣；获得胜利，成功
11319,triumphant,成功的；得意洋洋的；狂欢的
11320,trivia,琐事
11321,trivial,不重要的，琐碎的；琐细的
11322,trolley,手推车；（美）有轨电车（等于trolley car）；（英）无轨电车（等于trolleybus）；空中吊运车；乘电车；用手推车运
11323,trombone,长号，伸缩喇叭
11324,troop,军队；组；群；多数；群集；成群而行；结队
11325,trophy,奖品；战利品；纪念品；用战利品装饰；显示身份的；有威望的
11326,tropic,热带；回归线；热带的
11327,tropical,热带的；热情的；酷热的
11328,trot,（人）慢跑；马小跑的步态；小跑的马蹄声；刚学步的小孩；老太婆；腹泻；（学生作弊用的）译文对照本；（马）小跑；（人）慢跑；快步走
11329,trouble,麻烦；烦恼；故障；动乱；麻烦；使烦恼；折磨
11330,troublemaker,捣乱者，闹事者；惹麻烦的人
11331,troubleshooter,故障检修工；解决纠纷者；解决麻烦问题的能手
11332,troublesome,麻烦的；讨厌的；使人苦恼的
11333,trough,水槽，水槽；低谷期；饲料槽；低气压
11334,trounce,痛打；严责；打败
11335,troupe,剧团；一班；一团；巡回演出
11336,trousers,裤子，长裤
11337,trout,鳟鱼，鲑鱼
11338,truant,旷课者；懒惰的人；旷课的；偷懒的；逃学；偷懒，逃避责任
11339,truce,停战；休战；休战协定；以休战结束；停止争执；停战
11340,truck,卡车；交易；手推车；驾驶卡车；以物易物；（美）运货汽车的
11341,trudge,跋涉；步履艰难地走；长途跋涉；沉重的步伐
11342,true,真实的；正确的；真实地；准确地；真实；准确；装准
11343,truism,自明之理；老生常谈；老套；众所周知；真实性
11344,truly,真实地，不假；真诚地；(Truly)人名；(英)特鲁利
11345,trump,王牌；法宝；喇叭；胜过；打出王牌赢
11346,trumpet,喇叭；喇叭声；吹喇叭；吹嘘
11347,trundle,滚动；小脚轮；使滚动；运送
11348,trunk,树干；躯干；象鼻；汽车车尾的行李箱；把…放入旅行箱内；干线的；躯干的；箱子的
11349,trust,信任，信赖；责任；托拉斯；信任，信赖；盼望；赊卖给
11350,trustee,受托人；托管人；移交（财产或管理权）给受托人
11351,trustworthy,可靠的；可信赖的
11352,truth,真理；事实；诚实；实质
11353,truthful,真实的；诚实的
11354,try,试图，努力；试验；审判；考验；尝试；努力；试验
11355,trying,难受的；难堪的；费劲的；令人厌烦的；尝试（try的ing形式）；试验
11356,tryout,试验；选拔赛；预赛
11357,tsar,沙皇（大权独揽的人物）
11358,tub,浴盆；桶；把…装入桶；为…洗盆浴；洗盆浴；（衣服等）被放在桶里洗
11359,tuba,大号，低音兼次中音大号；（管风琴的）簧管音栓
11360,tube,管；电子管；隧道；电视机；使成管状；把…装管；用管输送
11361,tuberculosis,肺结核；结核病
11362,tubular,管状的
11363,tuck,卷起；挤进；用某物舒适地裹住；使有褶裥；收拢；大口吃；使隐藏；食物；船尾突出部；缝摺；抱膝式跳水；活力；鼓声
11364,Tuesday,星期二
11365,tuft,一簇；丛生植物；一丛；用丛毛装饰；丛生
11366,tug,拖船；拖曳；苦干；用力拉；竞争；努力做
11367,tuition,学费；讲授
11368,tulip,郁金香
11369,tumble,摔倒；倒塌；滚动；打滚；仓惶地行动；跌倒；翻筋斗；跌跤
11370,tummy,肚子；胃
11371,tumour,[肿瘤] 瘤；肿瘤；肿块
11372,tumult,骚动；骚乱；吵闹；激动
11373,tumultuous,吵闹的；骚乱的；狂暴的
11374,tuna,金枪鱼，鲔鱼
11375,tune,曲调；和谐；心情；调整；使一致；为…调音
11376,tunnel,隧道；坑道；洞穴通道；挖；在…打开通道；在…挖掘隧道
11377,turbid,浑浊的；混乱的；雾重的
11378,turbine,[动力] 涡轮；[动力] 涡轮机
11379,turbot,大比目鱼
11380,turbulence,骚乱，动荡；[流] 湍流；狂暴
11381,turbulent,骚乱的，混乱的；狂暴的；吵闹的；激流的，湍流的
11382,turf,草皮；泥炭；跑马场；覆草皮于
11383,Turkey,土耳其（横跨欧亚两洲的国家）
11384,turmoil,混乱，骚动
11385,turn,转动，使旋转；转弯；翻过来；兑换；转弯；变化；(损害或有益于别人的)行为，举动，举止
11386,Turner,特纳（姓氏）
11387,turning,转向；旋转；回转；转弯处；旋转（turn的ing形式）
11388,turnip,萝卜；芜菁甘蓝，大头菜
11389,turnout,产量；出席者；参加人数；出动；清除；[公路] 岔道
11390,turnover,翻覆；[贸易] 营业额；流通量；半圆卷饼；失误；翻过来的；可翻转的
11391,turnpike,[税收] 收费高速公路；收税关卡
11392,turret,炮塔；角楼；小塔；攻城用仰冲车
11393,turtle,龟，甲鱼；海龟
11394,turtleneck,圆翻领；高翻领毛衣；圆翻领的
11395,tutelage,监护；指导
11396,tutor,辅导；约束；导师；家庭教师；助教
11397,tutorial,辅导的；家庭教师的，个别指导的；个别指导
11398,tweed,花呢；花呢服装
11399,twelfth,第十二的，第十二个的；十二分之一的；第十二；月的第十二日
11400,twelve,十二；十二个；十二的；十二个的
11401,twentieth,二十分之一；第二十的；二十分之一的；第二十
11402,twenty,二十；二十年代；二十；二十的
11403,twice,两次；两倍
11404,twig,理解；小枝；嫩枝；末梢
11405,twilight,黎明，黄昏；薄暮；衰退期；朦胧状态；黄昏；薄暮；衰退期；朦胧状态
11406,twin,使成对；双胞胎中一人；双胞胎的
11407,twinkle,闪烁；发亮；闪烁
11408,twirl,使快速转动，使快速旋转；捻弄；转动，旋转；旋转的东西；万能钥匙
11409,twist,捻；拧；扭伤；编织；使苦恼；扭曲；拧；扭伤
11410,twitch,抽搐；抽动；痉挛；阵痛；抽搐；抽动；阵痛
11411,two,两个；两个的；二
11412,type,类型，品种；模范；样式；打字；测定（血等）类型
11413,typewriter,打字机
11414,typhoon,[气象] 台风
11415,typical,典型的；特有的；象征性的
11416,typist,打字员，打字者
11417,typographical,印刷上的；排字上的
11418,typography,排印；[印刷] 活版印刷术；印刷格式
11419,tyrannical,残暴的；暴君的；专横的
11420,tyrannize,施行暴政；欺压
11421,tyranny,暴政；专横；严酷；残暴的行为（需用复数）
11422,tyrant,暴君
11423,tyre,装轮胎于；[橡胶] 轮胎；轮箍
11424,ubiquitous,普遍存在的；无所不在的
11425,ugly,丑陋的；邪恶的；令人厌恶的
11426,ulcer,[病理] 溃疡；腐烂物；道德败坏
11427,ulterior,将来的，较远的；在那边的；隐秘不明的
11428,ultimate,最终的；极限的；根本的；终极；根本；基本原则
11429,ultimatum,最后通牒；最后结论；基本原理
11430,ultrasonic,[声] 超声的；超音速的；超声波
11431,ultrasound,超声；超音波
11432,ultraviolet,紫外的；紫外线的；紫外线辐射，紫外光
11433,umbrella,雨伞；保护伞；庇护；伞形结构
11434,umpire,当裁判，任裁判；裁判员，仲裁人
11435,unabashed,不害羞的；不畏惧的；厚脸皮的
11436,unabated,不减弱的，不衰退的
11437,unable,不会的，不能的；[劳经] 无能力的；不能胜任的
11438,unacceptable,不能接受的；不受欢迎的
11439,unaccountable,无责任的；莫名其妙的；不可理解的
11440,unaffected,不受影响的；自然的；真挚的；不矫揉造作的
11441,unanimous,全体一致的；意见一致的；无异议的
11442,unashamed,无耻的；恬不知耻的；问心无愧的
11443,unassuming,谦逊的；不装腔作势的；不出风头的
11444,unaware,不知道的，无意的；未察觉到的；意外地；不知不觉地
11445,unawares,不知不觉地；出其不意地；不料
11446,unbearable,难以忍受的；承受不住的
11447,unbecoming,不适当的，不相称的；不合身的，不得体的
11448,uncanny,神秘的；离奇的；可怕的
11449,unceremonious,随便的，不拘礼节的；无礼貌的
11450,uncertain,无常的；含糊的；靠不住的；迟疑不决的
11451,uncharitable,严厉的；无情的；不宽恕的；无慈悲心的
11452,uncle,叔叔；伯父；伯伯；舅父；姨丈；姑父
11453,uncomfortable,不舒服的；不安的
11454,uncompromising,不妥协的，不让步的；坚定的
11455,unconcern,不关心；不感兴趣；冷淡
11456,unconditional,无条件的；绝对的；无限制的
11457,unconscious,无意识的；失去知觉的；不省人事的；未发觉的
11458,uncooperative,不合作的；不配合的
11459,uncouth,笨拙的；粗野的；不舒适的；陌生的
11460,uncover,发现；揭开；揭露
11461,under,低于，少于；在之下；在下面；在下方；下面的；从属的
11462,underachieve,未能充分发挥学习潜力；学习成绩不良
11463,underbrush,林下灌木丛；矮树丛
11464,undercharge,充电不足；索价低于常价；弹药装填不足；充电不足；低的索价；填不够量的火药
11465,underclass,下层阶级，下层社会；一、二年级学生
11466,undercover,秘密的，秘密从事的；从事间谍活动的
11467,undercut,廉价出售；较便宜的工资工作；从下边削球；底切；牛腰部下侧嫩肉；砍口；切球
11468,underdeveloped,不发达的
11469,underdog,比赛中不被看好者；失败者；受压迫者；斗败了的狗
11470,underdone,半生不熟的；未煮透的；不尽全力做；使…不煮透（underdo的过去分词）
11471,underestimate,低估；看轻；低估
11472,undergo,经历，经受；忍受
11473,undergraduate,大学生；大学肄业生；大学生的
11474,underground,在地下；秘密地；地下的；秘密的；先锋派的；地下；地铁；地道；地下组织；秘密活动；先锋派团体
11475,undergrowth,发育不全；生长在大树下的灌木；动物身上长在长毛下面的浓密绒毛
11476,underhand,（球赛时投球）下投的；阴险的；欺诈地；以下手投
11477,underlie,成为……的基础；位于……之下
11478,underline,强调；在…下面划线；预告；下划线；下期节目预告
11479,underling,下属，部下；走卒
11480,undermine,破坏，渐渐破坏；挖掘地基
11481,underneath,在…的下面；在…的形式下；在…的支配下；在下面；在底下；下面；底部；下面的；底层的
11482,underpass,地下通道；[交] 下穿交叉道
11483,underprivileged,贫困的；被剥夺基本权力的；社会地位低下的
11484,undersell,抛售；以低于市价售出
11485,underside,下面；阴暗面
11486,understand,理解；懂；获悉；推断；省略
11487,understandable,可以理解的；可以了解的
11488,understanding,谅解，理解；理解力；协议；了解的；聪明的；有理解力的；理解；明白（understand的ing形式）
11489,understate,少说，少报；保守地说；有意轻描淡写
11490,understudy,候补演员；替工；练习代演；当…的替手；实地演习
11491,undertake,承担，保证；从事；同意；试图
11492,undertaker,承担者；承办人；殡仪业者
11493,underwater,在水中的；水面下的；在水下；水下
11494,underwear,内衣物
11495,underworld,黑社会；地狱；下层社会；尘世
11496,underwrite,给保险；承诺支付；签在下
11497,undesirable,不良的；不受欢迎的；不合需要的；不良分子；不受欢迎的人
11498,undignified,不庄重的；无威严的
11499,undo,取消；解开；破坏；扰乱
11500,undoubted,无疑的；确实的
11501,undue,过度的，过分的；不适当的；未到期的
11502,undulate,起伏，波动；震动；呈波浪形；波动的；起伏的；波浪形的
11503,unduly,过度地；不适当地；不正当地
11504,unearth,发掘；揭露，发现；从洞中赶出
11505,uneasiness,不安；担忧；局促
11506,uneasy,不舒服的；心神不安的；不稳定的
11507,uneatable,不能吃的；不适合食用的
11508,uneconomic,不经济的；浪费的
11509,uneducated,无知的；未受教育的；未受教育（uneducate的过去分词）
11510,unemployed,失业的；未被利用的
11511,unemployment,失业；失业率；失业人数
11512,unequivocal,明确的；不含糊的
11513,unethical,不道德的；缺乏职业道德的
11514,uneven,不均匀的；不平坦的；[数] 奇数的
11515,unexpected,意外的，想不到的
11516,unfailing,经久不衰的；可靠的；无穷尽的
11517,unfair,不公平的，不公正的
11518,unfaithful,不忠实的；不诚实的；不准确的
11519,unfamiliar,不熟悉的；不常见的；没有经验的
11520,unfathomable,深不可测的；无底的；莫测高深的
11521,unfold,打开；呈现
11522,unforeseen,未预见到的，无法预料的
11523,unforgettable,难忘的
11524,unfortunate,不幸的；令人遗憾的；不成功的
11525,ungainly,笨拙的；不雅的；笨拙地；不雅地
11526,ungodly,邪恶的；不敬畏神的；荒唐的
11527,ungracious,无礼貌的，没规矩的；没有教养的；讨厌的
11528,ungrateful,忘恩负义的；不领情的；讨厌的；徒劳的
11529,unhappy,不快乐的；不幸福的；不适当的
11530,unhealthy,不健康的；危险的；有害身心健康的
11531,unicorn,独角兽；麒麟
11532,uniform,统一的；一致的；相同的；均衡的；始终如一的；制服；使穿制服；使成一样
11533,unify,统一；使相同，使一致
11534,unilateral,单边的；[植] 单侧的；单方面的；单边音；（父母）单系的
11535,uninformed,无知的；未被通知的；未受教育的；不学无术的
11536,unintelligible,莫名其妙的；无法了解的
11537,uninviting,讨厌的，无吸引力的；无魅力的
11538,union,联盟，协会；工会；联合
11539,unique,独特的，稀罕的；[数] 唯一的，独一无二的；独一无二的人或物
11540,unisex,男女皆宜的
11541,unison,和谐；齐唱；同度；[声] 同音
11542,unit,单位，单元；装置；[军] 部队；部件
11543,unite,使…混合；使…联合；使…团结
11544,united,一致的，统一的；团结的，和睦的
11545,unity,团结；一致；联合；个体
11546,universal,普遍的；通用的；宇宙的；全世界的；全体的；一般概念；普通性
11547,universe,宇宙；世界；领域
11548,university,大学；综合性大学；大学校舍
11549,unjust,不公平的，不公正的；非正义的
11550,unkempt,蓬乱的，不整洁的；（言语等）粗野的
11551,unkind,无情的；不仁慈的，不厚道的
11552,unknown,未知的；陌生的，默默无闻的；未知数；未知的事物，默默无闻的人
11553,unlawful,非法的；私生的
11554,unleash,发动；解开…的皮带；解除…的束缚
11555,unless,除非，如果不；除…之外
11556,unlike,不同的，不相似的；和…不同，不像
11557,unlikely,不太可能的；没希望的；未必
11558,unlimited,无限制的；无限量的；无条件的
11559,unlisted,未上市的；未编入册的
11560,unload,卸；摆脱…之负担；倾销
11561,unlock,开启；开…的锁；表露
11562,unnatural,不自然的；反常的；不近人情的
11563,unnecessary,不必要的；多余的，无用的
11564,unnerve,使失去勇气；使身心交疲；使焦躁；使失常
11565,unobtrusive,不唐突的；谦虚的；不引人注目的
11566,unoccupied,空闲的；没人住的；未占领的；无人占领的
11567,unofficial,非官方的；非正式的
11568,unorthodox,非正统的；异端的；异教的
11569,unpack,卸下…；解除…的负担
11570,unpalatable,味道差的，难吃的；讨人厌的，使人不快的
11571,unparalleled,无比的；无双的；空前未有的
11572,unpleasant,讨厌的；使人不愉快的
11573,unplug,去掉…的障碍物；拔去…的塞子或插头
11574,unpopular,不流行的，不受欢迎的
11575,unprecedented,空前的；无前例的
11576,unpredictable,不可预知的；不定的；出乎意料的；不可预言的事
11577,unprejudiced,没有成见的；公平的；无偏见的
11578,unpretentious,谦逊的；含蓄的；不炫耀的；不铺张的
11579,unprincipled,无原则的；不道德的，不正直的；不合人道的
11580,unprofessional,非职业性的，非专业的；外行的
11581,unqualified,不合格的；无资格的；不胜任的；不受限制的；无条件的；绝对的
11582,unquestionable,毫无疑问的；确实的；无可挑剔的
11583,unquestioning,不提出疑问的；不犹豫的；盲目的；无异议的；无条件的
11584,unravel,解开；阐明；解决；拆散
11585,unreal,不真实的；假的；幻想的；虚构的
11586,unreasonable,不合理的；过度的；不切实际的；非理智的
11587,unrelenting,无情的；不屈不挠的；不松懈的
11588,unremitting,不懈的；不间断的；坚忍的
11589,unrest,不安；动荡的局面；不安的状态
11590,unruly,不守规矩的；任性的；难驾驭的
11591,unscrew,旋开；旋松；从旋出螺丝
11592,unseemly,不适宜的；不得体的；不得体地；不适宜地
11593,unsettle,使动摇；使不安定；使心神不宁
11594,unsettled,未决定的；怀疑的；未处理的；不整齐的
11595,unsightly,难看的；不雅观的
11596,unskilled,不熟练的；拙劣的；无需技能的；不熟练；无技能（unskill的过去式和过去分词形式）
11597,unsociable,不爱交际的；不与人亲近的；不和气的
11598,unsuspecting,不怀疑的；未猜想到…的
11599,unswerving,坚定的；始终不渝的；不歪的
11600,untenable,（论据等）站不住脚的；不能维持的；不能租赁的；难以防守的
11601,untidy,不整洁的，凌乱的；懒散的；不干净利落的，不简练的；不适宜的；使不整洁；使杂乱无章
11602,untie,解开；解决；使自由
11603,until,在…以前；直到…时；在…以前；到…为止
11604,untimely,不合时宜的；过早的；不合时宜地；过早地
11605,untiring,不知疲倦的；不屈不挠的；坚持不懈的
11606,untold,数不清的；未说过的；未透露的；无限的
11607,untouchable,达不到的；不可批评的；不可捉摸的
11608,untruth,虚假，不真实；谎言
11609,unusual,不寻常的；与众不同的；不平常的
11610,unveil,使公之于众，揭开；揭幕
11611,unwieldy,笨拙的；笨重的；不灵便的；难处理的
11612,unwilling,不愿意的；不情愿的；勉强的
11613,unwind,放松；解开；[计] 展开
11614,unwise,不明智的；愚蠢的；轻率的
11615,unwitting,不知情的；不知不觉的，无意的；使精神错乱；使丧失智能（unwit的ing形式）
11616,unworldly,非尘世的；精神上的，非物质的；天真的
11617,up,起来；上涨；向上；在…之上；向…的较高处；涨的；起床的；向上的；上升；繁荣
11618,upcoming,即将来临的
11619,update,更新；校正，修正；使现代化；更新；现代化
11620,upfront,预付的；在前面的；正直的，坦率的；在前面；提前支付（工资）
11621,upgrade,使升级；提升；改良品种；升级；上升；上坡；往上；向上的
11622,upheaval,剧变；隆起；举起
11623,uphold,支撑；鼓励；赞成；举起
11624,upholster,装饰；用（挂毯、家具等）布置；为（沙发等）装上垫子
11625,upkeep,维持；维修费；保养
11626,uplift,提高；抬起；举起，抬起；道德的向上；精神的高涨
11627,upmarket,质优价高的；高级的；在高档之列；高档商品；使进入高消费者市场；进入高消费者市场
11628,upper,上面的，上部的；较高的；(Upper)人名；(英)厄珀
11629,upright,正直的，诚实的；垂直的，直立的；笔直的；合乎正道的；垂直；竖立
11630,uprising,起义；升起；升起的；起义（uprise的ing形式）；升起
11631,uproar,骚动；喧嚣
11632,upset,使心烦；颠覆；扰乱；心烦的；混乱的；弄翻的；混乱；翻倒；颠覆
11633,upside,优势，上面
11634,upstairs,在楼上，向楼上；上楼；往楼上；楼上的；楼上
11635,upstart,暴发户；自命不凡的人；傲慢自负的人；暴富的；自命不凡的；使…突然跳起；使…崛起；突然跳起；崛起
11636,upstream,逆流地；向上游；向上游的；逆流而上的；上游部门
11637,upsurge,高潮，高涨；涌起，高涨
11638,uptown,住宅区；住宅区的；（美）在住宅区；（美）在城镇非商业区
11639,upward,向上的；上升的；向上
11640,uranium,[化学] 铀
11641,urban,城市的；住在都市的；(Urban)人名；(西)乌尔万；(斯洛伐)乌尔班；(德、俄、罗、匈、塞、波、捷、瑞典、意)乌尔班；(英)厄本；(法)于尔邦
11642,urge,力劝，催促；驱策，推进；强烈的欲望，迫切要求；推动力
11643,urgent,紧急的；急迫的
11644,urinate,小便，撒尿
11645,urine,尿
11646,us,我们
11647,usage,使用；用法；惯例
11648,use,使用；用途；发挥；利用；耗费
11649,used,习惯的；二手的，使用过的；用（use的过去式）；（used to）过去常做
11650,useful,有用的，有益的；有帮助的
11651,useless,无用的；无效的
11652,user,用户
11653,usher,引座员，带位员；接待员；门房；引导，招待；迎接；开辟
11654,usual,通常的，惯例的；平常的
11655,usually,通常，经常
11656,usurer,高利贷者；贷款人
11657,usurp,篡夺；夺取；侵占
11658,utensil,用具，器皿
11659,utilitarian,功利的；功利主义的；实利的；功利主义者
11660,utility,实用；效用；公共设施；功用；实用的；通用的；有多种用途的
11661,utilize,利用
11662,utmost,极限；最大可能；极度的；最远的
11663,utopia,乌托邦（理想中最美好的社会）；理想国
11664,utter,发出，表达；发射；完全的；彻底的；无条件的；(Utter)人名；(德、芬)乌特
11665,vacancy,空缺；空位；空白；空虚
11666,vacant,空虚的；空的；空缺的；空闲的；茫然的；(Vacant)人名；(法)瓦康
11667,vacate,空出，腾出；辞职；休假
11668,vacation,假期；（房屋）搬出；休假，度假
11669,vaccinate,接种疫苗；被接种牛痘者
11670,vaccination,接种疫苗；种痘
11671,vaccine,疫苗；牛痘苗；疫苗的；牛痘的
11672,vacuum,真空；空间；真空吸尘器；真空的；利用真空的；产生真空的；用真空吸尘器清扫
11673,vagabond,流浪的；流浪者的；浪荡的；漂泊的；流浪者；浪子；流氓；懒汉；到处流浪
11674,vagrant,流浪的；漂泊的；游荡的；游民；流浪者；无赖；漂泊者
11675,vague,模糊的；含糊的；不明确的；暧昧的；(Vague)人名；(法)瓦格；(英)韦格
11676,vaguely,含糊地；暧昧地；茫然地
11677,vain,徒劳的；自负的；无结果的；无用的
11678,valentine,情人；情人节礼物
11679,valiant,英勇的，勇敢的；勇士；勇敢的人
11680,valid,有效的；有根据的；合法的；正当的
11681,validate,证实，验证；确认；使生效
11682,validity,[计] 有效性；正确；正确性
11683,valley,山谷；流域；溪谷
11684,valour,勇猛
11685,valuable,有价值的；贵重的；可估价的；贵重物品
11686,value,值；价值；价格；重要性；确切涵义；评价；重视；估价
11687,values,价值观念；价值标准
11688,van,先锋；厢式货车；增值网；用车搬运
11689,vandal,文化艺术的破坏者；蓄意破坏者；破坏文化艺术的
11690,vandalism,汪达尔人作风；故意毁坏文物的行为；破坏他人财产的行为
11691,vanguard,先锋；前锋科学卫星
11692,vanilla,香子兰，香草；香草味的
11693,vanish,消失；突然不见；成为零；弱化音
11694,vanity,虚荣心；空虚；浮华；无价值的东西
11695,vanquish,征服；击败；克服；抑制（感情等）
11696,vantage,优势；有利情况
11697,vaporize,蒸发
11698,vapour,蒸气（等于vapor）；水蒸气
11699,variable,变量的；可变的；易变的，多变的；变异的，[生物] 畸变的；[数] 变量；可变物，可变因素
11700,variant,不同的；多样的；变体；转化
11701,variation,变化；[生物] 变异，变种
11702,varicose,静脉曲张的；曲张的，肿胀的
11703,variety,多样；种类；杂耍；变化，多样化
11704,various,各种各样的；多方面的
11705,vary,变化；变异；违反；(Vary)人名；(英、法、罗、柬)瓦里
11706,vase,瓶；花瓶
11707,vast,广阔的；巨大的；大量的；巨额的；浩瀚；广阔无垠的空间
11708,vat,把…盛入大桶；把…放入大桶里染；大桶；瓮染料制剂桶
11709,vault,拱顶；撑竿跳；地下室；跳跃；成穹状弯曲
11710,veal,小牛（等于vealer）；小牛肉
11711,veer,转向；改变观点；风向顺时针转；调转船尾向上风；转向；方向的转变
11712,vegetable,蔬菜；植物；植物人；蔬菜的；植物的
11713,vegetarian,素食者；食草动物；素食的
11714,vegetation,植被；植物，草木；呆板单调的生活
11715,vehement,激烈的，猛烈的；热烈的
11716,vehicle,[车辆] 车辆；工具；交通工具；运载工具；传播媒介；媒介物
11717,veil,面纱；面罩；遮蔽物；托词；遮蔽；掩饰；以面纱遮掩；用帷幕分隔
11718,vein,血管；叶脉；[地质] 岩脉；纹理；翅脉；性情；使成脉络；象脉络般分布于
11719,velocity,【物】速度
11720,velvet,天鹅绒，丝绒；天鹅绒似的东西；天鹅绒的
11721,vendor,卖主；小贩；供应商；[贸易] 自动售货机
11722,venerable,庄严的，值得尊敬的；珍贵的
11723,venerate,崇敬，尊敬
11724,venereal,性病的；性交的；由性交传染的
11725,vengeance,复仇；报复；报仇
11726,vengeful,复仇的，报复的；复仇心重的
11727,venison,鹿肉；野味
11728,venom,毒液；恶意；使有毒；放毒
11729,venomous,有毒的；恶毒的；分泌毒液的；怨恨的
11730,vent,（感情的）发泄；出口；通风孔；发泄感情；放出…；给…开孔
11731,ventilate,使通风；给…装通风设备；宣布
11732,ventilation,通风设备；空气流通
11733,ventilator,通风设备；换气扇；【医】呼吸机
11734,ventral,腹侧的；[解剖] 腹部的；腹鳍
11735,ventricle,室；心室；脑室
11736,ventricular,心室的；脑室的；膨胀的；腹部的
11737,venture,敢于；企业；风险；冒险
11738,venue,审判地；犯罪地点；发生地点；集合地点
11739,Venus,[天] 金星；维纳斯（爱与美的女神）
11740,veranda,走廊，游廊；阳台
11741,verb,动词；动词词性；动词性短语或从句；动词的；有动词性质的；起动词作用的
11742,verbal,口头的；言语的；动词的；照字面的；动词的非谓语形式
11743,verbatim,逐字地；逐字的
11744,verdict,结论；裁定
11745,verdure,碧绿
11746,verge,濒临，接近；处在边缘；边缘
11747,verify,核实；查证
11748,veritable,真正的，名副其实的
11749,vermin,害虫；寄生虫；歹徒
11750,vernacular,本国的；地方的；用本地语写成的；本地话，方言；动植物的俗名
11751,vernal,春天的；和煦的；青春的
11752,versatile,多才多艺的；通用的，万能的；多面手的
11753,versatility,多功能性；多才多艺；用途广泛
11754,verse,诗，诗篇；韵文；诗节；作诗
11755,version,版本；译文；倒转术
11756,versus,对；与相对；对抗
11757,vertebrate,脊椎动物的；有脊椎的；脊椎动物
11758,vertex,顶点；[昆] 头顶；[天] 天顶
11759,vertical,垂直的，直立的；[解剖] 头顶的，顶点的；垂直线，垂直面
11760,vertically,垂直地
11761,verve,热情；神韵；活力；气魄
11762,very,恰好是，正是；甚至；十足的；特有的；非常，很；完全；(Very)人名；(英)维里
11763,vessel,船，舰；[组织] 脉管，血管；容器，器皿
11764,vest,背心；汗衫；授予；使穿衣
11765,vestige,遗迹；残余；退化的器官
11766,vet,审查；诊疗；兽医
11767,veteran,老兵；老手；富有经验的人；老运动员；经验丰富的；老兵的
11768,veterinary,兽医的；兽医（等于veterinarian）
11769,veto,否决权；否决；禁止
11770,vex,使烦恼；使困惑；使恼怒
11771,vexation,苦恼；恼怒；令人烦恼的事
11772,vexatious,令人烦恼的；麻烦的；无理纠缠的
11773,via,渠道，通过；经由
11774,viable,可行的；能养活的；能生育的
11775,vial,小瓶；药水瓶；装入小瓶
11776,vibe,气氛，氛围
11777,vibrant,振动的；充满生气的；响亮的；战栗的；(Vibrant)人名；(德)维布兰特
11778,vibrate,振动；颤动；摇摆；踌躇
11779,vibration,振动；犹豫；心灵感应
11780,vicar,教区牧师，教堂牧师；传教牧师；代理人
11781,vicarage,教区牧师的住宅
11782,vicarious,替代的；代理的；发同感的
11783,vicariously,代理地，担任代理者地；间接感受到地
11784,vice,恶习；缺点；[机] 老虎钳；卖淫；代替；钳住；副的；代替的
11785,vicinity,邻近，附近；近处
11786,vicious,恶毒的；恶意的；堕落的；有错误的；品性不端的；剧烈的；(Vicious)人名；(英)维舍斯
11787,viciousness,邪恶；恶意
11788,victim,受害人；牺牲品；牺牲者
11789,victimize,使受害；使牺牲；欺骗
11790,victor,胜利者
11791,victorious,胜利的；凯旋的
11792,victory,胜利；成功；克服
11793,video,[电子] 视频；录像，录像机；电视；视频的；录像的；电视的；录制
11794,videophone,电视电话
11795,vie,争；竞争；(Vie)人名；(英)维
11796,view,观察；视野；意见；风景；观察；考虑；查看
11797,viewfinder,取景器；反光镜；检像器
11798,viewpoint,观点，看法；视角
11799,vigil,守夜；监视；不眠；警戒
11800,vigilant,警惕的；警醒的；注意的；警戒的
11801,vignette,装饰图案；小插图；把……印放为虚光照，晕映
11802,vigorous,有力的；精力充沛的
11803,vigour,活力；气势
11804,vile,卑鄙的；邪恶的；低廉的；肮脏的；(Vile)人名；(英)瓦伊尔；(芬)维莱
11805,villa,别墅；郊区住宅
11806,village,村庄；村民；（动物的）群落
11807,villager,乡村居民，村民
11808,villain,坏人，恶棍；戏剧、小说中的反派角色；顽童；罪犯
11809,villainous,罪恶的；恶棍的；恶毒的；坏透的
11810,vindicate,维护；证明…无辜；证明…正确
11811,vindictive,怀恨的；有报仇心的；惩罚的
11812,vine,藤；葡萄树；藤本植物；攀缘植物；长成藤蔓；爬藤
11813,vinegar,醋
11814,vineyard,葡萄园
11815,vintage,葡萄收获期；葡萄酒酿造期；古老的；最佳的；过时的；采葡萄；用葡萄酿酒；采葡萄
11816,viola,中提琴，中提琴演奏者
11817,violate,违反；侵犯，妨碍；亵渎
11818,violation,违反；妨碍，侵害；违背；强奸
11819,violence,暴力；侵犯；激烈；歪曲
11820,violent,暴力的；猛烈的
11821,violet,紫罗兰；堇菜；羞怯的人；紫色的；紫罗兰色的
11822,violin,小提琴；小提琴手
11823,violinist,小提琴演奏者，小提琴家
11824,VIP,大人物，贵宾（Very Important Person）；视频接口处理器（Video Interface Processor）；可变信息处理（Variable Information Processing）
11825,viral,病毒性的
11826,virgin,处女的；纯洁的；未经利用的，处于原始状态的；处女
11827,virginal,处女的；无瑕的；十六、七世纪的小型有键乐器
11828,virile,男性的；有男子气概的；刚健的；(Virile)人名；(意)维里莱
11829,virtually,事实上，几乎；实质上
11830,virtue,美德；优点；贞操；功效
11831,virtuous,善良的；有道德的；贞洁的；正直的；有效力的
11832,virulent,剧毒的；恶性的；有恶意的
11833,virus,[病毒] 病毒；恶毒；毒害
11834,visa,签证；签发签证
11835,visage,面貌，容貌；外表
11836,viscera,内脏；内容（viscus的复数）
11837,viscount,（英国的）子爵
11838,visibility,能见度，可见性；能见距离；明显性
11839,visible,明显的；看得见的；现有的；可得到的；可见物；进出口贸易中的有形项目
11840,vision,视力；美景；眼力；幻象；想象力；幻视（漫威漫画旗下超级英雄）；想象；显现；梦见
11841,visit,访问；参观；逗留；访问；参观；视察
11842,visitation,访问；探视；视察；正式访问
11843,visitor,访问者，参观者；视察者；候鸟
11844,vista,远景，狭长的街景；展望；回顾
11845,visual,视觉的，视力的；栩栩如生的
11846,visualize,形象，形象化；想像，设想
11847,vital,至关重要的；生死攸关的；有活力的；(Vital)人名；(法、德、意、俄、葡)维塔尔；(西)比塔尔
11848,vitality,活力，生气；生命力，生动性
11849,vitalize,赋予…生命；激发；使有生气
11850,vitamin,[生化] 维生素；[生化] 维他命
11851,vivacity,活泼；快活；精神充沛
11852,vivid,生动的；鲜明的；鲜艳的
11853,vocabulary,词汇；词表；词汇量
11854,vocal,歌唱的；声音的，有声的；声乐作品；元音
11855,vocalist,歌手；声乐家
11856,vocalization,发声，发音；发声法
11857,vocally,用声音；口头地
11858,vocation,职业；天职；天命；神召
11859,vocative,呼格的；称呼的；呼格
11860,vodka,伏特加酒
11861,vogue,时尚；流行，时髦；时髦的，流行的
11862,voice,声音；嗓音；发言权；愿望；表达；吐露
11863,void,空的；无效的；无人的；空虚；空间；空隙；使无效；排放
11864,volatile,[化学] 挥发性的；不稳定的；爆炸性的；反复无常的；挥发物；有翅的动物
11865,volatility,[化学] 挥发性；易变；活泼
11866,volcano,火山
11867,volitional,意志的；凭意志的
11868,volleyball,排球
11869,volt,伏特（电压单位）；环骑；闪避
11870,voltage,[电] 电压
11871,voluble,健谈的；缠绕的；易旋转的
11872,volume,量；体积；卷；音量；大量；册；大量的；成团卷起；把…收集成卷
11873,voluminous,大量的；多卷的，长篇的；著书多的
11874,voluntary,自愿的；志愿的；自发的；故意的；志愿者；自愿行动
11875,volunteer,志愿者；志愿兵；志愿的；自愿
11876,vomit,吐出；使……呕吐；呕吐；呕吐物；催吐剂
11877,vortex,[航][流] 涡流；漩涡；（动乱，争论等的）中心；旋风
11878,vote,投票，选举；选票；得票数；提议，使投票；投票决定；公认
11879,voter,选举人，投票人；有投票权者
11880,voucher,收据；证人；保证人；证明者；代金；证实的可靠性
11881,vow,发誓；誓言；许愿；发誓；郑重宣告
11882,vowel,元音；母音；元音的
11883,voyage,航行；航程；旅行记；航行；航海
11884,vulgar,粗俗的；通俗的；本土的；平民，百姓
11885,vulgarity,粗俗；粗俗语；粗野的动作
11886,vulnerable,易受攻击的，易受…的攻击；易受伤害的；有弱点的
11887,vulture,秃鹰，秃鹫；贪婪的人
11888,waddle,蹒跚；摇摆的步子；摇摇摆摆地走；蹒跚而行
11889,wade,跋涉；跋涉；可涉水而过的地方
11890,wafer,圆片，晶片；薄片，干胶片；薄饼；圣饼；用干胶片封
11891,wag,摇摆；摇动；饶舌；摇摆；爱说笑打趣的人
11892,wage,进行；发动；从事；工资；代价；报偿
11893,wagon,货车，四轮马车；用运货马车运输货物
11894,wail,哀号；悲叹；哀号；悲叹；恸哭声
11895,waist,腰，腰部
11896,waistcoat,背心；[服装] 马甲
11897,wait,等候；推迟；延缓；等待；等候
11898,waiter,服务员，侍者
11899,waitress,女服务员；女侍者；做女服务生
11900,waive,放弃；搁置
11901,wake,醒来；唤醒；警觉；尾迹；守夜；守丧
11902,waken,唤醒；使觉醒
11903,walk,步行，走；散步；散步；走过
11904,walkway,通道，[建] 走道
11905,wall,墙壁，围墙；似墙之物；用墙围住，围以墙；墙壁的
11906,wallet,钱包，皮夹
11907,wallow,打滚；沉迷；颠簸；打滚；堕落；泥坑
11908,walnut,胡桃；胡桃木；胡桃科植物的
11909,waltz,跳华尔兹舞；旋转；轻快地走动；圆舞曲的；华尔兹舞的；华尔兹舞；华尔兹舞曲
11910,wand,魔杖；棒；权杖；嫩枝；识别笔（等于wand reader）；用扫描笔在…上扫描条形码
11911,wander,徘徊；漫步；迷路；离题；(Wander)人名；(英)万德(女子教名)
11912,wane,衰落；变小；亏缺；退潮；消逝；衰退；月亏；衰退期；缺损
11913,want,需要；希望；应该；缺少；需要；缺乏；贫困；必需品
11914,wanton,嬉戏的；繁茂的；荒唐的；无节制的；放纵的；荡妇；水性杨花的女人；放肆；嬉戏；闲荡
11915,war,战争，斗争；军事，战术；冲突，对抗，竞争；打仗，作战；对抗
11916,ward,病房；保卫；监视；避开；保卫；守护
11917,wardrobe,衣柜；行头；全部戏装
11918,warehouse,仓库；货栈；大商店；储入仓库；以他人名义购进（股票）
11919,wares,[贸易] 商品；货物
11920,warfare,战争；冲突
11921,warhead,弹头
11922,warlike,战争的；好战的；有战争危险的
11923,warlord,军阀
11924,warm,温暖的；热情的；同情；激动；变温暖；取暖；加热
11925,warmth,温暖；热情；激动
11926,warn,警告，提醒；通知；(Warn)人名；(英)沃恩；(德)瓦恩
11927,warning,警告；预兆；预告；警告的；引以为戒的；警告（warn的ing形式）
11928,warp,弯曲，歪曲；偏见；乖戾；使变形；使有偏见；曲解
11929,warrant,根据；证明；正当理由；委任状；保证；担保；批准；辩解
11930,warranty,保证；担保；授权；（正当）理由
11931,warrior,战士，勇士；鼓吹战争的人
11932,warship,战船，[军] 军舰
11933,wartime,战时
11934,wary,谨慎的；机警的；惟恐的；考虑周到的
11935,wash,洗涤；洗的衣服；化妆水；冲积物；洗涤；洗刷；冲走；拍打
11936,washing,洗涤；洗涤剂；要洗的衣物；洗涤用的，清洗用的；洗；使受洗礼（wash的ing形式）
11937,wasp,黄蜂；[昆] 胡蜂；易怒的人；黄蜂似的直扑
11938,waste,浪费；废物；荒地；损耗；地面风化物；浪费；消耗；使荒芜；废弃的；多余的；荒芜的
11939,watch,观察；注视；看守；警戒；手表；监视；守护；值班人
11940,water,水；海水；雨水；海域，大片的水；使湿；供以水；给…浇水
11941,watercolor,水彩画，水彩；水彩颜料；水彩的，水彩画的
11942,waterfall,瀑布；瀑布似的东西
11943,waterfront,滩，海滨；水边；滨水区的
11944,watermark,水印；水位标志；在…上印水印（图案）
11945,watermelon,西瓜
11946,waterproof,防水的，不透水的；使防水；防水材料
11947,watershed,（美）流域；分水岭；集水区；转折点；标志转折点的
11948,watertight,水密的；不漏水的；无懈可击的
11949,waterway,航道；水路；排水沟
11950,watery,水的；淡的；湿的；松软的；有雨意的
11951,watt,瓦特
11952,wave,波动；起伏；挥手示意；摇动；呈波形；波动；波浪；高潮；挥手示意；卷曲
11953,waver,摇曳；踌躇；摆动；动摇；踌躇；挥动者
11954,wax,蜡；蜡状物；给…上蜡；蜡制的；似蜡的
11955,way,方法；道路；方向；行业；习惯；大大地；远远地；途中的
11956,wayward,任性的；不规则的；刚愎的
11957,we,我们（主格）；笔者，本人（作者或演讲人使用）；朕，寡人；(We)人名；(缅)韦
11958,weak,[经] 疲软的；虚弱的；无力的；不牢固的
11959,weaken,减少；使变弱；使变淡
11960,weakness,弱点；软弱；嗜好
11961,wealth,财富；大量；富有
11962,wealthy,富有的；充分的；丰裕的；富人
11963,wean,使断奶；使断念；使放弃；（苏格兰）幼儿
11964,weapon,武器，兵器
11965,weaponry,兵器，武器（总称）
11966,wear,衣物；磨损；耐久性；穿着；用旧；耗损；面露
11967,weary,疲倦的；厌烦的；令人厌烦的；疲倦；厌烦
11968,weather,天气；气象；气候；处境；经受住；使风化；侵蚀；使受风吹雨打；露天的；迎风的
11969,weave,编织；编排；使迂回前进；织物；织法；编织式样
11970,web,网；卷筒纸；蹼；织物；圈套；用网缠住；使中圈套
11971,wed,与结婚；娶；嫁
11972,wedding,婚礼，婚宴；结婚；结合；与…结婚（wed的ing形式）
11973,wedge,楔入；挤进；楔住；楔子；楔形物；导致分裂的东西
11974,Wednesday,星期三
11975,weed,除草；铲除；杂草，野草；菸草
11976,week,周，星期
11977,weekday,平日，普通日；工作日
11978,weekend,周末，周末休假；周末聚会；周末的，周末用的；度周末
11979,weekly,每周的；周刊的；一周一次的；周刊；每周一次；逐周
11980,weep,哭泣；流泪；哀悼；滴落；渗出液体；哭泣；眼泪；滴下
11981,weigh,权衡；考虑；称…重量；权衡；称重量
11982,weight,重量，重力；负担；砝码；重要性；加重量于，使变重
11983,weighty,重的；重大的；严肃的
11984,weird,怪异的；不可思议的；超自然的；（苏格兰）命运；预言
11985,welcome,受欢迎的；欢迎
11986,weld,焊接；使结合；使成整体；焊接；焊接点
11987,welfare,福利；幸福；福利事业；安宁；福利的；接受社会救济的
11988,well,很好地；充分地；满意地；适当地；良好的；健康的；适宜的；井；源泉；涌出
11989,Welsh,威尔士的；威尔士人的；威尔士语的；威尔士语
11990,west,西；西方；西部；西方的；朝西的；在西方；向西方；自西方
11991,western,西方的，西部的；有西方特征的；西方人；西部片，西部小说
11992,westward,向西的；西方的；西部；西方；向西
11993,wet,[气象][物] 潮湿的；有雨的；雨天；湿气；弄湿
11994,whack,重打；猛击；击败；削减；重击；尝试；份儿；机会
11995,whale,猛揍；使惨败；鲸；巨大的东西
11996,wharf,使靠码头；为…建码头；把货卸在码头上；码头；停泊处
11997,what,什么；多么；多少；什么；多么；何等；到什么程度，在哪一方面；什么；多么
11998,whatever,不管什么样的；无论什么；诸如此类；无论什么
11999,wheat,小麦；小麦色
12000,wheel,车轮；方向盘；转动；转动；使变换方向；给…装轮子
12001,when,考虑到；既然；当…时；在…时；如果；什么时候，何时；（用于时间的表达方式之后）在那时；其时；当时；那时；什么时侯；时间，时候；日期；场合
12002,whenever,每当；无论何时；不论何时；随便什么时候
12003,where,在哪里；哪里；在…的地方；地点
12004,whereabouts,下落；行踪；去向；所在之处；在何处；靠近什么地方
12005,whereas,然而；鉴于；反之
12006,whereby,凭借；通过…；借以；与…一致
12007,wherever,无论什么地方；究竟在哪里；无论在哪里；无论什么情况下
12008,whether,是否；不论；两个中的哪一个
12009,which,哪/那一个；哪/那一些；哪一个；哪一些
12010,whichever,任何一个；无论哪个；无论哪个；无论哪些
12011,whiff,吸；喷出；一点点；单人小划艇；琴鲆属鱼；吸气或吹气
12012,while,虽然；然而；当……的时候；一会儿；一段时间；消磨；轻松地度过
12013,whim,奇想；一时的兴致；怪念头；幻想
12014,whimsical,古怪的；异想天开的；反复无常的
12015,whip,抽打；煽动；搅打（蛋，奶油）；彻底击败；鞭子；抽打；车夫；[机] 搅拌器
12016,whirl,旋转，回旋；昏乱；一连串的事；短暂的旅行；旋转，回旋；急走；头晕眼花
12017,whirlwind,旋风；旋风般的快速行动；旋风般的
12018,whisk,拂，掸；搅拌；挥动；搅拌器；扫帚；毛掸子
12019,whisker,[晶体] 晶须；胡须；腮须
12020,whiskey,威士忌酒；威士忌酒的
12021,whisper,私语；谣传；飒飒的声音；耳语；密谈；飒飒地响
12022,whistle,口哨；汽笛；呼啸声；吹口哨；鸣汽笛
12023,white,白色的；白种的；纯洁的；白色；洁白；白种人
12024,whiten,漂白；刷白；(Whiten)人名；(英)怀滕
12025,whitewash,粉饰；白色涂料；石灰水；掩饰；把…刷白
12026,whizz,专家；精明的人；子弹等在空中掠过的声音（等于whiz）；飕飕作声（等于whiz）
12027,who,谁；什么人
12028,whoever,无论谁；任何人；《爱谁谁》（电影名）
12029,whole,完整的；纯粹的；整体；全部
12030,wholesale,批发的；大规模的；批发；大规模地；以批发方式
12031,wholesome,健全的；有益健康的；合乎卫生的；审慎的
12032,wholly,完全地；全部；统统
12033,whom,谁（who的宾格）
12034,whoop,大叫；哮喘声；呐喊；一点点；高声说；唤起
12035,whose,谁的（疑问代词）
12036,why,哎呀！什么？；为什么
12037,wick,灯芯，蜡烛心；依靠毛细作用带走
12038,wicked,邪恶的；恶劣的；不道德的；顽皮的
12039,wicker,柳条；枝条；柳条制品；柳条编织的；装在柳条编织物里的
12040,wide,广泛的；宽的，广阔的；张大的；远离目标的；广泛地；广阔地；充分地；大千世界
12041,widen,放宽；(Widen)人名；(德)维登
12042,widespread,普遍的，广泛的；分布广的
12043,widow,使成寡妇；寡妇；孀妇
12044,width,宽度；广度
12045,wield,使用；行使；挥舞
12046,wife,妻子，已婚妇女；夫人
12047,wig,假发；要人；头脑；使戴假发；斥责
12048,wiggle,使……摆动，使……扭动；扭动
12049,wild,野生的；野蛮的；狂热的；荒凉的；荒野；疯狂地；胡乱地
12050,will,意志；决心；情感；遗嘱；意图；心愿；决心要；遗赠；用意志力使；将；愿意；必须
12051,willing,乐意的；自愿的；心甘情愿的；决心；用意志力驱使；将（财产等）遗赠某人（will的现在分词）；(Willing)人名；(德、芬、瑞典)维林；(英)威林
12052,willow,[林] 柳树；[木] 柳木制品；柳木制的
12053,willpower,意志力；毅力
12054,wilt,使枯萎；使畏缩；使衰弱；枯萎；憔悴；衰弱
12055,wily,狡猾的；诡计多端的；(Wily)人名；(英)威利
12056,win,赢得；在…中获胜；劝诱；赢；胜利
12057,wince,畏缩，退避；畏缩；脸部肌肉的抽搐
12058,wind,风；呼吸；气味；卷绕；缠绕；上发条；使弯曲；吹号角；绕住或缠住某人
12059,windfall,意外之财；被风吹落的果子；意外的收获
12060,windmill,风车；风车房；旋转玩具；直升飞机；使旋转；作风车般旋转
12061,window,窗；窗口；窗户
12062,windscreen,汽车挡风玻璃
12063,windy,多风的，有风的；腹胀的；吹牛的
12064,wine,酒，葡萄酒；紫红色；喝酒
12065,wing,翼；翅膀；飞翔；派别；侧厅，耳房，厢房；使飞；飞过；空运；增加…速度；装以翼
12066,wink,眨眼；使眼色；闪烁；眨眼；使眼色；闪烁；瞬间
12067,winner,胜利者
12068,winter,冬季；年岁；萧条期；过冬；冬天的；越冬的
12069,wipe,擦；消除；涂上；擦拭；用力打
12070,wire,电线；金属丝；电报；拍电报；给…装电线
12071,wisdom,智慧，才智；明智；学识；至理名言
12072,wise,明智的；聪明的；博学的；使知道；教导；(Wise)人名；(英)怀斯
12073,wish,希望；祝福；心愿；祝愿；渴望；向…致问候语
12074,wisp,小捆；小束；把…卷成一捆；卷成一捆
12075,wit,智慧；才智；智力；<古>知道；即
12076,witch,巫婆，女巫；迷惑；施巫术
12077,witchcraft,巫术；魔法
12078,with,用；随着；支持；和…在一起；(With)人名；(德、芬、丹、瑞典)维特
12079,withdraw,撤退；收回；撤消；拉开
12080,withdrawal,撤退，收回；提款；取消；退股
12081,wither,使凋谢；使畏缩；使衰弱；(Wither)人名；(英)威瑟
12082,withhold,保留，不给；隐瞒；抑制
12083,within,在…之内；在内部；里面
12084,without,没有；超过；在…外面；户外；在外面；没有或不显示某事物；外部；外面
12085,withstand,抵挡；禁得起；反抗
12086,witness,证人；目击者；证据；目击；证明；为…作证
12087,witty,诙谐的；富于机智的；(Witty)人名；(英)威蒂
12088,wizard,男巫；术士；奇才；向导程序；男巫的；巫术的
12089,wobble,摇晃；摇摆；游移不定；摆动；摇晃；不稳定
12090,woe,悲哀，悲痛；灾难；唉（表示痛苦，悲伤或悔恨）
12091,woeful,悲哀的；悲惨的；遗憾的；不幸的
12092,wolf,狼；色狼；残忍贪婪之人；大吃；狼吞虎咽地吃
12093,woman,妇女；女性；成年女子
12094,womanly,像女人的；有女子气质的；像女人地；适合于妇女地
12095,wonder,惊奇；奇迹；惊愕；怀疑；想知道；惊讶；奇妙的；非凡的
12096,wonderful,极好的，精彩的，绝妙的；奇妙的；美妙；胜；神妙
12097,woo,追求；招致；向…求爱；恳求
12098,wood,木材；木制品；树林；收集木材；植林于；给…添加木柴
12099,wooden,木制的；僵硬的，呆板的
12100,wool,羊毛；毛线；绒线；毛织品；毛料衣物
12101,woollen,羊毛制的；毛织品
12102,word,[语] 单词；话语；消息；诺言；命令；用言辞表达
12103,wording,[语] 措辞；用语；语法；用词语表达；讲话（word的ing形式）
12104,work,工作；[物] 功；产品；操作；职业；行为；事业；工厂；著作；文学、音乐或艺术作品；使工作；操作；经营；使缓慢前进
12105,workbook,工作手册；练习簿
12106,worker,工人；劳动者；职蚁
12107,workload,工作量
12108,workman,工匠；技工；男工
12109,works,作品；工厂；工程结构
12110,workshop,车间；研讨会；工场；讲习班
12111,world,世界；领域；世俗；全人类；物质生活
12112,worm,虫，蠕虫；蜗杆；螺纹；小人物；使蠕动；给除虫；使缓慢前进
12113,worried,担心的
12114,worry,担心；烦恼；撕咬；担心；发愁；折磨
12115,worse,更坏的；更差的；更恶劣的（bad的比较级）；（病情）更重的（ill的比较级）；更糟；更坏；更恶劣地；更坏地；更坏的事；更恶劣的事
12116,worship,崇拜；礼拜；尊敬；崇拜；尊敬；爱慕
12117,worst,最差的，最坏的；最不利的；效能最低的；最坏；最坏的时候；最坏地；最不利地
12118,worth,值…的；价值；财产
12119,worthless,无价值的；不值钱的；卑微的
12120,worthwhile,值得做的，值得花时间的
12121,worthy,值得的；有价值的；配得上的，相称的；可尊敬的；应…的；杰出人物；知名人士
12122,would,将，将要；愿意；will的过去式
12123,wound,创伤，伤口；使受伤
12124,wrap,包；缠绕；隐藏；掩护；外套；围巾
12125,wrapper,包装材料；[包装] 包装纸；书皮
12126,wrath,愤怒；激怒
12127,wreath,花冠；圈状物；环绕（等于wreathe）
12128,wreathe,用花环装饰；将…做成花环；包围；覆盖
12129,wreck,破坏；失事；残骸；失去健康的人；破坏；使失事；拆毁
12130,wreckage,（失事船或飞机等的）残骸；（船只等的）失事
12131,wrench,扳手，扳钳；扭伤；痛苦；歪曲；猛扭；扭伤；猛扭；曲解；折磨
12132,wrest,用力拧；抢夺；歪曲；扭，拧
12133,wrestle,摔跤；搏斗；斗争；摔跤；斗争；斟酌
12134,wrestling,摔跤；扭斗；摔跤；格斗（wrestle的ing形式）；与…摔跤；使劲移动
12135,wretched,可怜的；卑鄙的；令人苦恼或难受的
12136,wriggle,蠕动；蜿蜒而行；蠕动；扭动
12137,wring,拧；绞；紧握；使痛苦；折磨；拧；绞；挤；扭动
12138,wrinkle,皱纹；起皱
12139,wrist,手腕；腕关节；用腕力移动
12140,write,写，写字；写作，作曲；写信
12141,writer,作家；作者
12142,writhe,翻滚；蠕动；翻滚；扭动；苦恼
12143,writing,书写；作品；著作；[法] 笔迹；书写（write的ing形式）
12144,wrong,错误地；邪恶地，不正当地；坏事；不公正；错误的；失常的；不适当的；委屈；无理地对待；诽谤
12145,wry,歪斜的，扭歪的；歪曲的；用反语表达幽默的；揶揄的；扭曲；扭歪
12146,xenophobia,仇外；对外国人的畏惧和憎恨
12147,xerox,施乐（商标名，美国办公设备制造公司）；影印，静电印刷品；用静电复印法复印
12148,yacht,乘游艇，驾游艇；游艇，快艇；轻舟
12149,yahoo,粗鲁的人
12150,yank,猛地一拉；突然的猛拉
12151,Yankee,美国佬，美国人；洋基队（美国棒球队名）
12152,yard,院子；码（英制中丈量长度单位，1码=3英尺）；庭院；帆桁；把…关进或围在畜栏里
12153,yardstick,码尺
12154,yarn,纱线；奇谈，故事；用纱线缠
12155,yawn,哈欠；裂口；打哈欠；裂开
12156,year,年；年度；历年；年纪；一年的期间；某年级的学生
12157,yearly,每年的；每年；一年一次；年刊；年鉴
12158,yearn,渴望，向往；思念，想念；怀念；同情，怜悯
12159,yeast,酵母；泡沫；酵母片；引起骚动因素
12160,yell,大叫，叫喊；喊声，叫声
12161,yellow,黄色的；黄皮肤的；黄色；黄种人；黄色颜料；使变黄或发黄
12162,yeoman,自耕农；自由民；仆人
12163,yes,"是, 是的；是（表示肯定）"
12164,yesterday,昨天；往昔；昨天
12165,yet,还；但是；已经；但是；然而；(Yet)人名；(东南亚国家华语)一
12166,yield,屈服；出产，产生；放弃；产量；收益
12167,yoga,瑜珈（意为“结合”，指修行）；瑜珈术
12168,yoghurt,酸奶（等于yoghourt）；酸乳酪
12169,yolk,蛋黄；[胚] 卵黄；羊毛脂
12170,you,你；你们；(You)人名；(柬)尤；(东南亚国家华语)猷
12171,young,年轻的；初期的；没有经验的；年轻人；（动物的）崽，仔
12172,youngster,年轻人；少年
12173,your,你的，你们的
12174,yours,你（们）的东西；你的责任[义务]；你的家属；来信，尊函；你（们）的（东西）；信末署名前用语
12175,yourself,你自己
12176,youth,青年；青春；年轻；青少年时期
12177,youthful,年轻的；早期的
12178,yummy,好吃的；美味的；愉快的；美味的东西；令人喜爱的东西
12179,yuppie,（美）雅皮士（属于中上阶层的年轻专业人士）
12180,zany,滑稽的；古怪的；愚蠢的；小丑；笨人；马屁精
12181,zeal,热情；热心；热诚
12182,zealot,狂热者；犹太教狂热信徒
12183,zealous,热心的，热情的，积极的；(Zealous)人名；(英)泽勒斯
12184,zebra,[脊椎] 斑马；有斑纹的
12185,zenith,顶峰；顶点；最高点
12186,zero,零点，零度；零
12187,zest,风味；热心；强烈的兴趣；给…调味
12188,zigzag,曲折的；锯齿形的；之字形的；使成之字形；使曲折行进；之字形；Z字形；曲折地；之字形地；Z字形地
12189,zinc,镀锌于…；涂锌于…；用锌处理；锌
12190,Zionism,犹太复国主义；锡安运动
12191,zip,拉链；活力，精力；尖啸声，撕裂声；一种程序压缩的档案文件格式；拉开或拉上；以尖啸声行进
12192,zipper,拉链；拉上拉链
12193,zone,地带；地区；联防；分成区
12194,zoo,动物园
12195,zoologist,动物学家
12196,zoom,急速上升；嗡嗡声；[摄] 变焦摄影；急速上升；摄像机移动
12197,Zulu,祖鲁语；祖鲁人；祖鲁人的
