序号,核心词汇,简要解释
1,abandon,放任；狂热；遗弃；放弃
2,abbey,大修道院，大寺院；修道院中全体修士或修女
3,abdomen,腹部；下腹；腹腔
4,abnormal,反常的，不规则的；变态的
5,abolish,废除，废止；取消，革除
6,aborigine,土著；土著居民
7,abound,富于；充满
8,abridge,删节；缩短；节略
9,abrupt,生硬的；突然的；唐突的；陡峭的
10,absolute,绝对的；完全的；专制的；绝对；绝对事物
11,absolve,免除；赦免；宣告…无罪
12,absorb,吸收；吸引；承受；理解；使…全神贯注
13,absorbed,被吸收的；一心一意的；吸收；使全神贯注（absorb的过去分词形式）
14,abstract,摘要；抽象；抽象的概念；抽象的；深奥的；摘要；提取；使……抽象化；转移(注意力、兴趣等)；使心不在焉
15,absurd,荒谬的；可笑的；荒诞；荒诞作品
16,abundant,丰富的；充裕的；盛产
17,abuse,滥用；虐待；辱骂；弊端；恶习，陋习；滥用；虐待；辱骂
18,academy,学院；研究院；学会；专科院校
19,accelerate,使……加快；使……增速
20,acceptable,可接受的；合意的；可忍受的
21,access,使用；存取；接近；进入；使用权；通路
22,accessory,配件；附件；[法] 从犯；副的；同谋的；附属的
23,accidental,意外的；偶然的；附属的；临时记号的；次要方面；非主要的特性；临时记号
24,accommodate,容纳；使适应；供应；调解
25,accompany,陪伴，伴随；伴奏
26,accomplish,完成；实现；达到
27,accord,符合；一致；协议；自愿；使一致；给予
28,accordion,可折叠的；手风琴
29,accountant,会计师；会计人员
30,accumulate,累积；积聚
31,accurate,精确的
32,accuse,控告，指控；谴责；归咎于
33,accustom,使习惯于
34,ace,幺点；直接得分的发球；佼佼者；（俚）最好的朋友；一流的，突出的；以发球赢一分；击败；太棒了；太好了
35,acknowledge,承认；答谢；报偿；告知已收到
36,acquaint,使熟悉；使认识
37,acquire,获得；取得；学到；捕获
38,acre,土地，地产；英亩
39,acrobat,杂技演员，特技演员；随机应变者；翻云覆雨者，善变者
40,action,行动；活动；功能；战斗；情节
41,activate,刺激；使活动；使活泼；使产生放射性
42,acupuncture,对…施行针刺疗法；针刺；[中医] 针刺疗法
43,acute,严重的，[医] 急性的；敏锐的；激烈的；尖声的
44,adapt,使适应；改编
45,adapted,适合的；使适应，改编（adapt的过去式）
46,addict,有瘾的人；入迷的人；使沉溺；使上瘾
47,additional,附加的，额外的
48,adequate,充足的；适当的；胜任的
49,adhere,坚持；依附；粘着；追随
50,adjacent,邻近的，毗连的
51,adjust,调整，使…适合；校准
52,administer,管理；执行；给予
53,admirable,令人钦佩的；极好的；值得赞扬的
54,admiral,海军上将；舰队司令；旗舰
55,admittedly,公认地；无可否认地；明白地
56,adolescent,青春期的；未成熟的；青少年
57,adopt,采取；接受；收养；正式通过
58,adore,崇拜；爱慕；喜爱；极喜欢；(Adore)人名；(法)阿多尔
59,adulthood,成年；成人期
60,advanced,先进的；高级的；晚期的；年老的；前进；增加；上涨（advance的过去式和过去分词形式）
61,advantageous,有利的；有益的
62,adventurous,爱冒险的；大胆的；充满危险的
63,adverb,副词；副词的
64,advertising,广告；广告业；登广告；广告的；广告业的；公告；为…做广告（advertise的ing形式）
65,advisable,明智的，可取的，适当的
66,advocate,提倡，主张，拥护；提倡者；支持者；律师
67,aerial,空中的，航空的；空气的；空想的；[电讯] 天线
68,aeronautics,航空学；飞行术
69,aesthetics,美学；美的哲学
70,affair,事情；事务；私事；（尤指关系不长久的）风流韵事
71,affection,喜爱，感情；影响；感染
72,affirm,肯定；断言
73,affix,粘上；署名；将罪责加之于；[语] 词缀；附加物
74,affluent,富裕的；丰富的；流畅的；支流；富人
75,afford,给予，提供；买得起；(Afford)人名；(英)阿福德
76,affordable,负担得起的
77,aftermath,后果；余波
78,agenda,议程；日常工作事项；日程表
79,agent,代理人，代理商；药剂；特工；由…作中介；由…代理；代理的
80,aggressor,侵略者；侵略国；挑衅者
81,agony,苦恼；极大的痛苦；临死的挣扎
82,agreeable,令人愉快的；适合的；和蔼可亲的
83,aimless,没有目标的；无目的的
84,air,空气，大气；天空；样子；曲调；使通风，晾干；夸耀
85,airbase,空军基地；航空基地
86,aisle,通道，走道；侧廊
87,alas,唉（表悲伤、遗憾、恐惧、关切等等）；(Alas)人名；(西、葡、捷、土)阿拉斯
88,album,相簿；唱片集；集邮簿；签名纪念册
89,alcohol,酒精，乙醇
90,ale,麦芽酒
91,alert,警告；使警觉，使意识到；警惕的，警觉的；留心的；警戒，警惕；警报
92,alga,水藻
93,algebra,代数学
94,alien,外国的；相异的，性质不同的；不相容的；外国人，外侨；外星人；让渡，转让
95,allege,宣称，断言；提出…作为理由
96,allergic,对…过敏的；对…极讨厌的
97,alley,小巷；小路；小径
98,alliance,联盟，联合；联姻
99,alligator,短吻鳄（产于美国及中国）；短吻鳄皮革；鳄口式工具；皱裂；裂开；鳄鱼般的；鳄鱼皮革的；鳄鱼皮纹的
100,allot,分配；拨给；分派；(Allot)人名；(英)阿洛特；(西)阿略特；(法)阿洛
101,allowance,津贴，零用钱；允许；限额；定量供应
102,alloy,使成合金；使减低成色；合金
103,ally,同盟国；伙伴；同盟者；助手；使联盟；使联合
104,almighty,全能的；有无限权力的；非常；全能的神
105,almond,扁桃仁；扁桃树
106,alongside,在旁边；在……旁边
107,aloof,冷淡的；远离的；冷漠的；远离；避开地
108,alphabet,字母表，字母系统；入门，初步
109,altar,祭坛；圣坛；圣餐台
110,alter,改变，更改；(Alter)人名；(英)奥尔特；(德、捷、葡、爱沙、立陶、拉脱、俄、西、罗、瑞典)阿尔特
111,altitude,高地；高度；[数] 顶垂线；（等级和地位等的）高级；海拔
112,aluminium,铝的；铝
113,alumna,女毕业生；女校友
114,alumnus,男校友；男毕业生
115,amateur,爱好者；业余爱好者；外行；业余的；外行的
116,amazing,令人惊异的；使吃惊（amaze的ing形式）
117,ambassador,大使；代表；使节
118,amber,琥珀色的；琥珀制的；琥珀；琥珀色；使呈琥珀色
119,ambiguity,含糊；不明确；暧昧；模棱两可的话
120,ambition,野心，雄心；抱负，志向；追求；有…野心
121,amenable,有责任的：顺从的，服从的；有义务的；经得起检验的
122,amend,修改；改善，改进；(Amend)人名；(德、英)阿门德
123,amid,在其中，在其间；(Amid)人名；(法、阿拉伯)阿米德
124,amiss,有毛病的，有缺陷的；出差错的；错误地；(Amiss)人名；(英)埃米斯
125,ammeter,[电] 安培计；[电] 电流计
126,ammonia,[无化] 氨，阿摩尼亚
127,amongst,在…之中；在…当中（等于among）
128,ample,丰富的；足够的；宽敞的；(Ample)人名；(西)安普尔
129,analogy,类比；类推；类似
130,anatomy,解剖；解剖学；剖析；骨骼
131,ancestral,祖先的；祖传的
132,anchor,锚；抛锚停泊；靠山；新闻节目主播；抛锚；使固定；主持节目；末棒的；最后一棒的
133,anecdote,轶事；奇闻；秘史
134,angel,天使；守护神；善人；出钱支持
135,angle,钓鱼；谋取；角度，角，方面
136,ankle,踝关节，踝
137,annals,年报；编年史；年鉴
138,annex,附加；获得；并吞；附加物；附属建筑物
139,anniversary,周年纪念日
140,announcer,[广播] 广播员；宣告者
141,annoyance,烦恼；可厌之事；打扰
142,annual,年度的；每年的；年刊，年鉴；一年生植物
143,annul,取消；废除；宣告无效
144,anode,阳极（电解）
145,anonymous,匿名的，无名的；无个性特征的
146,antagonism,对抗，敌对；对立；敌意
147,antecedent,前情；先行词；祖先；先行的；前驱的；先前的
148,antenna,[电讯] 天线；[动] 触角，[昆] 触须
149,anthem,赞美诗；圣歌；唱圣歌庆祝；唱赞歌
150,antibiotic,抗生的；抗菌的；抗生素，抗菌素
151,antic,古怪的；滑稽可笑的；滑稽动作；丑角；扮小丑；做滑稽动作
152,anticipate,预期，期望；占先，抢先；提前使用
153,antiquity,高龄；古物；古代的遗物
154,antiseptic,防腐的，抗菌的；非常整洁的；防腐剂，抗菌剂
155,antonym,[语] 反义词
156,anxiety,焦虑；渴望；挂念；令人焦虑的事
157,ape,[脊椎] 猿；傻瓜；模仿者；模仿；抢台词；狂热的
158,aperture,孔，穴；（照相机，望远镜等的）光圈，孔径；缝隙
159,apologetic,道歉的；赔罪的
160,apostrophe,省略符号，撇号；呼语，顿呼
161,appalling,可怕的；令人震惊的；使惊愕；惊吓（appal的ing形式）
162,apparatus,装置，设备；仪器；器官
163,apparent,显然的；表面上的
164,appeal,呼吁，恳求；上诉；诉诸，求助；有吸引力，迎合爱好；（体育比赛中）诉诸裁判；呼吁，请求；吸引力，感染力；上诉；诉诸裁判
165,appear,出现；显得；似乎；出庭；登场
166,appetite,食欲；嗜好
167,applaud,赞同；称赞；向…喝彩
168,appliance,器具；器械；装置
169,applicant,申请人，申请者；请求者
170,application,应用；申请；应用程序；敷用
171,apply,申请；涂，敷；应用
172,appointee,被任命者
173,appreciable,可感知的；可评估的；相当可观的
174,approach,方法；途径；接近；接近；着手处理
175,appropriate,适当的；恰当的；合适的；占用，拨出
176,approve,批准；赞成；为…提供证据
177,approximate,近似；使…接近；粗略估计；[数] 近似的；大概的
178,apricot,杏，杏子；[园艺] 杏树；杏黄色；杏黄色的
179,apron,围裙；[航] 停机坪；舞台口；着围裙于；围绕
180,apt,恰当的；有…倾向的；灵敏的；(Apt)人名；(法、波、英)阿普特
181,aptitude,天资；自然倾向；适宜
182,aquarium,水族馆；养鱼池；玻璃缸
183,aquatic,水生的；水栖的；在水中或水面进行的；水上运动；水生植物或动物
184,arc,弧（度）；弧光（全称electric arc）；弧形物；天穹；圆弧的；反三角函数的；形成电弧；走弧线
185,archaeology,考古学
186,archbishop,大主教；总教主
187,architect,建筑师
188,area,区域，地区；面积；范围
189,arena,舞台；竞技场
190,argumentative,好辩的；辩论的；争辩的
191,arid,干旱的；不毛的，[农] 荒芜的
192,arise,出现；上升；起立；(Arise)人名；(西)阿里塞；(日)在濑(姓)
193,aristocrat,贵族
194,armament,武器；军备
195,armour,盔甲；装甲；护面
196,armpit,腋窝
197,arouse,引起；唤醒；鼓励
198,array,数组，阵列；排列，列阵；大批，一系列；衣服；排列，部署；打扮
199,arrest,逮捕；阻止；吸引；逮捕；监禁
200,arrogance,自大；傲慢态度
201,artery,动脉；干道；主流
202,artificial,人造的；仿造的；虚伪的；非原产地的；武断的
203,artillery,火炮；大炮；炮队；炮术
204,artistic,艺术的；风雅的；有美感的
205,ascend,上升；登高；追溯
206,ashore,在岸上；向岸；在岸上的；在陆上的
207,ashtray,烟灰缸
208,ask,问，询问；要求；需要；邀请；讨价；(Ask)人名；(芬、瑞典)阿斯克
209,aspect,方面；方向；形势；外貌
210,asphalt,沥青；柏油；以沥青铺；用柏油铺成的
211,aspirin,阿司匹林（解热镇痛药）
212,assassin,刺客，暗杀者
213,assault,攻击；袭击
214,assemble,集合，聚集；装配；收集
215,assert,维护，坚持；断言；主张；声称
216,assess,评定；估价；对…征税
217,asset,资产；优点；有用的东西；有利条件；财产；有价值的人或物
218,assign,分配；指派；[计][数] 赋值
219,assist,帮助；助攻；参加；出席
220,associate,交往；结交；同事，伙伴；关联的事物；副的；联合的
221,association,协会，联盟，社团；联合；联想
222,assume,假定；设想；承担；采取
223,assure,保证；担保；使确信；弄清楚
224,assuredly,确实地；确信地
225,astronomy,天文学
226,athletic,运动的，运动员的；体格健壮的
227,atlas,地图集；寰椎
228,atmospheric,大气的，大气层的
229,atomic,原子的，原子能的；微粒子的
230,attach,使依附；贴上；系上；使依恋
231,attain,达到，实现；获得；到达；成就
232,attempt,企图，试图；攻击；企图，试图；尝试
233,attendance,出席；到场；出席人数；考勤
234,attention,注意力；关心；立正！（口令）
235,attentive,留意的，注意的
236,attic,阁楼；顶楼；鼓室上的隐窝
237,attitude,态度；看法；意见；姿势
238,attorney,律师；代理人；检查官
239,attribute,属性；特质；归属；把…归于
240,auction,拍卖；竞卖；拍卖
241,audio,声音的；[声] 音频的，[声] 声频的
242,audit,审计；[审计] 查账
243,authentic,真正的，真实的；可信的
244,authority,权威；权力；当局
245,autobiography,自传；自传文学
246,automate,使自动化，使自动操作
247,automobile,汽车；驾驶汽车
248,autonomy,自治，自治权
249,auxiliary,助动词；辅助者，辅助物；附属机构；辅助的；副的；附加的
250,availability,可用性；有效性；实用性
251,avalanche,雪崩
252,avenge,替…报仇
253,average,平均；平均数；海损；平均的；普通的；通常的；算出…的平均数；将…平均分配；使…平衡
254,aviation,航空；飞行术；飞机制造业
255,avoid,避免；避开，躲避；消除
256,award,授予；判定；奖品；判决
257,awe,使敬畏；使畏怯；敬畏
258,awful,可怕的；极坏的；使人敬畏的
259,awkward,尴尬的；笨拙的；棘手的；不合适的
260,axe,斧；削减；用斧砍
261,axiom,[数] 公理；格言；自明之理
262,axis,轴；轴线；轴心国
263,axle,车轴；[车辆] 轮轴
264,bachelor,学士；单身汉；（尚未交配的）小雄兽
265,backbone,支柱；主干网；决心，毅力；脊椎
266,backup,支持；后援；阻塞；支持的；候补的；做备份
267,backyard,后院；后庭
268,badge,徽章；证章；标记；授给…徽章
269,baggy,袋状的，膨胀的；宽松而下垂的
270,bail,保释，保释人；保释金；杓；保释，帮助某人脱离困境；往外舀水
271,bait,引诱；在…中放诱饵；折磨；饵；诱饵
272,baker,面包师；面包工人；（便携式）烘炉
273,bale,包；捆；灾祸；不幸；将打包
274,ballot,投票；投票用纸；投票总数；投票；抽签决定
275,band,带，环；[物] 波段；(演奏流行音乐的) 乐队；用带绑扎；给镶边
276,bandit,强盗，土匪；恶棍；敲诈者
277,banister,栏杆的支柱；楼梯的扶栏
278,bankrupt,破产的；使破产；[经] 破产者
279,banner,横幅图片的广告模式
280,banquet,宴会，盛宴；宴请，款待；宴请，设宴款待
281,baptize,给…施浸礼；命名；使经受考验（等于baptise）；(Baptize)人名；(法)巴蒂泽
282,barbarous,野蛮的；残暴的
283,barge,蹒跚；闯入；驳船；游艇
284,barley,大麦
285,barn,谷仓；畜棚；车库；靶（核反应截面单位）；把…贮存入仓
286,barometre,气压表；晴雨表
287,baron,男爵；大亨；巨头
288,barracks,兵营，营房；简陋的房子；警察所（barrack的复数）；使驻扎军营里；住在工房、棚屋里；（澳）大声鼓噪（barrack的三单形式）
289,barrel,把……装入桶内；桶；枪管，炮管
290,barren,贫瘠的；不生育的；无益的；沉闷无趣的；空洞的；荒地
291,barrier,障碍物，屏障；界线；把…关入栅栏
292,base,基础；底部；垒；卑鄙的；低劣的；以…作基础
293,bass,鲈鱼；男低音；低音部；椴树；低音的
294,bastard,私生的；私生子
295,batch,一批；一炉；一次所制之量；分批处理
296,batter,击球手；（用鸡蛋、牛奶、面粉等调成的）糊状物；墙面的倾斜；猛击；打坏；使向上倾斜
297,battle,战役；斗争；斗争；作战
298,battlefield,战场；沙场
299,beacon,灯塔，信号浮标；烽火；指路明灯；照亮，指引
300,bead,珠子；滴；念珠；形成珠状，起泡
301,beak,[鸟] 鸟嘴；鹰钩鼻子；地方执法官；男教师
302,beaker,烧杯；大口杯
303,beat,打；打败；拍子；敲击；有规律的一连串敲打；筋疲力尽的；疲惫不堪的
304,beetle,急忙来回；突出；甲虫；大槌
305,beforehand,事先；预先；提前的；预先准备好的
306,beg,乞讨；恳求；回避正题；(Beg)人名；(德、塞、巴基)贝格
307,beggar,乞丐；穷人；家伙；使贫穷；使沦为乞丐
308,beginner,初学者；新手；创始人
309,behalf,代表；利益
310,behavior,行为，举止；态度；反应
311,bellow,大声喊叫；大声发出；吼叫声；轰鸣声
312,belongings,[经] 财产，所有物；亲戚
313,beloved,心爱的；挚爱的；心爱的人；亲爱的教友
314,benefit,利益，好处；救济金；有益于，对…有益
315,berry,浆果（葡萄，番茄等）；采集浆果
316,berth,卧铺；停泊处，锚位；差事；使……停泊；为……提供铺位
317,besiege,围困；包围；烦扰
318,bestow,使用；授予；放置；留宿
319,bet,打赌，赌注；被打赌的事物；打赌；敢断定，确信
320,betray,背叛；出卖；泄露（秘密）；露出…迹象
321,beware,当心，小心
322,bewilder,使迷惑，使不知所措
323,bias,偏见；偏爱；斜纹；乖离率；使存偏见；偏斜的；偏斜地
324,bibliography,参考书目；文献目录
325,bid,投标；出价；表示；吩咐；出价；叫牌；努力争取
326,bilateral,双边的；有两边的
327,bilingual,双语的；通两种语言的人
328,bin,箱子，容器；二进制；把…放入箱中
329,binary,[数] 二进制的；二元的，二态的
330,bind,结合；装订；有约束力；过紧；捆绑；困境；讨厌的事情；植物的藤蔓
331,binoculars,[光] 双筒望远镜；[光] 双筒镜，[光] 双目镜
332,biochemistry,生物化学
333,biographic,传记的；传记体的
334,biological,生物的；生物学的
335,biotechnology,[生物] 生物技术；[生物] 生物工艺学
336,birch,桦木；桦树；桦条；用桦条鞭打
337,birthrate,出生率
338,bishop,（基督教的）主教；（国际象棋的）象
339,blacken,使变黑；诽谤，诋毁；(Blacken)人名；(英)布莱肯
340,blacksmith,铁匠；锻工
341,bladder,膀胱；囊状物，可充气的囊袋
342,blade,叶片；刀片，刀锋；剑
343,bland,乏味的；温和的；冷漠的；使…变得淡而无味；除掉…的特性；变得平淡无奇；丧失特性；(Bland)人名；(英)布兰德
344,blank,空白的；空虚的；单调的；空白；空虚；空白表格；使…无效；使…模糊；封锁
345,blast,爆炸；冲击波；一阵；猛攻
346,blaze,在树皮上刻路标；公开宣布；火焰，烈火；光辉；情感爆发
347,bleach,使漂白，使变白；漂白剂
348,bleak,阴冷的；荒凉的，无遮蔽的；黯淡的，无希望的；冷酷的；单调的
349,bleat,咩咩叫；胡扯；抱怨；咩咩叫声
350,blend,混合；混合；掺合物
351,blessing,祝福；赐福；祷告；使幸福（bless的ing形式）；使神圣化；为…祈神赐福
352,blink,眨眼；使…闪烁；眨眼；瞬间；闪光
353,blister,水泡；水疱；气泡；砂眼；起泡剂；使起水泡；痛打；猛烈抨击
354,blockade,封锁；阻塞
355,blond,金发的；白肤碧眼金发的人
356,bloom,花；青春；旺盛；使开花；使茂盛
357,blot,吸墨水；弄上墨渍或污渍；污点，污渍；墨水渍
358,blueprint,计划；制成蓝图；蓝图，设计图；计划
359,bluff,吓唬；绝壁；断崖；吓唬；愚弄；直率的；陡峭的
360,blunt,钝的，不锋利的；生硬的；直率的；使迟钝；(Blunt)人名；(英)布伦特
361,board,董事会；木板；甲板；膳食；上（飞机、车、船等）；用板盖上；给提供膳宿
362,boast,夸口说，自吹自擂说；以有…而自豪；自夸；值得夸耀的事物，引以为荣的事物
363,bodily,整体地；亲自地；以肉体形式；身体的；肉体的；(Bodily)人名；(英)博迪利
364,bodyguard,保镖
365,boiler,锅炉；烧水壶，热水器；盛热水器
366,bolt,螺栓，螺钉；闪电，雷电；门闩；弩箭;（布的）一匹，一卷；筛选；囫囵吞下；（把门、窗等）闩上；突然说出，脱口说出；突然地；像箭似地；直立地
367,bonus,奖金；红利；额外津贴
368,bony,骨的；多骨的；瘦骨嶙峋的；似骨的；(Bony)人名；(法)博尼
369,boom,使兴旺；发隆隆声；繁荣；吊杆；隆隆声
370,borderline,边界线，边界；界线；边界的；暧昧的
371,bosom,胸；胸怀；中间；胸襟；内心；乳房；内部；怀抱；把…藏在心中；知心的；亲密的
372,bossy,专横的；浮雕装饰的；爱指挥他人的；母牛；牛犊
373,bottleneck,瓶颈；障碍物
374,bough,大树枝
375,bracelet,手镯；手链
376,brandy,白兰地酒
377,brew,酿造；酝酿；啤酒；质地
378,brewery,啤酒厂
379,bristle,猪鬃；刚毛；发怒；竖起
380,brochure,手册，小册子
381,brooch,（女用的）胸针，领针
382,brook,忍受；容忍；小溪；小河
383,brotherly,兄弟的；兄弟般的；亲切的；兄弟般地；亲切地
384,bubble,气泡，泡沫，泡状物；透明圆形罩，圆形顶；沸腾，冒泡；发出气泡声
385,buck,（美）钱，元；雄鹿；纨绔子弟；年轻的印第安人或黑人
386,buckle,扣住；变弯曲；皮带扣，带扣
387,Buddha,佛陀；佛像
388,budget,预算，预算费；安排，预定；把…编入预算；廉价的
389,buffalo,[畜牧][脊椎] 水牛；[脊椎] 野牛（产于北美）；水陆两用坦克
390,bugle,喇叭；军号；筋骨草属植物；吹号集合
391,bulb,电灯泡；鳞茎；球状物；生球茎；膨胀成球状
392,bulldozer,推土机；欺凌者，威吓者
393,bully,欺凌弱小者；土霸；第一流的；特好的；欺负；威吓；很；十分；好；妙
394,bungalow,平房；小屋
395,buoy,[水运] 浮标；浮筒；救生圈；航标；使浮起；支撑；鼓励
396,burden,负担；责任；船的载货量；使负担；烦扰；装货于
397,bureau,局，处；衣柜；办公桌
398,burglar,夜贼，窃贼
399,bushel,蒲式耳；修整（衣服等）
400,butler,男管家；仆役长
401,byte,字节；8位元组
402,cabin,小屋；客舱；船舱；把…关在小屋里
403,cabinet,内阁；橱柜；展览艺术品的小陈列室；内阁的；私下的，秘密的
404,cable,缆绳；电缆；海底电报；打电报
405,cactus,[园艺] 仙人掌
406,cadet,幼子，次子；实习生；候补军官；陆海军官学校的学员
407,cadre,干部；基础结构；骨骼
408,calcium,[化学] 钙
409,calculate,计算；以为；作打算
410,calculation,计算；估计；计算的结果；深思熟虑
411,calendar,日历；[天] 历法；日程表；将…列入表中；将…排入日程表
412,calf,[解剖] 腓肠，小腿；小牛；小牛皮；(鲸等大哺乳动物的)幼崽
413,caliber,[军] 口径；才干；水准（等于calibre）；器量
414,calligraphy,书法；笔迹
415,calorie,卡路里（热量单位）
416,campaign,作战；参加竞选；参加活动；运动；活动；战役
417,campus,（大学）校园；大学，大学生活；校园内的草地
418,canary,[鸟] 金丝雀；淡黄色
419,candidate,候选人，候补者；应试者
420,cane,手杖；藤条；细长的茎；以杖击；以藤编制
421,canine,犬的；犬齿的；犬科的；似犬的；犬；[解剖] 犬齿
422,cannery,罐头工厂
423,canon,标准；教规；正典圣经；教士
424,Cantonese,广东人；广东话；广州的，广州人的
425,canvas,帆布；用帆布覆盖，用帆布装备；帆布制的
426,canyon,峡谷
427,capability,才能，能力；性能，容量
428,capable,能干的，能胜任的；有才华的
429,capacity,能力；容量；资格，地位；生产力
430,capitalism,资本主义
431,capsule,胶囊；[植] 蒴果；太空舱；小容器；压缩的；概要的；压缩；简述
432,caption,标题；字幕；说明；逮捕；加上说明；加上标题
433,capture,"俘获；夺得；捕捉，拍摄,录制；捕获；战利品，俘虏"
434,caravan,（可供居住的）拖车，大篷车；（穿过沙漠地带的）旅行队（如商队）；<英>活动住宅；<美>移民列车；乘拖车度假；参加旅行队旅行
435,carcass,（人或动物的）尸体；残骸；（除脏去头备食用的）畜体
436,cardboard,[纸] 硬纸板；纸板箱；卡纸板；不真实的；硬纸板制的
437,cardigan,羊毛衫，开襟羊毛衫（等于cardigan sweater）
438,cardinal,红衣主教；枢机主教；鲜红色；【鸟类】(北美)主红雀；主要的，基本的；深红色的
439,career,生涯；职业；事业；速度，全速；作为毕生职业的；全速前进，猛冲
440,carefree,无忧无虑的；不负责的
441,careful,仔细的，小心的
442,cargo,货物，船货
443,carnival,狂欢节，嘉年华会；饮宴狂欢
444,carol,欢乐地歌唱；唱耶诞颂歌；颂歌，赞美诗；欢乐之歌
445,carpenter,木匠，木工；当木匠，做木匠工作
446,carry,拿，扛；携带；支持；搬运；运载；[计] 进位；射程
447,cart,二轮运货马车；用车装载
448,carton,纸板箱；靶心白点；用盒包装；制作纸箱
449,cashier,出纳员；司库；收银员；解雇；抛弃
450,casino,俱乐部，赌场；娱乐场
451,cask,木桶，桶；装入桶内
452,cassette,盒式磁带；暗盒；珠宝箱；片匣
453,casual,随便的；非正式的；临时的；偶然的；便装；临时工人；待命士兵
454,catalogue,目录；（美）大学情况一览；把…编入目录
455,cataract,[眼科] 白内障；大瀑布；暴雨，洪水；奔流；倾注
456,catastrophe,大灾难；大祸；惨败
457,catch,赶上；抓住；感染；了解；捕捉；捕获物；窗钩
458,categorize,分类
459,cater,投合，迎合；满足需要；提供饮食及服务；(Cater)人名；(英)凯特
460,caterpillar,[无脊椎] 毛虫；履带车；有履带装置的
461,Catholic,天主教的；宽宏大量的；天主教徒；罗马天主教
462,cauliflower,花椰菜，菜花
463,cause,原因；事业；目标；引起；使遭受
464,caution,小心，谨慎；警告，警示；警告
465,cavalry,骑兵；装甲兵；装甲部队
466,ceaseless,不断的；不停的
467,celebrated,著名的；有名望的；庆祝（celebrate的过去式和过去分词）
468,celebrity,名人；名声
469,celery,[园艺] 芹菜
470,cello,大提琴
471,cellular,细胞的；多孔的；由细胞组成的；移动电话；单元
472,celluloid,赛璐珞；（美俚）电影（胶片）
473,Celsius,摄氏的；摄氏度
474,cement,巩固，加强；用水泥涂；接合；水泥；接合剂
475,cemetery,墓地；公墓
476,census,实施统计调查；人口普查，人口调查
477,ceramic,陶瓷的；陶器的；制陶艺术的；陶瓷；陶瓷制品
478,cereal,谷类，谷物；谷类食品；谷类植物；谷类的；谷类制成的
479,ceremony,典礼，仪式；礼节，礼仪；客套，虚礼
480,certainty,必然；确实；确实的事情
481,chair,椅子；讲座；（会议的）主席位；大学教授的职位；担任（会议的）主席；使…入座；使就任要职
482,challenge,挑战；怀疑；向…挑战；对…质疑
483,chamber,（身体或器官内的）室，膛；房间；会所；室内的；私人的，秘密的；把…关在室内；装填（弹药等）
484,champagne,香槟酒；香槟酒色
485,championship,锦标赛；冠军称号；冠军的地位
486,chance,机会，际遇；运气，侥幸；可能性；偶然发生；冒……的险
487,chancellor,总理（德、奥等的）；（英）大臣；校长（美国某些大学的）；（英）大法官；（美）首席法官
488,change,改变；交换；变化；找回的零钱
489,chaos,混沌，混乱
490,chap,小伙子；家伙；龟裂；使皲裂
491,chapel,小礼拜堂，小教堂；礼拜；非国教的
492,characterize,描绘…的特性；具有…的特征
493,charcoal,木炭；炭笔；用木炭画（过去式charcoaled，过去分词charcoaled，现在分词charcoaling，第三人称单数charcoals）
494,chargeable,应支付的；可以控诉的；可充电的；应课税的
495,chariot,二轮战车；驾驭（过去式charioted，过去分词charioted，现在分词charioting，第三人称单数chariots）
496,charity,慈善；施舍；慈善团体；宽容；施舍物
497,charter,特许；包租；发给特许执照；宪章；执照；特许状
498,chase,追逐；追捕；试图赢得；雕镂；追逐；追赶；追击
499,chasm,峡谷；裂口；分歧；深坑
500,chatter,唠叨；喋喋不休；（动物等）吱吱叫；唠叨；饶舌；（动物的）啁啾声；潺潺流水声
501,chauffeur,司机；开车运送
502,checkpoint,检查站，关卡
503,chef,厨师，大师傅
504,cherish,珍爱
505,cherry,樱桃；樱桃树；如樱桃的鲜红色；处女膜，处女
506,chestnut,栗子；栗色；[园艺] 栗树；栗色马；栗色的
507,childish,幼稚的，孩子气的
508,chill,寒冷；寒意；寒心；寒冷的；冷漠的；扫兴的；冷冻，冷藏；使寒心；使感到冷
509,chilli,红辣椒
510,chin,下巴；聊天；引体向上动作；用下巴夹住；与…聊天；在单杠上作引体向上动作
511,chip,削，凿；削成碎片；[电子] 芯片；筹码；碎片；(食物的) 小片; 薄片
512,choir,唱诗班；合唱队；舞蹈队；合唱
513,chop,砍；排骨；商标；削球；剁碎；砍
514,chord,弦；和弦；香水的基调
515,chore,家庭杂务；日常的零星事务；讨厌的或累人的工作
516,chorus,合唱队；齐声；歌舞队；合唱；异口同声地说
517,Christ,基督；救世主；天啊！
518,Christianity,基督教；基督教精神，基督教教义
519,chronic,慢性的；长期的；习惯性的；(Chronic)人名；(英)克罗尼克
520,chrysanthemum,菊花
521,chuckle,咯咯的笑，轻声地笑；轻笑，窃笑
522,chunk,大块；矮胖的人或物
523,churchyard,境内；教堂院落，多做墓地
524,cider,苹果酒；苹果汁
525,circuit,[电子] 电路，回路；巡回；一圈；环道；环行
526,circulate,传播，流传；循环；流通
527,circumference,圆周；周长；胸围
528,circumstance,环境，情况；事件；境遇
529,cite,引用；传讯；想起；表彰
530,citizenship,[法] 公民身份，公民资格；国籍；公民权
531,civic,市的；公民的，市民的
532,claim,提出要求；要求；声称；索赔；断言；值得
533,clam,捞蛤；保持沉默，闭嘴不言；蛤；沉默寡言的人；钳子
534,clamour,吵闹；大声地要求；喧闹
535,clamp,夹紧，固定住；夹钳，螺丝钳
536,clan,宗族；部落；集团
537,clang,叮当声；铿锵声；发铿锵声
538,clarity,清楚，明晰；透明
539,clash,冲突，不协调；碰撞声，铿锵声；冲突，抵触；砰地相碰撞，发出铿锵声
540,clasp,扣子，钩子；握手；紧抱；扣紧；紧紧缠绕
541,classify,分类；分等
542,clause,条款；[计] 子句
543,claw,爪；螯，钳；爪形器具；用爪抓（或挖）
544,clay,[土壤] 粘土；泥土；肉体；似黏土的东西；用黏土处理
545,clearance,清除；空隙
546,clench,紧握；确定；把…敲弯；紧抓；敲环脚
547,clergy,神职人员；牧师；僧侣
548,client,[经] 客户；顾客；委托人
549,cliff,悬崖；绝壁
550,climate,气候；风气；思潮；风土
551,climax,高潮；顶点；层进法；极点
552,cling,坚持，墨守；紧贴；附着
553,clinical,临床的；诊所的
554,clip,（塑料或金属的）夹子；回纹针；修剪；剪报；剪；剪掉；缩短；给…剪毛（或发）用别针别在某物上，用夹子夹在某物上
555,cloak,斗蓬；宽大外衣；托词；遮掩；隐匿
556,clockwise,顺时针方向地；顺时针方向的
557,closely,紧密地；接近地；严密地；亲近地
558,clout,破布；敲打；影响力；势力；给…打补钉；猛击
559,clown,小丑；乡下人；粗鲁笨拙的人；扮小丑；装傻
560,clue,线索；（故事等的）情节；为…提供线索；为…提供情况
561,clumsy,笨拙的
562,cluster,群；簇；丛；串；群聚；丛生
563,clutch,离合器；控制；手；紧急关头；攫；企图抓住；没有手提带或背带的；紧要关头的
564,coalition,联合；结合，合并
565,coarse,粗糙的；粗俗的；下等的
566,coastal,沿海的；海岸的
567,cobbler,补鞋匠；工匠；冷饮料；脆皮水果馅饼
568,cobweb,蜘蛛网；蛛丝；圈套；使布满蛛网；使混乱
569,cockroach,[昆] 蟑螂
570,cocktail,鸡尾酒；开胃食品；鸡尾酒的
571,cocoa,可可粉；可可豆；可可饮料；深褐色
572,coconut,椰子；椰子肉
573,cod,[鱼] 鳕鱼；愚弄；哄骗；欺骗；愚弄
574,code,代码，密码；编码；法典；编码；制成法典
575,coffin,棺材
576,coil,盘绕，把…卷成圈；线圈；卷
577,coinage,造币；[金融] 货币制度；新造的字及其语等
578,coincide,一致，符合；同时发生
579,cola,可乐；可乐树（其子含咖啡碱）
580,collaborate,合作；勾结，通敌
581,collapse,倒塌；瓦解；暴跌；倒塌；失败；衰竭
582,collector,收藏家；[电子] 集电极；收税员；征收者
583,collegiate,大学的；学院的；大学生的
584,collide,碰撞；抵触，冲突
585,colloquial,白话的；通俗的；口语体的
586,colon,[解剖] 结肠；冒号（用于引语、说明、例证等之前）；科郎（哥斯达黎加货币单位）
587,colonel,陆军上校
588,colony,殖民地；移民队；种群；动物栖息地
589,column,纵队，列；专栏；圆柱，柱形物
590,coma,[医] 昏迷；[天] 彗形像差
591,combat,反对；与…战斗；战斗；争论；战斗的；为…斗争的
592,combination,结合；组合；联合；[化学] 化合
593,combine,使化合；使联合，使结合；联合收割机；联合企业
594,combustion,燃烧，氧化；骚动
595,comedian,喜剧演员；滑稽人物
596,comet,[天] 彗星
597,comic,喜剧的；滑稽的；有趣的；连环漫画；喜剧演员；滑稽人物
598,commander,指挥官；司令官
599,commemorate,庆祝，纪念；成为…的纪念
600,commence,开始；着手；<英>获得学位
601,commend,推荐；称赞；把…委托
602,comment,评论；意见；批评；发表评论；发表意见
603,commentator,评论员，解说员；实况播音员；时事评论者
604,commercial,商业的；营利的；靠广告收入的；商业广告
605,commit,犯罪，做错事；把交托给；指派…作战；使…承担义务
606,committee,委员会
607,commodity,商品，货物；日用品
608,common,共同的；普通的；一般的；通常的；普通；平民；公有地
609,commonplace,老生常谈；司空见惯的事；普通的东西；平凡的；陈腐的
610,commonwealth,联邦；共和国；国民整体
611,communicative,交际的；爱说话的，健谈的；无隐讳交谈的
612,community,社区；[生态] 群落；共同体；团体
613,commute,（搭乘车、船等）通勤；代偿；通勤（口语）
614,compact,合同，契约；小粉盒；紧凑的，紧密的；简洁的；使简洁；使紧密结合
615,companionship,友谊；陪伴；交谊
616,comparable,可比较的；比得上的
617,comparison,比较；对照；比喻；比较关系
618,compartment,[建] 隔间；区划；卧车上的小客房；分隔；划分
619,compass,指南针，罗盘；圆规；包围
620,compassion,同情；怜悯
621,compel,强迫，迫使；强使发生；(Compel)人名；(法)孔佩尔
622,compensate,补偿，赔偿；抵消
623,compensation,补偿；报酬；赔偿金
624,compete,竞争；比赛；对抗
625,compile,编译；编制；编辑；[图情] 汇编
626,complacency,自满；满足；自鸣得意
627,complain,投诉；发牢骚；诉说
628,complement,补语；余角；补足物；补足，补助
629,complete,完整的；完全的；彻底的；完成
630,complex,复杂的；合成的；复合体；综合设施
631,compliance,顺从，服从；承诺
632,complicity,共谋；串通；共犯关系
633,compliment,恭维；称赞；问候；致意；道贺；恭维；称赞
634,comply,遵守；顺从，遵从；答应
635,component,组成的，构成的；成分；组件；[电子] 元件
636,compose,构成；写作；使平静；排…的版
637,compound,[化学] 化合物；混合物；复合词；复合的；混合的；合成；混合；恶化，加重；和解，妥协
638,comprehend,理解；包含；由…组成
639,comprehension,理解；包含
640,compress,受压缩小
641,comprise,包含；由…组成
642,compromise,妥协；危害；妥协，和解；折衷
643,compulsory,义务的；必修的；被强制的；（花样滑冰、竞技体操等的）规定动作
644,compute,计算；估算；用计算机计算；计算；估计；推断
645,conceal,隐藏；隐瞒
646,conceit,自负；狂妄；幻想；幻想
647,conceive,怀孕；构思；以为；持有
648,concentrate,集中；浓缩；全神贯注；聚集；浓缩，精选；浓缩液
649,concept,观念，概念
650,concern,涉及，关系到；使担心；关系；关心；关心的事；忧虑
651,concerned,有关的；关心的；关心（concern的过去时和过去分词）；与…有关
652,concerning,关于；就…而言；涉及；使关心（concern的ing形式）；忧虑
653,concession,让步；特许（权）；承认；退位
654,concise,简明的，简洁的
655,conclusive,决定性的；最后的；确实的；确定性的
656,concrete,混凝土的；实在的，具体的；有形的；凝结；具体物；凝结物
657,concubine,妾；情妇；姘妇
658,condemn,谴责；判刑，定罪；声讨
659,condense,浓缩；凝结
660,conditional,有条件的；假定的；条件句；条件语
661,condolence,哀悼；慰问
662,conducive,有益的；有助于…的
663,cone,圆锥体，圆锥形；[植] 球果；使成锥形
664,confess,承认；坦白；忏悔；供认
665,confident,自信的；确信的
666,confidentially,秘密地；作为心腹话地
667,confidently,自信地；安心地
668,confine,界限，边界;约束；限制；限制；禁闭
669,confirm,确认；确定；证实；批准；使巩固
670,confiscate,没收；充公；查抄；被没收的
671,conflict,冲突，矛盾；斗争；争执；冲突，抵触；争执；战斗
672,conform,符合；遵照；适应环境；一致的；顺从的
673,confront,面对；遭遇；比较
674,confuse,使混乱；使困惑
675,congregate,聚集；集合在一起的
676,congress,国会；代表大会；会议；社交
677,congruent,适合的，一致的；全等的；和谐的
678,conical,圆锥的；圆锥形的
679,conifer,针叶树；[植] 松柏科植物
680,conjunction,结合；[语] 连接词；同时发生
681,connecting,连接；管接头，套管；[计] 连接的；连接（connect的ing形式）
682,conquest,征服，战胜；战利品
683,conscience,道德心，良心
684,conscious,意识到的；故意的；神志清醒的
685,consecutive,连贯的；连续不断的
686,consent,同意；赞成；答应；同意；（意见等的）一致；赞成
687,consequence,结果；重要性；推论
688,consequently,因此；结果；所以
689,conserve,保存；将…做成蜜饯；使守恒；果酱；蜜饯
690,considerable,相当大的；重要的，值得考虑的
691,considerate,体贴的；体谅的；考虑周到的
692,considered,经过深思熟虑的；被尊重的
693,considering,考虑到；就而论；考虑到；考虑到（consider的ing形式）
694,consistent,始终如一的，一致的；坚持的
695,consistently,一贯地；一致地；坚实地
696,consolidate,巩固，使固定；联合
697,consonant,辅音的；一致的；和谐的；辅音；辅音字母
698,constable,治安官，巡警；警察
699,constellation,[天] 星座；星群；荟萃；兴奋丛
700,constitute,组成，构成；建立；任命
701,construction,建设；建筑物；解释；造句
702,consul,领事；（古罗马的）两执政官之一
703,consult,查阅；商量；向…请教
704,consume,消耗，消费；使…著迷；挥霍
705,consumed,充满的；对…着迷的；消耗（consume的过去式和过去分词）
706,contain,包含；控制；容纳；牵制（敌军）
707,contaminate,污染，弄脏
708,contemporary,同时代的人；同时期的东西；当代的；同时代的；属于同一时期的
709,contempt,轻视，蔑视；耻辱
710,contemptuous,轻蔑的；侮辱的
711,contented,满足的；心安的；使…满足；使…安心（content的过去式和过去分词）
712,contention,争论，争辩；争夺；论点
713,contest,争辩；质疑；竞赛；争夺；争论
714,context,环境；上下文；来龙去脉
715,continental,大陆的；大陆性的；欧洲人
716,continual,持续不断的；频繁的
717,continue,继续，延续；仍旧，连续
718,contract,收缩；感染；订约；合同；婚约
719,contraction,收缩，紧缩；缩写式；害病
720,contradict,反驳；否定；与…矛盾；与…抵触
721,contrast,对比；形成对照；对比；差别；对照物
722,contribute,贡献，出力；投稿；捐献
723,controversial,有争议的；有争论的
724,controversy,争论；论战；辩论
725,convenience,便利；厕所；便利的事物
726,convention,大会；[法] 惯例；[计] 约定；[法] 协定；习俗
727,converse,相反的，逆向的；颠倒的；交谈，谈话；认识；逆行，逆向；倒；相反的事物
728,convert,使转变；转换…；使…改变信仰；皈依者；改变宗教信仰者
729,convex,凸面的；凸圆的；凸面体；凸状
730,convey,传达；运输；让与
731,convict,证明…有罪；宣告…有罪；罪犯
732,convince,说服；使确信，使信服
733,cookery,烹调术；烹调业
734,cooler,冷却器；清凉剂；更冷的（cool的比较级）
735,cooperate,合作，配合；协力
736,coordinate,坐标；同等的人或物；并列的；同等的；调整；整合
737,cope,处理；对付；竞争；长袍
738,copper,铜；铜币；警察；铜制的；镀铜
739,copyright,版权，著作权；版权的；受版权保护的；保护版权；为…取得版权
740,cord,绳索；束缚；用绳子捆绑
741,cordial,热忱的，诚恳的；兴奋的；补品；兴奋剂；甜香酒，甘露酒
742,corduroy,[纺] 灯芯绒，楞条花布；灯芯绒裤子；用灯芯绒布制的衣服；灯芯绒做的；泥地上用木头铺排成的
743,core,核心；要点；果心；[计] 磁心；挖的核
744,cornea,[解剖] 角膜
745,cornerstone,基础；柱石；地基
746,corporal,肉体的，身体的；下士
747,corporate,法人的；共同的，全体的；社团的；公司的；企业的
748,corpse,尸体
749,correspondence,通信；一致；相当
750,corrupt,腐败的，贪污的；堕落的；使腐烂；使堕落，使恶化
751,cosmetic,美容的；化妆用的；化妆品；装饰品
752,cosmic,宇宙的（等于cosmical）
753,cosmopolitan,世界性的；世界主义的，四海一家的；四海为家者；世界主义者；世界各地都有的东西
754,cosmos,宇宙；和谐；秩序；大波斯菊
755,costly,昂贵的；代价高的；(Costly)人名；(英)科斯特利
756,costume,服装，装束；戏装，剧装；给…穿上服装
757,cosy,舒适的；惬意的；保温罩
758,cot,简易床；小屋；轻便小床
759,couch,睡椅，长沙发；床；卧榻；蹲伏，埋伏；躺着
760,council,委员会；会议；理事会；地方议会；顾问班子
761,counsel,法律顾问；忠告；商议；讨论；决策；建议；劝告
762,countable,可计算的；能算的
763,counter,柜台；对立面；计数器；（某些棋盘游戏的）筹码；反击，还击；反向移动，对着干；反驳，回答；相反的；反方向地；背道而驰地
764,counterattack,反击；反攻
765,counterpart,副本；配对物；极相似的人或物
766,countess,伯爵夫人；女伯爵
767,county,郡，县
768,coupon,息票；赠券；联票；[经] 配给券
769,courageous,有胆量的，勇敢的
770,coward,懦夫，懦弱的人；胆小的，懦怯的
771,crab,螃蟹；蟹肉；脾气乖戾的人；起重机；抱怨；破坏；使偏航
772,crack,使破裂；打开；变声；裂缝；声变；噼啪声；最好的；高明的
773,cradle,摇篮；发源地；发祥地；支船架；抚育；把搁在支架上；把放在摇篮内
774,craft,工艺；手艺；太空船；精巧地制作
775,crag,峭壁；岩石碎块；颈；嗉囊
776,crane,吊车，起重机；鹤；伸着脖子看；迟疑，踌躇
777,crash,撞碎；坠毁；破产；轰隆声；睡觉；摔碎；坠落；发出隆隆声；(金融企业等)破产
778,crate,板条箱；篓；将某物装入大木箱或板条箱中
779,crawl,爬行；匍匐行进；爬行；养鱼池；匍匐而行
780,craze,狂热；发狂；产生纹裂
781,creamy,奶油色的；乳脂状的；含乳脂的
782,creation,创造，创作；创作物，产物
783,credible,可靠的，可信的
784,creditor,债权人，贷方
785,credulous,轻信的；因轻信而产生的
786,creed,信条，教义
787,creek,小溪；小湾
788,creep,爬行；蔓延；慢慢地移动；起鸡皮疙瘩；爬行；毛骨悚然的感觉；谄媚者
789,crest,[物] 波峰；冠；山顶；顶饰；到达绝顶；形成浪峰
790,crib,婴儿床；栅栏；食槽；剽窃
791,cricket,板球，板球运动；蟋蟀
792,crimson,深红色；深红色的；使变为深红色；脸红
793,cripple,削弱；使跛；使残废；跛子；残废；跛的；残废的
794,crisis,危机；危险期；决定性时刻；危机的；用于处理危机的
795,crisp,脆的；新鲜的；易碎的；使卷曲；使发脆；松脆物；油炸马铃薯片
796,criterion,（批评判断的）标准；准则；规范；准据
797,critic,批评家，评论家；爱挑剔的人
798,crosscheck,多方面求证，反复查对；交叉核对，反复核对
799,crossword,纵横字谜；纵横填字谜（等于cross puzzle）
800,crowded,拥挤的；塞满的；拥挤（crowd的过去分词）
801,crown,王冠；花冠；王权；顶点；加冕；居…之顶；表彰；使圆满完成
802,crucial,重要的；决定性的；定局的；决断的
803,crude,粗糙的；天然的，未加工的；粗鲁的；原油；天然的物质
804,cruelty,残酷；残忍；残酷的行为
805,cruise,巡航，巡游；漫游；巡航，巡游；乘船游览
806,crumble,崩溃；破碎，粉碎；面包屑
807,crusade,改革运动；十字军东侵；加入十字军；从事改革运动
808,crush,压碎；弄皱，变形；使…挤入；粉碎；迷恋；压榨；拥挤的人群
809,crust,地壳；外壳；面包皮；坚硬外皮；结硬皮；结成外壳
810,crutch,拐杖；支柱；依靠；胯部；用拐杖支撑；支持
811,crystal,结晶，晶体；水晶；水晶饰品；水晶的；透明的，清澈的
812,cucumber,黄瓜；胡瓜
813,cue,提示，暗示；线索；给…暗示
814,cuisine,烹饪，烹调法
815,cultivate,培养；陶冶；耕作
816,cultural,文化的；教养的
817,cunning,狡猾的；巧妙的；可爱的；狡猾
818,curable,可治愈的；可医治的；可矫正的
819,curb,抑制；路边；勒马绳；控制；勒住
820,curiosity,好奇，好奇心；珍品，古董，古玩
821,curl,使…卷曲；使卷起来；卷曲；卷发；螺旋状物
822,current,现在的；流通的，通用的；最近的；草写的；（水，气，电）流；趋势；涌流
823,curriculum,课程
824,curry,用咖喱烧，给…加咖喱粉；梳刷；鞭打；咖哩粉，咖喱；咖哩饭菜
825,curse,诅咒；咒骂
826,cursor,光标；（计算尺的）[计] 游标，指针
827,curve,曲线；弯曲；曲线球；曲线图表；弯；使弯曲；弯曲的；曲线形的
828,custody,保管；监护；拘留；抚养权
829,customary,习惯的；通常的；习惯法汇编
830,cyclone,旋风；[气象] 气旋；飓风
831,cylinder,圆筒；汽缸；[数] 柱面；圆柱状物
832,cynical,愤世嫉俗的；冷嘲的
833,czar,（帝俄的）沙皇，皇帝；独裁者
834,dagger,匕首，短剑；用剑刺
835,dairy,奶制品；乳牛；制酪场；乳品店；牛奶及乳品业；乳品的；牛奶的；牛奶制的；产乳的
836,damage,损害；损毁；赔偿金；损害；损毁
837,damn,谴责；罚…下地狱；一点；诅咒；可恶的；非常；讨厌
838,damp,使潮湿；使阻尼；使沮丧，抑制；潮湿，湿气；潮湿的
839,Danish,丹麦的；丹麦人的；丹麦语（文）的；丹麦语
840,darken,使变暗；使模糊
841,darling,心爱的人；亲爱的
842,dart,投掷，投射；使迅速突然移动；飞镖，标枪；急驰，飞奔；（虫的）螯；飞快的移动
843,day,一天；时期；白昼；每天；经常在白天地；日间的；逐日的
844,daydream,做白日梦；白日梦
845,daze,使茫然；使眼花缭乱；使晕眩；迷乱，眼花缭乱
846,dazzle,耀眼的光；灿烂；使……目眩；使……眼花
847,deadly,致命的；非常的；死一般的；非常；如死一般地
848,deadweight,自重；载重量；重负
849,deafen,使聋；淹没
850,deal,处理；给予；分配；发牌；交易；（美）政策；待遇；份量
851,dean,院长；系主任；教务长；主持牧师
852,deathly,死一般的；致命的；死了一样地；非常
853,debt,债务；借款；罪过
854,debut,初次登台；开张；初次登台
855,decade,十年，十年期；十
856,decay,衰退，[核] 衰减；腐烂，腐朽
857,deceased,已故的；死者；[法] 被继承人；死亡（decease的过去式）
858,deceit,欺骗；谎言；欺诈手段
859,decent,正派的；得体的；相当好的
860,decibel,分贝
861,decimal,小数的；十进位的；小数
862,decisive,决定性的；果断的，坚定的
863,deck,甲板；行李仓；露天平台；装饰；装甲板；打扮
864,declaration,（纳税品等的）申报；宣布；公告；申诉书
865,declare,宣布，声明；断言，宣称
866,decline,下降；衰退；斜面；下降；衰落；谢绝
867,decorative,装饰性的；装潢用的
868,decrease,减少，减小；减少量；减少，减小
869,decree,法令；判决；命令；颁布；注定；判决
870,dedicate,致力；献身；题献
871,deduce,推论，推断；演绎出
872,default,拖欠；不履行；不到场；违约；缺席；缺乏；系统默认值
873,defect,缺点，缺陷；不足之处；变节；叛变
874,defendant,辩护的；为自己辩护的；被告
875,defiance,蔑视；挑战；反抗
876,deficient,不足的；有缺陷的；不充分的
877,deficit,赤字；不足额
878,define,定义；使明确；规定；(Define)人名；(英)德法恩；(葡)德菲内
879,deflect,使转向；使偏斜；使弯曲
880,defy,藐视；公然反抗；挑衅；使落空；挑战；对抗
881,delegate,委派…为代表；代表
882,deliberate,故意的；深思熟虑的；从容的；仔细考虑；商议
883,delicacy,美味；佳肴；微妙；精密；精美；敏锐，敏感；世故，圆滑
884,delicate,微妙的；精美的，雅致的；柔和的；易碎的；纤弱的；清淡可口的
885,delight,高兴
886,delinquency,行为不良，违法犯罪；失职，怠工
887,delivery,[贸易] 交付；分娩；递送
888,delta,（河流的）三角洲；德耳塔（希腊字母的第四个字）
889,delusion,迷惑，欺骗；错觉；幻想
890,demanding,苛求的；要求高的；吃力的；要求；查问（demand的ing形式）
891,demerit,缺点，短处；过失
892,democratic,民主的；民主政治的；大众的
893,demolish,拆除；破坏；毁坏；推翻；驳倒
894,den,贼窝，私室；兽穴，窝巢；小房间；藏到洞里；住在肮脏简陋的小房间里；把……赶进洞穴
895,denomination,面额；名称；教派
896,denote,表示，指示
897,denounce,谴责；告发；公然抨击；通告废除
898,dense,稠密的；浓厚的；愚钝的
899,dental,牙科的；牙齿的，牙的；齿音
900,deny,否定，否认；拒绝给予；拒绝…的要求
901,depart,离开；出发，起程；违反；去世；逝世的
902,dependence,依赖；依靠；信任；信赖
903,dependent,依靠的；从属的；取决于…的；依赖他人者；受赡养者
904,depict,描述；描画
905,deploy,配置；展开；使疏开；部署
906,deport,驱逐出境；举止；放逐；(Deport)人名；(捷)德波特；(法)德波尔
907,deposit,存款；押金；订金；保证金；沉淀物；使沉积；存放
908,depot,仓库；停车场；航空站；把…存放在储藏处；药性持久的
909,depreciation,折旧；贬值
910,depress,压抑；使沮丧；使萧条
911,deprive,使丧失，剥夺
912,deputy,代理人，代表；副的；代理的
913,derelict,玩忽职守的；无主的；被抛弃了的；遗弃物；玩忽职守者；被遗弃的人
914,derive,源于；得自；获得；(Derive)人名；(法)德里夫
915,descend,下降；下去；下来；遗传；屈尊
916,descent,下降；血统；袭击；除去…的气味；使…失去香味
917,descriptive,描写的，叙述的；描写性的
918,desert,遗弃；放弃；逃跑；沙漠；荒原；应得的赏罚；沙漠的；荒凉的；不毛的
919,deserted,荒芜的；被遗弃的；遗弃（desert的过去式和过去分词）
920,deserve,应受，应得
921,designate,指定；指派；标出；把…定名为；指定的；选定的
922,designer,设计师；谋划者；由设计师专门设计的；享有盛名的；赶时髦的
923,desirable,令人满意的；值得要的；合意的人或事物
924,desire,欲望；要求，心愿；性欲；想要；要求；希望得到…
925,desktop,桌面；台式机
926,desolate,荒凉的；无人烟的；使荒凉；使孤寂
927,despair,绝望；令人绝望的人或事；绝望，丧失信心
928,desperate,不顾一切的；令人绝望的；极度渴望的
929,despise,轻视，鄙视
930,despite,尽管，不管；轻视；憎恨；侮辱
931,despot,专制君主，暴君；独裁者
932,destined,注定的；命定的；去往…的；注定（destine的过去式和过去分词）
933,destruction,破坏，毁灭；摧毁
934,detail,细节，详情；详述；选派
935,detain,拘留；留住；耽搁
936,detect,察觉；发现；探测
937,detention,拘留；延迟；挽留
938,deter,制止，阻止；使打消念头；(Deter)人名；(德)德特尔
939,detergent,清洁剂；去垢剂
940,deteriorate,恶化，变坏
941,detriment,损害；伤害；损害物
942,devil,魔鬼；撒旦；家伙；恶棍；淘气鬼；冒失鬼；虐待，折磨；（用扯碎机）扯碎；（替作家，律师等）做助手；抹辣味料烤制或煎煮
943,devise,设计；想出；发明；图谋；遗赠给；遗赠
944,devote,致力于；奉献
945,devour,吞食；毁灭
946,dew,珠，滴；露水；清新；（露水等）弄湿；结露水
947,dewdrop,露珠；露滴
948,diagnose,诊断；断定
949,dialect,方言，土话；同源语；行话；个人用语特征；方言的
950,diameter,直径
951,dictate,命令；口述；使听写；命令；指示
952,diction,用语；措词
953,diesel,柴油机；柴油；（俚）健康的身体；内燃机传动的；供内燃机用的
954,dietary,规定的食物；饮食的规定；食谱；饮食的，饭食的，规定食物的
955,difference,差异；不同；争执
956,different,不同的；个别的，与众不同的
957,differential,微分的；差别的；特异的；微分；差别
958,diffuse,弥漫的；散开的；扩散；传播；漫射
959,digestion,消化；领悟
960,digit,数字；手指或足趾；一指宽
961,dignified,庄严的；有尊严的；高贵的；使高贵（dignify的过去式）
962,dike,堤防，堤坝；障碍物；（英）壕沟；筑堤防护；开沟排水（等于dyke）
963,dilemma,困境；进退两难；两刀论法
964,diligence,勤奋，勤勉；注意的程度
965,dilute,稀释的；淡的；稀释；冲淡；削弱
966,dim,暗淡的，昏暗的；模糊的，看不清的；悲观的，怀疑的；使暗淡，使失去光泽；使变模糊；笨蛋，傻子
967,dime,一角硬币
968,dimension,方面;[数] 维；尺寸；次元；容积 vt标出尺寸；规格的
969,diminish,使减少；使变小
970,diner,用餐者；路边小饭店；餐车式简便餐厅
971,dinosaur,恐龙；过时、落伍的人或事物
972,dioxide,二氧化物
973,diplomacy,外交；外交手腕；交际手段
974,direct,直接的；直系的；亲身的；恰好的；管理；指挥；导演；指向；直接地；正好；按直系关系
975,disable,使失去能力；使残废；使无资格
976,disapproval,不赞成；不喜欢
977,disastrous,灾难性的；损失惨重的；悲伤的
978,disbelief,怀疑，不信
979,disc,圆盘，[电子] 唱片（等于disk）；灌唱片
980,discard,抛弃；放弃；丢弃；抛弃；被丢弃的东西或人
981,discern,识别；领悟，认识
982,discharge,解雇；卸下；放出；免除；排放；卸货；解雇
983,disciple,门徒，信徒；弟子
984,discipline,学科；纪律；训练；惩罚；训练，训导；惩戒
985,disclose,公开；揭露
986,disco,迪斯科舞厅；的士高
987,discord,不和；不调和；嘈杂声；不一致；刺耳
988,discourage,阻止；使气馁
989,discourse,论述；谈话；演讲；演说；谈论；讲述
990,discover,发现；发觉
991,discrepancy,不符；矛盾；相差
992,discretion,自由裁量权；谨慎；判断力；判定；考虑周到
993,discriminate,歧视；区别；辨别
994,discrimination,歧视；区别，辨别；识别力
995,disdain,蔑视；鄙弃
996,disfavour,不赞成；冷待；不赞成；不喜欢
997,disguise,掩饰；假装；隐瞒；伪装；假装；用作伪装的东西
998,disgust,厌恶，嫌恶；使厌恶；使作呕
999,disgusted,厌恶的；厌烦的；使恶心；使讨厌（disgust的过去分词）
1000,dishwasher,洗碗工；洗碟机
1001,disinfect,将…消毒
1002,dismal,凄凉的，忧郁的；阴沉的，沉闷的；低落的情绪
1003,dismay,沮丧，灰心；惊慌；使沮丧；使惊慌
1004,dismiss,解散；解雇；开除；让离开；不予理会、不予考虑
1005,dismissal,解雇；免职
1006,dispatch,派遣；急件；派遣；分派
1007,dispel,驱散，驱逐；消除（烦恼等）
1008,dispensary,药房；（学校、兵营或工厂的）诊疗所；防治站
1009,dispense,分配，分发；免除；执行
1010,displace,取代；置换；转移；把…免职；排水
1011,display,显示；炫耀；显示；表现；陈列；展览的；陈列用的
1012,displeasure,不愉快；不满意；悲伤
1013,dispose,处理；处置；安排；处置；性情
1014,disposition,处置；[心理] 性情；[军] 部署；倾向
1015,dispute,辩论；怀疑；阻止；抗拒；辩论；争吵
1016,disqualify,取消…的资格
1017,disregard,忽视；不理；漠视；不顾；忽视；不尊重
1018,disrupt,破坏；使瓦解；使分裂；使中断；使陷于混乱；分裂的，中断的；分散的
1019,dissatisfaction,不满；令人不满的事物
1020,dissatisfy,不满足；使……感觉不满
1021,dissect,切细；仔细分析
1022,dissent,不同意；不信奉国教；异议；（大写）不信奉国教
1023,dissertation,论文，专题；学术演讲
1024,dissident,持不同政见者，意见不同的人；持不同政见的，意见不同的
1025,distant,遥远的；冷漠的；远隔的；不友好的，冷淡的
1026,distaste,厌恶；讨厌；厌恶；不喜欢；不喜欢
1027,distil,蒸馏；提炼；渗出
1028,distinct,明显的；独特的；清楚的；有区别的
1029,distinction,区别；差别；特性；荣誉、勋章
1030,distinguish,区分；辨别；使杰出，使表现突出
1031,distort,扭曲；使失真；曲解
1032,distract,转移；分心
1033,distress,危难，不幸；贫困；悲痛；使悲痛；使贫困
1034,distribute,分配；散布；分开；把…分类
1035,distrust,不信任
1036,disturbance,干扰；骚乱；忧虑
1037,ditch,在…上掘沟；把…开入沟里；丢弃；沟渠；壕沟
1038,diver,潜水者；跳水的选手；潜鸟
1039,diverse,不同的；多种多样的；变化多的
1040,divert,转移；使…欢娱；使…转向；(Divert)人名；(法)迪韦尔
1041,divide,划分；除；分开；使产生分歧；[地理] 分水岭，分水线
1042,division,[数] 除法；部门；分配；分割；师（军队）；赛区
1043,dock,码头；船坞；被告席；尾巴的骨肉部分；使靠码头；剪短
1044,dockyard,[船] 造船厂；海军工厂
1045,doctrine,主义；学说；教义；信条
1046,documentary,记录的；文件的；记实的；纪录片
1047,dodge,躲闪；托词；躲避，避开
1048,dogged,顽强的；顽固的；跟踪；尾随（dog的过去式）
1049,dolphin,海豚
1050,dome,圆屋顶；成圆顶状；加圆屋顶于…上
1051,domestic,国内的；家庭的；驯养的；一心只管家务的；国货；佣人
1052,dominate,控制；支配；占优势；在…中占主要地位
1053,domino,多米诺骨牌；面具；化装外衣
1054,don,先生，阁下；指导教师，大学教师；穿上
1055,donate,捐赠；捐献
1056,donut,炸面圈；环状线圈（等于doughnut）
1057,doom,厄运；死亡；判决；世界末日；注定；判决；使失败
1058,dose,剂量；一剂，一服；服药
1059,doubtful,可疑的；令人生疑的；疑心的；不能确定的
1060,doubtless,无疑地；确定地；大概，多半；无疑的；确定的
1061,dough,生面团；金钱
1062,dove,鸽子；鸽派人士；潜水（dive的过去式）
1063,downcast,沮丧的；低垂的；气馁的；倒台；俯视的目光；向下转换
1064,downfall,垮台；衰败；落下；大雨
1065,downpour,倾盆大雨；注下
1066,draft,汇票；草稿；选派；（尤指房间、烟囱、炉子等供暖系统中的）（小股）气流；起草；制定；征募；初步画出或（写出）的；（设计、草图、提纲或版本）正在起草中的，草拟的；以草稿形式的；草图的
1067,dragon,龙；凶暴的人，凶恶的人；严厉而有警觉性的女人
1068,dragonfly,[昆] 蜻蜓
1069,drain,排水；流干；排水；下水道，排水管；消耗
1070,drastic,激烈的；猛烈的；烈性泻药
1071,draw,画；拉；吸引；平局；抽签
1072,drawback,缺点，不利条件；退税
1073,dread,恐惧；可怕的人（或物）；惧怕；担心；可怕的
1074,dreary,沉闷的，枯燥的
1075,dressing,穿衣；加工；调味品；装饰；梳理；给…穿衣；为…打扮（dress的现在分词）
1076,drift,漂流，漂移；趋势；漂流物；漂流，漂移；漂泊
1077,drill,训练；钻孔机；钻子；播种机；钻孔；训练
1078,drip,滴下；充满；漏下；水滴，滴水声；静脉滴注；使人厌烦的人
1079,drizzle,下毛毛雨；细雨，毛毛雨
1080,droop,下垂；萎靡；凋萎；下垂；消沉
1081,drop,滴；使降低；使终止；随口漏出；滴；落下；空投；微量；滴剂
1082,drought,干旱；缺乏
1083,drowsy,昏昏欲睡的；沉寂的；催眠的
1084,drugstore,[药] 药房（常兼售化妆品、杂志等杂货）；（美）杂货店
1085,drumstick,鸡腿，家禽腿；鼓槌
1086,drunkard,酒鬼，醉汉
1087,dual,双的；双重的；双数；双数词
1088,dubious,可疑的；暧昧的；无把握的；半信半疑的
1089,duchess,公爵夫人；女公爵；雍容华贵的妇女；小老板娘；（澳）盛情款待；讨好；热情款待；讨好
1090,duck,鸭子；鸭肉；（英）宝贝儿；零分；闪避；没入水中
1091,duel,决斗；斗争，抗争；决斗
1092,duke,公爵，（公国的）君主；公爵（种）樱桃
1093,duly,适当地；充分地；按时地；(Duly)人名；(英)杜利
1094,dumb,哑的，无说话能力的；不说话的，无声音的
1095,dummy,虚拟的；假的；傀儡；哑巴；仿制品
1096,dump,倾倒；倾卸；丢下，卸下；摆脱，扔弃；倾销；垃圾场；仓库；无秩序地累积
1097,dung,施粪肥于；粪
1098,duplicate,复制；使加倍；副本；复制品；复制的；二重的
1099,durable,耐用的，持久的；耐用品
1100,duster,抹布，掸子；除尘器；打扫灰尘的人
1101,dustpan,簸箕
1102,Dutch,荷兰的；荷兰人的；荷兰语的；荷兰人；荷兰语；费用平摊地；各自付账地
1103,duty,责任；[税收] 关税；职务
1104,dwarf,变矮小；侏儒，矮子；矮小的
1105,dwell,居住；存在于；细想某事
1106,dwindle,减少；变小
1107,dye,染料；染色；染；把…染上颜色
1108,dynamic,动态的；动力的；动力学的；有活力的；动态；动力
1109,dynasty,王朝，朝代
1110,eagerness,渴望；热心
1111,earache,耳朵痛，耳痛
1112,eardrum,鼓膜，耳膜；中耳
1113,earnest,认真的，热心的；重要的；认真；定金；诚挚
1114,earnings,收入
1115,earthly,地球的；尘世的；可能的
1116,ebb,衰退；退潮；衰落；衰退；减少；衰落；潮退
1117,eccentric,古怪的，反常的；古怪的人
1118,echo,反射；重复；回音；效仿
1119,ecology,生态学；社会生态学
1120,economic,经济的，经济上的；经济学的
1121,economy,经济；节约；理财
1122,ecosystem,生态系统
1123,edible,可食用的；食品；食物
1124,edit,编辑；校订；编辑工作
1125,educational,教育的；有教育意义的
1126,eel,鳗鱼；鳝鱼
1127,effect,影响；效果；作用；产生；达到目的
1128,effective,有效的，起作用的；实际的，实在的；给人深刻印象
1129,efficient,有效率的；有能力的；生效的
1130,effort,努力；成就
1131,effusive,流出的；感情横溢的
1132,ego,自我；自负；自我意识
1133,elaborate,精心制作的；详尽的；煞费苦心的；精心制作；详细阐述；从简单成分合成（复杂有机物）
1134,elapse,消逝；时间过去；流逝；时间的过去
1135,elastic,有弹性的；灵活的；易伸缩的；松紧带；橡皮圈
1136,elbow,肘部；弯头；扶手；推挤；用手肘推开
1137,election,选举；当选；选择权；上帝的选拔
1138,electrician,电工；电气技师
1139,electromagnet,电磁体，[电] 电磁铁；电磁石
1140,elegant,高雅的，优雅的；讲究的；简炼的；简洁的
1141,element,元素；要素；原理；成分；自然环境
1142,elevate,提升；举起；振奋情绪等；提升…的职位
1143,elevator,电梯；升降机；升降舵；起卸机
1144,eliminate,消除；排除
1145,ellipse,[数] 椭圆形，[数] 椭圆
1146,elliptical,椭圆的；省略的
1147,elm,[林] 榆树；榆木；榆树的；榆木的
1148,eloquence,口才；雄辩；雄辩术；修辞
1149,eloquent,意味深长的；雄辩的，有口才的；有说服力的；动人的
1150,elsewhere,在别处；到别处
1151,emancipate,解放；释放
1152,embargo,禁止出入港口；禁止或限制贸易；征用或扣押；禁令；禁止；封港令
1153,embark,从事，着手；上船或飞机
1154,embarrass,使局促不安；使困窘；阻碍
1155,embrace,拥抱；信奉，皈依；包含；拥抱
1156,embroider,刺绣；装饰；镶边
1157,embroidery,刺绣；刺绣品；粉饰
1158,embryo,[胚] 胚胎；胚芽；初期；胚胎的；初期的
1159,emerald,绿宝石；[宝] 祖母绿；翠绿色；翠绿色的
1160,emigrate,移居；移居外国
1161,eminent,杰出的；有名的；明显的
1162,emit,发出，放射；发行；发表
1163,emotion,情感；情绪
1164,emotional,情绪的；易激动的；感动人的
1165,emphasis,重点；强调；加强语气
1166,emphatic,着重的；加强语气的；显著的
1167,empirical,经验主义的，完全根据经验的；实证的
1168,employee,雇员；从业员工
1169,employment,使用；职业；雇用
1170,empress,皇后；女皇
1171,empty,空的；无意义的；无知的；徒劳的；使失去；使…成为空的；空车；空的东西
1172,enamel,搪瓷；珐琅；瓷釉；指甲油；彩饰；涂以瓷釉
1173,enchant,使迷惑；施魔法
1174,encounter,遭遇，邂逅；遇到；遭遇，偶然碰见
1175,encyclopaedia,百科全书
1176,endeavour,尽力，竭力；竭力做到，试图或力图（做某事）
1177,endow,赋予；捐赠；天生具有
1178,energetic,精力充沛的；积极的；有力的
1179,enforce,实施，执行；强迫，强制
1180,engage,吸引，占用；使参加；雇佣；使订婚；预定
1181,engineering,工程，工程学；设计；管理（engineer的ing形式）；建造
1182,engrave,雕刻；铭记
1183,engrossed,全神贯注的；专心致志的；全神贯注（engross的过去分词）
1184,engulf,吞没；吞食，狼吞虎咽
1185,enlarge,扩大；放大；详述
1186,enlargement,放大；放大的照片；增补物
1187,enlighten,启发，启蒙；教导，开导；照耀
1188,enlist,支持；从军；应募；赞助
1189,enormous,庞大的，巨大的；凶暴的，极恶的
1190,enrich,使充实；使肥沃；使富足；(Enrich)人名；(西)恩里奇
1191,enrol,登记；卷起；入学；使入会
1192,ensure,保证，确保；使安全
1193,entail,使需要，必需；承担；遗传给；蕴含；引起；需要；继承
1194,enterprise,企业；事业；进取心；事业心
1195,entertain,娱乐；招待；怀抱；容纳
1196,enthusiasm,热心，热忱，热情
1197,entirety,全部；完全
1198,entitle,称做…；定名为…；给…称号；使…有权利
1199,entrance,入口；进入；使出神，使入迷
1200,entrant,进入者；新会员；参加竞赛者；新工作者
1201,entrepot,贸易中心；（法）仓库
1202,entrepreneur,企业家；承包人；主办者
1203,envelop,包围；包封；遮盖；信封；包裹
1204,envious,羡慕的；嫉妒的
1205,environmental,环境的，周围的；有关环境的
1206,envisage,正视，面对；想像
1207,envision,想象；预想
1208,envoy,使者；全权公使
1209,enzyme,[生化] 酶
1210,epic,史诗的，叙事诗的；史诗；叙事诗；史诗般的作品
1211,epidemic,流行的；传染性的；传染病；流行病；风尚等的流行
1212,episode,插曲；一段情节；插话；有趣的事件
1213,epoch,[地质] 世；新纪元；新时代；时间上的一点
1214,equally,同样地；相等地，平等地；公平地
1215,equip,装备，配备
1216,equipped,装备；预备（equip的过去分词）；整装
1217,equity,公平，公正；衡平法；普通股；抵押资产的净值
1218,equivalent,等价的，相等的；同意义的；等价物，相等物
1219,era,时代；年代；纪元
1220,eradicate,根除，根绝；消灭
1221,eradication,消灭，扑灭；根除
1222,erase,抹去；擦除
1223,erect,使竖立；建造；安装；竖立的；笔直的；因性刺激而勃起的
1224,erode,腐蚀，侵蚀
1225,err,犯错；做错；犯罪；走上歧途
1226,erroneous,错误的；不正确的
1227,erupt,爆发；喷出；发疹；长牙
1228,escalator,（美）自动扶梯；电动扶梯
1229,escapee,逃避者；逃亡者
1230,escort,陪同；护航舰；护卫队；护送者；护送；陪同；为…护航
1231,especial,特殊的，特别的；(Especial)人名；(葡)埃斯佩西亚尔
1232,Esperanto,世界语
1233,essay,散文；试图；随笔；尝试；对…做试验
1234,essayist,随笔作家，散文家；评论家
1235,essential,基本的；必要的；本质的；精华的；本质；要素；要点；必需品
1236,establish,建立；创办；安置
1237,estate,房地产；财产；身份
1238,esteem,尊敬；认为；考虑；估价；尊重；尊敬
1239,estimate,估计，估价；估计，估价；判断，看法
1240,estuary,河口；江口
1241,etc,等等，及其他
1242,eternal,永恒的；不朽的
1243,ether,乙醚；[有化] 以太；苍天；天空醚
1244,ethnic,种族的；人种的
1245,eve,夏娃； 前夕；傍晚；重大事件关头
1246,even,[数] 偶数的；平坦的；相等的；甚至；即使；还；实际上；使平坦；使相等；(Even)人名；(法)埃旺；(德)埃文；(英)埃文
1247,event,事件，大事；项目；结果
1248,eventful,多事的；重要的；多变故的；重大的
1249,eventual,最后的，结果的；可能的；终于的
1250,evergreen,常绿树；常绿植物；[植] 常绿的；永葆青春的
1251,everlasting,永恒的；接连不断的
1252,evidence,证据，证明；迹象；明显；证明
1253,evident,明显的；明白的
1254,evil,邪恶的；不幸的；有害的；讨厌的；罪恶，邪恶；不幸
1255,evolve,发展，进化；进化；使逐步形成；推断出
1256,exaggerate,使扩大；使增大
1257,examine,检查；调查； 检测；考试
1258,exceed,超过；胜过
1259,exceedingly,非常；极其；极度地；极端
1260,excel,超过；擅长
1261,excellent,卓越的；极好的；杰出的
1262,exception,例外；异议
1263,excess,超过，超额；过度，过量；无节制；额外的，过量的；附加的
1264,excessively,过分地；极度
1265,exchange,交换；交流；交易所；兑换；交换；交易；兑换
1266,excited,兴奋的；激动的；活跃的；激动；唤起（excite的过去分词）
1267,excitement,兴奋；刺激；令人兴奋的事物
1268,exclude,排除；排斥；拒绝接纳；逐出
1269,exclusion,排除；排斥；驱逐；被排除在外的事物
1270,exclusively,唯一地；专有地；排外地
1271,excursion,偏移；远足；短程旅行；离题；游览，游览团
1272,execute,实行；执行；处死
1273,executive,行政的；经营的；执行的，经营管理的；总经理；执行委员会；执行者；经理主管人员
1274,exert,运用，发挥；施以影响
1275,exhale,呼气；发出；发散；使蒸发
1276,exhaust,排出；耗尽；使精疲力尽；彻底探讨；排气；废气；排气装置
1277,exhibit,展览；显示；提出（证据等）；展览品；证据；展示会
1278,exile,流放，充军；放逐，被放逐者；流犯；放逐，流放；使背井离乡
1279,existent,生存者；存在的事物；存在的；生存的
1280,expand,扩张；使膨胀；详述
1281,expansion,膨胀；阐述；扩张物
1282,expel,驱逐；开除
1283,expenditure,支出，花费；经费，消费额
1284,experience,经验；经历；体验
1285,experienced,老练的，熟练的；富有经验的
1286,expertise,专门知识；专门技术；专家的意见
1287,expire,期满；终止；死亡；呼气
1288,explanatory,解释的；说明的
1289,explore,探索；探测；探险
1290,explosion,爆炸；爆发；激增
1291,export,输出，出口；出口商品；输出物资
1292,exposition,博览会；阐述；展览会
1293,exposure,暴露；曝光；揭露；陈列
1294,express,表达；快递；明确的；迅速的；专门的；快车，快递，专使；捷运公司
1295,expressway,（美）高速公路
1296,exquisite,精致的；细腻的；优美的，高雅的；异常的；剧烈的；服饰过于讲究的男子
1297,extend,延伸；扩大；推广；伸出；给予；使竭尽全力；对…估价
1298,extension,延长；延期；扩大；伸展；电话分机
1299,extensive,广泛的；大量的；广阔的
1300,extensively,广阔地；广大地
1301,exterior,外部的；表面的；外在的；外部；表面；外型；外貌
1302,external,外部的；表面的；[药] 外用的；外国的；外面的；外部；外观；外面
1303,extinct,灭绝的，绝种的；熄灭的；使熄灭
1304,extinguish,熄灭；压制；偿清
1305,extract,提取；取出；摘录；榨取；汁；摘录；榨出物；选粹
1306,extracurricular,课外的；业余的；婚外的
1307,extraordinary,非凡的；特别的；离奇的；临时的；特派的
1308,extravagant,奢侈的；浪费的；过度的；放纵的
1309,extreme,极端的；极度的；偏激的；尽头的；极端；末端；最大程度；极端的事物
1310,extremely,非常，极其；极端地
1311,eyeball,眼球；眼珠子；盯住看；仔细对…打量
1312,eyeglass,眼镜；镜片
1313,eyelash,睫毛
1314,eyelid,[解剖] 眼睑；眼皮
1315,eyesore,眼中钉；难看的东西
1316,fable,寓言；无稽之谈；编寓言；虚构；煞有介事地讲述；虚构
1317,fabric,织物；布；组织；构造；建筑物
1318,facilitate,促进；帮助；使容易
1319,facsimile,传真；复写；复制的；传真；临摹
1320,factor,因素；要素；[物] 因数；代理人；做代理商
1321,factual,事实的；真实的
1322,faculty,科，系；能力；全体教员
1323,fade,褪色；凋谢；逐渐消失；平淡的；乏味的；[电影][电视] 淡出；[电影][电视] 淡入
1324,Fahrenheit,华氏温度计的；华氏的；华氏温度计；华氏温标
1325,fail,失败，不及格；破产；缺乏；衰退；不及格
1326,failure,失败；故障；失败者；破产
1327,faint,模糊的；头晕的；虚弱的；[医] 衰弱的；昏倒；变得微弱；变得没气力；[中医] 昏厥，昏倒
1328,fairy,仙女，小精灵；漂亮姑娘；虚构的；仙女的
1329,fairyland,仙境；乐园；奇境
1330,faithful,忠实的，忠诚的；如实的；准确可靠的；(Faithful)人名；(英)费思富尔
1331,faitour,骗子；冒名顶替者
1332,fake,假货；骗子；假动作；捏造；假装…的样子；伪造的
1333,falter,支吾；蹒跚地走；踌躇；支吾；颤抖
1334,fame,名声，名望；传闻，传说；使闻名，使有名望
1335,familiarize,使熟悉
1336,famine,饥荒；饥饿，奇缺
1337,fanatic,狂热入迷者；盲信者；盲信；狂热的；盲信的
1338,farewell,告别，辞别；再见；再会；别了！（常含有永别或不容易再见面的意思）；再会！；告别的
1339,farming,农业，耕作；耕种；出租（farm的ing形式）
1340,fascinate,使着迷，使神魂颠倒
1341,fascism,法西斯主义；极端国家主义
1342,fascist,法西斯主义者；法西斯党员；法西斯主义的，法西斯党的
1343,fashion,时尚；时装；样式；时髦人物；使用；改变；做成…的形状
1344,fastening,扣紧；系结物（fasten的现在分词）
1345,fatal,致命的；重大的；毁灭性的；命中注定的；(Fatal)人名；(葡、芬)法塔尔
1346,fate,命运；注定
1347,fatherland,祖国
1348,fathom,看穿；彻底了解；测量…的深度；英寻（测量水深的长度单位）
1349,fatigue,疲劳，疲乏；杂役；使疲劳；使心智衰弱；疲劳的
1350,fatten,养肥；使肥沃；使充实
1351,faulty,有错误的；有缺点的
1352,favourable,有利的，顺利的；赞成的；有利
1353,favoured,喜爱的；受优惠的；有特权的
1354,favourite,特别受喜爱的；特别喜爱的人（或物）
1355,fearless,无畏的；大胆的
1356,feasible,可行的；可能的；可实行的
1357,feast,享受；款待，宴请；筵席，宴会；节日
1358,feat,功绩，壮举；技艺表演；合适的；灵巧的
1359,feature,特色，特征；容貌；特写或专题节目；起重要作用
1360,federation,联合；联邦；联盟；联邦政府
1361,feeble,微弱的，无力的；虚弱的；薄弱的
1362,feedback,反馈；成果，资料；回复
1363,feeder,支线；喂食器；奶瓶；饲养员；支流
1364,feeler,[动] 触角；试探；试探者；厚薄规
1365,fellowship,团体；友谊；奖学金；研究员职位
1366,feminism,女权主义；女权运动；男女平等主义
1367,ferment,发酵；酵素；动乱；发酵；动乱
1368,fern,[植] 蕨；[植] 蕨类植物
1369,ferocious,残忍的；惊人的
1370,ferryboat,渡船
1371,fertile,富饶的，肥沃的；能生育的
1372,feudalism,封建主义；封建制度
1373,fiance,fiance
1374,fiction,小说；虚构，编造；谎言
1375,fiddle,小提琴；瞎搞；拉小提琴
1376,fidelity,保真度；忠诚；精确；尽责
1377,fiery,热烈的，炽烈的；暴躁的；燃烧般的
1378,filament,灯丝；细丝；细线；单纤维
1379,filter,滤过；渗入；慢慢传开；滤波器；[化工] 过滤器；筛选；滤光器
1380,filth,污秽；肮脏；猥亵；不洁
1381,finalist,参加决赛的选手
1382,finance,财政，财政学；金融；负担经费，供给…经费
1383,finding,发现；裁决；发现物；找到；感到（find的ing形式）；遇到
1384,fingerprint,指纹；手印；采指纹
1385,finished,完结的，完成的；精巧的；完成；结束；毁掉（finish的过去分词形式）
1386,fir,冷杉；枞木；弗京（firkin）
1387,fireman,消防队员；救火队员；锅炉工
1388,firstborn,长子；初生儿；长女；头生的；第一胎生的
1389,firsthand,直接的；直接采购的；直接得来的；直接地
1390,fission,裂变；分裂；分体；分裂生殖法
1391,fit,安装；使……适应；使……合身；与……相符；健康的；合适的；恰当的；准备好的；合身；发作；痉挛
1392,fitted,合适的；订做的；有…设备的；适应（fit的过去分词）；合适；为…提供设备
1393,fixed,确定的；固执的；<美口>处境的；准备好的；修理（过去式）
1394,flagship,旗舰；（作定语）一流；佼佼者
1395,flagstaff,旗杆
1396,flake,剥落；成片状剥落；小薄片；火花
1397,flannel,法兰绒；法兰绒衣服；法兰绒巾；给…穿上法兰绒衣服；用法兰绒包；法兰绒的
1398,flap,拍打，拍打声；神经紧张；[航] 襟翼；拍动；神经紧张；鼓翼而飞；（帽边等）垂下
1399,flare,使闪耀；使张开；用发光信号发出；使外倾；加剧，恶化；底部展开；（鼻孔）张开的意思；闪光，闪耀；耀斑；爆发；照明弹
1400,flashlight,手电筒；闪光灯
1401,flask,[分化] 烧瓶；长颈瓶，细颈瓶；酒瓶，携带瓶
1402,flatten,击败，摧毁；使……平坦；(Flatten)人名；(德)弗拉滕
1403,flatter,奉承；谄媚；使高兴
1404,flautist,横笛吹奏者（等于flutist）
1405,flavour,香味；滋味；给……调味；给……增添风趣
1406,flaw,瑕疵，缺点；一阵狂风；短暂的风暴；裂缝，裂纹；使生裂缝，使有裂纹；使无效；使有缺陷
1407,flea,跳蚤；低廉的旅馆；生蚤的动物
1408,fleece,羊毛，绒头织物；羊毛制的覆盖物；剪下羊毛；欺诈，剥削
1409,fleet,快速的，敏捷的；舰队；港湾；小河；飞逝；疾驰；掠过
1410,flexible,灵活的；柔韧的；易弯曲的
1411,flick,轻弹；忽然摇动；轻轻拂去；弹开；快速的轻打；轻打声
1412,fling,掷，抛；嘲笑；使陷入；轻蔑地投射；猛动；掷，抛；嘲弄；急冲
1413,flint,燧石；打火石；极硬的东西
1414,float,使漂浮；实行；彩车，花车；漂流物；浮舟；浮萍
1415,flock,群；棉束（等于floc）；用棉束填满
1416,flourish,兴旺；茂盛；挥舞；炫耀；华饰；夸耀；挥舞
1417,flowchart,[工业] 流程图；作业图
1418,flowerbed,花圃；花床
1419,flowerpot,花盆；花钵
1420,fluctuate,波动；涨落；动摇
1421,fluent,流畅的，流利的；液态的；畅流的
1422,fluff,绒毛；错误；无价值的东西；念错；抖松；使…起毛
1423,fluid,流动的；流畅的；不固定的；流体；液体
1424,flush,激动，洋溢；面红；萌芽；旺盛；奔流；使齐平；发红，使发亮；用水冲洗；使激动；大量的；齐平的；丰足的，洋溢的；挥霍的
1425,flute,长笛；【工程设计】(刀具的)出屑槽；用长笛吹奏
1426,flutter,飘动；鼓翼；烦扰；摆动；鼓翼；烦扰
1427,flyover,天桥；立交桥；立交马路
1428,flypast,空中分列
1429,foam,泡沫；水沫；灭火泡沫；起泡沫；吐白沫；起着泡沫流动
1430,focus,焦点；中心；清晰；焦距；使集中；使聚焦
1431,fodder,饲料；素材；喂
1432,foe,敌人；反对者；危害物
1433,foliage,植物；叶子（总称）
1434,follower,追随者；信徒；属下
1435,folly,愚蠢；荒唐事；讽刺剧
1436,foodstuff,食品，食物；粮食，食料
1437,footprint,足迹；脚印
1438,forbid,禁止；不准；不允许；〈正式〉严禁
1439,forbidden,被禁止的；严禁的，禁用的
1440,force,力量；武力；军队；魄力；促使，推动；强迫；强加
1441,forceful,强有力的；有说服力的；坚强的
1442,ford,浅滩；Ford：福特汽车公司；涉水而过
1443,fore,以前的；在前部的；前部；船头；在前面；在船头；在前；（打高尔夫球者的叫声）让开！
1444,forestry,林业；森林地；林学
1445,forge,熔炉，锻铁炉；铁工厂；伪造；做锻工；前进
1446,form,形式，形状；形态，外形；方式；表格；构成，组成；排列，组织；产生，塑造
1447,formal,正式的；拘谨的；有条理的；正式的社交活动；夜礼服
1448,format,格式；版式；开本；使格式化；规定…的格式
1449,formation,形成；构造；编队
1450,formidable,强大的；可怕的；令人敬畏的；艰难的
1451,formula,[数] 公式，准则；配方；婴儿食品
1452,forth,向前，向外；自…以后；(Forth)人名；(德)福特；(英)福思
1453,forthcoming,即将来临的；来临
1454,fortitude,刚毅；不屈不挠；勇气
1455,fortress,堡垒；要塞；筑要塞；以要塞防守
1456,fortunately,幸运地
1457,forum,论坛，讨论会；法庭；公开讨论的广场
1458,forwards,向前；今后
1459,fossil,化石；僵化的事物；顽固不化的人；化石的；陈腐的，守旧的
1460,foster,培养；养育，抚育；抱（希望等）；收养的，养育的；(Foster)人名；(英、捷、意、葡、法、德、俄、西)福斯特
1461,foundation,基础；地基；基金会；根据；创立
1462,founder,失败；沉没；倒塌；变跛；创始人；建立者；翻沙工
1463,fowl,家禽；鸟；飞禽；打鸟；捕野禽
1464,foyer,门厅，休息室；大厅
1465,fraction,分数；部分；小部分；稍微
1466,fragile,脆的；易碎的
1467,fragment,碎片；片断或不完整部分；使成碎片
1468,fragrance,香味，芬芳
1469,frail,脆弱的；虚弱的；灯心草篓；少妇；少女
1470,frame,框架；结构；[电影] 画面；设计；建造；陷害；使…适合；有木架的；有构架的
1471,frank,坦白的，直率的；老实的；免费邮寄特权；免费邮寄
1472,fraternity,友爱；兄弟会；互助会；大学生联谊会
1473,free,免费的；自由的，不受约束的；[化学] 游离的；使自由，解放；释放；自由地；免费；(Free)人名；(英)弗里
1474,freebie,免费的东西；免费赠品（尤指戏院赠券）
1475,freezer,冰箱；冷冻库；制冷工
1476,freight,运送；装货；使充满；货运；运费；船货
1477,frequency,频率；频繁
1478,freshman,新手，生手；大学一年级学生
1479,friction,摩擦，[力] 摩擦力
1480,frightened,害怕的；受惊的；受恐吓的；害怕；使吃惊；吓走（frighten的过去分词）
1481,fringe,边缘；穗；刘海；边缘的；附加的；加穗于
1482,fro,向后；向那边
1483,frosting,结霜；霜状白糖；无光泽面；去光泽；以霜覆盖；冻坏；起霜（frost的ing形式）；结霜的；磨砂的；消光的
1484,frown,皱眉；不同意；皱眉，蹙额
1485,frozen,冻结的；冷酷的；结冰（freeze的过去分词）；凝固；变得刻板
1486,frugal,节俭的；朴素的；花钱少的
1487,fruitless,不成功的，徒劳的；不结果实的
1488,frustrate,挫败；阻挠；使感到灰心；挫败的；无益的
1489,fulfil,履行；完成；实践；满足
1490,full,完全的，完整的；满的，充满的；丰富的；完美的；丰满的；详尽的；十分，非常；完全地；整整；把衣服缝得宽大；全部；完整
1491,fume,冒烟；发怒；烟；愤怒，烦恼
1492,function,功能；[数] 函数；职责；盛大的集会；运行；活动；行使职责
1493,fund,基金；资金；存款；投资；资助
1494,fundamental,基本的，根本的；基本原理；基本原则
1495,funfair,游乐场；游艺集市
1496,fungus,真菌，霉菌；菌类
1497,funnel,漏斗；烟囱；通过漏斗或烟囱等；使成漏斗形
1498,furnace,火炉，熔炉
1499,furnish,提供；供应；装备
1500,further,进一步地；而且；更远地；更远的；深一层的；促进，助长；增进
1501,fury,狂怒；暴怒；激怒者
1502,fuse,融合；熔化，熔融；保险丝，熔线；导火线，雷管
1503,fuss,小题大作；忙乱；焦燥；焦急；无事自扰；大惊小怪，大惊小怪的人；小题大作；忙乱
1504,futile,无用的；无效的；没有出息的；琐细的；不重要的
1505,gadget,小玩意；小器具；小配件；诡计
1506,galaxy,银河；[天] 星系；银河系；一群显赫的人
1507,gallop,疾驰；飞奔；飞驰；急速进行；急急忙忙地说
1508,gallows,绞刑；绞刑架；承梁
1509,gamble,赌博；孤注一掷；投机；打赌；赌博；冒险；打赌
1510,gang,群；一伙；一组；使成群结队；结伙伤害或恐吓某人
1511,gaol,监禁；监狱
1512,gaoler,监狱看守；监狱长
1513,garlic,大蒜；蒜头
1514,garment,衣服，服装；外表，外观；给…穿衣服
1515,garrison,要塞；卫戍部队；驻防；守卫
1516,gaseous,气态的，气体的；无实质的
1517,gash,很深的裂缝；砍得很深的伤口；划开；砍入很深；（使）负深伤
1518,gasoline,汽油
1519,gasp,喘气；喘息；渴望；喘气
1520,gateway,门；网关；方法；通道；途径
1521,gather,收集；收割；使…聚集；使…皱起；聚集；衣褶；收获量
1522,gathering,聚集；集会；收款；聚集（gather的ing形式）
1523,gauze,纱布；薄纱；薄雾
1524,gaze,凝视；注视
1525,gear,齿轮；装置，工具；传动装置；适合；搭上齿轮；开始工作；好极了
1526,gem,宝石，珍宝； 精华；受人重视者；点缀； 用宝石装饰； 饰以宝石；最佳品质的
1527,gender,性；性别；性交；生（过去式gendered，过去分词gendered，现在分词gendering，第三人称单数genders，形容词genderless）
1528,gene,[遗] 基因，遗传因子
1529,general,一般的，普通的；综合的；大体的；一般；将军，上将；常规
1530,generalize,概括；推广；使一般化
1531,generator,发电机；发生器；生产者
1532,generous,慷慨的，大方的；宽宏大量的；有雅量的
1533,genius,天才，天赋；精神
1534,genocide,种族灭绝；灭绝整个种族的大屠杀
1535,genre,类型；种类；体裁；样式；流派；风俗画；风俗画的；以日常情景为主题的
1536,genuine,真实的，真正的；诚恳的
1537,geology,地质学；地质情况
1538,geometric,几何学的；[数] 几何学图形的
1539,geopolitics,地缘政治学；地理政治论
1540,germ,[植] 胚芽，萌芽；细菌；萌芽
1541,gerund,动名词
1542,gesture,姿态；手势；作手势；用动作示意
1543,ghetto,犹太人区；贫民区；使集中居住
1544,giant,巨人；伟人；[动] 巨大的动物；巨大的；巨人般的
1545,gigantic,巨大的，庞大的
1546,giggle,傻笑；咯咯地笑；吃吃的笑
1547,gild,镀金；虚饰；供给钱；(Gild)人名；(俄)希尔德
1548,gin,杜松子酒；网；[机] 三角起重机；喝杜松子酒； 用陷阱(或网)捕捉，诱捕(猎物)
1549,ginger,姜；姜黄色；精力；有姜味；用姜给…调味；使某人有活力；姜黄色的
1550,gist,主旨，要点；依据
1551,given,赠予的；沉溺的；规定的；考虑到；给予（give的过去分词）；(Given)人名；(英、土)吉文
1552,glamour,魅力，魔力；迷人的美；迷惑，迷住
1553,glance,一瞥；一滑；闪光；扫视，匆匆一看；反光；瞥闪，瞥见
1554,gland,腺
1555,glare,刺眼；耀眼的光；受公众注目；瞪眼表示
1556,gleam,微光；闪光；瞬息的一现；闪烁；隐约地闪现
1557,glide,滑翔；滑行；悄悄地走；消逝；滑翔；滑行；滑移；滑音
1558,glimmer,微光；闪光；少许；闪烁；发微光
1559,glimpse,一瞥，一看；瞥见
1560,glint,闪烁；闪光；闪烁；（光线）反射；闪闪发光
1561,glisten,闪光，闪亮；闪光，闪耀
1562,glitter,闪光；闪烁；闪光；灿烂
1563,global,全球的；总体的；球形的
1564,gloom,昏暗；阴暗
1565,glorify,赞美；美化；崇拜（神）；使更壮丽
1566,gloss,光彩；注释；假象；使光彩；掩盖；注释
1567,glossary,术语（特殊用语）表；词汇表；专业词典
1568,glow,发热；洋溢；绚丽夺目；灼热；色彩鲜艳；兴高采烈
1569,gnaw,咬；折磨；侵蚀
1570,goalkeeper,守门员
1571,goddess,女神，受崇拜的女性
1572,godfather,教父；当…的教父
1573,godmother,教母；当…的教母；作…的女监护人
1574,golfer,高尔夫球手
1575,gong,锣；钟状物；奖章；鸣锣传唤；鸣锣命令驾车者停驶
1576,goodwill,[贸易] 商誉；友好；好意
1577,gorge,峡谷；胃；暴食；咽喉；障碍物；使吃饱；吞下；使扩张
1578,gorgeous,华丽的，灿烂的；极好的
1579,gorilla,大猩猩
1580,gosh,天啊；唉；糟了；必定
1581,gossip,小道传闻；随笔；爱说长道短的人；闲聊；传播流言蜚语
1582,Gothic,哥特式的；野蛮的；哥特式
1583,gourmet,美食家；菜肴精美的
1584,governor,主管人员；统治者，管理者；[自] 调节器；地方长官
1585,grab,攫取；霸占；将…深深吸引；攫取；霸占；夺取之物
1586,grace,优雅；恩惠；魅力；慈悲；使优美
1587,grammatical,文法的；符合语法规则的
1588,gramme,克
1589,gramophone,留声机；用唱片录制；用唱机播放
1590,grandson,孙子；外孙
1591,grandstand,正面看台；观众；哗众取宠的表演；做博取观众喝采的演技；看台上的
1592,granite,花岗岩；坚毅；冷酷无情
1593,grant,授予；允许；承认；拨款；[法] 授予物
1594,grapevine,葡萄树；葡萄藤；小道消息；秘密情报网
1595,graph,图表；曲线图；用曲线图表示
1596,graphic,形象的；图表的；绘画似的
1597,graphics,[测] 制图学；制图法；图表算法
1598,grasp,抓住；理解；控制；抓住；领会
1599,grassroots,基层的；草根的；乡村的；草根；基础
1600,gratitude,感谢（的心情）；感激
1601,grave,重大的；严肃的；黯淡的；墓穴，坟墓；死亡；雕刻；铭记
1602,gravity,重力，地心引力；严重性；庄严
1603,graze,放牧；擦伤；放牧；轻擦
1604,grease,涂脂于；贿赂；油脂；贿赂
1605,greatly,很，大大地；非常
1606,Greek,希腊语；希腊人；希腊的；希腊人的，希腊语的
1607,greenhouse,温室
1608,grenade,手榴弹；灭火弹；扔手榴弹；用催泪弹攻击
1609,greyhound,灰狗（一种猎犬）；快速船
1610,grief,悲痛；忧伤；不幸
1611,grim,冷酷的；糟糕的；残忍的；(Grim)人名；(英、德、俄、捷、匈)格里姆
1612,grimace,扮鬼脸；作怪相；作苦相；鬼脸；怪相；痛苦的表情
1613,grime,尘垢；污点；煤尘；使污秽；使…弄脏
1614,grin,露齿而笑，咧着嘴笑；露齿笑
1615,grind,磨碎；磨快；磨；苦工作
1616,grip,紧握；柄；支配；握拍方式；拍柄绷带；紧握；夹紧
1617,grit,研磨；在…上铺砂砾，覆以砂砾；咬紧牙关；粗砂，砂砾砂砾，粗砂石；勇气；决心
1618,groan,呻吟；抱怨；发吱嘎声；呻吟；叹息；吱嘎声
1619,grocery,食品杂货店
1620,groom,整饰；推荐；喂马；刷洗（马等）；新郎；马夫；男仆
1621,groove,[建] 凹槽，槽；最佳状态；惯例；开槽于
1622,grope,摸索；探索；摸索；触摸
1623,gross,总共的；粗野的；恶劣的；显而易见的；总共收入；总额，总数
1624,groundwork,基础；地基，根基
1625,growl,咆哮着说；咆哮声；吠声；不平
1626,growth,增长；发展；生长；种植
1627,grudge,怀恨；吝惜；妒忌；不情愿做；怨恨；恶意；妒忌
1628,grumble,抱怨；嘟囔；怨言；抱怨地表示；嘟囔地说
1629,grunt,咕哝；呼噜声；作呼噜声；发哼声
1630,guardian,[法] 监护人，保护人；守护者；守护的
1631,guerrilla,游击战；游击队
1632,guillotine,断头台；切纸机；截止辩论以付表决法；于断头台斩首；终止辩论将议案付诸表决
1633,guilty,有罪的；内疚的
1634,gulf,海湾；深渊；分歧；漩涡；吞没
1635,gull,[鸟] 鸥；笨人；易受骗之人；骗；欺诈
1636,gullible,易受骗的；轻信的
1637,gulp,狼吞虎咽地吃；大口地吸；一大口（尤指液体）；吞咽
1638,gum,口香糖；树胶；橡皮；用胶粘，涂以树胶；使…有粘性
1639,gunpowder,火药；有烟火药
1640,gust,风味；一阵狂风；趣味；一阵阵地劲吹
1641,gut,内脏；肠子；剧情；胆量；海峡；勇气；直觉；肠；取出内脏；摧毁（建筑物等）的内部；简单的；本质的，根本的；本能的，直觉的
1642,gutter,排水沟；槽；贫民区；流；形成沟；贫贱的；粗俗的；耸人听闻的
1643,gymnasium,体育馆；健身房
1644,Gypsy,吉卜赛人；吉卜赛语；像吉布赛的人；歌舞剧中的歌舞队员；象吉卜赛人的；吉卜赛人的；无照的；流浪
1645,habitat,[生态] 栖息地，产地
1646,habitual,习惯的；惯常的；习以为常的
1647,hacker,电脑黑客，企图不法侵入他人电脑系统的人
1648,hail,冰雹；致敬；招呼；一阵；致敬；招呼；向欢呼；猛发；使像下雹样落下（过去式hailed，过去分词hailed，现在分词hailing，第三人称单数hails）；万岁；欢迎
1649,hairy,多毛的；毛状的；长毛的；(Hairy)人名；(法)艾里
1650,halfway,到一半；在中途；中途的；不彻底的
1651,halt,停止；立定；踌躇，犹豫；停止；立定；休息
1652,handgun,手枪
1653,handicap,障碍；不利条件，不利的因素；妨碍，阻碍；使不利
1654,harden,变硬，变坚固；变坚强；变冷酷；(Harden)人名；(英、德、罗、瑞典)哈登；(法)阿尔当
1655,hardly,几乎不，简直不；刚刚
1656,hare,野兔
1657,harmless,无害的；无恶意的
1658,harmony,协调；和睦；融洽；调和
1659,harry,折磨；掠夺；骚扰；使苦恼；(Harry)人名；(英)哈里，哈丽(女名)(教名Henry、Harriet的昵称)
1660,harsh,严厉的；严酷的；刺耳的；粗糙的；刺目的；(Harsh)人名；(英)哈什
1661,haste,匆忙；急忙；轻率；匆忙；赶紧；赶快
1662,hasty,轻率的；匆忙的；草率的；懈怠的；(Hasty)人名；(英)黑斯蒂
1663,hatch,孵化；舱口；孵；策划
1664,hateful,可憎的；可恨的；可恶的
1665,hatred,憎恨；怨恨；敌意
1666,haughty,傲慢的；自大的
1667,haul,拖，拉；用力拖拉；努力得到的结果；捕获物；一网捕获的鱼量；拖运距离；拖运；拖拉
1668,haunt,常出没于…；萦绕于…；经常去…；栖息地；常去的地方
1669,hawk,兜售，沿街叫卖；捕捉；咳出；鹰；鹰派成员；掠夺他人的人
1670,hazard,赌运气；冒…的危险，使遭受危险；危险，冒险；冒险的事
1671,heading,标题；（足球）头球；信头；用头顶（head的ing形式）
1672,heal,治愈，痊愈；和解；(Heal)人名；(英)希尔
1673,health,健康；卫生；保健；兴旺
1674,heart,心脏；感情；勇气；心形；要点；鼓励；铭记；结心
1675,heartbeat,心跳；情感
1676,heave,举起；使起伏；投掷；恶心；发出（叹息等）；举起；起伏；投掷；一阵呕吐
1677,heavyweight,重量级拳击手；有影响的人物；聪明绝顶的人；重量级的；特别厚重的
1678,Hebrew,希伯来人，犹太人；希伯来语；希伯来人的；希伯来语的
1679,hedge,用树篱笆围住；避免作正面答复；对冲，套期保值；树篱；障碍
1680,heighten,提高；增高；加强；使更显著
1681,heir,[法] 继承人；后嗣；嗣子
1682,hell,地狱；究竟（作加强语气词）；训斥；黑暗势力；过放荡生活；飞驰；该死；见鬼（表示惊奇、烦恼、厌恶、恼怒、失望等）
1683,helpless,无助的；无能的；没用的
1684,hem,边，边缘；摺边；包围；给缝边
1685,hemisphere,半球
1686,hence,因此；今后
1687,herald,预兆，征兆；先驱；传令官；报信者；通报；预示…的来临
1688,herd,兽群，畜群；放牧人；成群，聚在一起
1689,herdsman,牧人
1690,hereabout,在这一带；在这附近（等于hereabouts）
1691,hereby,以此方式，据此；特此
1692,hereditary,遗传的；世袭的；世代相传的；遗传类
1693,heritage,遗产；传统；继承物；继承权
1694,hermit,（尤指宗教原因的）隐士；隐居者
1695,heroic,英雄的；英勇的；记叙英雄及其事迹的；夸张的；史诗；英勇行为
1696,heroin,[药][毒物] 海洛因，吗啡
1697,herring,鲱
1698,hesitate,踌躇，犹豫；不愿
1699,hesitation,犹豫
1700,hexagon,六角形，六边形；成六角的；成六边的
1701,hidden,隐藏的；隐藏，躲藏（hide的过去分词）；(Hidden)人名；(英)希登
1702,hideous,可怕的；丑恶的
1703,hijack,抢劫；揩油；劫持；威逼；敲诈
1704,hike,远足；徒步旅行；上升；远足；徒步旅行；涨价
1705,hind,后部的；雌鹿
1706,hinder,成为阻碍；后面的；(Hinder)人名；(芬)欣德
1707,Hindu,印度教的；印度的；印度人；印度教教徒
1708,hinge,铰链，折叶；关键，转折点；枢要，中枢；用铰链连接；依…为转移；给…安装铰链；（门等）装有蝶铰
1709,hint,暗示；线索；暗示；示意
1710,hinterland,内地；穷乡僻壤；靠港口供应的内地贸易区
1711,hip,臀部；蔷薇果；忧郁；熟悉内情的；非常时尚的
1712,hippie,嬉皮士；嬉皮模样的年青人；嬉皮的
1713,hippo,河马；吐根
1714,hippopotamus,[脊椎] 河马
1715,histogram,[统计] 直方图；柱状图
1716,historic,有历史意义的；历史上著名的
1717,hitch,故障；钩；猛拉；急推；蹒跚；搭便车；钩住；套住；猛拉；使结婚
1718,hitherto,迄今；至今
1719,hoarse,嘶哑的
1720,hobbyist,业余爱好者；沉溺于某嗜好之人
1721,hockey,曲棍球；冰球
1722,hoe,锄，用锄头；锄头
1723,hog,猪，象猪般的人；贪婪者；使拱起
1724,hoist,起重机；升起，吊起；升起；吊起
1725,hold,持有；拥有；保存；拘留；约束或控制；控制；保留
1726,holder,持有人；所有人；固定器；（台、架等）支持物
1727,hollow,空的；中空的，空腹的；凹的；虚伪的；洞；山谷；窟窿；使成为空洞；彻底地；无用地
1728,homesick,想家的；思乡病的
1729,honest,诚实的，实在的；可靠的；坦率的
1730,honesty,诚实，正直
1731,honeymoon,蜜月；蜜月假期；（新生事物、新建关系等的）短暂的和谐时期；度蜜月
1732,honorary,荣誉的；名誉的；道义上的；名誉学位；获名誉学位者；名誉团体
1733,honorific,尊敬的；敬称的；敬语
1734,hood,头巾；覆盖；兜帽；罩上；以头巾覆盖
1735,hoof,步行；踢；跳舞；蹄；人的脚
1736,hoop,箍；铁环；呼呼声；加箍于；包围
1737,hoover,吸尘器；用吸尘器打扫
1738,hop,"单足跳跃〔跳行〕；蹦跳,跳跃；跳舞；一次飞行的距离"
1739,horizon,[天] 地平线；视野；眼界；范围
1740,horn,喇叭，号角；角；装角于
1741,horror,惊骇；惨状；极端厌恶；令人恐怖的事物
1742,horseman,骑马者；马术师
1743,hose,软管；长筒袜；男性穿的紧身裤；用软管浇水；痛打
1744,hospitable,热情友好的；（环境）舒适的
1745,hospitalize,就医；送…进医院治疗
1746,host,[计] 主机；主人；主持人；许多；主持；当主人招待
1747,hostage,人质；抵押品
1748,hostel,旅社，招待所（尤指青年旅社）
1749,hostile,敌对的，敌方的；怀敌意的；敌对
1750,hound,追猎；烦扰；激励；猎犬；卑劣的人
1751,housewife,家庭主妇
1752,hover,盘旋，翱翔；徘徊；徘徊；盘旋；犹豫
1753,hug,拥抱；紧抱；抱有，坚持；拥抱；紧抱；固执
1754,hull,船体；（果实的）外壳；[粮食] 去壳
1755,hum,发低哼声；嗡嗡声；哼声；杂声；哼；嗯
1756,humanitarian,人道主义的；博爱的；基督凡人论的；人道主义者；慈善家；博爱主义者；基督凡人论者
1757,humble,谦逊的；简陋的；（级别或地位）低下的；不大的；使谦恭；轻松打败（尤指强大的对手）；低声下气
1758,humid,潮湿的；湿润的；多湿气的
1759,humiliate,羞辱；使…丢脸；耻辱
1760,hurl,丢下；用力投掷；愤慨地说出；用力的投掷
1761,hurrah,欢呼声；激动；混乱；欢呼；叫好；万岁；好哇（等于hurray）
1762,hush,安静；肃静；缄默；安静；肃静；沉默；嘘；别作声
1763,hustle,催促；猛推；强夺；推；奔忙；拥挤喧嚷
1764,hut,小屋；临时营房；使住在小屋中；驻扎；住在小屋中；驻扎
1765,hydroelectric,水力发电的；水电治疗的
1766,hyphen,以连字号连接；连字号
1767,hypocritical,虚伪的；伪善的
1768,hysteric,癔病患者；歇斯底里患者；歇斯底里的；癔病的；亢奋的
1769,icy,冰冷的；冷淡的；结满冰的
1770,idea,想法；主意；概念
1771,ideal,理想的；完美的；想象的；不切实际的；理想；典范
1772,identical,同一的；完全相同的；完全相同的事物
1773,ideological,思想的；意识形态的
1774,idiom,成语，习语；土话
1775,idiot,笨蛋，傻瓜；白痴
1776,idle,闲置的；懒惰的；停顿的；无所事事；虚度；空转
1777,idol,偶像，崇拜物；幻象；谬论
1778,ignorance,无知，愚昧；不知，不懂
1779,ignore,驳回诉讼；忽视；不理睬
1780,illegible,难辨认的；字迹模糊的
1781,illegitimate,私生的；非法的；不合理的；认做私生子；认为违法；非嫡出子；庶子
1782,illiteracy,文盲；无知
1783,illiterate,文盲的；不识字的；没受教育的；文盲
1784,illogical,不合逻辑的；不合常理的
1785,illuminate,阐明，说明；照亮；使灿烂；用灯装饰
1786,illuminating,照亮的，照明的；启蒙的，有启发性的；照明，阐释（illuminate的现在分词形式）
1787,illumination,照明；[光] 照度；启发；灯饰（需用复数）；阐明
1788,illusion,幻觉，错觉；错误的观念或信仰
1789,illustrate,阐明，举例说明；图解
1790,image,影像；想象；肖像；偶像；想象；反映；象征；作…的像
1791,imaginable,可能的；可想像的
1792,imaginary,虚构的，假想的；想像的；虚数的
1793,imagination,[心理] 想象力；空想；幻想物
1794,imaginative,富于想象的；有创造力的
1795,imagine,想像；猜想；臆断
1796,imbalance,不平衡；不安定
1797,imitate,模仿，仿效；仿造，仿制
1798,immeasurable,无限的；[数] 不可计量的；不能测量的
1799,immense,巨大的，广大的；无边无际的；非常好的
1800,imminent,即将来临的；迫近的
1801,impact,影响；效果；碰撞；冲击力；挤入，压紧；撞击；对…产生影响
1802,impeach,弹劾；归咎；怀疑；控告，检举；弹劾；怀疑
1803,imperative,必要的，不可避免的；紧急的；命令的，专横的；势在必行的；[语]祈使的；必要的事；命令；需要；规则；[语]祈使语气
1804,imperial,帝国的；皇帝的；至高无上的；威严的；纸张尺寸；特等品
1805,implement,实施，执行；实现，使生效；工具，器具；手段
1806,implicate,使卷入；涉及；暗指；影响
1807,imply,意味；暗示；隐含
1808,impose,利用；欺骗；施加影响
1809,impossibility,不可能；不可能的事
1810,impractical,不切实际的，不现实的；不能实行的
1811,impression,印象；效果，影响；压痕，印记；感想；曝光（衡量广告被显示的次数。打开一个带有该广告的网页，则该广告的impression 次数增加一次）
1812,impressive,感人的；令人钦佩的；给人以深刻印象的
1813,imprison,监禁；关押；使…下狱
1814,improper,不正确的，错误的；不适当的；不合礼仪的
1815,improve,改善，增进；提高…的价值
1816,improvement,改进，改善；提高
1817,impulse,冲动；[电子] 脉冲；刺激；神经冲动；推动力；推动
1818,inaccessible,难达到的；难接近的；难见到的
1819,inaccurate,错误的
1820,inaugural,开始的；开幕的；就任的，就职的；就职演讲；开幕辞
1821,incentive,动机；刺激；激励的；刺激的
1822,incline,倾斜；倾向；易于；倾斜；斜面；斜坡
1823,include,包含，包括
1824,inclusion,包含；内含物
1825,inclusive,包括的，包含的
1826,incomparable,无比的；无可匹敌的；不能比较的；盖世无双的人
1827,inconsiderable,不足取的；不值得考虑的；琐屑的
1828,inconsiderate,轻率的；不顾别人的；无谋得
1829,inconvenience,不便；麻烦；麻烦；打扰
1830,increase,增加，增长；提高；增加，增大；繁殖
1831,incurable,不能治愈的；无可救药的；患不治之症者，不能治愈的人
1832,indebted,负债的；感激的；受惠的；使负债；使受恩惠（indebt的过去分词）
1833,index,指标；指数；索引；指针；做索引
1834,indicate,表明；指出；预示；象征
1835,indicative,象征的；指示的；表示…的；陈述语气；陈述语气的动词形式
1836,indifferent,漠不关心的；无关紧要的；中性的，中立的
1837,indignant,愤愤不平的；义愤的
1838,indispensable,不可缺少的；绝对必要的；责无旁贷的；不可缺少之物；必不可少的人
1839,individual,个人的；个别的；独特的；个人，个体
1840,indoor,室内的，户内的
1841,indoors,在室内，在户内
1842,induce,诱导；引起；引诱；感应
1843,indulge,满足；纵容；使高兴；使沉迷于…
1844,industrial,工业的，产业的；从事工业的；供工业用的；来自勤劳的；工业股票；工业工人
1845,inert,[化学] 惰性的；呆滞的；迟缓的；无效的
1846,inevitable,必然的，不可避免的
1847,inexact,不精确的；不严格的；不正确的
1848,inexhaustible,用不完的；不知疲倦的
1849,infant,婴儿；幼儿；未成年人；婴儿的；幼稚的；初期的；未成年的
1850,infect,感染，传染
1851,infected,被感染的；传染（infect的过去分词）
1852,infer,推断；推论
1853,inferior,差的；自卑的；下级的，下等的；下级；次品
1854,infinite,无限的，无穷的；无数的；极大的；无限；[数] 无穷大；无限的东西（如空间，时间）
1855,inflate,使充气；使通货膨胀
1856,influence,影响；势力；感化；有影响的人或事；影响；改变
1857,influential,有影响的；有势力的；有影响力的人物
1858,influenza,[内科] 流行性感冒（简写flu）；家畜流行性感冒
1859,inform,通知；告诉；报告
1860,informed,消息灵通的；见多识广的；通知；使了解；提供资料（inform的过去分词）
1861,ingenious,有独创性的；机灵的，精制的；心灵手巧的
1862,ingredient,原料；要素；组成部分；构成组成部分的
1863,inhale,吸入；猛吃猛喝
1864,inherent,固有的；内在的；与生俱来的，遗传的
1865,inherit,继承；遗传而得
1866,inhuman,残忍的；野蛮的；无人性的
1867,initiate,开始，创始；发起；使初步了解；开始；新加入者，接受初步知识者；新加入的；接受初步知识的
1868,inject,注入；注射
1869,injustice,不公正；不讲道义
1870,inlet,入口，进口；插入物；水湾；引进; 嵌入; 插入;
1871,inner,内部的；内心的；精神的；内部
1872,innkeeper,客栈老板；旅馆主人
1873,innocent,无辜的；无罪的；无知的；天真的人；笨蛋
1874,innovate,创新；改革；革新
1875,innumerable,无数的，数不清的
1876,input,投入；输入电路；[自][电子] 输入；将…输入电脑
1877,inquire,询问；查究；问明
1878,inscribe,题写；题献；铭记；雕
1879,insecticide,杀虫剂
1880,insensitive,感觉迟钝的，对…没有感觉的
1881,insider,内部的人，会员；熟悉内情者
1882,insight,洞察力；洞悉
1883,insincere,不诚实的；虚假的
1884,insistent,坚持的；迫切的；显著的；引人注目的；紧急的
1885,inspection,视察，检查
1886,inspiration,灵感；鼓舞；吸气；妙计
1887,install,安装；任命；安顿
1888,instance,实例；情况；建议；举为例
1889,instant,立即的；紧急的；紧迫的；瞬间；立即；片刻
1890,instantly,立即地；马上地；即刻地；一…就…
1891,instinct,本能，直觉；天性；充满着的
1892,institutional,制度的；制度上的
1893,instruct,指导；通知；命令；教授
1894,instructor,指导书；教员；指导者
1895,instrumental,乐器的；有帮助的；仪器的，器械的；器乐曲；工具字，工具格
1896,insulation,绝缘；隔离，孤立
1897,insult,侮辱；辱骂；损害；侮辱；凌辱；无礼
1898,intact,完整的；原封不动的；未受损伤的
1899,integral,积分的；完整的，整体的；构成整体所必须的；积分；部分；完整
1900,integrate,使…完整；使…成整体；求…的积分；表示…的总和；整合的；完全的；一体化；集成体
1901,intelligence,智力；情报工作；情报机关；理解力；才智，智慧；天分
1902,intense,强烈的；紧张的；非常的；热情的
1903,intensify,增强，强化；变激烈
1904,intensive,加强的；集中的；透彻的；加强语气的；加强器
1905,intent,意图；目的；含义；专心的；急切的；坚决的
1906,intention,意图；目的；意向；愈合
1907,intercept,拦截；截断；窃听；拦截；[数] 截距；截获的情报
1908,interchange,（指两人等）交换；互换；互换；立体交叉道
1909,intercom,对讲机；内部通话装置
1910,interest,兴趣，爱好；利息；趣味；同行；使……感兴趣；引起……的关心；使……参与
1911,interfere,干涉；妨碍；打扰
1912,interim,临时的，暂时的；中间的；间歇的；过渡时期，中间时期；暂定
1913,intermediate,起媒介作用；中间的，中级的；[化学] 中间物；媒介
1914,interpreter,解释者；口译者；注释器
1915,intervene,干涉；调停；插入
1916,interviewer,采访者；会见者；面谈者；进行面试者
1917,intestine,内部的；国内的；肠
1918,intimate,亲密的；私人的；精通的；有性关系的；知己；至交；暗示；通知；宣布
1919,intonation,声调，语调；语音的抑扬
1920,intricate,复杂的；错综的，缠结的
1921,introduce,介绍；引进；提出；采用
1922,introductory,引导的，介绍的；开端的
1923,intrude,把…强加；把…硬挤
1924,invade,侵略；侵袭；侵扰；涌入
1925,invalid,无效的；有病的；残废的；病人；残废者；使伤残；使退役
1926,invaluable,无价的；非常贵重的
1927,invariable,不变的；常数的；常数；不变的东西
1928,invariably,总是；不变地；一定地
1929,invasion,入侵，侵略；侵袭；侵犯
1930,inventive,发明的；有发明才能的；独出心裁的
1931,inventory,存货，存货清单；详细目录；财产清册
1932,invert,使…转化；使…颠倒；使…反转；使…前后倒置；颠倒的事物；倒置物；倒悬者；转化的
1933,invest,投资；覆盖；耗费；授予；包围
1934,investigate,调查；研究
1935,inviolable,不可侵犯的；神圣的；不可亵渎的
1936,inviting,诱人的；有魅力的；邀请（invite的ing形式）
1937,involve,包含；牵涉；使陷于；潜心于
1938,involved,有关的；卷入的；复杂的；涉及；使参与；包含（involve的过去式和过去分词）
1939,inward,向内的；内部的；精神的；本质上的；熟悉的；向内；内心里；内部；内脏；密友
1940,ironic,讽刺的；反话的
1941,irritate,刺激，使兴奋；激怒
1942,irritation,刺激；激怒，恼怒，生气；兴奋；令人恼火的事
1943,Islam,伊斯兰教
1944,isle,岛；使成为岛屿；住在岛屿上
1945,isolate,使隔离；使孤立；使绝缘；[生物] 隔离种群；隔离的；孤立的
1946,Israel,以色列（亚洲国家）；犹太人，以色列人
1947,Israeli,以色列的；以色列人的；以色列人
1948,issue,问题；流出；期号；发行物；发行，发布；发给；放出，排出
1949,italic,斜体字（或字母、数码等）；[印刷] 斜体的
1950,item,条款，项目；一则；一件商品（或物品）；又，同上；记下；逐条列出
1951,ivory,象牙；乳白色；长牙；乳白色的；象牙制的
1952,jack,千斤顶；[电] 插座；男人；增加；提醒；抬起；用千斤顶顶起某物；雄的
1953,jade,翡翠；[宝] 碧玉；老马；玉制的；绿玉色的；疲倦
1954,jam,果酱；拥挤；困境；扣篮；使堵塞；挤进，使塞满；混杂；压碎
1955,janitor,看门人；守卫；门警
1956,jealous,妒忌的；猜疑的；唯恐失去的；戒备的
1957,jelly,果冻；胶状物；成胶状
1958,jerk,肌肉抽搐；性情古怪的人；蠢人；急拉；痉挛；急拉；颠簸地行进
1959,Jesus,耶稣（上帝之子）；杰西（男子名）
1960,Jew,犹太人；犹太教徒；守财奴；欺骗；杀价
1961,jeweler,珠宝商；宝石匠；钟表匠；钟表商
1962,joint,关节；接缝；接合处，接合点；（牛，羊等的腿）大块肉；共同的；连接的；联合的，合办的；连接，贴合；接合；使有接头
1963,jolly,愉快的；欢乐的；宜人的；很；非常；（口）用好话劝某人做…；（口）用好话使高兴；(Jolly)人名；(法)若利；(英、印)乔利；(德)约利
1964,journal,日报，杂志；日记；分类账
1965,joyful,欢喜的；令人高兴的
1966,judicial,公正的，明断的；法庭的；审判上的
1967,jug,[轻] 水壶；监牢；关押；放入壶中
1968,junction,连接，接合；交叉点；接合点
1969,junk,垃圾，废物；舢板
1970,Jupiter,[天] 木星；朱庇特（罗马神话中的宙斯神）
1971,jury,[法] 陪审团；评判委员会；应急的
1972,justify,证明合法；整理版面
1973,kaleidoscope,万花筒；千变万化
1974,Karaoke,卡拉OK；卡拉OK录音，自动伴奏录音
1975,karat,开（黄金成色单位）；克拉（宝石的重量单位，等于carat）
1976,keen,敏锐的，敏捷的；渴望的；强烈的；热心的；锐利的；痛哭，挽歌
1977,keep,保持；经营；遵守；饲养；保持；生计；生活费
1978,kennel,狗屋；养狗场；[建] 阴沟；一群狗；把…关进狗舍；宿于狗舍
1979,kerosene,煤油，火油
1980,ketchup,番茄酱
1981,keynote,基调；主旨；主音；给…定基调；说明基本政策
1982,khaki,卡其色；卡其布；卡其色的；黄褐色的；卡其布做的
1983,kid,小孩；小山羊；欺骗；取笑；戏弄；小山羊皮制的；较年幼的
1984,kidnap,绑架；诱拐；拐骗
1985,kidney,[解剖] 肾脏；腰子；个性
1986,kilobyte,[计] 千字节，1024字节
1987,kindle,点燃；激起；照亮
1988,kiosk,【网络】自助服务终端；一体机；Kiosk (KDE)；小卖部
1989,kit,工具箱；成套工具；装备
1990,kitten,小猫；小动物；产小猫
1991,knapsack,背包
1992,kneel,跪下，跪
1993,knight,骑士，武士；爵士；授以爵位
1994,knighthood,骑士；骑士身份
1995,knit,编织；结合；皱眉；编织衣物；编织法
1996,knob,把手；瘤；球形突出物；鼓起；使有球形突出物
1997,knock,敲；打；敲击；敲；敲打；爆震声
1998,knot,（绳等的）结；节瘤，疙瘩；海里/小时（航速单位）；打结
1999,knowledgeable,知识渊博的，有知识的；有见识的；聪明的
2000,knuckle,关节；指关节；指节；膝关节；肘；开始认真工作
2001,Koran,《可兰经》，《古兰经》（伊斯兰教）
2002,kowtow,叩头；卑躬屈膝；叩头
2003,label,标注；贴标签于；标签；商标；签条
2004,lace,花边；鞋带；饰带；少量烈酒；饰以花边；结带子
2005,lad,少年，小伙子；家伙
2006,ladybird,瓢虫
2007,lag,落后；迟延；防护套；囚犯；桶板；落后于；押往监狱；加上外套；最后的
2008,landlady,女房东；女地主；女店主
2009,landlord,房东，老板；地主
2010,landmark,[航]陆标；地标；界标；里程碑；纪念碑；地界标；划时代的事；有重大意义或影响的
2011,landowner,地主，土地所有者
2012,landscape,风景；风景画；景色；山水画；乡村风景画；地形；（文件的）横向打印格式；对…做景观美化，给…做园林美化；从事庭园设计
2013,lane,小巷；[航][水运] 航线；车道；罚球区
2014,lap,一圈；膝盖；下摆；山坳；使重叠；拍打；包围
2015,laptop,膝上型轻便电脑，笔记本电脑
2016,lark,云雀；百灵鸟；欢乐；骑马玩乐；嬉耍
2017,larva,[水产] 幼体，[昆] 幼虫
2018,lash,鞭打；冲击；摆动；扎捆；煽动；讽刺；鞭打；睫毛；鞭子；责骂；讽刺
2019,lass,小姑娘；情侣；（苏格兰）女佣
2020,last,末尾，最后；上个；鞋楦（做鞋的模型）；最后的；最近的，最新的；仅剩的；最不可能…的；持续；维持，够用；持久；最后地；上次，最近；最后一点
2021,lasting,持久的；永恒的；[纺] 厚实斜纹织物；持续；维持（last的ing形式）
2022,lastly,最后，终于
2023,latent,潜在的；潜伏的；隐藏的
2024,later,后来；稍后；随后；更迟的；更后的；(Later)人名；(德)拉特
2025,latest,最迟地；最后地；最新的事物；最新的，最近的；最迟的，最后的
2026,Latin,拉丁语的；拉丁人的；拉丁语；拉丁人
2027,latitude,纬度；界限；活动范围
2028,latter,后者的；近来的；后面的；较后的；(Latter)人名；(英、德、捷)拉特
2029,launch,发射（导弹、火箭等）；发起，发动；使…下水；发射；发行，投放市场；下水；汽艇
2030,laureate,戴桂冠的；荣誉的；桂冠诗人；得奖者；使戴桂冠
2031,lava,火山岩浆；火山所喷出的熔岩
2032,lawful,合法的；法定的；法律许可的
2033,lawn,草地；草坪
2034,layer,层，层次；膜；[植]压条；放置者，计划者；把…分层堆放；借助压条法；生根繁殖；将（头发）剪成不同层次
2035,layoff,活动停止期间；临时解雇；操作停止；失业期
2036,lb,救生船（Lifeboat）
2037,leadership,领导能力；领导阶层
2038,leak,泄漏；漏洞，裂缝；使渗漏，泄露
2039,lean,倾斜；倚靠；倾向；依赖；瘦的；贫乏的，歉收的；瘦肉；倾斜；倾斜度
2040,leap,跳，跳跃；飞跃；跳跃
2041,learning,学习；学问；学习（learn的现在分词）
2042,lease,租约；租期；租赁物；租赁权；出租；租得
2043,leave,离开；留下；遗忘；委托；许可，同意；休假
2044,lecturer,讲师，演讲者
2045,leftovers,遗留；剩余物；吃剩的食物（leftover的复数形式）
2046,legacy,遗赠，遗产
2047,legal,法律的；合法的；法定的；依照法律的；(Legal)人名；(法)勒加尔
2048,legend,传奇；说明；图例；刻印文字
2049,legion,（古罗马）军团；众多；军队；众多的；大量的
2050,legislation,立法；法律
2051,legitimate,合法的；正当的；合理的；正统的；使合法；认为正当（等于legitimize）
2052,leisure,闲暇；空闲；安逸；空闲的；有闲的；业余的
2053,lengthen,使延长；加长
2054,lens,透镜，镜头；眼睛中的水晶体；晶状体；隐形眼镜；汽车的灯玻璃；给……摄影
2055,leopard,豹；美洲豹
2056,lessen,使…变小；使…减轻；使…变少；(Lessen)人名；(德、罗)莱森
2057,lest,唯恐，以免；担心
2058,lettuce,[园艺] 生菜；莴苣；（美）纸币
2059,leukemia,[内科][肿瘤] 白血病
2060,lever,杠杆；控制杆；用杠杆撬动；把…作为杠杆
2061,levy,征收；征兵，征税；征收（税等）；征集（兵等）
2062,liable,有责任的，有义务的；应受罚的；有…倾向的；易…的
2063,liaison,联络；（语言）连音
2064,liberty,自由；许可；冒失
2065,lichen,地衣；青苔；使长满地衣
2066,lick,舔；卷过；鞭打；舔；打；少许
2067,lieutenant,中尉；副官；助理人员
2068,lighter,打火机；驳船；点火者；驳运；明亮的；光明的；照明好的；光线充足的
2069,lighthouse,灯塔
2070,lightly,轻轻地；轻松地；容易地；不费力地
2071,likelihood,可能性，可能
2072,likewise,同样地；也
2073,lily,百合花，百合；类似百合花的植物；洁白之物；洁白的，纯洁的
2074,limb,肢，臂；分支；枝干；切断…的手足；从…上截下树枝
2075,lime,石灰；酸橙；绿黄色；撒石灰于；涂粘鸟胶于；绿黄色的
2076,limestone,[岩] 石灰岩
2077,limit,限制；限度；界线；限制；限定
2078,limited,有限的；高级快车
2079,limousine,豪华轿车；大型豪华轿车
2080,limp,柔软的，无力的；软弱的；跛行，一拐一拐地走；缓慢费力地前进；跛行
2081,linear,线的，线型的；直线的，线状的；长度的
2082,linen,亚麻布，亚麻线；亚麻制品；亚麻的；亚麻布制的
2083,liner,班轮，班机；衬垫；画线者
2084,linger,徘徊；苟延残喘；磨蹭；(Linger)人名；(德、捷、瑞典)林格；(法)兰热
2085,linguistics,语言学
2086,lioness,母狮子；雌狮
2087,lipstick,口红；唇膏；涂口红
2088,liquor,酒，含酒精饮料；溶液；液体；烈酒；喝酒，灌酒；使喝醉
2089,literacy,读写能力；精通文学
2090,litter,垃圾；轿，担架；一窝（动物的幼崽）；凌乱；乱丢；给…垫褥草；把…弄得乱七八糟
2091,livelihood,生计，生活；营生
2092,liver,肝脏；生活者，居民
2093,livestock,牲畜；家畜
2094,lizard,蜥蜴；类蜥蜴爬行动物
2095,loaded,负荷的；装填子弹的；装好胶卷的；喝醉了的（美国俚语）；阔绰的（美国俚语）；装载（load的变形）
2096,loaf,条，一条面包；块；游荡；游荡；游手好闲；虚度光阴
2097,lobby,大厅；休息室；会客室；游说议员的团体；对……进行游说
2098,lobster,龙虾
2099,locate,位于；查找…的地点
2100,locker,柜，箱；上锁的人；有锁的橱柜；锁扣装置；有锁的存物柜
2101,locomotive,火车头的；运动的；移动的；机车；火车头
2102,lodge,旅馆；门房；集会处；山林小屋；提出；寄存；借住；嵌入
2103,lofty,高的；崇高的；高级的；高傲的；(Lofty)人名；(英)洛夫蒂
2104,log,伐木；记录；航行日志；原木
2105,logic,逻辑；逻辑学；逻辑性；逻辑的
2106,lonesome,寂寞的；人迹稀少的；自己
2107,longevity,长寿，长命；寿命
2108,longitude,[地理] 经度；经线
2109,loom,织布机；若隐若现的景象；可怕地出现；朦胧地出现；隐约可见
2110,loop,打环；翻筋斗；环；圈；弯曲部分；翻筋斗
2111,loosen,放松；松开；(Loosen)人名；(德)洛森
2112,lord,主；上帝；主，天啊；使成贵族
2113,loss,减少；亏损；失败；遗失
2114,lottery,彩票；碰运气的事，难算计的事；抽彩给奖法
2115,lover,爱人，恋人；爱好者
2116,loyal,忠诚的，忠心的；忠贞的；效忠的臣民；忠实信徒
2117,luck,运气；幸运；带来好运的东西；靠运气，走运；凑巧碰上
2118,lumber,伐木；喧闹地向前走；笨重地行动，缓慢地移动；木材；废物，无用的杂物；隆隆声
2119,lump,块，块状；肿块；瘤；很多；笨人；混在一起；使成块状；忍耐；笨重地移动；成团的；总共的；很；非常
2120,lunar,月亮的，月球的；阴历的；银的；微亮的；(Lunar)人名；(西)卢纳尔
2121,lunatic,疯狂的；精神错乱的；愚蠢的；疯子；疯人
2122,luncheon,午宴；正式的午餐会
2123,luster,[光] 光泽；光彩；有光泽；发亮；使有光泽
2124,lute,琵琶；弹诗琴；弹诗琴表达；用封泥封
2125,luxury,奢侈，奢华；奢侈品；享受；奢侈的
2126,machinery,机械；机器；机构；机械装置
2127,mackintosh,橡皮布防水衣；橡皮布
2128,magical,魔术的；有魔力的
2129,magnesium,[化学] 镁
2130,magnetic,地磁的；有磁性的；有吸引力的
2131,magnify,放大；赞美；夸大
2132,mahogany,桃花心木，红木；红褐色
2133,maiden,未婚的，处女的；初次的；少女；处女
2134,mainstream,主流
2135,maintain,维持；继续；维修；主张；供养
2136,maize,黄色的，玉米色的；玉米；黄色，玉米色
2137,majesty,威严；最高权威，王权；雄伟；权威
2138,major,主要的；重要的；主修的；较多的；[人类] 成年人；主修科目；陆军少校；主修
2139,make,使得；进行；布置，准备，整理；制造；认为；获得；形成；安排；引起；构成；制造；构造；性情
2140,malady,弊病；疾病；腐败
2141,malaria,[内科] 疟疾；瘴气
2142,malice,恶意；怨恨；预谋
2143,mall,购物商场；林荫路；铁圈球场
2144,maltreat,虐待；滥用；粗暴对待
2145,mammal,[脊椎] 哺乳动物
2146,management,管理；管理人员；管理部门；操纵；经营手段
2147,mango,[园艺] 芒果
2148,manifold,复写，复印；增多；使……多样化；多方面的，有许多部分的；各式各样的；多种；复印本
2149,manipulate,操纵；操作；巧妙地处理；篡改
2150,manly,男子气概的；强壮的；适于男人的；雄赳赳地；(Manly)人名；(英)曼利
2151,manoeuvre,调动；演习；用策略；策略（等于maneuvre）
2152,manpower,人力；人力资源；劳动力
2153,mansion,大厦；宅邸
2154,manual,手工的；体力的；手册，指南
2155,manufacture,制造；产品；制造业；制造；加工；捏造
2156,margarine,人造黄油；人造奶油
2157,margin,边缘；利润，余裕；页边的空白；加边于；加旁注于
2158,marine,船舶的；海生的；海产的；航海的，海运的；海运业；舰队；水兵；（海军）士兵或军官
2159,mark,标志；马克；符号；痕迹；分数；作记号
2160,marked,显著的；有记号的；表示（mark的过去分词）；作记号；打分数
2161,marketing,行销，销售；出售；在市场上进行交易；使…上市（market的ing形式）
2162,marmalade,橘子或柠檬等水果制成的果酱；涂橘子或柠檬酱于…；橘子酱色的
2163,marrow,髓，骨髓；精华；活力
2164,Mars,战神；[天] 火星
2165,marsh,沼泽；湿地；沼泽的；生长在沼泽地的
2166,marshal,元帅；司仪；整理；引领；编列
2167,martyr,牺牲；折磨；杀害；烈士；殉道者
2168,marvel,奇迹；对…感到惊异
2169,Marxism,马克思主义；马克思的；马克思主义的
2170,masculine,男性的；阳性的；男子气概的；男性；阳性，阳性词
2171,mason,泥瓦匠；共济会会员（等于freemason）；用砖瓦砌成
2172,mass,块，团；群众，民众；大量，众多；质量；群众的，民众的；大规模的，集中的；聚集起来，聚集
2173,massacre,残杀；彻底击败；大屠杀；惨败
2174,massage,按摩；揉
2175,massive,大量的；巨大的，厚重的；魁伟的
2176,mast,桅杆；柱；橡树果实；在…上装桅杆
2177,masterpiece,杰作；绝无仅有的人
2178,mate,助手，大副；配偶；同事；配对物；使配对；使一致；结伴
2179,materialism,唯物主义；唯物论；物质主义
2180,maternal,母亲的；母性的；母系的；母体遗传的
2181,maternity,母性，母道；[妇产] 妇产科医院；产科的；产妇的，孕妇的
2182,mathematical,数学的，数学上的；精确的
2183,mathematician,数学家
2184,mattress,床垫；褥子；空气垫
2185,mature,成熟的；充分考虑的；到期的；成年人的；成熟；到期
2186,mayor,市长
2187,meadow,草地；牧场
2188,mean,平均的；卑鄙的；低劣的；吝啬的；意味；想要；意欲；平均值
2189,means,手段；方法；财产；意思是；打算（mean的第三人称单数） [ 复数means ]
2190,meantime,其时，其间；同时；其间
2191,mechanical,机械的；力学的；呆板的；无意识的；手工操作的
2192,media,媒体；媒质（medium的复数）；血管中层；浊塞音；中脉
2193,medieval,中世纪的；原始的；仿中世纪的；老式的
2194,Mediterranean,地中海；地中海的
2195,medium,中间的，中等的；半生熟的；方法；媒体；媒介；中间物
2196,melancholy,忧郁的；使人悲伤的；忧郁；悲哀；愁思
2197,melody,旋律；歌曲；美妙的音乐
2198,membership,资格；成员资格；会员身份
2199,memo,备忘录
2200,memoir,回忆录；研究报告；自传；实录
2201,memorise,（英）记忆；存储（等于memorize）
2202,mentality,心态；[心理] 智力；精神力；头脑作用
2203,mention,提到，谈到；提及，论及；说起；提及，说起
2204,merchandise,商品；货物；买卖；推销
2205,merciless,残忍的；无慈悲心的
2206,mercury,[化]汞，水银
2207,mere,仅仅的；只不过的；小湖；池塘
2208,merge,合并；使合并；吞没；(Merge)人名；(意)梅尔杰
2209,merit,优点，价值；功绩；功过；值得
2210,messenger,报信者，送信者；先驱
2211,metallic,金属的，含金属的
2212,metaphor,暗喻，隐喻；比喻说法
2213,metric,公制的；米制的；公尺的；度量标准
2214,metropolis,大都市；首府；重要中心
2215,Mexican,墨西哥的；墨西哥人的；墨西哥人；墨西哥语
2216,microchip,微型集成电路片，微芯片
2217,mid,中间的；中央的；在…之中；(Mid)人名；(柬)米
2218,middle,中间的，中部的；中级的，中等的；中间，中央；腰部
2219,midst,当中，中间；在…中间（等于amidst）
2220,mighty,有力的；强有力的；有势力的；很；极；非常；有势力的人
2221,milestone,里程碑，划时代的事件
2222,military,军事的；军人的；适于战争的；军队；军人
2223,mill,乱转；被碾磨；工厂；磨坊；磨粉机；制造厂；压榨机
2224,millennium,千年期，千禧年；一千年，千年纪念；太平盛世，黄金时代
2225,milligramme,毫克（等于milligram）；公厘
2226,millimetre,毫米；公厘
2227,miner,矿工；开矿机
2228,miniature,微型的，小规模的；缩图；微型画；微型图画绘画术；是…的缩影
2229,minimum,最小值；最低限度；最小化；最小量；最小的；最低的
2230,ministry,（政府的）部门
2231,minor,未成年的；次要的；较小的；小调的；二流的；未成年人；小调；副修科目；副修
2232,minority,少数民族；少数派；未成年；少数的；属于少数派的
2233,mint,薄荷；[金融] 造币厂，巨款；铸造，铸币；完美的
2234,minute,分，分钟；片刻，一会儿；备忘录，笔记；会议记录；将…记录下来；微小的，详细的 [maɪˈnjuːt; US -ˈnuːt; maɪˋnut]
2235,miracle,奇迹，奇迹般的人或物；惊人的事例
2236,mischief,恶作剧；伤害；顽皮；不和
2237,mischievous,淘气的；（人、行为等）恶作剧的；有害的
2238,miser,守财奴；吝啬鬼；（石油工程上用的）凿井机
2239,miserly,吝啬的；贪婪的
2240,misery,痛苦，悲惨；不幸；苦恼；穷困
2241,misfortune,不幸；灾祸，灾难
2242,misgiving,担忧；疑虑；不安；担忧；使…疑虑；害怕（misgive的ing形式）
2243,misguided,被误导的；使入歧途（misguide的过去分词）
2244,mislead,误导；带错
2245,missing,失踪的；缺少的；错过（miss的ing形式）；想念；漏掉；(Missing)人名；(德)米辛
2246,mission,使命，任务；代表团；布道；派遣；向……传教
2247,mistress,情妇；女主人；主妇；女教师；女能人
2248,misty,模糊的；有雾的；(Misty)人名；(英)米斯蒂，米丝蒂(女名)；(法)米斯蒂
2249,misunderstanding,误解；误会；不和
2250,mixer,混合器；搅拌器；[电子] 混频器
2251,moan,抱怨，悲叹；呻吟；呻吟声；悲叹
2252,mob,暴民，暴徒；民众；乌合之众；大举包围，围攻；蜂拥进入
2253,mobility,移动性；机动性；[电子] 迁移率
2254,mock,英国模拟考试（mocks）；愚弄，嘲弄；仿制的，模拟的，虚假的，不诚实的
2255,mode,模式；方式；风格；时尚
2256,modem,调制解调器（等于modulator-demodulator）
2257,moderate,稳健的，温和的；适度的，中等的；有节制的；变缓和，变弱
2258,modernise,现代化（等于modernize）
2259,modesty,谦逊；质朴；稳重
2260,modify,修改，修饰；更改
2261,moist,潮湿的；多雨的；含泪的；潮湿
2262,mole,鼹鼠；痣；防波堤；胎块；间谍
2263,molecule,[化学] 分子；微小颗粒，微粒
2264,moment,片刻，瞬间，时刻；重要，契机
2265,monarchy,君主政体；君主国；君主政治
2266,monastery,修道院；僧侣
2267,monetary,货币的；财政的
2268,Mongolian,蒙古人；蒙古语；蒙古人的；蒙古语的
2269,monk,僧侣，修道士；和尚
2270,monologue,独白
2271,monopoly,垄断；垄断者；专卖权
2272,monotonous,单调的，无抑扬顿挫的；无变化的
2273,monster,怪物；巨人，巨兽；残忍的人；巨大的，庞大的
2274,mood,情绪，语气；心境；气氛
2275,moonlight,月夜的；有月光的；月光；兼职，夜袭
2276,moor,系住；使停泊；沼泽；荒野
2277,morale,士气，斗志
2278,morality,道德；品行，美德
2279,moreover,而且；此外
2280,mortal,凡人的；致死的；终有一死的；不共戴天的；人类，凡人
2281,mosque,清真寺
2282,moss,苔藓；泥沼；使长满苔藓
2283,most,最；非常，极其；最多；几乎；大部分的，多数的；最多的；大部分，大多数
2284,mostly,主要地；通常；多半地
2285,motel,汽车旅馆
2286,moth,蛾；蛀虫
2287,motion,动作；移动；手势；请求；意向；议案；运动；打手势
2288,motivate,刺激；使有动机；激发…的积极性
2289,motorist,驾车旅行的人，开汽车的人
2290,motorway,高速公路，汽车高速公路
2291,mould,发霉；模具；霉
2292,mount,增加；爬上；使骑上马；安装，架置；镶嵌，嵌入；准备上演；成立（军队等）；山峰；底座；乘骑用马；攀，登；运载工具；底座
2293,move,移动；步骤；迁居；策略；移动；搬家，迁移；离开
2294,moving,移动的；动人的；活动的；移动（move的ing形式）
2295,mow,草堆；皱眉；谷堆；割草；收割庄稼
2296,muffle,蒙住；裹住；抑制；发低沉的声音；低沉的声音；消声器；包裹物（如头巾，围巾等）；唇鼻部
2297,mug,杯子；脸；苦读者；扮鬼脸，做怪相
2298,mule,骡；倔强之人，顽固的人；杂交种动物
2299,multinational,跨国公司的；多国的；跨国公司
2300,multiple,多重的；多样的；许多的；倍数；[电] 并联
2301,murmur,低语；低语声；低声抱怨；潺潺声；低声说；私下抱怨；发出轻柔持续的声音
2302,muscle,肌肉；力量；加强；使劲搬动；使劲挤出
2303,muslim,穆斯林；穆罕默德信徒；伊斯兰教的
2304,mute,哑的；沉默的；无声的；减弱……的声音；使……柔和；哑巴；弱音器；闭锁音
2305,mutter,咕哝；喃喃自语；咕哝；喃喃低语
2306,mutual,共同的；相互的，彼此的
2307,mystery,秘密，谜；神秘，神秘的事物；推理小说，推理剧；常作 mysteries 秘技，秘诀
2308,myth,神话；虚构的人，虚构的事
2309,naive,"天真的,幼稚的"
2310,naked,裸体的；无装饰的；无证据的；直率的
2311,namely,也就是；即是；换句话说
2312,nap,小睡，打盹儿；细毛；孤注一掷；使拉毛
2313,napkin,餐巾；餐巾纸；尿布
2314,nappy,尿布；起毛的
2315,narcotic,麻醉的；有麻醉作用的；催眠的；[药] 麻醉药；镇静剂；起麻醉作用的事物
2316,narrate,叙述；给…作旁白
2317,narrow,狭窄的，有限的；勉强的；精密的；度量小的；海峡；狭窄部分，隘路；使变狭窄
2318,narrowly,仔细地；勉强地；狭窄地；严密地
2319,nasty,下流的；肮脏的；脾气不好的；险恶的；令人不快的事物
2320,naughty,顽皮的，淘气的；不听话的；没规矩的；不适当的；下流的
2321,nausea,恶心，晕船；极端的憎恶
2322,naval,海军的；军舰的；(Naval)人名；(西、德、印)纳瓦尔
2323,navigate,驾驶，操纵；使通过；航行于
2324,Nazi,纳粹党人；纳粹主义信徒；纳粹党的；纳粹主义的
2325,necessity,需要；必然性；必需品
2326,negative,[数] 负的；消极的；否定的；阴性的；否定；负数；[摄] 底片；否定；拒绝
2327,neglect,疏忽，忽视；忽略；疏忽，忽视；怠慢
2328,neglected,被忽视的；未被好好照管的；忽视；疏忽（neglect的过去分词）
2329,neglectful,疏忽的；忽略的；不小心的
2330,negligent,疏忽的；粗心大意的
2331,negligible,微不足道的，可以忽略的
2332,negotiate,谈判，商议；转让；越过
2333,Negro,黑人；黑人的
2334,nerve,神经；勇气；[植] 叶脉；鼓起勇气
2335,nervousness,神经质；[心理] 神经过敏；紧张不安
2336,neutral,中立的，中性的；中立国的；非彩色的；中立国；中立者；非彩色；齿轮的空档
2337,nevertheless,然而，不过；虽然如此；然而，不过
2338,newly,最近；重新；以新的方式
2339,newscast,新闻广播
2340,nickel,镍；镍币；五分镍币；镀镍于
2341,nickname,绰号；昵称；给……取绰号；叫错名字
2342,nightgown,睡衣（等于dressing gown或nightdress）
2343,nightingale,夜莺
2344,nightmare,恶梦；梦魇般的经历；可怕的；噩梦似的
2345,nitrogen,[化学] 氮
2346,nobility,贵族；高贵；高尚
2347,nominate,推荐；提名；任命；指定
2348,normal,正常的；正规的，标准的；正常；标准；常态
2349,nostril,鼻孔
2350,notable,值得注意的，显著的；著名的；名人，显要人物
2351,notice,通知，布告；注意；公告；通知；注意到；留心
2352,noticeable,显而易见的，显著的；值得注意的
2353,notify,通告，通知；公布
2354,notion,概念；见解；打算
2355,notorious,声名狼藉的，臭名昭著的
2356,noun,名词
2357,nourish,滋养；怀有；使健壮
2358,novel,新奇的；异常的；小说
2359,nuisance,讨厌的人；损害；麻烦事；讨厌的东西
2360,numeral,数字；数字的；表示数字的
2361,numerous,许多的，很多的
2362,nun,修女，尼姑
2363,nutrition,营养，营养学；营养品
2364,oak,橡树；橡木色；橡木家具；栎树的；栎木制的
2365,oar,桨；橹；桨手；划（船）；划行
2366,oath,誓言，誓约；诅咒，咒骂
2367,oats,燕麦；燕麦片（oat的复数）；燕麦粥
2368,obedient,顺从的，服从的；孝顺的
2369,object,目标；物体；客体；宾语；提出…作为反对的理由
2370,oblige,迫使；强制；赐，施恩惠；责成；义务
2371,obliging,乐于助人的；有礼貌的；体贴的；亲切的；迫使；约束（oblige的现在分词）
2372,oblivious,遗忘的；健忘的；不注意的；不知道的
2373,oblong,椭圆形的；长方形的；椭圆形；长方形
2374,obscure,昏暗的，朦胧的；晦涩的，不清楚的；隐蔽的；不著名的，无名的；使…模糊不清，掩盖；隐藏；使难理解；某种模糊的或不清楚的东西
2375,obscurity,朦胧；阴暗；晦涩；身份低微；不分明
2376,observe,庆祝
2377,obstacle,障碍，干扰；妨害物
2378,obstinate,顽固的；倔强的；难以控制的
2379,obstruct,妨碍；阻塞；遮断
2380,obtain,获得；流行
2381,occasion,时机，机会；场合；理由；引起，惹起
2382,occur,发生；出现；存在
2383,odd,奇数的；古怪的；剩余的；临时的；零散的；奇数；怪人；奇特的事物
2384,offence,犯罪；违反；过错；攻击
2385,offend,冒犯；使…不愉快
2386,offset,抵消，补偿；平版印刷；支管；抵消；弥补；用平版印刷术印刷
2387,offspring,后代，子孙；产物
2388,oily,油的；油质的；油滑的；油腔滑调的
2389,olive,橄榄；橄榄树；橄榄色；橄榄的；橄榄色的
2390,omen,预兆；征兆；预示；有…的前兆；预告
2391,omit,省略；遗漏；删除；疏忽
2392,online,联机的；在线的；在线地
2393,onlooker,旁观者；观众（等于spectator）
2394,only,只，仅仅；不料；唯一的，仅有的；最合适的；但是；不过；可是
2395,onward,向前的；前进的；向前；在前面
2396,opening,开始；机会；通路；空缺的职位；开始的；开放（open的ing形式）；打开；公开
2397,operation,操作；经营；[外科] 手术；[数][计] 运算
2398,opium,鸦片；麻醉剂；鸦片的
2399,opponent,对手；反对者；敌手；对立的；敌对的
2400,opportunity,时机，机会
2401,opposition,反对；反对派；在野党；敌对
2402,oppress,压迫，压抑；使……烦恼；使……感到沉重
2403,optics,[光] 光学
2404,optimal,最佳的；最理想的
2405,option,[计] 选项；选择权；买卖的特权
2406,orchard,果园；果树林
2407,ordeal,折磨；严酷的考验；痛苦的经验
2408,order,命令；顺序；规则；[贸易] 定单；命令；整理；定购
2409,ore,矿；矿石
2410,organ,[生物] 器官；机构；风琴；管风琴；嗓音
2411,orient,使适应；确定方向；使朝东；东方；东方诸国；东方的
2412,origin,起源；原点；出身；开端
2413,originate,引起；创作
2414,ornament,装饰；[建][服装] 装饰物；教堂用品；装饰，修饰
2415,orphan,孤儿的；无双亲的；孤儿；使成孤儿
2416,orthodox,正统的；传统的；惯常的；东正教的；正统的人；正统的事物
2417,ostrich,鸵鸟；鸵鸟般的人
2418,otherwise,否则；另外；在其他方面；另外的；其他方面的；原本，本来；其他；如果不；然后
2419,ounce,盎司；少量；雪豹
2420,outbreak,（战争的）爆发；（疾病的）发作；爆发
2421,outcome,结果，结局；成果
2422,outdated,过时的；旧式的；使过时（outdate的过去式和过去分词）
2423,outlaw,歹徒；罪犯；亡命之徒；被剥夺法律保护者；宣布…为不合法；将…放逐；剥夺…的法律保护
2424,outlet,出口，排放孔；[电] 电源插座；销路；发泄的方法；批发商店
2425,outline,轮廓；大纲；概要；略图；概述；略述；描画…轮廓
2426,outlook,展望；观点；景色；比……好看；用目光压倒；朝外看
2427,output,输出，输出量；产量；出产；输出
2428,outrageous,粗暴的；可恶的；令人吃惊的
2429,outset,开始；开端
2430,outskirts,市郊，郊区
2431,outstanding,杰出的；显著的；未解决的；未偿付的；未偿贷款
2432,oven,炉，灶；烤炉，烤箱
2433,overall,全部的；全体的；一切在内的；全部地；总的说来；工装裤；罩衫
2434,overcast,阴天的；阴暗的；愁闷的；使沮丧；包缝；遮蔽
2435,overcome,克服；胜过
2436,overcrowd,使过度拥挤；把…塞得过满
2437,overdo,把…做得过分；使过于疲劳；对…表演过火；夸张
2438,overdue,过期的；迟到的；未兑的
2439,overflow,溢出；泛滥；充溢；充满，洋溢；泛滥；超值；溢值
2440,overgrown,蔓生的；生长过快的；生长过度（overgrow的过去分词）
2441,overhear,无意中听到；偷听
2442,overlap,重叠；重复；部分重叠；部分的同时发生
2443,overleaf,在次页；在背面；背面的；次页的
2444,overlook,忽略；俯瞰；远眺；检查；高耸于…之上；忽视；眺望
2445,overnight,通宵；突然；昨晚；晚上的；通宵的；前夜的；头天晚上；一夜的逗留；连夜快递；过一夜
2446,overrule,否决；统治；对…施加影响
2447,oversea,外国的；在海外的；国外；向国外，向海外
2448,overseas,在海外，海外；海外的，国外的
2449,overtake,赶上；压倒；突然来袭
2450,overthrow,推翻；倾覆；瓦解；推翻；打倒；倾覆
2451,overtime,[劳经] 加班时间；延长时间；加时赛；超时的；加班的；使超过时间；加班地
2452,overturn,推翻；倾覆；破坏；倾覆；周转；破灭
2453,overweight,超重的；过重的；使负担过重；超重
2454,overwhelm,淹没；压倒；受打击；覆盖；压垮
2455,owing,未付的；欠着的；欠；把…归功于（owe的ing形式）
2456,owl,猫头鹰；枭；惯于晚上活动的人
2457,oxide,[化学] 氧化物
2458,oyster,牡蛎，[无脊椎] 蚝；沉默寡言的人
2459,ozone,[化学] 臭氧；新鲜的空气
2460,pace,一步；步速；步伐；速度；踱步；缓慢而行
2461,pact,协定；公约；条约；契约
2462,pad,衬垫；护具；便笺簿；填补；步行；放轻脚步走
2463,paddock,围场；小牧场
2464,page,页；记录；大事件，时期；男侍者；给…标页码
2465,pager,寻呼机，呼机
2466,pagoda,（东方寺院的）宝塔；印度的旧金币
2467,pail,桶，提桶
2468,painkiller,止痛药
2469,pajamas,睡衣；宽长裤
2470,palm,手掌；棕榈树；掌状物；将…藏于掌中
2471,pamphlet,小册子
2472,pane,窗格；边；面；窗格玻璃；嵌板；装窗玻璃于；镶嵌板于
2473,panel,仪表板；嵌板；座谈小组，全体陪审员；嵌镶板
2474,panic,恐慌，惊慌；大恐慌；恐慌的；没有理由的；使恐慌
2475,panorama,全景，全貌；全景画；概论
2476,pants,裤子
2477,paperweight,书镇；压纸器；镇纸
2478,parachute,降落伞；跳伞
2479,parade,游行；阅兵；炫耀；行进；阅兵场；游行；炫耀；列队行进
2480,paradise,天堂
2481,paradox,悖论，反论；似非而是的论点；自相矛盾的人或事
2482,parallel,平行线；对比；使…与…平行；平行的；类似的，相同的
2483,paralyse,使……无力；使……麻痹；使……瘫痪
2484,paraphrase,释义；解释；意译；释义
2485,parenthesis,"插入语,插入成分"
2486,parish,教区
2487,parliament,议会，国会
2488,parlour,客厅；会客室；雅座
2489,part,部分；角色；零件；一些；片段；分离；分配；分开；部分地；部分的
2490,partial,局部的；偏爱的；不公平的
2491,participate,参与，参加；分享
2492,participle,分词
2493,particle,颗粒；[物] 质点；极小量；小品词
2494,particular,特别的；详细的；独有的；挑剔的；详细说明；个别项目
2495,partition,划分，分开；[数] 分割；隔墙；隔离物；[数] 分割；分隔；区分
2496,passion,激情；热情；酷爱；盛怒
2497,password,密码；口令
2498,paste,张贴，裱糊；用浆糊粘；面团，膏；糊状物，[胶粘] 浆糊
2499,pastime,娱乐，消遣
2500,pastry,油酥点心；面粉糕饼
2501,pasture,草地；牧场；牧草；放牧；吃草
2502,pat,恰好的；熟练的；合适的；恰好；熟记地；轻拍；小块；轻拍声；轻拍
2503,patch,眼罩；斑点；碎片；小块土地；修补；解决；掩饰
2504,patent,授予专利；取得…的专利权；专利的；新奇的；显然的；专利权；执照；专利品
2505,path,道路；小路；轨道
2506,pathetic,可怜的，悲哀的；感伤的；乏味的
2507,patient,有耐心的，能容忍的；病人；患者
2508,patriot,爱国者
2509,patrol,巡逻；巡逻队；侦察队；巡逻；巡查
2510,patron,赞助人；保护人；主顾
2511,pause,暂停；间歇；暂停，停顿，中止；踌躇
2512,pave,铺设；安排；作铺设之用；(Pave)人名；(西、塞)帕韦
2513,pavilion,阁；亭子；大帐篷；展示馆；搭帐篷；置…于亭中；笼罩
2514,payable,应付的；到期的；可付的；可获利的
2515,peacock,孔雀；雄孔雀；爱虚荣的人；炫耀；神气活现地走
2516,peak,山峰；最高点；顶点；帽舌；使达到最高点；使竖起；最高的；最大值的
2517,peanut,花生
2518,pearl,珍珠；珍珠色；杰出者；珍品；镶珍珠的；珍珠状的；采珍珠；成珍珠状
2519,peck,啄食；扔石头；吹毛求疵；许多；配克（容量单位，等于2加仑）；啄痕；快速轻吻
2520,peculiar,特殊的；独特的；奇怪的；罕见的；特权；特有财产
2521,pedal,踩踏板；骑车；踏板；脚蹬子；脚的；脚踏的
2522,peddle,叫卖；兜售；散播；(Peddle)人名；(英)佩德尔
2523,peel,剥，剥落；削；皮
2524,peep,偷看；隐约看见，瞥见；窥视；慢慢露出，出现；吱吱叫
2525,peer,贵族；同等的人；同龄人；凝视，盯着看；窥视
2526,peg,钉；桩；借口；琴栓；限制；钉木钉；越往下端越细的
2527,penalty,罚款，罚金；处罚
2528,pendulum,钟摆；摇锤；摇摆不定的事态
2529,penguin,企鹅；空军地勤人员
2530,peninsula,半岛
2531,pentagon,五角形
2532,peony,牡丹；芍药
2533,peppermint,薄荷；薄荷油；胡椒薄荷；薄荷糖（等于mint）
2534,perceive,察觉，感觉；理解；认知
2535,perch,鲈鱼; 高位；栖木；杆；栖息；就位；位于；使坐落于
2536,perfection,完善；完美
2537,perfume,香水；香味；洒香水于…；使…带香味
2538,peril,危险；冒险；危及；置…于险境
2539,periodical,[数] 周期的；定期的；期刊；杂志
2540,permanent,永久的，永恒的；不变的；烫发（等于permanent wave）
2541,perpendicular,垂直的，正交的；直立的；陡峭的；垂线；垂直的位置
2542,perpetual,永久的；不断的；四季开花的；无期限的
2543,perplex,使困惑，使为难；使复杂化
2544,persecute,迫害；困扰；同…捣乱
2545,persevere,坚持；不屈不挠；固执己见（在辩论中）
2546,Persian,猫老大
2547,persimmon,柿子；柿子树
2548,persist,存留，坚持；持续，固执
2549,persistent,固执的，坚持的；持久稳固的
2550,personality,个性；品格；名人
2551,personnel,人事部门；全体人员；人员的；有关人事的
2552,perspective,观点；远景；透视图；透视的
2553,persuasion,说服；说服力；信念；派别
2554,pessimist,悲观主义者
2555,petal,花瓣
2556,petition,请愿；请愿书；祈求；[法] 诉状；请愿；请求
2557,petty,琐碎的；小气的；小规模的；(Petty)人名；(英、法)佩蒂
2558,pharmacy,药房；配药学，药剂学；制药业；一批备用药品
2559,phase,月相
2560,PhD,博士学位；哲学博士学位（Doctor of Philosophy）
2561,phenomenon,现象；奇迹；杰出的人才
2562,philosophy,哲学；哲理；人生观
2563,phobia,恐怖，憎恶；恐惧症
2564,phoenix,凤凰；死而复生的人
2565,phonetic,语音的，语音学的；音形一致的；发音有细微区别的
2566,photocopy,复印件；影印；影印，复印
2567,physiology,生理学；生理机能
2568,pickpocket,扒手
2569,pictorial,绘画的；形象化的；画报；画刊
2570,piece,块；件；篇；硬币；修补；接合；凑合
2571,pierce,刺穿；洞察；响彻；深深地打动
2572,pigeon,鸽子
2573,pilgrim,朝圣者；漫游者；（美）最初的移民；去朝圣；漫游
2574,pillar,柱子，柱形物；栋梁；墩；用柱支持
2575,pillowcase,枕头套（等于pillow slip）
2576,pious,虔诚的；敬神的；可嘉的；尽责的
2577,pirate,海盗；盗版；侵犯专利权者；掠夺；翻印；剽窃
2578,pistol,手枪；信号枪；用手枪射击
2579,pit,矿井；深坑；陷阱；（物体或人体表面上的）凹陷；（英国剧场的）正厅后排；正厅后排的观众；使竞争；窖藏；使凹下；去…之核；使留疤痕
2580,pizza,比萨饼（一种涂有乳酪核番茄酱的意大利式有馅烘饼）
2581,placid,平静的；温和的；沉着的
2582,plague,瘟疫；灾祸；麻烦；讨厌的人；折磨；使苦恼；使得灾祸
2583,plain,平的；简单的；朴素的；清晰的；平原；无格式；朴实无华的东西；清楚地；平易地
2584,plan,计划；平面图；计划；设计；打算
2585,plateau,高原；高原印第安人的
2586,platinum,[化学] 铂；白金；唱片集达100万张的销售量；银灰色；唱片集已售出100万张的
2587,plausible,貌似可信的，花言巧语的；貌似真实的，貌似有理的
2588,playful,开玩笑的；幽默的；爱嬉戏的
2589,playwright,剧作家
2590,plaza,广场；市场，购物中心
2591,plead,借口；为辩护；托称
2592,pleasing,令人愉快的；讨人喜欢的；合意的；取悦（please的现在分词）
2593,pledge,保证，誓言；抵押；抵押品，典当物；保证，许诺；用……抵押；举杯祝……健康
2594,plenary,充分的；全体出席的；全体会议
2595,plentiful,丰富的；许多的；丰饶的；众多的
2596,plot,情节；图；阴谋；密谋；绘图；划分；标绘
2597,plough,犁；耕；犁；耕地（等于plow）
2598,pluck,勇气；内脏；快而猛的拉；摘；拔；扯
2599,plum,李子；梅子；洋李；紫红色；人所希望的；有利的；上等的
2600,plumber,水管工；堵漏人员
2601,plume,用羽毛装饰；羽毛
2602,plump,使丰满；使鼓起；突然放下；沉重地；突然地；圆胖的，丰满的；鼓起的；扑通声
2603,plunder,抢夺；战利品；掠夺品；掠夺；抢劫；侵吞
2604,plural,复数的；复数
2605,pneumonia,肺炎
2606,pod,蚕茧；豆荚；结豆荚
2607,poetry,诗；诗意，诗情；诗歌艺术
2608,poise,平衡；姿势；镇静；使平衡；保持姿势
2609,poke,刺，捅；戳；伸出；刺探；闲荡；戳；刺；袋子；懒汉
2610,polar,极地的；两极的；正好相反的；极面；极线
2611,pole,杆；极点；电极；用竿支撑
2612,policy,政策，方针；保险单
2613,Polish,磨光，擦亮；上光剂，擦亮剂；优雅，精良；擦亮，变光滑；波兰的
2614,politburo,（共产党中央委员会的）政治局；类似政治局的决策控制机构
2615,poll,投票；民意测验；投票数；投票所；投票；剪短；对…进行民意测验；获得选票；无角的；剪过毛的；修过枝的
2616,pollutant,污染物
2617,polo,马球；水球
2618,polytechnic,各种工艺的；综合技术的；工艺学校；理工专科学校
2619,ponder,仔细考虑；衡量；(Ponder)人名；(英)庞德
2620,pony,矮种马；小型马；小型的；每日摘要的；付清
2621,pop,卖点广告（Point of Purchase）
2622,pope,教皇，罗马教皇；权威，大师
2623,popularity,普及，流行；名气；受大众欢迎
2624,porcelain,瓷；瓷器；瓷制的；精美的
2625,porch,门廊；走廊
2626,pore,细想；凝视；熟读；气孔；小孔
2627,pornography,色情文学；色情描写
2628,portable,手提的，便携式的；轻便的；手提式打字机
2629,portion,部分；一份；命运；分配；给…嫁妆
2630,portrait,肖像；描写；半身雕塑像
2631,portray,描绘；扮演
2632,pose,造成，形成；摆姿势；装模作样；提出…讨论；姿势，姿态；装模作样
2633,positive,积极的；[数] 正的，[医][化学] 阳性的；确定的，肯定的；实际的，真实的；绝对的；正数；[摄] 正片
2634,possess,控制；使掌握；持有；迷住；拥有，具备
2635,possibility,可能性；可能发生的事物
2636,post,岗位；邮件；标杆；张贴；公布；邮递；布置
2637,potential,潜能；可能性；[电] 电势；潜在的；可能的；势的
2638,pottery,陶器；陶器厂；陶器制造术
2639,poultry,家禽
2640,poverty,贫困；困难；缺少；低劣
2641,practicable,可用的；行得通的；可实行的
2642,practical,实际的；实用性的
2643,practice,实践；练习；惯例；练习；实习；实行
2644,pram,婴儿车；送牛奶用的手推车
2645,prawn,对虾，明虾；捕虾
2646,preach,说教；讲道；鼓吹；传道；反复灌输；说教
2647,precede,领先，在…之前；优于，高于
2648,precis,摘要；大纲；概括…的大意；为…写摘要
2649,predecessor,前任，前辈
2650,predict,预报，预言；预知
2651,predominantly,主要地；显著地
2652,preface,前言；引语；为…加序言；以…开始
2653,preferable,更好的，更可取的；更合意的
2654,prefix,前缀；加前缀；将某事物加在前面
2655,pregnant,怀孕的；富有意义的
2656,prejudice,偏见；侵害；损害；使有偏见
2657,preliminary,准备；预赛；初步措施；初步的；开始的；预备的
2658,prelude,前奏；序幕；前奏曲；成为…的序幕；演奏…作为前奏曲
2659,premier,第一的；最初的；总理，首相
2660,premise,引出，预先提出；作为…的前提；前提；上述各项；房屋连地基
2661,preparation,预备；准备
2662,preparatory,预备的；预科；预备学校
2663,preposition,介词；前置词
2664,present,提出；介绍；呈现；赠送；现在的；出席的；现在；礼物；瞄准
2665,preserve,保存；保护；维持；腌；禁猎；保护区；禁猎地；加工成的食品
2666,preside,主持，担任会议主席
2667,presidential,总统的；首长的；统辖的
2668,press,压；按；逼迫；紧抱；压；按；新闻；出版社；[印刷] 印刷机
2669,prestige,威望，声望；声誉
2670,presumably,大概；推测起来；可假定
2671,pretence,假装；借口；虚伪
2672,pretext,借口；托辞；以…为借口
2673,prevail,盛行，流行；战胜，获胜
2674,prevent,预防，防止；阻止
2675,previous,以前的；早先的；过早的；在先；在…以前
2676,prey,捕食；掠夺；折磨；捕食；牺牲者；被捕食的动物
2677,priceless,无价的；极贵重的；非常有趣的；非卖品
2678,prick,刺，戳；刺伤，刺痛；竖起；刺，扎；刺痛，刺伤；阴茎；锥；竖起的
2679,priest,牧师；神父；教士；使成为神职人员；任命…为祭司
2680,prime,主要的；最好的；基本的；极好地；初期；青年；精华；全盛时期；使准备好；填装
2681,prince,王子，国君；亲王；贵族
2682,princess,公主；王妃；女巨头
2683,principal,主要的；资本的；首长；校长；资本；当事人
2684,principle,原理，原则；主义，道义；本质，本义；根源，源泉
2685,priority,优先；优先权；[数] 优先次序；优先考虑的事
2686,privacy,隐私；秘密；隐居；隐居处
2687,privilege,特权；优待；给与…特权；特免
2688,prize,奖品；奖赏；战利品；珍视；捕获；估价；获奖的
2689,probability,可能性；机率；[数] 或然率
2690,probe,探针；调查；调查；探测
2691,procedure,程序，手续；步骤
2692,process,处理；加工；过程，进行；方法，步骤；作用；程序；推移；经过特殊加工（或处理）的
2693,produce,生产；引起；创作；生育，繁殖；农产品，产品
2694,productive,能生产的；生产的，生产性的；多产的；富有成效的
2695,professional,专业的；职业的；职业性的；专业人员；职业运动员
2696,proficiency,精通，熟练
2697,proficient,熟练的，精通的；精通；专家，能手
2698,profile,侧面；轮廓；外形；剖面；简况；描…的轮廓；扼要描述
2699,profit,利润；利益；获利；有益
2700,profound,深厚的；意义深远的；渊博的
2701,programmer,[自][计] 程序设计员
2702,progressive,进步的；先进的；改革论者；进步分子
2703,prohibit,阻止，禁止
2704,projector,[仪] 投影仪；放映机；探照灯；设计者
2705,proletarian,普罗，无产者；工人；普罗阶级的，无产阶级的
2706,prolong,延长；拖延
2707,prominent,突出的，显著的；杰出的；卓越的
2708,promising,有希望的，有前途的；许诺，答应（promise的现在分词形式）
2709,promotion,提升，[劳经] 晋升；推销，促销；促进；发扬，振兴
2710,prompt,敏捷的，迅速的；立刻的；提示；促进；激起；（给演员）提白；提示；付款期限；DOS命令：改变DOS系统提示符的风格；准时地
2711,pronoun,代词
2712,proof,证明；证据；校样；考验；验证；试验；防…的；不能透入的；证明用的；耐…的；试验；校对；使不被穿透
2713,prop,支柱，支撑物；支持者；道具；（橄榄球中的）支柱前锋；支撑，支持，维持；使倚靠在某物上
2714,propaganda,宣传；传道总会
2715,property,性质，性能；财产；所有权
2716,prophet,先知；预言者；提倡者
2717,proportion,比例，占比；部分；面积；均衡；使成比例；使均衡；分摊
2718,proportional,比例的，成比例的；相称的，均衡的；[数] 比例项
2719,proposal,提议，建议；求婚
2720,proprietor,业主；所有者；经营者
2721,prose,散文；单调；散文的；平凡的；乏味的；写散文；乏味地讲话；把…写成散文
2722,prosecution,起诉，检举；进行；经营
2723,prospect,前途；预期；景色；勘探，找矿
2724,prosperous,繁荣的；兴旺的
2725,prostitution,卖淫；滥用；出卖灵魂
2726,protection,保护；防卫；护照
2727,protective,防护的；关切保护的；保护贸易的
2728,protein,蛋白质；朊；蛋白质的
2729,protest,抗议；断言；抗议；表示抗议的；抗议性的
2730,proudly,傲慢地，自负地；得意洋洋地
2731,provide,提供；规定；准备；装备
2732,provincial,省的；地方性的；偏狭的；粗野的人；乡下人；外地人
2733,provision,规定；条款；准备；[经] 供应品；供给…食物及必需品
2734,provoke,驱使；激怒；煽动；惹起
2735,prune,删除；减少；深紫红色；傻瓜；李子干
2736,psychiatry,精神病学；精神病治疗法
2737,publication,出版；出版物；发表
2738,pudding,布丁
2739,puff,喷出，张开；使膨胀；夸张；使骄傲自满；粉扑；泡芙；蓬松；一阵喷烟；肿块；吹嘘，宣传广告
2740,pulp,纸浆；果肉；黏浆状物质；使…化成纸浆；除去…的果肉
2741,pumpkin,南瓜
2742,punch,冲压机；打洞器；钻孔机；开洞；以拳重击
2743,puncture,刺穿；揭穿；削弱；穿刺；刺痕
2744,pupil,学生；[解剖] 瞳孔；未成年人
2745,puppet,木偶；傀儡；受他人操纵的人
2746,puppy,小狗，幼犬
2747,purchase,购买；紧握；起重装置；购买；赢得
2748,purify,净化；使纯净
2749,purple,紫色的；帝王的；华而不实的；紫色；紫袍；变成紫色
2750,pursue,继续；从事；追赶；纠缠
2751,quack,庸医；鸭叫声；（鸭子）嘎嘎叫；吹嘘；大声闲聊；骗人的；冒牌医生的
2752,quantity,量，数量；大量；总量
2753,quarry,采石场；猎物；来源；费力地找
2754,quart,夸脱（容量单位）；一夸脱的容器
2755,quarterly,季度的，按季度的；一年四次的；按季度，[农] 一季一次地；纵横四分地；季刊
2756,quay,码头
2757,queer,奇怪的；同性恋的；不舒服的；心智不平衡的；搞糟；使陷于不利地位；同性恋者；怪人；伪造的货币
2758,query,疑问，质问；疑问号 ；[计] 查询；询问；对……表示疑问
2759,quest,追求；寻找
2760,quick,核心；伤口的嫩肉；快的；迅速的，敏捷的；灵敏的；迅速地，快
2761,quiet,安静的；安定的；不动的；温顺的；安静；和平；使平息；安慰
2762,quit,离开；放弃；停止；使…解除；离开；[计] 退出；摆脱了…的；已经了结的
2763,quite,很；相当；完全
2764,quota,配额；定额；限额
2765,quotation,[贸易] 报价单；引用语；引证
2766,racecourse,赛马场，跑马场；跑道
2767,racing,赛马；竞赛；赛马（race的ing形式）；竞赛；比赛的
2768,racist,种族主义者
2769,rack,[机] 齿条；架子；拷问台；变形；随风飘；小步跑
2770,radar,[雷达] 雷达，无线电探测器
2771,radiate,辐射；传播；流露；发射；广播；辐射状的，有射线的
2772,radically,根本上；彻底地；以激进的方式
2773,radioactivity,放射性；[核] 放射能力；[核] 放射现象
2774,radius,半径，半径范围；[解剖] 桡骨；辐射光线；有效航程
2775,rage,愤怒；狂暴，肆虐；情绪激动；大怒，发怒；流行，风行
2776,ragged,衣衫褴褛的；粗糙的；参差不齐的；锯齿状的；刺耳的；不规则的
2777,raid,袭击；突袭；搜捕；抢劫；对…进行突然袭击
2778,rainproof,雨衣；雨披；防雨的；防水的；使防水
2779,raise,提高；筹集；养育；升起；高地；上升；加薪
2780,raisin,葡萄干
2781,rally,团结；重整；恢复；（网球等）连续对打；集会；回复；公路赛车会
2782,ram,随机存取存储器（random access memory的缩写）；随机访问内存（random-access memory的缩写）；公羊；撞锤；撞击装置；有撞角的军舰；（水压机的）[机] 活塞；撞击；填塞；强迫通过或接受
2783,ramp,斜坡，坡道；敲诈；蔓延；狂跳乱撞；敲诈
2784,ranch,大农场；大牧场；经营牧场；在牧场工作
2785,random,[数] 随机的；任意的；胡乱的；随意；胡乱地
2786,range,范围；幅度；排；山脉；（在内）变动；平行，列为一行；延伸；漫游；射程达到
2787,ransom,赎回，赎；勒索赎金；救赎；得赎金后释放；赎金；赎身，赎回
2788,rape,强奸，掠夺；[园艺] 油菜；葡萄渣；强奸；掠夺，抢夺
2789,rare,稀有的；稀薄的；半熟的；非常；极其；用后腿站起；渴望
2790,rarely,很少地；难得；罕有地
2791,rarity,罕见；珍贵；珍品（需用复数）；稀薄
2792,rascal,流氓，无赖；淘气鬼，捣蛋鬼；不诚实的；下贱的，卑鄙的
2793,rash,轻率的；鲁莽的；不顾后果的；[皮肤] 皮疹；突然大量出现的事物
2794,raspberry,覆盆子；舌头放在唇间发出的声音；（表示轻蔑，嘲笑等的）咂舌声
2795,rate,比率，率；速度；价格；等级；认为；估价；责骂
2796,ratio,比率，比例
2797,ration,配给；定量供应；定量；口粮；配给量
2798,rattlesnake,[脊椎] 响尾蛇
2799,ravage,毁坏；破坏；掠夺；蹂躏，破坏
2800,raven,掠夺，劫掠；大乌鸦；乌黑的；掠夺；狼吞虎咽
2801,raw,生的；未加工的；阴冷的；刺痛的；擦掉皮的；无经验的；（在艺术等方面）不成熟的；擦伤处；擦伤
2802,reaction,反应，感应；反动，复古；反作用
2803,readily,容易地；乐意地；无困难地
2804,realistic,现实的；现实主义的；逼真的；实在论的
2805,realize,实现；认识到；了解；将某物卖得，把(证券等)变成现钱；变卖
2806,realm,领域，范围；王国
2807,reap,收获，获得；收割；(Reap)人名；(英)里普
2808,reappear,再出现
2809,rear,培养；树立；栽种；向后；在后面；后方的；后面的；背面的；后面；屁股；后方部队
2810,rearrange,重新排列；重新整理
2811,reasonable,合理的，公道的；通情达理的
2812,reasoning,推理；论证；评理；推理的；推论；说服（reason的ing形式）
2813,rebel,反叛；反抗；造反；反叛者；叛徒；反抗的；造反的
2814,rebirth,再生；复兴
2815,rebuff,断然拒绝；回绝；漠不关心；断然拒绝
2816,rebuke,指责，非难；制止；使相形见绌；非难，指责；谴责，鞭策
2817,recall,召回；回想起，记起；取消；召回；回忆；撤消
2818,recede,后退；减弱
2819,receptive,善于接受的；能容纳的
2820,recession,衰退；不景气；后退；凹处
2821,recipe,食谱；[临床] 处方；秘诀；烹饪法
2822,reciprocal,互惠的；相互的；倒数的，彼此相反的；[数] 倒数；互相起作用的事物
2823,recitation,背诵；朗诵；详述；背诵的诗
2824,reckless,鲁莽的，不顾后果的；粗心大意的；(Reckless)人名；(英)雷克利斯
2825,reckon,测算，估计；认为；计算
2826,recognition,识别；承认，认出；重视；赞誉；公认
2827,recommendation,推荐；建议；推荐信
2828,reconcile,使一致；使和解；调停，调解；使顺从
2829,reconnaissance,[军] 侦察；勘测（等于reconnoissance）；搜索；事先考查
2830,recover,恢复；弥补；重新获得；还原至预备姿势
2831,recruit,招聘；新兵；新成员；补充；聘用；征募；使…恢复健康
2832,rectangular,矩形的；成直角的
2833,reddish,微红的；略带红色的；(Reddish)人名；(英)雷迪什
2834,redeem,赎回；挽回；兑换；履行；补偿；恢复
2835,redevelopment,再开发；重点恢复
2836,reduce,减少；降低；使处于；把…分解
2837,reduction,减少；下降；缩小；还原反应
2838,reed,[作物] 芦苇；簧片；牧笛；不可依靠的人；用芦苇盖；用芦苇装饰
2839,reef,暗礁；[地质] 矿脉；收帆；收帆；缩帆
2840,reel,卷；眩晕；蹒跚地走；退缩；蹒跚；眩晕；旋转
2841,referee,裁判员；调解人；介绍人；仲裁；担任裁判
2842,reference,参考，参照；涉及，提及；参考书目；介绍信；证明书；引用
2843,refine,精炼，提纯；改善；使…文雅
2844,reflect,反映；反射，照出；表达；显示;反省
2845,reflex,反射；反映；映像；回复；习惯性思维；反射的；反省的；反作用的；优角的
2846,reform,改革，改良；改正；改革，革新；重新组成；改革的；改革教会的
2847,refrain,节制，克制；避免；制止；叠句，副歌；重复
2848,refresh,更新；使……恢复；使……清新；消除……的疲劳
2849,refuge,避难；避难所；庇护；给予…庇护；接纳…避难；避难；逃避
2850,refute,反驳，驳斥；驳倒
2851,regain,恢复；重新获得；收回；收复；取回
2852,regardless,不管的；不顾的；不注意的；不顾后果地；不管怎样，无论如何；不惜费用地
2853,regency,摄政；摄政统治；摄政权
2854,regime,政权，政体；社会制度；管理体制
2855,regiment,把…编成团；严格地管制；团；大量
2856,region,地区；范围；部位
2857,registration,登记；注册；挂号
2858,regretful,后悔的，遗憾的；惋惜的
2859,regrettable,令人遗憾的；可惜的；可悲的；抱歉的
2860,regulate,调节，规定；控制；校准；有系统的管理
2861,rehabilitate,使康复；使恢复名誉；使恢复原状
2862,rehearsal,排演；预演；练习；训练；叙述
2863,rehouse,供以新住宅；使移住新居
2864,reign,统治；支配；盛行；君临；统治；统治时期；支配
2865,reinforce,加强，加固；强化；补充；加强；加固物；加固材料
2866,reject,拒绝；排斥；抵制；丢弃；被弃之物或人；次品
2867,rejection,抛弃；拒绝；被抛弃的东西；盖帽
2868,rejoice,高兴；庆祝
2869,relativity,相对论；相关性；相对性
2870,relaxation,放松；缓和；消遣
2871,release,释放；发射；让与；允许发表；释放；发布；让与
2872,relevant,相关的；切题的；中肯的；有重大关系的；有意义的，目的明确的
2873,reliable,可靠的；可信赖的；可靠的人
2874,relic,遗迹，遗物；废墟；纪念物
2875,relief,救济；减轻，解除；安慰；浮雕
2876,reluctant,不情愿的；勉强的；顽抗的
2877,rely,依靠；信赖
2878,remains,残余；遗骸
2879,remark,注意；言辞；评论；觉察
2880,remarkable,卓越的；非凡的；值得注意的
2881,remedy,补救；治疗；纠正；补救；治疗；赔偿
2882,remember,记得；牢记；纪念；代…问好
2883,remind,提醒；使想起
2884,reminder,暗示；提醒的人/物；催单
2885,reminiscence,回忆；怀旧；引起联想的相似事物
2886,remote,遥远的；偏僻的；疏远的；远程
2887,removal,免职；移动；排除；搬迁
2888,renaissance,文艺复兴（欧洲14至17世纪）
2889,render,致使；提出；实施；着色；以…回报；打底；交纳；粉刷
2890,renew,使更新；续借；续费；复兴；重申
2891,renounce,宣布放弃；与…断绝关系；垫牌；垫牌
2892,renovate,更新；修复；革新；刷新
2893,renowned,著名的；有声望的；使有声誉（renown的过去分词）
2894,rental,租金收入，租金；租赁；租赁的；收取租金的
2895,rep,棱纹平布；雷普（物体伦琴当量）；代表（representative）；名声（reputation）
2896,repairable,可修理的；可挽回的；可补偿的
2897,repay,偿还；报答；报复
2898,repeal,废除；撤销；废止；放弃；否定；废除；撤销
2899,repeatedly,反复地；再三地；屡次地
2900,repel,击退；抵制；使厌恶；使不愉快
2901,repent,后悔；忏悔；[植] 匍匐生根的；[动] 爬行的
2902,repertory,储备；仓库；全部剧目
2903,repetition,重复；背诵；副本
2904,replace,取代，代替；替换，更换；归还，偿还；把…放回原处
2905,replay,重放；重演；重新比赛；重赛；重播；重演
2906,representative,典型的，有代表性的；代议制的；代表；典型；众议员
2907,reprint,再版；重印；重印；翻版
2908,reproach,责备；耻辱；责备；申斥
2909,reproduce,复制；再生；生殖；使…在脑海中重现
2910,reputation,名声，名誉；声望
2911,requirement,要求；必要条件；必需品
2912,resemble,类似，像
2913,resent,怨恨；愤恨；厌恶
2914,resentment,愤恨，怨恨
2915,reservoir,水库；蓄水池
2916,residence,住宅，住处；居住
2917,residual,剩余；残渣；剩余的；残留的
2918,resign,辞职；放弃；委托；使听从；辞去职务
2919,resist,抵抗，抗拒；忍耐；[助剂] 抗蚀剂；防染剂
2920,resistance,阻力；电阻；抵抗；反抗；抵抗力
2921,resistant,抵抗的，反抗的；顽固的；抵抗者
2922,resonance,[力] 共振；共鸣；反响
2923,resort,凭借，手段；度假胜地；常去之地；求助，诉诸；常去；采取某手段或方法
2924,respectable,值得尊敬的；人格高尚的；相当数量的；可敬的人
2925,respectful,恭敬的；有礼貌的
2926,respecting,关于；就…而言；鉴于；尊敬；考虑（respect的ing形式）
2927,respective,分别的，各自的
2928,respiration,呼吸；呼吸作用
2929,response,响应；反应；回答
2930,responsibility,责任，职责；义务
2931,rest,使休息，使轻松；把…寄托于；休息，静止；休息时间；剩余部分；支架
2932,restless,焦躁不安的；不安宁的；得不到满足的
2933,restore,恢复；修复；归还
2934,restrain,抑制，控制；约束；制止
2935,restrictive,限制的；限制性的；约束的；限制词
2936,result,结果；成绩；答案；比赛结果；结果；导致；产生
2937,resume,摘要；[管理] 履历，简历；重新开始，继续；恢复，重新占用
2938,retail,零售；转述；零售；以零售方式；零售的
2939,retina,[解剖] 视网膜
2940,retirement,退休，退役
2941,retort,反驳，顶嘴；曲颈瓶；反驳，反击
2942,retreat,撤退；休息寓所；撤退；撤退；退避；向后倾
2943,reunite,使重聚；使再结合；使再联合
2944,reveal,显示；透露；揭露；泄露；揭露；暴露；门侧，窗侧
2945,revealing,透露真情的；有启迪作用的；袒胸露肩的；揭示；展现（reveal的ing形式）
2946,revenge,报复；复仇；报复；替…报仇；洗雪
2947,revenue,税收，国家的收入；收益
2948,reverse,背面；相反；倒退；失败；颠倒；倒转；反面的；颠倒的；反身的
2949,revise,修正；复习；校订；修订；校订
2950,revitalize,使…复活；使…复兴；使…恢复生气
2951,revive,复兴；复活；苏醒；恢复精神
2952,revolt,反抗；反叛；反感，厌恶；反抗；叛乱；反感
2953,revolve,旋转；循环出现；反复考虑；旋转；循环；旋转舞台
2954,reward,[劳经] 报酬；报答；酬谢；[劳经] 奖励；奖赏
2955,rhetoric,修辞，修辞学；华丽的词藻；花言巧语的
2956,rheumatism,[内科] 风湿病
2957,rhino,犀牛（等于rhinoceros）；钱；现金
2958,rhythm,节奏；韵律
2959,rib,肋骨；排骨；肋状物；戏弄；装肋于
2960,ribbon,带；缎带；（勋章等的）绶带；带状物；勋表；形成带状；把…撕成条带；用缎带装饰
2961,rich,富有的；肥沃的；昂贵的；(Rich)人名；(丹)里克；(捷)里赫；(英、西)里奇；(葡、法)里什
2962,ridge,山脊；山脉；屋脊；使成脊状；作垄
2963,ridiculous,可笑的；荒谬的
2964,rifle,步枪；来复枪；用步枪射击；抢夺；偷走
2965,rigid,严格的；僵硬的，死板的；坚硬的；精确的
2966,rim,边，边缘；轮辋；圆圈；作…的边，装边于
2967,rinse,漱；冲洗掉；漂净；冲洗；漂洗；[轻] 染发剂；染发
2968,riot,暴乱；放纵；蔓延；骚乱；放荡
2969,rip,撕；锯；裂口，裂缝
2970,ripple,波纹；涟漪；[物] 涟波；起潺潺声
2971,rise,上升；增强；起立；高耸；上升；高地；增加；出现
2972,risk,风险；危险；冒险；冒…的危险
2973,ritual,仪式；惯例；礼制；仪式的；例行的；礼节性的
2974,rival,对手；竞争者；与…竞争；比得上某人；竞争的
2975,road,公路，马路；道路；手段；（狗）沿臭迹追逐（猎物）；（美）巡回的
2976,roadside,路边；路旁；路边的；路旁的
2977,roadway,道路；路面；车行道；铁路的路基
2978,roam,漫游，漫步；流浪；漫步，漫游；流浪
2979,roar,咆哮；吼；轰鸣；咆哮；吼叫；喧闹
2980,robbery,抢劫，盗窃；抢掠
2981,robe,长袍，礼服；制服；穿长袍
2982,robin,知更鸟
2983,rocky,岩石的，多岩石的；坚如岩石的；摇晃的；头晕目眩的
2984,rod,棒；惩罚；枝条；权力
2985,Roman,罗马人；古罗马语；罗马的；罗马人的
2986,romantic,浪漫的；多情的；空想的；浪漫的人；使…浪漫化
2987,Rome,罗马（意大利首都）
2988,rosy,蔷薇色的，玫瑰红色的；美好的；乐观的；涨红脸的；(Rosy)人名；(罗、意、瑞、典)罗茜(女名)，罗西；(英)罗茜
2989,rotate,旋转；循环；[植] 辐状的
2990,rough,粗糙的；粗略的；粗野的；艰苦的；未经加工的；使粗糙；粗暴对待；草拟；艰苦；高低不平的地面；未经加工的材料；粗糙的部分；粗糙地；粗略地；粗暴地
2991,roughly,粗糙地；概略地
2992,route,按某路线发送；路线；航线；通道
2993,routine,[计] 程序；日常工作；例行公事；日常的；例行的
2994,rower,桨手
2995,royal,皇家的；盛大的；女王的；高贵的；第一流的；王室；王室成员
2996,rub,擦；摩擦；惹怒；摩擦；障碍；磨损处
2997,ruby,红宝石；红宝石色；红宝石色的；使带红宝石色
2998,rug,小地毯；毛皮地毯；男子假发
2999,rugged,崎岖的；坚固的；高低不平的；粗糙的
3000,rumour,谣言；传闻
3001,runaway,逃亡的；逃走的；逃跑；逃走的人
3002,runway,跑道；河床；滑道
3003,rural,农村的，乡下的；田园的，有乡村风味的
3004,rust,锈；生锈；[植保] 锈病；使生锈；腐蚀
3005,rustic,乡村的；纯朴的；粗野的；手工粗糙的；乡下人；乡巴佬
3006,ruthless,无情的，残忍的
3007,rye,黑麦；吉卜赛绅士；用黑麦制成的
3008,sack,麻布袋；洗劫；解雇；把……装入袋；劫掠
3009,sacred,神的；神圣的；宗教的；庄严的
3010,sadden,使悲伤，使难过；使黯淡
3011,saddle,鞍，鞍状物；车座；拖具；承受；使负担；装以马鞍
3012,safeguard,[安全] 保护；保卫；保护措施；[安全] 保护，护卫
3013,safety,安全；保险；安全设备；保险装置；安打
3014,saint,圣人；圣徒；道德崇高的人；神圣的；成为圣徒
3015,sake,目的；利益；理由；日本米酒
3016,salesclerk,售货员；商店里的店员
3017,saleslady,女售货员
3018,saliva,唾液；涎
3019,salmon,鲑鱼；大马哈鱼；鲑肉色；鲑鱼肉；橙红色，粉橙色；浅澄色的
3020,salon,沙龙；客厅；画廊；美术展览馆
3021,saloon,酒吧；大厅；展览场；公共大厅；大会客室；轿车（英国用法）
3022,salvation,拯救；救助
3023,sampan,舢板；小船
3024,sample,取样；尝试；抽样检查；样品；样本；例子；试样的，样品的；作为例子的
3025,sanatorium,疗养院；休养地
3026,sanction,制裁，处罚；认可；支持；制裁，处罚；批准；鼓励
3027,sandal,凉鞋；檀香；檀香木；便鞋
3028,sandstone,[岩] 砂岩；沙岩
3029,sandy,沙地的；多沙的；含沙的；(Sandy)人名；(法、喀、罗、西、英)桑迪(教名Alasdair、Alastair、Alexander、Alister、Elshender的昵称)
3030,sane,健全的；理智的；[临床] 神志正常的；(Sane)人名；(日)实(姓)；(日)实(名)；(芬、塞、冈、几比、塞内)萨内
3031,sanguinary,血腥的；流血的；残暴的
3032,sanitary,卫生的，清洁的；公共厕所
3033,sanity,明智；头脑清楚；精神健全；通情达理
3034,SAP,[植] 树液；精力，元气；活力；坑道；使衰竭，使伤元气；挖掘以破坏基础
3035,sapling,树苗；年轻人
3036,sarcastic,挖苦的；尖刻的，辛辣的
3037,sardine,沙丁鱼；庸碌无能的人；使拥挤不堪
3038,Satan,撒旦（魔鬼）
3039,satchel,书包；小背包
3040,satin,缎子；缎子衣服；光滑的；绸缎做的；似缎的
3041,satire,讽刺；讽刺文学，讽刺作品
3042,satisfactory,满意的；符合要求的；赎罪的
3043,saturate,浸透，使湿透；使饱和，使充满；浸透的，饱和的；深颜色的
3044,saucepan,炖锅；深平底锅
3045,sauna,桑拿浴；洗桑拿浴
3046,saunter,漫步；闲逛；闲逛；漫步
3047,sausage,香肠；腊肠；装香肠的碎肉
3048,savings,储蓄；存款；救助；节省物（saving的复数形式）
3049,savoury,开胃的菜肴；可口的；开胃的；令人愉快的
3050,saw,看见；明白，了解；锯；锯成；锯开；锯子；谚语
3051,sawmill,锯木厂；锯木机
3052,scaffolding,脚手架；搭脚手架的材料
3053,scalar,标量的；数量的；梯状的，分等级的；[数] 标量；[数] 数量
3054,scale,规模；比例；鳞；刻度；天平；数值范围；衡量；攀登；剥落；生水垢
3055,scalp,头皮；战利品；剥头皮
3056,scan,扫描；浏览；细看；详细调查；标出格律；扫描；浏览；审视；细看
3057,scandal,丑闻；流言蜚语；诽谤；公愤
3058,Scandinavian,斯堪的纳维亚人；斯堪的纳维亚语；北欧日耳曼语系；斯堪的纳维亚的；斯堪的纳维亚人的；斯堪的纳维亚语的；北欧日耳曼语系的
3059,scant,不足的；缺乏的；勉强够的；减少；节省；限制
3060,scapegoat,替罪羊，替人顶罪者；替身；使成为…的替罪羊
3061,scar,伤害；给留下伤痕；创伤；伤痕
3062,scarce,缺乏的，不足的；稀有的；仅仅；几乎不；几乎没有
3063,scare,惊吓；把…吓跑；恐慌；惊吓；惊恐；（美）骇人的
3064,scarlet,深红的；鲜红色的；罪孽深重的；淫荡的；猩红色；红衣；绯红色；鲜红色布
3065,scatter,分散，散开；散射；分散；散播，撒播
3066,scenery,风景；景色；舞台布景
3067,scent,气味；嗅觉；痕迹；察觉能力；闻到；发觉；使充满…的气味；循着遗臭追踪
3068,schedule,安排，计划；编制目录；将……列入计划表；时间表；计划表；一览表
3069,scheme,计划；组合；体制；诡计；搞阴谋；拟订计划
3070,schoolboy,男学生；学童
3071,schoolchild,学童
3072,schoolgirl,女学生
3073,schoolmaster,男校长；教导者；男教师
3074,schoolmistress,女教师；女校长
3075,scoop,掘；舀取；抢先获得；搜集；勺；铲子；独家新闻；凹处
3076,scooter,小轮摩托车；速可达；单脚滑行车；小孩滑板车
3077,scope,范围；余地；视野；眼界；导弹射程；审视
3078,scorch,烧焦；使枯萎；挖苦；烧焦；焦痕
3079,scorn,轻蔑；嘲笑；藐视的对象；轻蔑；藐视；不屑做
3080,scorpion,蝎子；蝎尾鞭；心黑的人
3081,Scotch,苏格兰人的；苏格兰语的
3082,Scots,苏格兰的；苏格兰人的；苏格兰英语的；苏格兰人；苏格兰语
3083,Scotsman,苏格兰人
3084,scoundrel,卑鄙的；恶棍；无赖；流氓
3085,scour,冲刷；擦；腹泻；擦，冲刷；洗涤剂；（畜类等的）腹泻
3086,scout,搜索，侦察；侦察员；侦察机；侦察；跟踪，监视；发现
3087,scramble,攀登；使混杂，仓促凑成；扰乱；抢夺，争夺；混乱，混乱的一团；爬行，攀登
3088,scrap,碎片；残余物；打架；少量；废弃；使解体；拆毁；废弃的；零碎的
3089,scrape,刮掉；擦痕；困境；刮擦声；刮；擦伤；挖成
3090,scratch,擦伤；抓痕；刮擦声；乱写；打草稿用的；凑合的；碰巧的；抓；刮；挖出；乱涂
3091,screenplay,编剧，剧本；电影剧本
3092,screw,旋，拧；压榨；强迫；螺旋；螺丝钉；吝啬鬼
3093,scribble,潦草写成的东西；潦草的写法；杂文；乱写；滥写；潦草地书写
3094,script,脚本；手迹；书写用的字母；把…改编为剧本
3095,scroll,卷轴，画卷；名册；卷形物；成卷形
3096,scrub,矮树；洗擦；擦洗者；矮小的人（或物）；用力擦洗；使净化；矮小的；临时凑合的；次等的
3097,scrutiny,详细审查；监视；细看；选票复查
3098,sculptor,雕刻家
3099,scuttle,天窗；煤桶；筐；逃避；急促地跑
3100,scythe,长柄大镰刀；钐刀；用大镰刀割
3101,seafood,海鲜；海味；海产食品
3102,seal,密封；印章；海豹；封条；标志；密封；盖章
3103,seam,缝；接缝；缝合；接合；使留下伤痕
3104,seaport,海港；港口都市
3105,seashore,海滨；海岸；海滨的；在海滨的
3106,seasick,晕船的
3107,seasickness,晕船
3108,seasoning,调味品；佐料；风干；增添趣味的东西
3109,seat,座位；所在地；职位；使…坐下；可容纳…的；使就职
3110,seaward,向海的；朝海的；向海；往海那边；临海位置；朝海方向
3111,seaweed,海藻，海草
3112,secondary,第二的；中等的；次要的；中级的；副手；代理人
3113,secretarial,秘书的；书记的；部长的
3114,sector,部门；扇形，扇区；象限仪；函数尺；把…分成扇形
3115,secular,世俗的；长期的；现世的；不朽的；修道院外的教士，(对宗教家而言的) 俗人
3116,secureness,停止工作
3117,security,安全；保证；证券；抵押品；安全的；保安的；保密的
3118,seed,种子；根据；精液；萌芽；子孙；原由；播种；结实；成熟；去…籽
3119,seek,寻求；寻找；探索；搜索
3120,seemingly,看来似乎；表面上看来
3121,segment,分割；段；部分
3122,seizure,没收；夺取；捕获；（疾病的）突然发作
3123,seldom,很少，不常
3124,selection,选择，挑选；选集；精选品
3125,selfish,自私的；利己主义的
3126,seller,卖方，售货员
3127,semester,学期；半年
3128,semicolon,分号
3129,seminar,讨论会，研讨班
3130,senate,参议院，上院；（古罗马的）元老院
3131,seniority,长辈；老资格；前任者的特权
3132,sensation,感觉；轰动；感动
3133,sensible,明智的; 通情达理的; 合乎情理的; 意识到的，能感觉到的;；可感觉到的东西; 敏感的人;
3134,sensitive,敏感的；感觉的；[仪] 灵敏的；感光的；易受伤害的；易受影响的；敏感的人；有灵异能力的人
3135,sentimental,伤感的；多愁善感的；感情用事的；寓有情感的
3136,separate,使分离；使分开；使分居；单独的；分开的；不同的；各自的；；分开；抽印本
3137,separation,分离，分开；间隔，距离；[法] 分居；缺口
3138,sequence,[数][计] 序列；顺序；续发事件；按顺序排好
3139,sergeant,军士；警察小队长；海军陆战队中士；高等律师
3140,series,系列，连续；[电] 串联；级数；丛书
3141,sermon,布道；训诫；启示；冗长的讲话；对…布道；对…说教；布道
3142,serpent,蛇（尤指大蛇或毒蛇）；狡猾的人
3143,serviceman,军人；维修人员
3144,sesame,芝麻
3145,session,会议；（法庭的）开庭；（议会等的）开会；学期；讲习会
3146,setback,挫折；退步；逆流
3147,settee,有靠背的长椅；中型沙发
3148,setting,环境；安装；布置；[天] 沉落；放置；沉没；使…处于某位置（set的ing形式）
3149,sever,割断，断绝；分开；使分离；(Sever)人名；(俄)谢韦尔；(捷、塞、意、西、土、瑞典、罗)塞韦尔；(英)塞弗；(德)泽弗
3150,severe,严峻的；严厉的；剧烈的；苛刻的
3151,severely,严重地；严格地，严厉地；纯朴地
3152,sewage,污水；下水道；污物
3153,sewer,下水道；阴沟；裁缝师；为…铺设污水管道；用下水道排除…的污水；清洗污水管
3154,sewerage,下水道系统
3155,sexy,性感的；迷人的；色情的
3156,shaft,拍杆；[机] 轴；箭杆；杆状物；利用；在……上装杆
3157,shake,动摇；摇动；震动；握手；摇动；哆嗦
3158,shameless,无耻的；不要脸的；伤风败俗的
3159,shampoo,洗发；洗发精；洗发
3160,shareholder,股东；股票持有人
3161,shawl,围巾，长方形披巾；用披巾包裹
3162,sheer,绝对的；透明的；峻峭的；纯粹的；完全；陡峭地；偏航；偏航；透明薄织物
3163,sheet,薄片，纸张；薄板；床单；覆盖；盖上被单；使成大片；片状的
3164,shellfish,甲壳类动物；贝类等有壳的水生动物
3165,shepherd,牧羊；带领；指导；看管；牧羊人；牧师；指导者
3166,sheriff,州长；郡治安官；执行吏
3167,sherry,雪利酒（西班牙产的一种烈性白葡萄酒）；葡萄酒
3168,shield,盾；防护物；保护者；遮蔽；包庇；避开；保卫
3169,shift,移动；变化；手段；轮班；移动；转变；转换
3170,shilling,先令
3171,shipment,装货；装载的货物
3172,shiver,颤抖，战栗；碎片；颤抖；哆嗦；打碎
3173,shockproof,防震的；防电击的
3174,shoemaker,鞋匠；补鞋工人
3175,shoplift,从商店中偷商品
3176,shortage,缺乏，缺少；不足
3177,shorten,缩短；减少；变短
3178,shotgun,霰弹猎枪；猎枪的；被迫的；用猎枪射击；强迫；用猎枪射击
3179,shovel,铁铲；一铲的量；铲车；铲除；用铲挖；把…胡乱塞入
3180,showcase,陈列橱，[家具] 陈列柜；显示优点的东西；使展现；在玻璃橱窗陈列
3181,showdown,摊牌；紧要关头；最后一决胜负
3182,shrewd,精明的；狡猾的；机灵的；精明（的人）；机灵（的人）
3183,shriek,尖叫；促人注意；尖声；尖锐的响声
3184,shrill,尖锐的；刺耳的；尖锐地；尖声喊叫；尖叫声
3185,shrimp,虾；小虾；矮小的人；捕虾；有虾的；虾制的
3186,shrine,圣地；神殿；神龛；圣祠；将…置于神龛内；把…奉为神圣
3187,shrub,灌木；灌木丛
3188,shrug,耸肩，耸肩表示；耸肩
3189,shudder,发抖；战栗；震动；发抖；战栗
3190,shutter,快门；百叶窗；关闭物；遮板；为…装百叶窗；以百叶窗遮闭
3191,sicken,使患病；使恶心；使嫌恶
3192,sickle,镰刀
3193,sideboard,餐具柜；侧板，边线界墙
3194,sidelight,侧灯，舷灯；趣闻；侧面射进来的光线
3195,siege,围攻；包围；围城；不断袭击；长期努力；围攻；包围
3196,sieve,[粮食][矿业] 筛子；滤网；不能保守秘密的人；筛；滤
3197,sift,筛选；撒；过滤；详查；(Sift)人名；(匈)希夫特
3198,sight,视力；景象；眼界；见解；看见；瞄准；见票即付的；即席的
3199,sign,迹象；符号；记号；手势；指示牌；签署；签名
3200,signal,信号；暗号；导火线；标志；用信号通知；表示；显著的；作为信号的
3201,significance,意义；重要性；意思
3202,signpost,路标；指示牌
3203,silent,沉默的；寂静的；无记载的；无声电影
3204,silicon,[化学] 硅；硅元素
3205,silky,丝的；柔滑的；温和的；丝绸一样的
3206,silvery,银色的；清脆的；银铃一般的；似银的
3207,similar,相似的；类似物
3208,similarity,类似；相似点
3209,simile,明喻；直喻
3210,simplify,简化；使单纯；使简易
3211,simultaneous,同时的；联立的；同时发生的；同时译员
3212,sincerity,真实，诚挚
3213,sinful,有罪的
3214,singular,单数的；单一的；非凡的；异常的；单数
3215,sinister,阴险的；凶兆的；灾难性的；左边的
3216,sink,下沉；消沉；渗透；水槽；洗涤槽；污水坑
3217,sitcom,情景喜剧（situation comedy）
3218,site,地点；位置；场所；设置；为…选址
3219,situate,使位于；使处于；位于…的
3220,situation,情况；形势；处境；位置
3221,skate,滑冰；滑过；溜冰；冰鞋
3222,skeleton,骨架，骨骼；纲要；骨瘦如柴的人；骨骼的；骨瘦如柴的；概略的
3223,skeptical,怀疑的；怀疑论的，不可知论的
3224,sketch,素描；略图；梗概；画素描或速写
3225,skid,打滑；[车辆] 刹车；滑轨，滑动垫木；刹住，使减速；滚滑
3226,skilled,熟练的；有技能的；需要技能的
3227,skirmish,小冲突，小规模战斗；小争论；进行小规模战斗；发生小争论
3228,skull,头盖骨，脑壳
3229,skyrocket,流星烟火；冲天火箭；飞涨，突然高升
3230,slack,松弛的；疏忽的；不流畅的；松懈；减弱；煤末；峡谷；马虎地；缓慢地
3231,slam,砰地关上；猛力抨击；猛击；砰然声
3232,slander,诽谤；造谣中伤；诽谤；中伤
3233,slang,俚语；行话；俚语的；用粗话骂
3234,slant,倾斜；观点；偏见；倾斜；有倾向；倾斜的；有偏见的
3235,slap,拍击；侮辱；掌击；掴…的耳光；掴；侮辱；掌击；拍打声；直接地；猛然地；恰好
3236,slate,板岩；石板；蓝色；石片；铺石板；严厉批评某人；计划；板岩的；石板色的
3237,slaughter,屠宰，屠杀；杀戮；使惨败；屠宰，屠杀；杀戮；消灭
3238,slay,杀害，杀死；使禁不住大笑；(Slay)人名；(英、柬)斯莱
3239,sledge,用雪橇搬运；乘雪橇；用大锤打；雪橇；大锤
3240,sleepless,失眠的；不休息的；警觉的；永不停息的
3241,sleet,下雨夹雪；下冰雹；雨夹雪；雨淞
3242,sleigh,乘雪橇；驾雪橇；雪橇
3243,slender,细长的；苗条的；微薄的
3244,slice,薄片；部分；菜刀，火铲；切下；把…分成部分；将…切成薄片
3245,slide,滑动；幻灯片；滑梯；雪崩；滑动；滑落；不知不觉陷入
3246,slim,苗条的；修长的；微小的；差的；使…体重减轻；使…苗条；(Slim)人名；(阿拉伯)萨利姆；(英、西)斯利姆
3247,sling,[机] 吊索；投石器；抛掷；用投石器投掷；吊起
3248,slip,滑动；滑倒；犯错；失足；减退；滑，滑倒；片，纸片；错误；下跌；事故；滑动的；有活结的；活络的；串行线路接口协议，是旧式的协议（Serial Line Interface Protocol）
3249,slogan,标语；呐喊声
3250,slope,斜坡；倾斜；斜率；扛枪姿势；倾斜；逃走
3251,slot,位置；狭槽；水沟；硬币投币口；跟踪；开槽于
3252,sluggish,萧条的；迟钝的；行动迟缓的；懒惰的；市况呆滞；市势疲弱
3253,slum,（为猎奇或救济等）去贫民窟；贫民窟；陋巷；脏乱的地方
3254,slumber,睡眠；麻木状态；静止状态；睡眠；蛰伏；麻木
3255,sly,狡猾的；淘气的；诡密的；(Sly)人名；(英)斯莱
3256,smack,滋味；少量；海洛因；风味；掴；用掌击；猛然；直接地
3257,smash,粉碎；使破产；溃裂；破碎；扣球；冲突；大败；了不起的；非常轰动的；出色的
3258,smear,诽谤；弄脏；涂上；把…擦模糊；涂片；诽谤；污点
3259,smith,史密斯（男子姓氏）
3260,smoked,熏制的；用烟处理（smoke的过去分词）
3261,smokeless,无烟的；不冒烟的
3262,smokestack,烟囱，烟窗；低技术制造业的；大工厂的
3263,smoky,冒烟的；烟熏味的；熏着的；呛人的；烟状的
3264,smudge,弄脏，涂污；用浓烟熏；污点，污迹；烟熏火堆
3265,smuggle,走私；偷运
3266,snail,蜗牛；迟钝的人；缓慢移动
3267,snapshot,快照，快相；急射，速射；简单印象；给…拍快照；拍快照
3268,sneak,溜；鬼鬼祟祟做事；向老师打小报告；鬼鬼祟祟的人；偷偷摸摸的行为；告密者；暗中进行的
3269,sneer,嘲笑，冷笑
3270,snicker,偷笑，窃笑；窃笑
3271,sniff,嗅；嗤之以鼻；吸，闻；嗤之以鼻；气味；以鼻吸气；吸气声
3272,snobbery,势利，谄上欺下；摆绅士架子；势利的行为或语言
3273,snooker,斯诺克台球；阻挠
3274,snore,鼾声；打呼噜；打着鼾声渡过
3275,snug,舒适的；温暖的；紧身的；隐藏的；使变得温暖舒适；隐藏；偎依；舒适地蜷伏；舒适温暖的地方；雅室
3276,soak,吸收，吸入；沉浸在（工作或学习中）；使……上下湿透；浸；湿透；大雨
3277,soapy,涂着肥皂的；含有肥皂的；似肥皂的；圆滑的
3278,soar,高飞；高耸；往上飞舞；高飞；高涨
3279,sober,冷静的，清醒的；未醉的；使严肃；使醒酒，使清醒；(Sober)人名；(英)索伯
3280,sociable,社交的；好交际的；友善的；联谊会
3281,socket,插座；窝，穴；牙槽；给…配插座
3282,soda,苏打；碳酸水
3283,sodium,[化学] 钠（11号元素，符号 Na）
3284,soften,使温和；使缓和；使变柔软
3285,solar,太阳的；日光的；利用太阳光的；与太阳相关的；日光浴室
3286,soldierly,军人的；适于军人的；英勇的
3287,sole,鞋底；脚底；基础；鳎目鱼；唯一的；单独的；仅有的；触底；上鞋底
3288,solemn,庄严的，严肃的；隆重的，郑重的
3289,solicit,征求；招揽；请求；乞求
3290,solidarity,团结，团结一致
3291,solitude,孤独；隐居；荒僻的地方
3292,solo,独奏；独唱；独奏曲；独奏的；独唱的；单独的；单人攀登；单独驾；单独地
3293,solution,解决方案；溶液；溶解；解答
3294,solve,解决；解答；溶解
3295,somehow,以某种方法；莫名其妙地
3296,sometime,改天；来日；在某一时候；以前的；某一时间的
3297,somewhat,几分；某物；有点；多少；几分；稍微
3298,sonnet,十四行诗；商籁诗
3299,soot,煤烟，烟灰；用煤烟熏黑；以煤烟弄脏
3300,soothe,安慰；使平静；缓和
3301,sophisticated,复杂的；精致的；久经世故的；富有经验的；使变得世故；使迷惑；篡改（sophisticate的过去分词形式）
3302,sophomore,大学二年级生；（美）有二年经验的人；二年级的；二年级学生的
3303,sore,疼痛的，痛心的；剧烈的，极度的；恼火的，发怒的；厉害的，迫切的；溃疡，痛处；恨事，伤心事
3304,sorghum,高粱；[作物] 蜀黍；甜得发腻的东西
3305,sos,紧急求救信号；发出遇难信号
3306,soul,灵魂；心灵；精神；鬼魂；美国黑人文化的
3307,source,来源；水源；原始资料
3308,southerly,来自南方的；向南的；来自南方；向南；南风
3309,southward,向南的；在南方的；向南；朝南的方向
3310,sovereignty,主权；主权国家；君主；独立国
3311,soviet,苏联的；苏维埃的；委员会的；苏维埃（代表会议）；委员会；代表会议
3312,sow,播种；散布；使密布；母猪
3313,soy,大豆；酱油
3314,spa,矿泉；温泉浴场；矿泉治疗地
3315,space,空间；太空；距离；留间隔
3316,spacious,宽敞的，广阔的；无边无际的
3317,span,跨度，跨距；范围；跨越；持续；以手指测量
3318,Spaniard,西班牙人
3319,spanner,扳手；螺丝扳手；测量器；用手掌量的人
3320,sparkle,闪耀；火花；活力；使闪耀；使发光
3321,sparse,稀疏的；稀少的
3322,sparsely,稀疏地；贫乏地
3323,spawn,卵；菌丝；产物；产卵；酿成，造成；大量生产
3324,spearhead,矛头；先锋；先锋部队；带头；做先锋
3325,special,特使，特派人员；特刊；特色菜；专车；特价商品；特别的；专门的，专用的
3326,specialize,专门从事；详细说明；特化
3327,species,[生物] 物种；种类；物种上的
3328,specification,规格；说明书；详述
3329,specimen,样品，样本；标本
3330,speck,灰尘；污点；小颗粒；使有斑点
3331,spectacular,壮观的，惊人的；公开展示的
3332,speculate,推测；投机；思索
3333,speechless,说不出话的；哑的；非言语所能表达的
3334,speed,超速，加速；加速，迅速前行；兴隆；速度，速率；迅速，快速；昌盛，繁荣
3335,speedometer,速度计；里程计
3336,speedway,高速公路；（摩托车或汽车的）赛车跑道；机器脚踏车的竞赛场
3337,sphere,范围；球体；包围；放入球内；使…成球形；球体的
3338,spicy,辛辣的；香的，多香料的；下流的
3339,spider,蜘蛛；设圈套者；三脚架
3340,spike,长钉，道钉；钉鞋；细高跟；阻止；以大钉钉牢；用尖物刺穿
3341,spill,使溢出，使流出；使摔下；溢出，溅出；溢出量；摔下；小塞子
3342,spin,旋转；纺纱；吐丝；晕眩；旋转；疾驰
3343,spinach,菠菜
3344,spine,脊柱，脊椎；刺；书脊
3345,spinster,老姑娘；未婚女人
3346,spiral,螺旋；旋涡；螺旋形之物；螺旋形的；盘旋的；使成螺旋形；使作螺旋形上升
3347,spite,不顾；恶意；怨恨；刁难；使恼怒
3348,splash,溅，泼；用使液体飞溅；飞溅的水；污点；卖弄
3349,splendour,显赫（等于splendor）；光彩壮丽
3350,splinter,碎片；微小的东西；极瘦的人；分裂；裂成碎片
3351,spoil,溺爱；糟蹋；破坏；掠夺；次品；奖品
3352,spokesperson,发言人；代言人
3353,sponge,抹掉；用海绵擦拭；讨得；海绵；海绵状物
3354,sponsor,赞助者；主办者；保证人；赞助；发起
3355,spontaneous,自发的；自然的；无意识的
3356,sportsman,运动员；运动家；冒险家
3357,sportsmanship,运动员精神，运动道德
3358,sportswoman,女运动家；女运动员
3359,spot,地点；斑点；认出；弄脏；用灯光照射；现场的；现货买卖的；准确地；恰好
3360,spotless,无可挑剔的；无瑕疵的；纯洁的
3361,spotlight,聚光灯；反光灯；公众注意的中心；聚光照明；使公众注意
3362,spouse,配偶；和…结婚
3363,sprain,扭伤
3364,spread,传播；伸展；伸展的
3365,springboard,跳板；出发点；利用跳板跃进
3366,springlock,弹簧锁
3367,sprinkle,撒，洒；少量；洒；微雨；散置
3368,sprout,发芽；长芽；芽；萌芽；苗芽
3369,spruce,打扮整齐；使显干净；整洁的；云杉
3370,spur,鼓舞，刺激；马刺；山坡；骑马疾驰；给予刺激
3371,squad,班；小队；五人组（篮球队的非正式说法）；把…编成班；把…编入班
3372,squander,浪费
3373,squarely,直角地；诚实地；正好；干脆地；正当地
3374,squat,蹲，蹲下；蹲坐；蹲伏；蹲坐，蜷伏；蹲着的；矮胖的
3375,squeeze,挤；紧握；勒索；压榨；紧握；拥挤；佣金
3376,stab,刺；刺伤；戳；刺穿；直入；刺；戳；尝试；突发的一阵
3377,stabilize,使稳固，使安定
3378,stable,马厩；牛棚；稳定的；牢固的；坚定的；被关在马厩
3379,stack,堆；堆叠；使堆叠；把…堆积起来
3380,staff,职员；参谋；棒；支撑；职员的；行政工作的；供给人员；给…配备职员
3381,stag,牡鹿；不带女伴的舞客；阉割过的雄鹿；全是男人的；不带女伴参加晚会
3382,stagger,蹒跚；使交错；使犹豫；蹒跚；交错安排；交错的；错开的
3383,stagnant,停滞的；不景气的；污浊的；迟钝的
3384,stain,沾污；败坏；给…着色；污点；瑕疵；着色剂
3385,stainless,不锈的；纯洁的，未被玷污的；无瑕疵的
3386,staircase,楼梯
3387,stake,桩，棍子；赌注；火刑；奖金；资助，支持；系…于桩上；把…押下打赌
3388,stale,陈腐的；不新鲜的；变陈旧；撒尿；变得不新鲜；尿
3389,stalk,（植物的）茎，秆；（支持叶子、果实和花的）梗，柄；追踪；高视阔步；追踪，潜近；高视阔步
3390,stall,货摊；畜栏；托辞；停止，停转；拖延
3391,stammer,口吃；结结巴巴地说；口吃；结巴
3392,stand,站立；位于；停滞；站立；立场；看台；停止
3393,standardize,使标准化；用标准检验
3394,standpoint,立场；观点
3395,standstill,停顿；停止
3396,stapler,[轻] 订书机；主要商品批发商；把羊毛分级的人
3397,starch,淀粉；刻板，生硬；给…上浆
3398,starry,布满星星的；闪闪发光的；星光照耀的；星形的；(Starry)人名；(英)斯塔里
3399,startle,使吓一跳；使惊奇；惊愕；惊恐
3400,startling,令人吃惊的
3401,state,国家；州；情形；规定；声明；陈述；国家的；州的；正式的
3402,statement,声明；陈述，叙述；报表，清单
3403,stateroom,政府公寓；特等舱；包房
3404,statesman,政治家；国务活动家
3405,static,静态的；静电的；静力的；静电；静电干扰
3406,stationary,固定的；静止的；定居的；常备军的；不动的人；驻军
3407,stationery,文具；信纸
3408,statistics,统计；统计学；[统计] 统计资料
3409,statue,雕像，塑像；以雕像装饰
3410,status,地位；状态；情形；重要身份
3411,statute,[法] 法规；法令；条例
3412,staunch,坚定的；忠诚的；坚固的；止住；止血；(Staunch)人名；(英)斯汤奇
3413,steadfast,坚定的；不变的
3414,stealthy,鬼鬼祟祟的；秘密的
3415,steamer,轮船；蒸汽机；蒸笼
3416,steeple,尖塔；尖顶；把…建成尖塔
3417,steer,控制，引导；驾驶；阉牛
3418,stem,干；茎；船首；血统；阻止；除去…的茎；给…装柄
3419,stench,恶臭；臭气；使…散发恶臭；发恶臭
3420,step,步，脚步；步骤；步伐；梯级；踏，踩；走
3421,stereo,立体声；立体声系统；铅版；立体照片；立体的；立体声的；立体感觉的
3422,sterile,不育的；无菌的；贫瘠的；不毛的；枯燥乏味的
3423,sterling,纯正的；英币的；纯银制的；英国货币；标准纯银
3424,stern,船尾；末端；严厉的；坚定的
3425,stew,炖，炖汤；焖；忧虑；受闷热；炖，炖汤；烦恼；闷热；鱼塘
3426,sticky,粘的；粘性的
3427,stiffen,变硬；变猛烈；变粘
3428,stifle,扼杀；使窒息；藏匿；（马等的）后膝关节；（马等的）[动] 后膝关节病
3429,stigma,[植] 柱头；耻辱；污名；烙印；特征
3430,stimulate,刺激；鼓舞，激励
3431,sting,刺痛；讽刺，刺激；刺毛；刺；驱使；使…苦恼；使…疼痛
3432,stink,臭味；讨厌的人；发出臭味；招人讨厌
3433,stir,搅拌；轰动；搅拌；激起；惹起
3434,stitch,针脚，线迹；一针；缝，缝合
3435,stock,股份，股票；库存；血统；树干；家畜；存货的，常备的；平凡的；进货；备有；装把手于…
3436,stocking,长袜
3437,stoneware,瓷器；石器
3438,stony,无情的；多石的；石头的
3439,stool,凳子；粪便；厕所；长新枝；分檗
3440,stoop,弯腰；屈服；堕落；弯腰，屈背；屈服
3441,stopper,塞子；阻塞物；制止者；妨碍物；用塞子塞住
3442,storey,[建] 楼层；叠架的一层
3443,stout,结实的；矮胖的；勇敢的；激烈的；矮胖子；烈性啤酒
3444,straightforward,简单的；坦率的；明确的；径直的；直截了当地；坦率地
3445,strain,张力；拉紧；负担；扭伤；血缘；拉紧；尽力
3446,strangle,把…勒死；使…窒息
3447,strap,用带捆绑；用皮条抽打；约束；带；皮带；磨刀皮带；鞭打
3448,strategy,战略，策略
3449,straw,稻草；吸管；一文不值的东西；稻草的；无价值的
3450,stray,流浪；迷路；偏离；迷路的；离群的；偶遇的；走失的家畜；流浪者
3451,streak,条纹，线条；倾向；飞跑，疾驶；加上条纹
3452,streamline,把…做成流线型；使现代化；组织；使合理化；使简单化；流线；流线型；流线型的
3453,streetcar,有轨电车
3454,strength,力量；力气；兵力；长处
3455,stress,压力；强调；紧张；重要性；重读；强调；使紧张；加压力于；用重音读
3456,stretch,"伸展,张开；（大量地）使用，消耗（金钱，时间）；使竭尽所能；使全力以赴；；伸展，延伸"
3457,stricken,患病的；受挫折的；受…侵袭的；遭殃的
3458,stride,大步；步幅；进展；跨过；大踏步走过；跨坐在…
3459,strife,冲突；争吵；不和
3460,striking,显著的，突出的，惊人的；打击的；罢工的；打（strike的ing形式）
3461,strip,剥夺；剥去；脱去衣服；带；条状；脱衣舞
3462,striped,有条纹的；有斑纹的；被剥去（strip的过去分词）
3463,strive,努力；奋斗；抗争
3464,stroke,（游泳或划船的）划；中风；（打、击等的）一下；冲程；（成功的）举动；尝试；轻抚；（用笔等）画；轻抚；轻挪；敲击；划尾桨；划掉；（打字时）击打键盘
3465,stroll,漫步；闲逛；巡回演出；散步；闲逛；巡回演出
3466,strong,坚强的；强壮的；牢固的；擅长的；强劲地；猛烈地；(Strong)人名；(英)斯特朗
3467,structure,结构；构造；建筑物；组织；构成；建造
3468,struggle,奋斗，努力；挣扎；努力，奋斗；竞争
3469,stubborn,顽固的；顽强的；难处理的
3470,stud,种马；大头钉；饰纽；壁骨；散布；用许多饰钮等装饰；种马的；为配种而饲养的
3471,stuff,东西；材料；填充物；素材资料；塞满；填塞；让吃饱
3472,stuffing,填料，填塞物
3473,stumble,踌躇，蹒跚；失足；犯错；绊倒；蹒跚而行
3474,stump,树桩；残余部分；假肢；砍伐；使为难；在…作巡回政治演说
3475,stun,使震惊；打昏；给以深刻的印象；昏迷；打昏；惊倒；令人惊叹的事物
3476,sturdy,坚定的；强健的；健全的；羊晕倒病
3477,stutter,结结巴巴地说话；口吃，结巴
3478,stylistic,体裁上的；格式上的；文体论的
3479,subdue,征服；抑制；减轻
3480,subjective,主观的；个人的；自觉的
3481,subjunctive,虚拟语气；虚拟的；虚拟语气的
3482,submit,使服从；主张；呈递
3483,subsequently,随后，其后；后来
3484,subsidiary,附属的；辅助的；子公司；辅助者
3485,subsidy,补贴；津贴；补助金
3486,substance,物质；实质；资产；主旨
3487,substantial,大量的；实质的；内容充实的；本质；重要材料
3488,substitution,代替；[数] 置换；代替物
3489,subtle,微妙的；精细的；敏感的；狡猾的；稀薄的
3490,subtract,减去；扣掉
3491,suburb,郊区；边缘
3492,subway,地铁；地道；乘地铁
3493,successive,连续的；继承的；依次的；接替的
3494,successively,相继地；接连着地
3495,suckle,给…哺乳；吮吸；养育
3496,sue,控告；请求；(Sue)人名；(日)末(名)；(法)休；(英)休(女子教名Susan、Susanna的昵称)
3497,sufficient,足够的；充分的
3498,suffix,添后缀；后缀；下标
3499,suffocate,受阻，受扼制；窒息
3500,suggestion,建议；示意；微量，细微的迹象
3501,suggestive,暗示的；提示的；影射的
3502,suicide,自杀；自杀行为；自杀者；自杀的；自杀
3503,suitability,适合；适当；相配
3504,suited,合适的；适合（suit的过去分词）
3505,sulky,生气的；阴沉的
3506,sullen,愠怒的，不高兴的；（天气）阴沉的；沉闷的
3507,sulphate,硫酸盐；使与硫酸化合；硫酸盐化
3508,sulphur,硫磺；硫磺色；使硫化；用硫磺处理
3509,summarize,总结；概述
3510,summon,召唤；召集；鼓起；振作
3511,sumo,（日）相扑
3512,sunbath,日光浴；太阳灯浴
3513,superb,极好的；华丽的；宏伟的；(Superb)人名；(罗)苏佩尔布
3514,superior,上级的；优秀的，出众的；高傲的；上级，长官；优胜者，高手；长者
3515,superiority,优越，优势；优越性
3516,superlative,最高的；最高级的；过度的；最高级；最好的人；最高程度；夸大话
3517,superstition,迷信
3518,supervise,监督，管理；指导
3519,supplement,增补，补充；增补，补充；补充物；增刊，副刊
3520,supply,供给，补给；供应品；供给，提供；补充
3521,support,支持，支撑，支援；扶持，帮助；赡养，供养；支持，维持；支援，供养；支持者，支撑物
3522,supportive,支持的；支援的；赞助的
3523,suppress,抑制；镇压；废止
3524,supreme,最高的；至高的；最重要的；至高；霸权
3525,surf,海浪，拍岸浪；在…冲浪
3526,surge,汹涌；大浪，波涛；汹涌澎湃；巨涌；汹涌；起大浪，蜂拥而来
3527,surgery,外科；外科手术；手术室；诊疗室
3528,surmount,克服，越过；战胜
3529,surname,姓，姓氏；绰号，别名；给…起别名；给…姓氏
3530,surpass,超越；胜过，优于；非…所能办到或理解
3531,surplus,剩余；[贸易] 顺差；盈余；过剩；剩余的；过剩的
3532,surprising,令人惊讶的；意外的；使惊奇；意外发现（surprise的ing形式）
3533,surrender,使投降；放弃；交出；听任；投降；放弃；交出；屈服
3534,surveillance,监督；监视
3535,survey,调查；测量；审视；纵览；调查；勘测；俯瞰
3536,survive,幸存；生还；幸免于；比活得长
3537,suspend,延缓，推迟；使暂停；使悬浮
3538,suspicious,可疑的；怀疑的；多疑的
3539,swallow,忍受；吞没；燕子；一次吞咽的量
3540,swamp,沼泽；湿地；使陷于沼泽；使沉没；使陷入困境
3541,swan,天鹅；天鹅星座；游荡，闲荡
3542,swarm,挤满；成群浮游；云集；蜂群；一大群
3543,swathe,包围；紧绑；裹；带子，绷带；包装品
3544,sway,影响；统治；使摇动；影响；摇摆；统治
3545,swear,发誓；咒骂；宣誓；诅咒
3546,sweatshirt,运动衫；T-恤衫
3547,sweatshop,血汗工厂；剥削劳力的工厂
3548,Swede,瑞典人；瑞典甘蓝
3549,sweep,扫除；猛拉；掸去；打扫，扫除；范围；全胜
3550,sweetheart,爱人；心上人；向…求爱；与…恋爱；爱慕；恋爱；私下签订的；私下达成的
3551,swell,膨胀；肿胀；隆起；肿胀；隆起；漂亮的；一流的
3552,swerve,转弯；突然转向；背离；转向；偏离的程度
3553,swindler,骗子
3554,swing,摇摆；摆动；秋千；音律；涨落；摇摆；转向；悬挂；大摇大摆地行走；旋转的；悬挂的；强节奏爵士音乐的
3555,switch,转换；用鞭子等抽打；开关；转换；鞭子
3556,switchboard,配电盘；接线总机
3557,swollen,肿胀的，浮肿的；浮夸的；激动兴奋的
3558,syllable,音节；划分音节；按音节发音；讲话
3559,syllabus,教学大纲，摘要；课程表
3560,symbol,象征；符号；标志
3561,sympathy,同情；慰问；赞同
3562,symphony,交响乐；谐声，和声
3563,symposium,讨论会，座谈会；专题论文集；酒宴，宴会
3564,syndrome,[临床] 综合症状；并发症状；校验子；并发位
3565,synonym,同义词；同义字
3566,syntax,语法；句法；有秩序的排列
3567,synthesize,合成；综合
3568,synthetic,综合的；合成的，人造的；合成物
3569,syringe,注射，冲洗；注射器；洗涤器
3570,systematic,系统的；体系的；有系统的；[图情] 分类的；一贯的，惯常的
3571,tablecloth,桌布；台布
3572,taboo,禁忌；禁止；禁忌的；忌讳的
3573,tackle,滑车；装备；用具；扭倒；处理；抓住；固定；与…交涉
3574,tactical,战术的；策略的；善于策略的
3575,tag,标签；名称；结束语；附属物；尾随，紧随；连接；起浑名；添饰
3576,takeaway,外卖的；外吃的；外卖食品；外卖餐馆
3577,takeover,接管；验收
3578,talented,有才能的；多才的
3579,talkative,饶舌的；多话的；多嘴的；爱说话的
3580,tally,计数器；标签；记账；使符合；计算；记录
3581,tame,驯服的；平淡的；乏味的；顺从的；驯养；使变得平淡；制服；(Tame)人名；(捷)塔梅
3582,tan,（日晒后皮肤的）黝黑色；棕褐色；鞣料；马戏团；鞣（革）；晒成褐色；黄褐色的；鞣皮的
3583,tangerine,橘子
3584,tangible,有形的；切实的；可触摸的；有形资产
3585,tangle,纠纷；混乱状态；使纠缠；处于混乱状态
3586,tap,轻敲；轻打；装上嘴子；水龙头；轻打
3587,taper,细蜡烛，烛芯；逐渐变弱；锥形物；逐渐减少；逐渐变弱
3588,tapestry,织锦；挂毯；绣帷；用挂毯装饰
3589,tar,焦油；柏油；水手；涂以焦油；玷污
3590,target,目标；靶子；把……作为目标；规定……的指标；瞄准某物
3591,tariff,关税表；收费表；定税率；征收关税
3592,tarmac,柏油碎石路面；铺有柏油碎石的飞机跑道
3593,tart,酸的；锋利的；尖刻的；果馅饼；妓女；打扮
3594,tattoo,文身；刺花纹于
3595,tavern,酒馆；客栈
3596,taxation,课税，征税；税款
3597,tease,取笑；戏弄；梳理；欺负；强求；使起毛；戏弄；爱纠缠的小孩；挑逗者；卖弄风骚的女孩
3598,teaspoon,茶匙；一茶匙的量
3599,technician,技师，技术员；技巧纯熟的人
3600,teddy,连衫衬裤；泰迪玩具熊
3601,tedious,沉闷的；冗长乏味的
3602,teem,大量出现；充满；(Teem)人名；(英)蒂姆
3603,teens,十多岁，十几岁；青少年
3604,telecommunications,通讯行业：服务类型变更，缴纳话费，账户总览等所有业务均可通过移动设备完成
3605,telescope,压缩；使套叠；望远镜；缩叠式旅行袋
3606,tell,告诉，说；辨别；吩咐；断定；(Tell)人名；(英、德、瑞典)特尔；(罗、意)泰尔；(阿拉伯)塔勒
3607,teller,（美）出纳员；讲述者；讲故事者；计票员
3608,temperament,气质，性情，性格；急躁
3609,temperate,温和的；适度的；有节制的
3610,temporary,暂时的，临时的；临时工，临时雇员
3611,tempt,诱惑；引起；冒…的风险；使感兴趣
3612,tenant,承租人；房客；佃户；居住者；租借（常用于被动语态）
3613,tendency,倾向，趋势；癖好
3614,tender,温柔的；柔软的；脆弱的；幼稚的；难对付的；偿付，清偿；看管人；小船；提供，偿还；使…变嫩；使…变柔软
3615,tense,紧张的；拉紧的；变得紧张；使拉紧；时态
3616,tension,张力，拉力；紧张，不安；电压；使紧张；使拉紧
3617,terminate,使终止；使结束；解雇；结束的
3618,terrace,平台；梯田；阳台；使成梯田，使成阶地；使有平台屋顶；（女服）叠层式的
3619,terrific,极好的；极其的，非常的；可怕的
3620,territory,领土，领域；范围；地域；版图
3621,terrorist,恐怖主义者，恐怖分子
3622,tertiary,第三纪；第三修道会会员；第三级教士；第三的；第三位的；三代的
3623,testament,[法] 遗嘱；圣约；确实的证明
3624,testify,证明，证实；作证
3625,textile,纺织品，织物；纺织的
3626,thanksgiving,感恩
3627,thaw,融解；变暖和；解冻；融雪
3628,theatrical,戏剧性的；剧场的，戏剧的；夸张的；做作的
3629,theology,神学；宗教体系
3630,theoretical,理论的；理论上的；假设的；推理的
3631,therapy,治疗，疗法
3632,thereabouts,大约；在那附近（等于thereabout）
3633,thereafter,其后；从那时以后
3634,thereby,从而，因此；在那附近；在那方面
3635,therefore,因此；所以
3636,thereof,它的；由此；在其中；关于…；将它
3637,thermometer,温度计；体温计
3638,thesaurus,宝库；辞典；知识宝库；分类词汇汇编
3639,thesis,论文；论点
3640,thigh,大腿，股
3641,thinker,思想家；思想者
3642,thorn,刺；[植] 荆棘
3643,thoroughbred,受过严格训练的人；良种动物；良种的；受过严格训练的；优秀的
3644,thoroughfare,大道，通路
3645,thought,思想；思考；想法；关心；想，思考；认为（think的过去式和过去分词）
3646,thoughtful,深思的；体贴的；关切的
3647,thrash,打；使逆行；打谷；逆风浪行进；踢水动作
3648,threaten,威胁；恐吓；预示
3649,thresh,推敲；打谷；反复做；打谷
3650,threshold,入口；门槛；开始；极限；临界值
3651,thrift,节俭；节约；[植] 海石竹
3652,thrifty,节约的；茂盛的；成功的
3653,thriller,惊险小说；使人毛骨悚然的东西；使人毛骨悚然的小说
3654,thrive,繁荣，兴旺；茁壮成长
3655,throatily,喉音地；嘶哑地
3656,throne,王座；君主；王权；登上王座
3657,throng,人群；众多；群集；挤满；拥挤的
3658,thrush,画眉；[口腔] 鹅口疮；蹄叉腐疽
3659,thrust,[力] 推力；刺；插；插入；推挤
3660,thumb,翻阅；以拇指拨弄；作搭车手势；笨拙地摆弄；拇指
3661,thumbtack,图钉；用图钉钉住
3662,thwart,挫败；反对；阻碍；横过；横放的；固执的；划手座；独木舟的横梁；横过
3663,tickle,使发痒；使高兴；使满足；胳肢；痒感；使人发痒、高兴的东西
3664,tidal,潮汐的；潮的，有关潮水的；定时涨落的；(Tidal)人名；(瑞典)蒂达尔
3665,tier,层，排；行，列；等级；使层叠；成递升排列
3666,tile,瓷砖，瓦片；铺以瓦；铺以瓷砖
3667,timber,木材；木料
3668,timid,胆小的；羞怯的
3669,tinkle,使发清脆的声响；叮当声
3670,tip,给小费；翻倒；倾覆；小费；尖端；小建议，小窍门；轻拍
3671,tissue,组织；纸巾；薄纱；一套；饰以薄纱；用化妆纸揩去
3672,toad,蟾蜍；癞蛤蟆；讨厌的家伙
3673,toast,干杯；烤面包；接受敬酒的人；（在某领域）广受赞誉的人；向…祝酒，为…干杯
3674,tobacconist,（主英）烟草商；烟草制品零售商
3675,toddle,东倒西歪的走路；刚学走步的小孩；蹒跚学步；东倒西歪地走；散步
3676,toe,脚趾；足尖；用脚尖走；以趾踏触
3677,toenail,脚趾甲；[木] 斜钉
3678,toffee,乳脂糖，太妃糖
3679,toil,辛苦；苦工；网；圈套；辛苦工作；艰难地行进
3680,token,表征；代币；记号；象征的；表意的；作为对某事的保证的；象征；代表
3681,tolerate,忍受；默许；宽恕
3682,toll,通行费；代价；钟声；伤亡人数；征收；敲钟
3683,tone,语气；色调；音调；音色；增强；用某种调子说
3684,topple,倾倒；倒塌；摇摇欲坠；(Topple)人名；(英)托佩尔
3685,topsoil,表层土；上层土
3686,torch,火把，火炬；手电筒；启发之物；像火炬一样燃烧
3687,torment,折磨，使痛苦；纠缠，作弄；痛苦，苦恼；痛苦的根源
3688,tornado,[气象] 龙卷风；旋风；暴风；大雷雨
3689,torrential,猛烈的，汹涌的；奔流的
3690,tortuous,扭曲的，弯曲的；啰嗦的
3691,torture,折磨；拷问；歪曲
3692,Tory,保守党员；保守主义的
3693,toss,投掷；摇荡；投掷的距离；掷币赌胜负；投掷；使…不安；突然抬起；使…上下摇动；与…掷币打赌
3694,touchdown,着陆，降落；触地；触地得分
3695,touching,动人的，令人同情的；至于，关于；接触；感动（touch的ing形式）
3696,tough,艰苦的，困难的；坚强的，不屈不挠的；坚韧的，牢固的；强壮的，结实的；恶棍；坚持；忍受，忍耐；强硬地，顽强地
3697,tournament,锦标赛，联赛；比赛
3698,tow,拖；麻的粗纤维；拖曳所用之绳；拖；牵引；曳
3699,townsfolk,市民；镇民
3700,township,镇区；小镇
3701,townsman,市民，镇民；同乡人
3702,toxic,有毒的；中毒的
3703,trace,追溯；沿路走；痕迹，踪迹；微量；[仪] 迹线；缰绳
3704,track,轨道；足迹，踪迹；小道；追踪；通过；循路而行；用纤拉
3705,trademark,商标
3706,tradesman,商人；（英）店主；零售商；手艺人
3707,tradition,惯例，传统；传说
3708,trafficker,贩子；商人；从事违法勾当者
3709,tragedy,悲剧；灾难；惨案
3710,trailer,拖车；[电视] 预告片；追踪者；乘拖车式活动房屋旅行；用拖车载运
3711,traitor,叛徒；卖国贼；背信弃义的人
3712,tramp,流浪；践踏，踩；脚步沉重地行走；流浪者；沉重的脚步声；徒步旅行
3713,tranquil,安静的，平静的；安宁的；稳定的
3714,transfer,转让；转移；传递；过户；转让；转学；换车
3715,transform,改变，使…变形；转换
3716,transistor,晶体管（收音机）
3717,transition,过渡；转变；[分子生物] 转换；变调
3718,transitive,及物的；过渡的；可迁的；传递；及物动词
3719,transmit,传输；传播；发射；传达；遗传
3720,transparency,透明，透明度；幻灯片；有图案的玻璃
3721,transplant,移植；迁移；使移居；移植；移植器官；被移植物；移居者
3722,transportation,运输；运输系统；运输工具；流放
3723,trash,垃圾；废物；丢弃；修剪树枝
3724,trawl,拖网；排钩；用拖网捕鱼
3725,tray,托盘；文件盒；隔底匣；（无线电的）发射箱
3726,tread,踏；胎面；步态；鞋底；踏板；梯级；踏；踩；践踏；跳；踩出
3727,treason,[法] 叛国罪；不忠
3728,treaty,条约，协议；谈判
3729,treble,三倍的；最高声部的；三层的；三重的；三倍；最高声部；变成三倍
3730,tremendous,极大的，巨大的；惊人的；极好的
3731,trench,沟，沟渠；战壕；堑壕；掘沟
3732,trend,趋势，倾向；走向；趋向，伸向
3733,triangular,三角的，[数] 三角形的；三人间的
3734,tribe,部落；族；宗族；一伙
3735,tribunal,法庭；裁决；法官席
3736,tribute,礼物；[税收] 贡物；颂词；（尤指对死者的）致敬，悼念，吊唁礼物
3737,trickle,滴；细细地流；慢慢地移动；滴，淌；细流
3738,tricky,狡猾的；机警的
3739,trifle,琐事；蛋糕；少量；开玩笑；闲混；嘲弄
3740,trigger,引发，引起；触发；扳机；[电子] 触发器；制滑机
3741,trim,修剪；整理；装点；修剪；整齐；情形；整齐的
3742,triple,三倍的；三方的；三倍数；三个一组；增至三倍
3743,triumphant,成功的；得意洋洋的；狂欢的
3744,trivial,不重要的，琐碎的；琐细的
3745,trolley,手推车；（美）有轨电车（等于trolley car）；（英）无轨电车（等于trolleybus）；空中吊运车；乘电车；用手推车运
3746,trombone,长号，伸缩喇叭
3747,trophy,奖品；战利品；纪念品；用战利品装饰；显示身份的；有威望的
3748,tropical,热带的；热情的；酷热的
3749,trot,（人）慢跑；马小跑的步态；小跑的马蹄声；刚学步的小孩；老太婆；腹泻；（学生作弊用的）译文对照本；（马）小跑；（人）慢跑；快步走
3750,trouble,麻烦；烦恼；故障；动乱；麻烦；使烦恼；折磨
3751,troublemaker,捣乱者，闹事者；惹麻烦的人
3752,trough,水槽，水槽；低谷期；饲料槽；低气压
3753,troupe,剧团；一班；一团；巡回演出
3754,trout,鳟鱼，鲑鱼
3755,truant,旷课者；懒惰的人；旷课的；偷懒的；逃学；偷懒，逃避责任
3756,truism,自明之理；老生常谈；老套；众所周知；真实性
3757,trumpet,喇叭；喇叭声；吹喇叭；吹嘘
3758,trustworthy,可靠的；可信赖的
3759,truthful,真实的；诚实的
3760,try,试图，努力；试验；审判；考验；尝试；努力；试验
3761,tsar,沙皇（大权独揽的人物）
3762,tub,浴盆；桶；把…装入桶；为…洗盆浴；洗盆浴；（衣服等）被放在桶里洗
3763,tube,管；电子管；隧道；电视机；使成管状；把…装管；用管输送
3764,tuberculosis,肺结核；结核病
3765,tuck,卷起；挤进；用某物舒适地裹住；使有褶裥；收拢；大口吃；使隐藏；食物；船尾突出部；缝摺；抱膝式跳水；活力；鼓声
3766,tug,拖船；拖曳；苦干；用力拉；竞争；努力做
3767,tuition,学费；讲授
3768,tumble,摔倒；倒塌；滚动；打滚；仓惶地行动；跌倒；翻筋斗；跌跤
3769,tummy,肚子；胃
3770,tumour,[肿瘤] 瘤；肿瘤；肿块
3771,tumult,骚动；骚乱；吵闹；激动
3772,tuna,金枪鱼，鲔鱼
3773,tune,曲调；和谐；心情；调整；使一致；为…调音
3774,tunnel,隧道；坑道；洞穴通道；挖；在…打开通道；在…挖掘隧道
3775,turbulence,骚乱，动荡；[流] 湍流；狂暴
3776,turf,草皮；泥炭；跑马场；覆草皮于
3777,turn,转动，使旋转；转弯；翻过来；兑换；转弯；变化；(损害或有益于别人的)行为，举动，举止
3778,turnip,萝卜；芜菁甘蓝，大头菜
3779,turnover,翻覆；[贸易] 营业额；流通量；半圆卷饼；失误；翻过来的；可翻转的
3780,turnpike,[税收] 收费高速公路；收税关卡
3781,turtle,龟，甲鱼；海龟
3782,tutor,辅导；约束；导师；家庭教师；助教
3783,twig,理解；小枝；嫩枝；末梢
3784,twilight,黎明，黄昏；薄暮；衰退期；朦胧状态；黄昏；薄暮；衰退期；朦胧状态
3785,twinkle,闪烁；发亮；闪烁
3786,twist,捻；拧；扭伤；编织；使苦恼；扭曲；拧；扭伤
3787,typical,典型的；特有的；象征性的
3788,tyrant,暴君
3789,ultimate,最终的；极限的；根本的；终极；根本；基本原则
3790,ultraviolet,紫外的；紫外线的；紫外线辐射，紫外光
3791,unaccepted,未被接纳的；被拒绝的；不承担的
3792,unanimous,全体一致的；意见一致的；无异议的
3793,unashamed,无耻的；恬不知耻的；问心无愧的
3794,unaware,不知道的，无意的；未察觉到的；意外地；不知不觉地
3795,unbearable,难以忍受的；承受不住的
3796,uncomfortable,不舒服的；不安的
3797,uncompromising,不妥协的，不让步的；坚定的
3798,uncontrollable,无法控制的；无法管束的；难以驾驭的
3799,uncover,发现；揭开；揭露
3800,underachieve,未能充分发挥学习潜力；学习成绩不良
3801,underclass,下层阶级，下层社会；一、二年级学生
3802,undercover,秘密的，秘密从事的；从事间谍活动的
3803,undergo,经历，经受；忍受
3804,undergraduate,大学生；大学肄业生；大学生的
3805,underline,强调；在…下面划线；预告；下划线；下期节目预告
3806,undermine,破坏，渐渐破坏；挖掘地基
3807,underneath,在…的下面；在…的形式下；在…的支配下；在下面；在底下；下面；底部；下面的；底层的
3808,underpass,地下通道；[交] 下穿交叉道
3809,underside,下面；阴暗面
3810,understandable,可以理解的；可以了解的
3811,undertake,承担，保证；从事；同意；试图
3812,underwater,在水中的；水面下的；在水下；水下
3813,underworld,黑社会；地狱；下层社会；尘世
3814,unearth,发掘；揭露，发现；从洞中赶出
3815,uneasy,不舒服的；心神不安的；不稳定的
3816,uneatable,不能吃的；不适合食用的
3817,unethical,不道德的；缺乏职业道德的
3818,unexpected,意外的，想不到的
3819,unforgettable,难忘的
3820,unify,统一；使相同，使一致
3821,uninformative,不提供信息的；不增长见闻的
3822,uninformed,无知的；未被通知的；未受教育的；不学无术的
3823,unique,独特的，稀罕的；[数] 唯一的，独一无二的；独一无二的人或物
3824,unisex,男女皆宜的
3825,universal,普遍的；通用的；宇宙的；全世界的；全体的；一般概念；普通性
3826,unjust,不公平的，不公正的；非正义的
3827,unjustified,不正当的；未被证明其正确的
3828,unkind,无情的；不仁慈的，不厚道的
3829,unlikely,不太可能的；没希望的；未必
3830,unload,卸；摆脱…之负担；倾销
3831,unlock,开启；开…的锁；表露
3832,unnatural,不自然的；反常的；不近人情的
3833,unofficial,非官方的；非正式的
3834,unpack,卸下…；解除…的负担
3835,unplug,去掉…的障碍物；拔去…的塞子或插头
3836,unreal,不真实的；假的；幻想的；虚构的
3837,unreasonable,不合理的；过度的；不切实际的；非理智的
3838,unskilled,不熟练的；拙劣的；无需技能的；不熟练；无技能（unskill的过去式和过去分词形式）
3839,untidy,不整洁的，凌乱的；懒散的；不干净利落的，不简练的；不适宜的；使不整洁；使杂乱无章
3840,untie,解开；解决；使自由
3841,untimely,不合时宜的；过早的；不合时宜地；过早地
3842,untiring,不知疲倦的；不屈不挠的；坚持不懈的
3843,unusual,不寻常的；与众不同的；不平常的
3844,unwise,不明智的；愚蠢的；轻率的
3845,unworthy,不值得的；无价值的；不相称的
3846,upgrade,使升级；提升；改良品种；升级；上升；上坡；往上；向上的
3847,uphold,支撑；鼓励；赞成；举起
3848,upright,正直的，诚实的；垂直的，直立的；笔直的；合乎正道的；垂直；竖立
3849,upside,优势，上面
3850,uptown,住宅区；住宅区的；（美）在住宅区；（美）在城镇非商业区
3851,urban,城市的；住在都市的；(Urban)人名；(西)乌尔万；(斯洛伐)乌尔班；(德、俄、罗、匈、塞、波、捷、瑞典、意)乌尔班；(英)厄本；(法)于尔邦
3852,urgent,紧急的；急迫的
3853,urine,尿
3854,use,使用；用途；发挥；利用；耗费
3855,usher,引座员，带位员；接待员；门房；引导，招待；迎接；开辟
3856,usual,通常的，惯例的；平常的
3857,utensil,用具，器皿
3858,utilize,利用
3859,utmost,极限；最大可能；极度的；最远的
3860,utter,发出，表达；发射；完全的；彻底的；无条件的；(Utter)人名；(德、芬)乌特
3861,vacancy,空缺；空位；空白；空虚
3862,vacant,空虚的；空的；空缺的；空闲的；茫然的；(Vacant)人名；(法)瓦康
3863,vacate,空出，腾出；辞职；休假
3864,vaccine,疫苗；牛痘苗；疫苗的；牛痘的
3865,vacuum,真空；空间；真空吸尘器；真空的；利用真空的；产生真空的；用真空吸尘器清扫
3866,vague,模糊的；含糊的；不明确的；暧昧的；(Vague)人名；(法)瓦格；(英)韦格
3867,valentine,情人；情人节礼物
3868,valiant,英勇的，勇敢的；勇士；勇敢的人
3869,valid,有效的；有根据的；合法的；正当的
3870,values,价值观念；价值标准
3871,van,先锋；厢式货车；增值网；用车搬运
3872,vanish,消失；突然不见；成为零；弱化音
3873,vanity,虚荣心；空虚；浮华；无价值的东西
3874,vaporize,蒸发
3875,vary,变化；变异；违反；(Vary)人名；(英、法、罗、柬)瓦里
3876,vast,广阔的；巨大的；大量的；巨额的；浩瀚；广阔无垠的空间
3877,vegetation,植被；植物，草木；呆板单调的生活
3878,vehicle,[车辆] 车辆；工具；交通工具；运载工具；传播媒介；媒介物
3879,veil,面纱；面罩；遮蔽物；托词；遮蔽；掩饰；以面纱遮掩；用帷幕分隔
3880,vein,血管；叶脉；[地质] 岩脉；纹理；翅脉；性情；使成脉络；象脉络般分布于
3881,velvet,天鹅绒，丝绒；天鹅绒似的东西；天鹅绒的
3882,vendor,卖主；小贩；供应商；[贸易] 自动售货机
3883,ventilate,使通风；给…装通风设备；宣布
3884,venture,敢于；企业；风险；冒险
3885,venue,审判地；犯罪地点；发生地点；集合地点
3886,Venus,[天] 金星；维纳斯（爱与美的女神）
3887,veranda,走廊，游廊；阳台
3888,verb,动词；动词词性；动词性短语或从句；动词的；有动词性质的；起动词作用的
3889,verbal,口头的；言语的；动词的；照字面的；动词的非谓语形式
3890,verdict,结论；裁定
3891,verge,濒临，接近；处在边缘；边缘
3892,verify,核实；查证
3893,versatile,多才多艺的；通用的，万能的；多面手的
3894,version,版本；译文；倒转术
3895,versus,对；与相对；对抗
3896,vertical,垂直的，直立的；[解剖] 头顶的，顶点的；垂直线，垂直面
3897,vessel,船，舰；[组织] 脉管，血管；容器，器皿
3898,vet,审查；诊疗；兽医
3899,veteran,老兵；老手；富有经验的人；老运动员；经验丰富的；老兵的
3900,veto,否决权；否决；禁止
3901,via,渠道，通过；经由
3902,vibrant,振动的；充满生气的；响亮的；战栗的；(Vibrant)人名；(德)维布兰特
3903,vibrate,振动；颤动；摇摆；踌躇
3904,vicar,教区牧师，教堂牧师；传教牧师；代理人
3905,vice,恶习；缺点；[机] 老虎钳；卖淫；代替；钳住；副的；代替的
3906,victim,受害人；牺牲品；牺牲者
3907,victor,胜利者
3908,viewpoint,观点，看法；视角
3909,vigilant,警惕的；警醒的；注意的；警戒的
3910,vigorous,有力的；精力充沛的
3911,villa,别墅；郊区住宅
3912,villain,坏人，恶棍；戏剧、小说中的反派角色；顽童；罪犯
3913,vine,藤；葡萄树；藤本植物；攀缘植物；长成藤蔓；爬藤
3914,vineyard,葡萄园
3915,vintage,葡萄收获期；葡萄酒酿造期；古老的；最佳的；过时的；采葡萄；用葡萄酿酒；采葡萄
3916,violate,违反；侵犯，妨碍；亵渎
3917,violent,暴力的；猛烈的
3918,violently,猛烈地，激烈地；极端地
3919,violet,紫罗兰；堇菜；羞怯的人；紫色的；紫罗兰色的
3920,VIP,大人物，贵宾（Very Important Person）；视频接口处理器（Video Interface Processor）；可变信息处理（Variable Information Processing）
3921,virgin,处女的；纯洁的；未经利用的，处于原始状态的；处女
3922,virtually,事实上，几乎；实质上
3923,visible,明显的；看得见的；现有的；可得到的；可见物；进出口贸易中的有形项目
3924,vision,视力；美景；眼力；幻象；想象力；幻视（漫威漫画旗下超级英雄）；想象；显现；梦见
3925,visit,访问；参观；逗留；访问；参观；视察
3926,vitality,活力，生气；生命力，生动性
3927,vitamin,[生化] 维生素；[生化] 维他命
3928,vivid,生动的；鲜明的；鲜艳的
3929,vocation,职业；天职；天命；神召
3930,volcano,火山
3931,volt,伏特（电压单位）；环骑；闪避
3932,voltage,[电] 电压
3933,volume,量；体积；卷；音量；大量；册；大量的；成团卷起；把…收集成卷
3934,voluntary,自愿的；志愿的；自发的；故意的；志愿者；自愿行动
3935,vomit,吐出；使……呕吐；呕吐；呕吐物；催吐剂
3936,voter,选举人，投票人；有投票权者
3937,voucher,收据；证人；保证人；证明者；代金；证实的可靠性
3938,vow,发誓；誓言；许愿；发誓；郑重宣告
3939,vowel,元音；母音；元音的
3940,vulgar,粗俗的；通俗的；本土的；平民，百姓
3941,vulnerable,易受攻击的，易受…的攻击；易受伤害的；有弱点的
3942,wagon,货车，四轮马车；用运货马车运输货物
3943,wait,等候；推迟；延缓；等待；等候
3944,walkway,通道，[建] 走道
3945,walnut,胡桃；胡桃木；胡桃科植物的
3946,waltz,跳华尔兹舞；旋转；轻快地走动；圆舞曲的；华尔兹舞的；华尔兹舞；华尔兹舞曲
3947,wardrobe,衣柜；行头；全部戏装
3948,warehouse,仓库；货栈；大商店；储入仓库；以他人名义购进（股票）
3949,warfare,战争；冲突
3950,warmth,温暖；热情；激动
3951,warning,警告；预兆；预告；警告的；引以为戒的；警告（warn的ing形式）
3952,warrant,根据；证明；正当理由；委任状；保证；担保；批准；辩解
3953,wasp,黄蜂；[昆] 胡蜂；易怒的人；黄蜂似的直扑
3954,watch,观察；注视；看守；警戒；手表；监视；守护；值班人
3955,watercolor,水彩画，水彩；水彩颜料；水彩的，水彩画的
3956,waterfall,瀑布；瀑布似的东西
3957,watt,瓦特
3958,wax,蜡；蜡状物；给…上蜡；蜡制的；似蜡的
3959,way,方法；道路；方向；行业；习惯；大大地；远远地；途中的
3960,weapon,武器，兵器
3961,weave,编织；编排；使迂回前进；织物；织法；编织式样
3962,weld,焊接；使结合；使成整体；焊接；焊接点
3963,welfare,福利；幸福；福利事业；安宁；福利的；接受社会救济的
3964,Welsh,威尔士的；威尔士人的；威尔士语的；威尔士语
3965,wet,[气象][物] 潮湿的；有雨的；雨天；湿气；弄湿
3966,whale,猛揍；使惨败；鲸；巨大的东西
3967,wharf,使靠码头；为…建码头；把货卸在码头上；码头；停泊处
3968,whereabouts,下落；行踪；去向；所在之处；在何处；靠近什么地方
3969,whereas,然而；鉴于；反之
3970,whereby,凭借；通过…；借以；与…一致
3971,whim,奇想；一时的兴致；怪念头；幻想
3972,whip,抽打；煽动；搅打（蛋，奶油）；彻底击败；鞭子；抽打；车夫；[机] 搅拌器
3973,whirl,旋转，回旋；昏乱；一连串的事；短暂的旅行；旋转，回旋；急走；头晕眼花
3974,whisker,[晶体] 晶须；胡须；腮须
3975,whiskey,威士忌酒；威士忌酒的
3976,wholesale,批发的；大规模的；批发；大规模地；以批发方式
3977,wholesome,健全的；有益健康的；合乎卫生的；审慎的
3978,wholly,完全地；全部；统统
3979,wick,灯芯，蜡烛心；依靠毛细作用带走
3980,widen,放宽；(Widen)人名；(德)维登
3981,widow,使成寡妇；寡妇；孀妇
3982,wig,假发；要人；头脑；使戴假发；斥责
3983,willow,[林] 柳树；[木] 柳木制品；柳木制的
3984,willpower,意志力；毅力
3985,windmill,风车；风车房；旋转玩具；直升飞机；使旋转；作风车般旋转
3986,windscreen,汽车挡风玻璃
3987,wink,眨眼；使眼色；闪烁；眨眼；使眼色；闪烁；瞬间
3988,wipe,擦；消除；涂上；擦拭；用力打
3989,wish,希望；祝福；心愿；祝愿；渴望；向…致问候语
3990,wit,智慧；才智；智力；<古>知道；即
3991,witch,巫婆，女巫；迷惑；施巫术
3992,witchcraft,巫术；魔法
3993,withdraw,撤退；收回；撤消；拉开
3994,wither,使凋谢；使畏缩；使衰弱；(Wither)人名；(英)威瑟
3995,withhold,保留，不给；隐瞒；抑制
3996,witness,证人；目击者；证据；目击；证明；为…作证
3997,work,工作；[物] 功；产品；操作；职业；行为；事业；工厂；著作；文学、音乐或艺术作品；使工作；操作；经营；使缓慢前进
3998,workbook,工作手册；练习簿
3999,workload,工作量
4000,worship,崇拜；礼拜；尊敬；崇拜；尊敬；爱慕
4001,worthless,无价值的；不值钱的；卑微的
4002,worthy,值得的；有价值的；配得上的，相称的；可尊敬的；应…的；杰出人物；知名人士
4003,wound,创伤，伤口；使受伤
4004,wrap,包；缠绕；隐藏；掩护；外套；围巾
4005,wreck,破坏；失事；残骸；失去健康的人；破坏；使失事；拆毁
4006,wrestling,摔跤；扭斗；摔跤；格斗（wrestle的ing形式）；与…摔跤；使劲移动
4007,wrinkle,皱纹；起皱
4008,wrist,手腕；腕关节；用腕力移动
4009,xerox,施乐（商标名，美国办公设备制造公司）；影印，静电印刷品；用静电复印法复印
4010,yacht,乘游艇，驾游艇；游艇，快艇；轻舟
4011,yardstick,码尺
4012,yarn,纱线；奇谈，故事；用纱线缠
4013,yawn,哈欠；裂口；打哈欠；裂开
4014,yearn,渴望，向往；思念，想念；怀念；同情，怜悯
4015,yeast,酵母；泡沫；酵母片；引起骚动因素
4016,yell,大叫，叫喊；喊声，叫声
4017,yield,屈服；出产，产生；放弃；产量；收益
4018,yoghurt,酸奶（等于yoghourt）；酸乳酪
4019,yolk,蛋黄；[胚] 卵黄；羊毛脂
4020,youngster,年轻人；少年
4021,youthful,年轻的；早期的
4022,zealous,热心的，热情的，积极的；(Zealous)人名；(英)泽勒斯
4023,zigzag,曲折的；锯齿形的；之字形的；使成之字形；使曲折行进；之字形；Z字形；曲折地；之字形地；Z字形地
4024,zinc,镀锌于…；涂锌于…；用锌处理；锌
4025,zoology,动物学；动物区系
