序号,核心词汇,简要解释
1,abruptly,突然地
2,absorb,吸收（液体、气体等）
3,abuse,滥用，虐待
4,academic,学校(院)的，学术的
5,access,获取；接近，入口
6,accessible,易接近的
7,accommodate,适合， 提供住宿
8,accomplish,完成
9,accumulate,积累，增加
10,accurate,精确的，准确的
11,achieve,完成，实现
12,acknowledge,承认(…的权威)
13,acquire,获得
14,acute,敏锐的
15,adapt,适应于
16,addiction,上瘾
17,additional,额外的
18,address,解决
19,adequate,足够的
20,administration,管理，政府
21,administrative,管理的
22,admire,钦佩，称赞
23,admiration,钦佩，称赞
24,admission,准许进(加)入；入场费；承认
25,admit,承认，容许
26,advance,前进，提前
27,advanced,高级的
28,advancement,进步，提升
29,advice,建议
30,advisory,报告
31,advocate,倡导
32,advocator,主张者，倡导者
33,affectionate,深情的，柔情的
34,affirmation,断言，肯定
35,affirm,断言，声明
36,afford,负担得起
37,agency,机构
38,aggressive,挑衅的，好斗的；有上进心的
39,album,粘贴簿，集邮簿，像册
40,alcohol,酒精
41,alert,提醒；；机警的
42,alter,改变
43,altitude,"海拔, 高度"
44,ambitious,有雄心的，野心勃勃的
45,analyze,分析
46,ancient,古代的
47,announce,宣布，声称
48,annual,每年的
49,annually,每年，一年一次
50,anticipate,预感
51,antique,古玩，古董
52,apartment,公寓
53,appeal,吸引，呼吁
54,appearance,"外表, 出现"
55,appetite,"欲望, 胃口"
56,applicant,申请人
57,application,申请，应用
58,apply,"应用, 申请"
59,appoint,任命，委派；约定，确定，指定
60,appointment,约会
61,appreciate,感激，欣赏
62,appreciation,评价，感激
63,approach,靠近；接近，方法
64,approve,赞成，同意
65,approval,批准，认可，赞成
66,approximately,大约
67,architect,建筑师
68,archive,档案文件
69,arrange,把…（系统地）分类
70,arrest,逮捕
71,ashamed,害羞的
72,assemble,组装；集合
73,assembly,装配
74,asset,有价值的人(或物)资产
75,assign,分配，布置
76,assignment,作业
77,associate,交往；把……联系起来
78,assume,假定，认为
79,assumption,假定，假设
80,astonish,使惊讶，使大为吃惊
81,atmosphere,气氛；大气；空气
82,attempt,尝试，试图
83,automatic,自动的
84,available,可利用的，现有的；可获得的
85,avail,"有益, 有帮助"
86,average,平常的
87,aviation,航空
88,aviate,驾驶飞机
89,avoid,避免
90,award,授予；判给；奖(金)
91,awareness,意识
92,background,背景
93,backward,向后的
94,ban,禁止
95,bankrupt,破产的，倒闭的
96,bargain,讨价还价
97,battle,战争，战役
98,behave,表现
99,beneficial,有利的，有益的
100,benefit,有益于，有助于
101,bid,出价，投标
102,blame,指责，责怪
103,bless,祝福
104,block,阻碍；街区
105,bogus,假冒的
106,boost,"推动,宣扬；促使，促进"
107,bother,打扰；麻烦
108,broad,宽的
109,budget,预算；编预算
110,burden,负担，包袱
111,bureau,局
112,calculate,计算
113,campaign,活动
114,cancel,取消
115,candidate,申请求职者；投考者；候选人
116,canteen,食堂
117,capable,能干的，有能力的
118,caregiver,照料者
119,careless,粗心的
120,casual,偶然的，随便的
121,catalogue,把……编入目录
122,caution,小心，谨慎
123,cautious,谨慎的
124,ceremony,典礼，仪式
125,challenge,挑战；质疑
126,chap,小伙子，小家伙，家伙
127,character,角色
128,characterize,以……特点
129,charity,慈善（行为）
130,cheek,脸颊
131,chef,厨师
132,chemical,化学的 n. 化学制品
133,choke,使窒息
134,circumstance,环境，境遇
135,cite,引用
136,citizen,公民
137,civilian,平民，百姓
138,civilized,文明的
139,classify,把…分类，把…分级
140,classification,分类，级别
141,client,客户
142,clinic,诊所
143,clumsy,笨拙的，不圆滑的
144,coach,教练
145,colleague,同事
146,collision,撞击；冲突
147,combine,联合，结合
148,comment,评论
149,commit,犯罪，承担义务
150,commitment,承诺，保证
151,committee,委员会
152,compare,比较，对照
153,compel,强迫
154,compensate,弥补，补偿
155,compensation,弥补，补偿
156,compete,竞争
157,competitiveness,竞争力
158,competitor,竞争者，对手
159,complacency,自满，满足
160,complain,抱怨
161,complaint,抱怨; 投诉
162,complete,完成；完整的，彻底的
163,complicated,复杂的，难懂的
164,comply,遵从
165,component,成分
166,concentration,集中
167,concept,观点，观念
168,concern,涉及，关系到
169,conclusion,结论
170,confidence,信心
171,confirm,确认；证实；批准
172,conflict,冲突
173,conform,相一致，遵守
174,confront,面对
175,connectivity,连接，联系
176,conscience,良心
177,consensus,一致意见
178,consent,允许，同意；同意，一致
179,consequence,结果，成果
180,conservative,保守的，传统的
181,considerable,相当大(或多)的
182,considerably,相当地，非常地
183,considerate,体贴的；考虑周到的
184,consist,由……组成
185,consistent,一致的
186,conspicuous,显著地
187,constant,不断的，持续的
188,constantly,不断地，时常地
189,construction,建筑
190,constructive,建设的，建设性的
191,consult,咨询
192,consultant,顾问
193,consumption,消费，消耗
194,contact,联系，接触
195,contemporary,当代的，现代的
196,content,内容
197,context,背景，环境
198,contract,合同
199,contrast,对比，反差；对比
200,contribute,捐款，贡献
201,contribution,贡献；捐献
202,convenient,方便的
203,conventional,传统的
204,convey,传达，传递
205,cooperative,合作的
206,corporate,法人的；团体的；社团的
207,counsel,忠告，建议
208,couple,夫妻，情侣
209,courageous,有勇气的
210,crash,坠落;坠毁;撞击
211,creativity,创造力
212,crisis,危机
213,critic,批评家，评论家
214,critical,批评的，爱挑剔的
215,criticize,批评；评论
216,criticism,批评
217,cultivate,培养
218,curb,控制
219,curiosity,好奇心
220,curious,好奇的
221,current,当前的
222,currently,当前；一般地
223,debt,债务
224,decent,正派的，体面的
225,decline,下降，减少；拒绝
226,decorate,装饰
227,definition,定义
228,degree,程度
229,delay,推迟，延期
230,deliberate,故意的
231,delightful,高兴的
232,deliver,发表
233,demand,需求，要求
234,democratic,民主的
235,demonstrate,证明；展示
236,density,密度
237,department,部门
238,depressed,沮丧的；萧条的
239,depressing,令人沮丧的
240,deprive,剥夺，夺去，使丧失
241,derive,得到，导出
242,deserve,值得
243,desire,渴望，欲望
244,despite,不管
245,dessert,甜点
246,detail,细节
247,detailed,细节的，详细的
248,detect,觉察;检测
249,detection,侦查；察觉
250,detective,侦探
251,determine,决定；下决心
252,determination,意志
253,device,装置，设备
254,devote,奉献，致力于
255,dictator,独裁者；专制者
256,diligent,勤奋的
257,diploma,文凭
258,disadvantage,不利情况，缺点
259,disappear,不见，消失
260,discharge,释放；排出 解雇
261,discount,折扣
262,discover,发现
263,disorderly,杂乱的
264,display,展览
265,dispute,辩论，争论
266,dissatisfy,不满意
267,distance,距离
268,distant,遥远的
269,distinguish,区别，区分
270,distinguished,显著的，杰出的
271,distract,分心
272,distracted,分心的
273,distraction,消遣；分心
274,distribute,分发
275,district,区
276,diverse,各种各样的
277,diversity,多样性；差异
278,divide,分开
279,division,除法；部门
280,document,文件
281,dominant,占优势的
282,domination,主导
283,donation,捐赠
284,donate,捐赠
285,dormitory,宿舍
286,downfall,（雨等的）大下特下
287,download,下载
288,dramatically,戏剧性地，引人注目地
289,dropout,辍学
290,due,到期的
291,dump,倾倒；倾销
292,durable,持久的，耐用的
293,ease,轻松，舒适
294,easygoing,脾气随和的，温和的
295,effect,影响
296,efficiently,有效地
297,eliminate,消除
298,embarrass,尴尬
299,embarrassed,尴尬的；窘迫的
300,embrace,拥抱；接受；采纳
301,emergence,出现，发生
302,emergency,紧急情况
303,emission,排放，辐射
304,emit,发出，排出
305,emotional,情绪的；容易激动的；感动人的
306,emphasize,强调
307,encourage,鼓励
308,endurance,耐力
309,endure,忍耐；容忍
310,engage,忙于，从事；吸引
311,engagement,约会
312,enhance,提高；加强；增加
313,enormous,巨大的
314,enrich,丰富；使富有
315,enroll,注册
316,enrollment,入学人数
317,ensure,确保
318,entertaining,有趣的，使人愉快的
319,equal,相等的，平等的
320,equality,平等
321,equivalent,相等的，相当的
322,equivalence,等值，相等
323,era,纪元，年代
324,essay,散文，文章
325,essentially,本质上地；必须的
326,establish,建立，创办，设立
327,establishment,确立，制定；公司；设施
328,esteem,自尊
329,estimate,估计
330,evidence,根据，证据，迹象
331,evident,明显的
332,evil,邪恶，罪恶
333,evolve,使发展
334,exaggerate,夸张
335,excellent,卓越的，杰出的，极好的
336,exception,例外
337,excessive,过度的
338,exchange,交换，交流
339,exclude,排除，不包括
340,expand,扩大
341,exploit,开采
342,explore,探索
343,explosion,爆炸
344,expose,暴露
345,exposure,暴露；揭露
346,expressiveness,表达
347,extension,分机
348,extracurricular,课外的
349,facility,设施
350,faith,信任
351,familiar,熟悉的
352,fantasize,想象，幻想
353,fascinate,强烈地吸引，迷住
354,fascination,魅力；入迷
355,fatal,致命的，攸关的
356,fate,命运
357,fatigue,疲劳，疲乏
358,favorable,赞同的
359,feasible,可行的；可能的；可用的
360,feature,特点
361,feedback,反馈
362,fiction,小说，虚构的文学作品
363,figure,人物；数字
364,financial,财政的，经济的
365,finance,财政；筹集资金
366,fine,罚款
367,fitness,健康
368,flexible,灵活的
369,foothold,立足处（攀登时脚踩的地方）
370,formulate,规定，制定
371,fortunately,幸运地
372,foundation,地基；基础；基金会
373,frighten,使惊恐，使恐慌
374,frontier,边境
375,function,功能，运行
376,fund,基金，储备；；提供资金
377,fuss,大惊小怪
378,gambling,赌博
379,gap,差距;缝隙缺口
380,garage,车库
381,gear,齿轮；使合适
382,gender,性别
383,generalization,一般化
384,generation,一代人，产生
385,generosity,慷慨，大方
386,generous,慷慨的
387,genuine,真正的
388,gift,礼物；天赋
389,gloomy,阴沉的，沮丧的
390,glorious,辉煌的
391,grab,抢先，抢占，抢夺
392,grocery,杂货店
393,groundlessly,无缘无故地，无根据地
394,guarantee,保证，担保
395,guideline,指导原则
396,guilt,有罪，犯罪行为
397,gym,体育馆，健身房
398,handle,控制，处理
399,hardworking,苦干的，不辞辛劳的
400,harm,有害
401,harmful,有害的
402,harmony,和谐
403,harsh,严酷的
404,hazard,危险
405,highlight,照亮；突出；强调
406,hire,雇佣
407,homemaker,主妇
408,honesty,诚实
409,honor,纪念
410,hospitalize,就医
411,household,家庭，一家人
412,humanity,人类，总称人(性)
413,identical,相同的
414,identify,认出，识别；视为
415,identification,鉴定，识别；认同；身份证明
416,identity,身份
417,ignorance,无知，愚昧
418,ignore,忽视，不顾
419,illegal,非法的
420,illustrate,"说明,阐明"
421,image,形象，声誉，印象
422,imaginary,虚构的，想象的
423,immobile,稳定的，不变的
424,impact,影响
425,impermanent,非永久（性）的；不持久的，暂时的
426,impermanency,非永久性
427,implement,实施，执行
428,imply,意味；暗示
429,import,进口
430,impose,强加
431,improper,不合适的，不适当的
432,inadequate,不足的，不够的
433,inappropriate,不合适的
434,include,包含
435,incredible,不可思议的
436,indicate,表明
437,indispensable,必不可少的
438,individual,个人
439,induce,引诱
440,inevitable,不可避免的
441,infinite,无限的
442,inflation,通货膨胀
443,inflate,膨胀
444,influence,影响
445,influential,有影响力的
446,ingredient,成分，原料
447,inherit,继承
448,initiate,开始，发起
449,initiative,主动权，自主权
450,injure,使受伤
451,innocent,无辜的，天真的；
452,innovation,改革，创新
453,insecure,不安全的
454,insight,洞察力，洞悉
455,inspiration,灵感
456,inspire,激发；鼓舞；使产生灵感
457,install,安装
458,installation,安装，就任
459,installment,安装，分期付款
460,instant,立即的；紧急的；速溶的，方便的
461,institute,建立
462,institution,社会公共机构；制度，习俗；设立，制定
463,instruction,命令，指示，用法说明
464,instruct,指导；通知；命令；教授
465,instrument,仪器，器械，工具
466,intake,摄入
467,integrity,完整，综合
468,intelligence,智力，智慧，理解力
469,intelligent,智能的
470,intend,打算
471,interconnect,相互联系
472,interdependence,相互依靠
473,interpret,解释
474,interracial,种族间的
475,intervention,干涉
476,interview,会见；面谈（试）；采访
477,invade,侵入，侵略
478,invalid,无效的
479,invest,投资
480,involve,卷入，包含
481,irrationally,不合理地，无理性地
482,irritate,激怒
483,issue,发行；问题
484,item,条，条款
485,joint,联合的
486,keenly,敏锐地
487,launch,发射
488,laundry,洗衣房；要洗的衣服
489,legal,法律的
490,leisure,悠闲，空闲
491,lengthy,长的，漫长的
492,liability,责任
493,literature,文学，文学作品；文献
494,loan,贷款
495,locate,位于，定位
496,lodge,住宿，暂住
497,logic,逻辑
498,loyalty,忠诚，忠实
499,mainstream,主流
500,maintain,维持，主张
501,major,主要的；主修
502,majority,多数
503,makeup,化装
504,malfunction,失灵，故障
505,manufacture,制造，生产
506,margin,边缘，范围
507,marvelous,引起惊异的
508,masculine,男性的
509,massive,巨大的 大量的
510,matter,要紧，重要
511,maximum,最大值的，最大量的
512,means,方法
513,measure,分量，尺寸，量具，测量；；测量
514,mechanic,机械师
515,mechanism,机制，机能
516,merit,优点，成绩；值得
517,migration,迁移，移民
518,military,军队的，军事的
519,mineral,矿物的，似矿物的
520,miscalculation,算错，误算
521,miserable,痛苦的
522,misguided,被误导的
523,mislead,误导
524,mission,使命，任务；代表团
525,misunderstand,误解
526,monitor,监控，监听
527,motivate,促动，激发，诱导
528,motivation,激励，刺激
529,mutual,相互的
530,narrow,限制
531,needy,贫穷的
532,negative,否定的；消积的
533,negotiate,谈判，协商，交涉
534,neighborhood,地区
535,obstacle,阻碍
536,obtain,获得
537,occupation,职业，工作
538,operation,手术；行动
539,opposite,相反的
540,organ,器官
541,original,原始的，最初的
542,originate,开始
543,outline,梗概，提纲，草稿，要点
544,overcome,战胜，克服
545,overestimate,对（数量）估计过高
546,overflow,溢出，淹没
547,overload,使负担太重
548,overtake,超车
549,overweight,超重的
550,overwhelm,压倒，战胜
551,painful,痛苦的，疼痛的，令人不快的
552,participate,参与，参加
553,particular,特别的，挑剔的
554,passionate,热情的
555,passion,热情，激情
556,passive,被动的
557,patiently,耐心地
558,pattern,模式
559,peaceful,平静的，和平的
560,peer,同龄人
561,perceive,察觉
562,performance,演出，履行，表现
563,permanent,永久的
564,persistence,坚持不懈
565,personality,个性，性格
566,perspective,视角，观点；远景
567,persuade,说服
568,persuasion,劝说
569,physical,身体上的
570,physics,物理，物理学
571,picky,挑剔的
572,pioneer,开拓，开发
573,planet,行星
574,pledge,保证，誓言
575,poison,使中毒
576,poll,民意调查
577,pop,突然出现，跳出
578,porter,搬运工
579,pose,摆姿势，装腔作势；姿势
580,position,职位
581,postgraduate,研究生
582,potential,潜力；有可能的；潜在的
583,praise,赞扬，赞美
584,predict,预言，预测，预告
585,preference,偏爱
586,pregnant,怀孕的
587,prejudice,偏见
588,preservation,保存，保留
589,prevail,流行，盛行
590,prevent,预防
591,preventable,可预防的
592,previous,之前的；先前地
593,previously,事先
594,primarily,主要地，首先
595,primitive,原始的；简单的
596,principle,原则，原理
597,priority,优先，优先权
598,privacy,隐私
599,process,过程，进程；工序；(法律)程序；处理
600,productive,富有成效的
601,profitable,有利可图的，有益的
602,profound,深厚的
603,programming,计划，节目(单)，程序；；编程
604,prohibit,禁止，阻止，防止
605,project,工程，作业
606,prominent,杰出的，突起的，凸出的
607,promising,有希望的，有前途的
608,promote,促进，提升，推销
609,prompt,敏捷的；v. 敦促
610,proportion,比例，部分
611,prospect,前景
612,provoke,激起，挑起
613,psychological,心理上的
614,publicize,宣布
615,punctual,准时的
616,pursue,追求
617,qualification,资格(证明)，合格证书
618,qualify,使……有资格
619,quality,品质
620,quantity,量，数量
621,quit,放弃
622,raise,提高，筹款，抚养
623,range,范围；在范围内变化
624,rank,分等级；衔，阶层
625,rare,罕有的，少见的
626,rational,神智清楚的
627,realistic,现实的，实际的
628,rearrange,重新安排
629,reception,接待
630,recession,衰退
631,recharge,再充电
632,recommend,推荐，劝告，使受欢迎
633,recover,恢复，重新获得
634,recruit,招募，吸收；新兵，新成员
635,reduce,减少
636,refreshing,恢复活力的
637,refuel,（给）加油，加燃料
638,refusal,拒绝
639,regular,有规律的，经常的
640,regularly,定期地，有规律地
641,regulate,管理
642,regulation,管理；规则
643,relative,相对的；亲戚
644,release,发布，释放
645,relevant,有关的，中肯的
646,reliable,可靠的，可信赖的
647,relieve,解除，减轻，缓解
648,reluctant,不愿意的，勉强的
649,remedy,药物
650,remove,消除，移除
651,render,给予
652,renew,更新
653,repave,再铺，重新铺砌
654,replace,代替
655,represent,代表
656,representative,代表
657,reputation,名气，名声，名誉
658,request,要求
659,require,要求，命令
660,rescue,营救，援救
661,reservation,预定
662,resident,居民
663,resign,辞职
664,resist,抵抗，抗拒
665,resolve,解决，下决心
666,respectful,有礼貌的，尊重的
667,responsibility,责任
668,responsible,负责的，有责任的
669,restock,重新进货，再储存
670,restore,修复
671,restrict,限制，限定
672,restriction,限制，限定
673,retail,零售
674,reveal,揭露，揭示
675,revenge,报仇
676,revenue,收入
677,reverse,（使）反转
678,revise,修订
679,revolution,革命
680,reward,报答，奖赏
681,riotous,狂暴的
682,rocket,火箭；猛增
683,routinely,例行公事地
684,saint,圣人
685,save,节省
686,schedule,日程表
687,scholarship,奖学金
688,scope,范围
689,scratch,抓，划痕
690,screen,筛查
691,secure,确保……安全
692,seldom,很少，罕见
693,selection,选择，挑选
694,selective,"选择的,精选的"
695,selfish,自私的
696,sensitive,敏感的
697,separately,分别地，另行
698,session,开会，会议
699,severe,严重的
700,shock,感到震惊
701,shortcut,捷径，近路
702,showmanship,主技演出的技巧
703,sightseeing,观光
704,signal,信号，发信号
705,significant,重要的
706,similar,相似的
707,simplicity,简单
708,site,场所，地址
709,situation,情况
710,skyrocket,突升，猛涨
711,slave,奴隶
712,socialize,交往，联谊
713,solution,解决，解答，解决办法
714,spare,空闲的
715,specialize,专业从事
716,specific,特定的，具体的
717,specify,指定，具体说明
718,sponsor,赞助
719,spontaneous,自发的
720,spread,传播，扩撒
721,standardize,使标准化
722,startle,吃惊
723,steady,稳定的，逐步的
724,steal,偷窃
725,steer,驾驶
726,stereotype,老套，固定模式
727,stimulate,刺激
728,stock,库存，股票
729,strategy,策略，战略
730,stressful,充满著压力的，充满著紧张的
731,stress,"压力,重音"
732,strict,严格的
733,structure,结构
734,struggle,搏斗
735,subsidize,提供补贴
736,substantial,大量的
737,suffer,受痛苦
738,sufficient,足够的
739,superior,上级的，较高的；上级，长官
740,supervision,监督
741,suppose,料想，以为；假定；期望
742,surf,冲浪
743,survey,调查，审视，仔细考虑；勘测，测量，测绘，调查
744,suspect,怀疑，猜想；嫌疑犯
745,sustain,维持
746,sustainable,可持续的
747,swift,迅速的
748,switch,转变，改变
749,symbol,象征，标志
750,sympathy,同情心
751,tackle,处理
752,tailor,调整使适应
753,takeoff,起飞
754,tank,油箱，水箱
755,tasteless,无味的
756,technical,技术的
757,technique,技术，技能；技巧，手艺
758,technician,技术员，技师
759,tedious,单调沉闷的
760,temptation,诱惑，引诱
761,tension,紧张
762,tent,帐篷
763,terribly,可怕地，非常
764,therapy,疗法 治疗
765,threaten,威胁
766,tide,顺应潮水航行
767,tighten,紧的，紧缩的
768,tiny,微小的
769,tolerance,宽容，容忍
770,toothache,牙痛，牙疼
771,track,"跟踪,足迹"
772,trait,性格
773,transaction,交易，业务，事务
774,transfer,转换，调换
775,transportation,运输
776,treatment,治疗，对待
777,tremble,颤抖
778,triumph,胜利
779,tuition,学费
780,tumor,瘤
781,ultimately,最后，最终
782,unaffordable,买不起的，负担不起的
783,uncertain,不确定的
784,undermine,暗中破坏
785,unique,独特的，唯一的
786,universal,普遍的，宇宙的，全世界的
787,upbringing,养育，培养，教养
788,update,更新，使现代化
789,valid,有效的
790,value,重视
791,vanish,消失
792,variety,多样
793,vehicle,车辆
794,version,版本
795,view,看待
796,violate,违反
797,virtually,几乎，差不多
798,virus,病毒
799,visibility,能见度
800,visible,看得见的
801,vital,重要的
802,vocabulary,词汇
803,vote,投票，选举
804,wise,聪明的，有智慧的
805,witness,目击者，目击
806,worsen,（使）变得更坏
807,worthwhile,有价值的
808,yield,屈服，产出；产量
809,comprehensive,综合的，全面的
810,synthetic,合成的，人造的
811,undergo,承受
812,fair,集市
813,bakery,面包店
814,lap,膝盖
815,sideways,向侧面
816,swallow,咽下，吞下
817,durability,持久
818,symbolize,象征
819,everlasting,永恒的
820,wedding,婚礼
821,excess,过量，过度
822,instance,情况，例子
823,slightly,轻微地
824,undertake,承担
825,frown,皱眉
826,overcharge,向……多收费
827,grid,输电网
828,vary,变化；不同
829,evolutionary,演变的，进化的
830,psychologist,心理学家
831,substitute,代替
832,dictate,命令，规定
833,subdivision,分区
834,utility,使用，公共设施
835,prohibitively,过分地，非常地
836,sway,影响
837,reproductive,生殖的，再生的
838,exhaust,使筋疲力尽
839,domestic,国内的
840,fetch,取回
841,retrain,再教育；再训练
842,biological,生物的
843,perception,感知
844,consume,消费，消耗
845,solely,单独地，唯一地
846,characteristic,特点
847,complex,复杂的
848,response,反应
849,rate,比率，速率
850,solid,扎实的，坚实的
851,prepare,做准备
852,unwilling,不愿意的
853,mature,成熟的
854,deadline,最后期限
855,retirement,退休
856,appealing,吸引人的
857,barely,仅仅，几乎不
858,unbearable,无法忍受的
859,grave,坟墓
860,implication,含义，暗示
861,menu,菜单
862,standpoint,立场
863,justice,公正
864,expectation,期望
865,professional,专业的
866,radically,完全地，彻底地
867,voluntary,自愿的，主动的
868,independently,独立地
869,favor,"偏好, 赞同"
870,puzzling,令人困惑的
871,tremendous,巨大的
872,strain,扭伤，拉伤
873,exhibition,展览
874,gallery,美术馆
875,evaluate,评价
876,dust,灰尘
877,accompany,陪伴
878,submit,提交
879,awful,可怕的，骇人的
880,chat,聊天
881,underline,强调
882,survival,幸存
883,dishonest,不诚实的
884,neglect,忽视
885,treasure,珍爱
886,rigorous,严格的
887,counseling,咨询服务
888,competent,胜任的，有能力的
889,divine,神圣的
890,assess,评价
891,reassess,重新评估
892,rude,粗鲁的
893,tough,困难的
894,justify,证明……正当
895,persistent,持续的，坚持的
896,surpass,超过
897,dilemma,困境
898,generate,产生
899,primary,主要的，基本的
900,vitally,极其重要地
901,confuse,使混淆，迷惑
902,reframe,重新装裱
903,inquiry,询问
904,intention,打算，意图
905,engine,引擎，发动机
906,occasion,场合
907,extensively,广泛地
908,column,专栏
909,melt,融化
910,sensible,明智的
911,essential,本质的，必须的
912,solve,解决
913,seize,抓住
914,alternative,代替品
915,prosperity,繁荣
916,conservation,保护，保存
917,slippery,模糊的，不明确的，滑的
918,destruction,破坏
919,preserve,保护
920,abstract,抽象的
921,mystery,迷，神秘的事物
922,refine,改善，精炼
923,quotation,引文
924,react,对……作出反应
925,replacement,代替
926,consequently,结果
927,soar,猛增
928,incline,倾向于
929,minor,小的
930,grief,悲伤
931,facilitate,使便利，促进
932,simplify,简化
933,procedure,程序
934,disservice,伤害，帮倒忙
935,phenomenon,现象
936,endanger,危及，危害，濒临危险
937,overwhelming,压倒性的
938,observe,遵守
939,entertainment,娱乐
940,optimistic,乐观的
941,adversity,逆境，不幸
942,misguide,误导
943,energetic,精力充沛的
944,unintended,意想不到的
945,setting,背景，环境
946,tempting,诱人的，吸引人的
947,interruption,打扰，中断
948,prescription,处方
949,paradox,悖论，自相矛盾
950,namely,即，也就是
951,undoubtedly,无疑
952,distinctive,独特的，与众不同的
953,retreat,退避，后退
954,entitle,使具有权利，使具有资格
955,fussy,大惊小怪的，小题大做的
956,dishwasher,洗碗机
957,forum,论坛
958,inadequacy,不足
959,lobby,大堂；游说
960,agent,代理商
961,convince,使相信
962,flexibility,灵活性；适应性
963,plastic,塑料的
964,frame,框架
965,groundsheet,防潮布
966,geographic,地理的
967,diplomatic,外交的
968,judgement,判断，决定
969,private,私人的
970,cozy,舒适的
971,mill,工厂
972,enable,使能够……
973,laborious,费力的
974,delight,高兴
975,scale,规模，比例
976,amusing,有趣的，好玩儿的
977,panic,恐慌的
978,consciousness,意识
979,statistics,统计学；数据
980,bride,新娘
981,absent,缺席的
982,annoy,使反感，厌烦
983,insist,主张，坚持
984,forefinger,食指
985,bow,鞠躬
986,gesture,手势，姿势
987,harvest,丰收，收获
988,sticky,粘的
989,resistance,"抵制, 抵抗力"
990,bacteria,细菌
991,particle,微粒
992,gum,牙龈
993,resemble,像，相似
994,trace,痕迹
995,discrimination,歧视
996,pointless,无意义的
997,rental,租
998,indifferent,冷漠的
999,reflect,反映
1000,liberation,解放
1001,option,选择
1002,initially,最初，起初
1003,attribute,归因于
1004,accelerate,加速
1005,sphere,"球体, 范围"
1006,widespread,普遍的，广泛的
1007,transform,改变
1008,immeasurable,无法估量的
1009,contaminate,污染，弄脏
1010,territory,领土，领域
1011,virtual,虚拟的
1012,invariably,不变地，一直
1013,long,渴望
1014,welfare,福利
1015,lessen,减少
1016,unrest,不安定，动荡
1017,authoritative,权威的
1018,neutral,中立的
1019,racially,种族上地
1020,disappointing,令人失望的
1021,plant,工厂
1022,inspector,检查员
1023,headquarter,设立总部，在…设立总部
1024,worldwide,全世界范围地
1025,council,议会
1026,clue,线索
1027,cheat,"欺骗, 作弊"
1028,insult,侮辱
1029,distress,使痛苦，悲痛
1030,discourage,"使气馁, 阻碍"
1031,prosper,繁荣
1032,retain,"保留,留用"
1033,contest,比赛
1034,proposal,提议
1035,combination,联合，结合
1036,promotional,促销的
1037,smooth,光滑的
1038,intense,强烈的
1039,irregular,不规律的
1040,incidence,几率，发生率
1041,shade,阴凉处
1042,pension,养老金
1043,deepen,使加深，加剧
1044,complement,补充
1045,squeeze,压，榨
1046,civilization,文明
1047,extraordinary,非凡的
1048,poisonous,有毒的，有害的
1049,recycle,循环，再利用
1050,inquire,询问
1051,mask,掩饰
1052,symptom,症状
1053,plague,使困扰
1054,twist,扭曲，使弯曲
1055,terminal,终点站，航空站
1056,passively,消极地
1057,outcome,结果
1058,signature,签名
1059,task,任务，工作
1060,convincing,令人信服的
1061,downsize,裁员
1062,foreseeable,可以预见的
1063,status,地位
1064,preferentially,优先地
1065,source,来源
1066,riot,暴乱
1067,grain,谷物，粮食
1068,retailer,零售商
1069,amaze,使吃惊
1070,origin,起源
1071,commencement,毕业典礼
1072,innovate,创新，革新
1073,hit,"成功, 打击"
1074,crucial,至关重要的
1075,breakthrough,突破
1076,exile,流放，放逐
1077,element,元素，要素
1078,interpretation,阐释，说明
1079,accustom,使习惯
1080,superficial,肤浅的
1081,respectively,各自地
1082,fundamentally,根本上
1083,cruelty,残暴，残酷
1084,govern,管理，支配
1085,hinder,阻碍
1086,undervalue,低估
1087,evaluation,评价，评估
1088,define,下定义，确定
1089,backslide,倒退，退步
1090,offense,过错，犯罪
1091,convict,证明…有罪
1092,marginalize,边缘化，排斥
1093,desert,抛弃
1094,sentence,判决
1095,reserve,留出，预定
1096,penalty,惩罚
1097,logically,合乎情理地，符合逻辑地
1098,abundant,大量的，丰富的
1099,overstate,夸张，夸大
1100,snack,零食，小吃
1101,via,通过
1102,fade,逐渐消失
1103,resistant,抵抗的，抵制的
1104,theory,理论
1105,protest,抗议
1106,reject,拒绝，驳回
1107,flaw,缺点，错误
1108,seemingly,表面上看
1109,objection,反对
1110,fancy,华丽的，别致的
1111,hub,中心
1112,incomparable,无比的，无可匹敌的
1113,incentive,动机，刺激
1114,startup,启动，开办
1115,reproduce,"复制, 再生"
1116,distinct,明显的；有区别的
1117,stake,风险
1118,moral,"精神上的, 道德的"
1119,opponent,对手
1120,explicitly,直接地，明确地
1121,rival,对手
1122,confrontation,冲突，对抗
1123,stale,乏味的，没有新意的
1124,reinforce,加强，强化
1125,ring,拳击台
1126,attendance,出席，到场
1127,flow,流动
1128,mood,心情
1129,mutually,互相地
1130,review,回顾；复习
1131,elegant,优雅的
1132,hospitable,热情友好的
1133,constitute,组成
1134,programmer,程序设计员
1135,sophisticated,复杂的；世故的
1136,ignorant,无知的
1137,imitate,模仿
1138,trigger,引发，引起
1139,code,代码，密码
1140,investigate,调查
1141,outgoing,开朗的；外出的
1142,evolution,演变，进化
1143,resourceful,机智的；资源丰富的
1144,myth,神话
1145,legend,传奇
1146,philosopher,哲学家
1147,concrete,具体的
1148,emerge,出现
1149,stir,搅动；煽动，激起
1150,senior,老年人
1151,nutritious,营养的
1152,expert,熟练的，内行的
1153,carpenter,木匠
1154,dampen,抑制
1155,grant,授予；允许
1156,security,安全，安保
1157,steep,急剧升/降的；陡峭的
1158,implementation,实现，履行
1159,weaken,减少，减弱
1160,puzzle,迷惑
1161,memorize,熟记，牢记
1162,cater,迎合
1163,a,一(个)；每一(个)
1164,abandon,丢弃；放弃，抛弃
1165,ability,能力；能耐，本领
1166,able,有能力的；出色的
1167,abnormal,不正常的；变态的
1168,aboard,在船(车)上；上船
1169,about,关于；在…周围
1170,above,在…上面；高于
1171,abroad,(在)国外；到处
1172,absence,缺席，不在场；缺乏
1173,absent,不在场的；缺乏的
1174,absolute,绝对的；纯粹的
1175,absolutely,完全地；绝对地
1176,absorb,吸收；使专心
1177,abstract,抽象的；摘要
1178,abundant,丰富的；大量的
1179,abuse,滥用；虐待；滥用
1180,academic,学院的；学术的
1181,academy,私立中学；专科院校
1182,accelerate,(使)加快；促进
1183,acceleration,加速；加速度
1184,accent,口音，腔调；重音
1185,accept,接受；同意
1186,acceptable,可接受的，合意的
1187,acceptance,接受，验收；承认
1188,access,接近；通道，入口
1189,accessary,同谋，从犯
1190,accident,意外的；事故
1191,accidental,偶然的；非本质的
1192,accommodate,容纳；供应，供给
1193,accommodation,招待设备；预定铺位
1194,accompany,陪伴，陪同；伴随
1195,accomplish,达到(目的)；完成
1196,accord,使一致；给予
1197,accordance,一致；和谐；授予
1198,accordingly,因此，所以；照着
1199,account,记述；解释；帐目
1200,accumulate,积累；堆积
1201,accuracy,准确(性)；准确度
1202,accurate,准确的，正确无误的
1203,accuse,指责；归咎于
1204,accustom,使习惯
1205,accustomed,惯常的；习惯的
1206,ache,痛；想念；疼痛
1207,achieve,完成，实现；达到
1208,achievement,完成；成就，成绩
1209,acid,酸；酸的，酸性的
1210,acquaintance,认识；了解；熟人
1211,acquire,取得；获得；学到
1212,acre,英亩(=607亩)
1213,across,横过；在…对面
1214,act,行动；见效；行为
1215,action,行动；作用；功能
1216,active,活跃的；积极的
1217,activity,活动；活力；行动
1218,actor,男演员；演剧的人
1219,actress,女演员
1220,actual,实际的；现行的
1221,actually,实际上；竟然
1222,acute,尖的，锐的；敏锐的
1223,ad,广告
1224,adapt,使适应；改编
1225,add,添加，附加，掺加
1226,addition,加，加法；附加物
1227,additional,附加的，追加的
1228,address,地址；演说；谈吐
1229,adequate,足够的；可以胜任的
1230,adjective,形容词；形容词的
1231,adjust,调整，调节；校正
1232,administration,管理；管理部门
1233,admire,钦佩，羡慕，赞赏
1234,admission,允许进入；承认
1235,admit,承认；准许…进入
1236,adopt,收养；采用；采取
1237,adult,成年人；成年的
1238,advance,前进；提高；进展
1239,advanced,先进的；高级的
1240,advantage,优点，优势；好处
1241,adventure,冒险；惊险活动
1242,adverb,副词
1243,advertisement,广告；公告；登广告
1244,advice,劝告；忠告；意见
1245,advisable,明智的；可取的
1246,advise,劝告；建议；通知
1247,aeroplane,飞机
1248,affair,事情，事件；事务
1249,affect,影响；感动
1250,affection,慈爱，爱；爱慕
1251,afford,担负得起…；提供
1252,afraid,害怕的；担心的
1253,Africa,非洲
1254,African,非洲的；非洲人
1255,after,在…以后；次于
1256,afternoon,下午，午后
1257,afterward,后来，以后
1258,again,又一次；而且
1259,against,倚在；逆，对着
1260,age,年龄；时代；变老
1261,agency,经办；代理；代理处
1262,agent,代理人，代理商
1263,aggressive,侵略的；好斗的
1264,ago,以前
1265,agony,极度痛苦
1266,agree,同意；持相同意见
1267,agreement,协定，协议；同意
1268,agriculture,农业，农艺；农学
1269,ahead,在前；向前；提前
1270,aid,帮助，救护；助手
1271,aim,瞄准，针对；致力
1272,air,空气；空中；外观
1273,aircraft,飞机，飞行器
1274,airline,航空公司；航线
1275,airplane,飞机
1276,airport,机场，航空站
1277,alarm,惊恐，忧虑；警报
1278,alcohol,酒精，乙醇
1279,alike,同样的，相同的
1280,alive,活着的；活跃的
1281,all,全部的；全部
1282,allow,允许，准许；任
1283,alloy,合金；(金属的)成色
1284,almost,几乎，差不多
1285,alone,单独的；单独地
1286,along,沿着；向前
1287,aloud,出声地，大声地
1288,alphabet,字母表，字母系统
1289,already,早已，已经
1290,also,亦，也；而且，还
1291,alter,改变，变更；改做
1292,alternative,替换物；取舍，抉择
1293,although,尽管，虽然
1294,altitude,高，高度；高处
1295,altogether,完全；总而言之
1296,aluminium,铝
1297,always,总是，一直；永远
1298,amaze,使惊奇，使惊愕
1299,ambition,雄心，抱负，野心
1300,ambulance,救护车；野战医院
1301,America,美洲；美国
1302,American,美洲的；美国人
1303,among,在…之中
1304,amongst,在…之中(=among)
1305,amount,总数；数量；和
1306,ampere,安培
1307,amplify,放大，增强；扩大
1308,amuse,逗…乐；给…娱乐
1309,analyse,分析，分解，解析
1310,analysis,分析，分解，解析
1311,ancestor,祖宗，祖先
1312,anchor,锚；抛锚，停泊
1313,ancient,古代的，古老的
1314,and,和，又，并，则
1315,angel,天使，神差，安琪儿
1316,anger,怒，愤怒；使发怒
1317,angle,角，角度
1318,angry,愤怒的，生气的
1319,animal,动物，兽；动物的
1320,ankle,踝，踝节部
1321,announce,宣布，宣告，发表
1322,announcer,宣告者；播音员
1323,annoy,使恼怒；打搅
1324,annual,每年的；年报
1325,another,再一个的；别的
1326,answer,回答；响应；适应
1327,ant,蚂蚁
1328,anticipate,预料，预期，期望
1329,anxiety,焦虑，忧虑；渴望
1330,anxious,忧虑的；渴望的
1331,any,什么，一些；任何的
1332,anybody,任何人
1333,anyhow,无论如何
1334,anyone,任何人
1335,anything,任何事物；一切
1336,anyway,无论如何
1337,anywhere,在什么地方
1338,apart,相隔；分开；除去
1339,apartment,一套公寓房间
1340,apologize,道歉，谢罪，认错
1341,apology,道歉，认错，谢罪
1342,apparatus,器械，仪器；器官
1343,apparent,表面上的；明显的
1344,appeal,呼吁；申述
1345,appear,出现；来到；似乎
1346,appearance,出现，来到；外观
1347,appetite,食欲，胃口；欲望
1348,apple,苹果，苹果树
1349,appliance,用具，器具，器械
1350,applicable,能应用的；适当的
1351,application,请求，申请；施用
1352,apply,应用，实施，使用
1353,appoint,任命，委任；约定
1354,appointment,任命；约定，约会
1355,appreciate,欣赏；领会；感谢
1356,approach,向…靠近；靠近
1357,appropriate,适当的，恰当的
1358,approval,赞成，同意；批准
1359,approve,赞成，称许；批准
1360,approximate,近似的；近似
1361,approximately,近似地，大约
1362,April,四月
1363,Arabian,阿拉伯的
1364,arbitrary,随心所欲的；专断的
1365,architecture,建筑学；建筑式样
1366,area,面积；地区；领域
1367,argue,争论，争辩，辩论
1368,argument,争论，辩论；理由
1369,arise,出现；由…引起
1370,arithmetic,算术，四则运算
1371,arm,臂；臂状物；武器
1372,army,军队；陆军
1373,around,在…周围
1374,arouse,引起，唤起；唤醒
1375,arrange,筹备；整理；调解
1376,arrangement,整理，排列；安排
1377,arrest,逮捕，拘留；阻止
1378,arrival,到达；到来；到达者
1379,arrive,到达；来临；达到
1380,arrow,箭；箭状物
1381,art,艺术，美术；技术
1382,article,文章；条款；物品
1383,artificial,人工的；娇揉造作的
1384,artist,艺术家，美术家
1385,artistic,艺术的；艺术家的
1386,as,当…的时候
1387,ash,灰，灰末；骨灰
1388,ashamed,惭愧(的)；羞耻(的)
1389,Asia,亚洲
1390,Asian,亚洲的；亚洲人
1391,aside,在旁边，到旁边
1392,ask,问；要求；邀请
1393,asleep,睡着的，睡熟的
1394,aspect,方面；样子，外表
1395,assemble,集合，召集；装配
1396,assembly,集合；集会；装配
1397,assess,对(财产等)估价
1398,assign,指派；分配；指定
1399,assignment,任务，指定的作业
1400,assist,援助，帮助；搀扶
1401,assistant,助手，助理；助教
1402,associate,交往；伙伴，同事
1403,association,协会，团体；联合
1404,assume,假定；承担；呈现
1405,assure,使确信；向…保证
1406,astonish,使惊讶，使吃惊
1407,astronaut,宇宙航行员，宇航员
1408,at,在…里；在…时
1409,athlete,运动员；田径运动员
1410,Atlantic,大西洋的；大西洋
1411,atmosphere,大气；空气；气氛
1412,atmospheric,大气的；大气层的
1413,atom,原子；微粒；微量
1414,atomic,原子的；原子能的
1415,attach,缚，系，贴；附加
1416,attack,攻击，进攻
1417,attain,达到，获得，完成
1418,attempt,尝试，试图；企图
1419,attend,出席；照顾，护理
1420,attention,注意，留心；注意力
1421,attentive,注意的；有礼貌的
1422,attitude,态度，看法；姿势
1423,attract,吸引；引起，诱惑
1424,attraction,吸引；吸引力；引力
1425,attractive,有吸引力的
1426,attribute,把…归因于；属性
1427,audience,听众，观众，读者
1428,August,八月
1429,aunt,伯母，婶母，姑母
1430,aural,耳的，听觉的
1431,Australia,澳大利亚
1432,Australian,澳大利亚的
1433,author,作者，作家
1434,authority,当局，官方；权力
1435,auto,(口语)汽车
1436,automatic,自动的；机械的
1437,automation,自动，自动化
1438,automobile,汽车，机动车
1439,autumn,秋，秋季
1440,auxiliary,辅助的；附属的
1441,available,可利用的；通用的
1442,avenue,林荫道，道路；大街
1443,average,平均数；平均的
1444,aviation,航空，航空学
1445,avoid,避免，躲开；撤消
1446,await,等候，期待
1447,awake,醒着的；唤醒
1448,award,奖，奖品；判定
1449,aware,知道的，意识到的
1450,away,离开，远离；…去
1451,awful,令人不愉快的
1452,awfully,令人畏惧的；很
1453,awkward,笨拙的；尴尬的
1454,ax,斧子
1455,axis,轴，轴线；中心线
1456,baby,婴儿；孩子气的人
1457,back,在后；回原处；回
1458,background,背景，后景，经历
1459,backward,向后的；倒的；倒
1460,bacteria,细菌
1461,bad,坏的，恶的；严重的
1462,badly,坏，差；严重地
1463,badminton,羽毛球
1464,bag,袋，包，钱包，背包
1465,baggage,行李
1466,bake,烤，烘，焙；烧硬
1467,balance,使平衡；称；天平
1468,ball,球，球状物；舞会
1469,balloon,气球，玩具气球
1470,banana,香蕉；芭蕉属植物
1471,band,乐队；带；波段
1472,bang,巨响，枪声；猛击
1473,bank,银行；库；岩，堤
1474,banner,旗，旗帜，横幅
1475,bar,酒吧间；条，杆；栅
1476,barber,理发师
1477,bare,赤裸的；仅仅的
1478,bargain,交易；议价；成交
1479,bark,吠叫声；吠，叫
1480,barn,谷仓；牲口棚
1481,barrel,桶；圆筒；枪管
1482,barrier,栅栏，屏障；障碍
1483,base,基础，底层；基地
1484,basic,基本的，基础的
1485,basically,基本上
1486,basin,盆，洗脸盆；盆地
1487,basis,基础，根据
1488,basket,篮，篓，筐
1489,basketball,篮球；篮球运动
1490,bat,球拍；短棍；蝙蝠
1491,bath,浴，洗澡；浴缸
1492,bathe,给…洗澡；弄湿
1493,bathroom,浴室；盥洗室
1494,battery,电池；一套，一组
1495,battle,战役；斗争；作战
1496,bay,湾；山脉中的凹处
1497,be,v&vi是，在，做
1498,beach,海滩，湖滩，河滩
1499,beam,梁；横梁；束，柱
1500,bean,豆，蚕豆
1501,bear,熊；粗鲁的人
1502,beard,胡须，络腮胡子
1503,beast,兽，野兽；牲畜
1504,beat,打，敲；打败
1505,beautiful,美的，美丽的
1506,beauty,美，美丽；美人
1507,because,由于，因为
1508,become,变成；成为，变得
1509,bed,床，床位；圃；河床
1510,bee,蜂，密蜂；忙碌的人
1511,beef,牛肉；菜牛
1512,beer,啤酒
1513,before,在…以前；向…
1514,beg,乞求；请求
1515,beggar,乞丐，穷人
1516,begin,开始
1517,beginner,初学者，生手
1518,beginning,开始，开端；起源
1519,behalf,利益，维护，支持
1520,behave,表现，举止；运转
1521,behavior,行为，举止，态度
1522,behind,在…后面
1523,being,存在；生物；生命
1524,belief,信任，相信；信念
1525,believe,相信；认为
1526,bell,钟，铃，门铃；钟声
1527,belong,属于，附属
1528,beloved,为…的爱的；爱人
1529,below,在…下面(以下)
1530,belt,带，腰带；皮带；区
1531,bench,长凳，条凳；工作台
1532,bend,使弯曲；弯曲
1533,beneath,在…下方
1534,beneficial,有利的，有益的
1535,benefit,利益；恩惠；津贴
1536,berry,浆果(如草莓等)
1537,beside,在…旁边
1538,besides,而且prep除…之外
1539,best,最好的；最大的
1540,bet,打赌
1541,betray,背叛；辜负；泄漏
1542,better,较好的；更好地
1543,between,在…中间
1544,beyond,在…的那边
1545,Bible,基督教《圣经》
1546,bicycle,自行车，脚踏车
1547,big,大的，巨大的
1548,bike,自行车；骑自行车
1549,bill,账单；招贴；票据
1550,billion,万亿(英)
1551,bind,捆绑；包扎；装钉
1552,biology,生物学；生态学
1553,bird,鸟，禽
1554,birth,分娩，出生；出身
1555,birthday,生日，诞生的日期
1556,biscuit,(英)饼干；(美)软饼
1557,bit,一点，一些，小片
1558,bite,咬，叮，螫；剌穿
1559,bitter,痛苦的；严寒的
1560,bitterly,苦苦地；悲痛地
1561,black,黑色的；黑暗的
1562,blackboard,黑板
1563,blade,刀刃，刀片；叶片
1564,blame,责备，把…归咎于
1565,blank,空白的；空白
1566,blanket,毛毯，毯子，羊毛毯
1567,blast,爆炸，冲击波；炸
1568,blaze,火；闪光；燃烧
1569,bleed,出血，流血；泌脂
1570,blend,混和
1571,bless,为…祝福
1572,blind,瞎的；盲目的
1573,block,街区；堵塞，拦阻
1574,blood,血，血液；血统
1575,bloom,花；开花，开花期
1576,blossom,花，开花；开花
1577,blow,吹，吹动；吹响
1578,blue,蓝色的；蓝色
1579,board,板；上(船、车等)
1580,boast,自夸；吹嘘
1581,boat,小船，艇；渔船
1582,body,身体；主体；尸体
1583,boil,沸腾；汽化vt煮沸
1584,bold,大胆的；冒失的
1585,bolt,螺栓；插销；闩门
1586,bomb,炸弹；轰炸
1587,bond,联结，联系；公债
1588,bone,骨，骨骼
1589,book,书，书籍；预定
1590,boot,靴子，长统靴
1591,booth,货摊；公用电话亭
1592,border,边，边缘；边界
1593,bore,使厌烦；钻，挖
1594,born,天生的；出生的
1595,borrow,借，借用，借人
1596,bosom,胸，胸部；内心
1597,boss,老板，上司；指挥
1598,both,两者(都)
1599,bother,烦扰，迷惑；麻烦
1600,bottle,瓶，酒瓶；一瓶
1601,bottom,底，底部，根基
1602,bough,树枝
1603,bounce,反跳，弹起；跳起
1604,bound,一定的；有义务的
1605,boundary,分界线，边界
1606,bow,弓；蝴蝶结；鞠躬
1607,bowl,碗，钵；碗状物
1608,box,箱，盒；包箱
1609,boy,男孩，少年；家伙
1610,brain,脑，脑髓；脑力
1611,brake,闸，刹车；制动
1612,branch,树枝；分部；分科
1613,brand,商品；烙印；铭刻
1614,brandy,白兰地酒
1615,brass,黄铜；黄铜器
1616,brave,勇敢的，华丽的
1617,bread,面包；食物，粮食
1618,breadth,宽度，幅度；幅面
1619,break,打破；损坏；破坏
1620,breakfast,早饭，早餐
1621,breast,乳房；胸脯，胸膛
1622,breath,气息，呼吸；气味
1623,breathe,呼吸
1624,breed,品种；使繁殖
1625,breeze,微风，和风
1626,brick,砖，砖块；砖状物
1627,bridge,桥，桥梁；桥牌
1628,brief,简短的；短暂的
1629,bright,明亮的；聪明的
1630,brighten,使发光；使快活
1631,brilliant,光辉的；卓越的
1632,brim,边，边缘；帽沿
1633,bring,带来；引出；促使
1634,brisk,活泼的；清新的
1635,bristle,短而硬的毛；鬃毛
1636,Britain,不列颠，英国
1637,British,不列颠的，英联邦的
1638,brittle,脆的；易损坏的
1639,broad,宽的，阔的；广泛的
1640,broadcast,广播，播音
1641,broken,被打碎的，骨折的
1642,bronze,青铜；青铜制品
1643,brood,同窝幼鸟；孵(蛋)
1644,brook,小河，溪流
1645,broom,扫帚
1646,brother,兄弟；同事，同胞
1647,brow,额；眉，眉毛
1648,brown,褐色，棕色
1649,bruise,青肿，伤痕；擦伤
1650,brush,刷子，毛刷；画笔
1651,brute,禽兽，畜生
1652,bubble,泡；冒泡，沸腾
1653,bucket,水桶；吊桶；铲斗
1654,bud,芽，萌芽；蓓蕾
1655,build,建筑；建立；创立
1656,building,建筑物，大楼；建筑
1657,bulb,电灯泡；球状物
1658,bulk,物体，容积，大批
1659,bull,公牛；雄的象
1660,bullet,枪弹，子弹，弹丸
1661,bunch,束，球，串；一群
1662,bundle,捆，包，束；包袱
1663,burden,担子，重担；装载量
1664,bureau,局，司，处；社，所
1665,burn,烧，燃烧；烧伤
1666,burst,使爆裂；爆炸
1667,bury,埋葬，葬；埋藏
1668,bus,公共汽车
1669,bush,灌木，灌木丛，矮树
1670,business,商业，生意；事务
1671,busy,忙的，繁忙的
1672,but,但是，可是
1673,butcher,屠夫；屠杀者
1674,butter,黄油；奶油
1675,butterfly,蝴蝶
1676,button,扣子；按钮；扣紧
1677,buy,买，购买；买
1678,by,在…旁；被，由
1679,cabbage,洋白菜，卷心菜
1680,cabin,小屋；船舱，机舱
1681,cabinet,橱，柜；内阁
1682,cable,缆，索；电缆；电报
1683,cafe,咖啡馆；小餐厅
1684,cafeteria,自助食堂
1685,cage,笼；鸟笼，囚笼
1686,cake,饼，糕，蛋糕
1687,calculate,计算；估计；计划
1688,calculation,计算，计算结果
1689,calculator,计算器，计算者
1690,calendar,日历，历书；历法
1691,call,把…叫做；叫，喊
1692,calm,静的，平静的
1693,camel,骆驼
1694,camera,照相机，摄影机
1695,camp,野营，营地，兵营
1696,campaign,战役；运动
1697,campus,校园，学校场地
1698,can,罐头，听头；容器
1699,Canada,加拿大
1700,Canadian,加拿大的
1701,canal,运河；沟渠；管
1702,cancel,取消，撤消；删去
1703,cancer,癌，癌症，肿瘤
1704,candidate,候选人；投考者
1705,candle,蜡烛；烛形物；烛光
1706,candy,糖果；砂糖结晶
1707,cannon,大炮，火炮；榴弹炮
1708,canoe,独木舟，皮艇，划子
1709,canteen,小卖部；临时餐室
1710,canvas,粗帆布；一块油画布
1711,cap,帽子，便帽；帽状物
1712,capable,有能力的，有才能的
1713,capacity,容量；能力；能量
1714,capital,资本，资金；首都
1715,captain,陆军上尉；队长
1716,captive,俘虏，被监禁的人
1717,capture,捕获，俘获；夺得
1718,car,汽车，小汽车，轿车
1719,carbon,碳
1720,card,卡，卡片，名片
1721,care,关心，介意；小心
1722,career,生涯，职业，经历
1723,careful,仔细的；细致的
1724,careless,粗心的，漫不经心的
1725,cargo,船货，货物
1726,carpenter,木工，木匠
1727,carpet,地毯，毡毯，毛毯
1728,carriage,客车厢；四轮马车
1729,carrier,运输工具；运载工具
1730,carrot,胡罗卜
1731,carry,携带；运载；传送
1732,cart,二轮运货马车
1733,carve,刻，雕刻；切开
1734,case,情况；事实；病例
1735,cash,现金，现款
1736,cassette,盒式录音带；盒子
1737,cast,投，扔，抛；浇铸
1738,castle,城堡；巨大建筑物
1739,casual,偶然的；随便的
1740,cat,猫，猫科，猫皮
1741,catalog,目录，目录册
1742,catch,捉住；赶上；领会
1743,cathedral,总教堂；大教堂
1744,cattle,牛；牲口，家畜
1745,cause,原因，理由；事业
1746,cave,山洞，洞穴，窑洞
1747,cease,停止，停息
1748,ceiling,天花板，顶蓬
1749,celebrate,庆祝；歌颂，赞美
1750,cell,细胞；小房间
1751,cellar,地窑，地下室
1752,cement,水泥；胶泥；粘结
1753,cent,分；分币；百
1754,centigrade,百分度的
1755,centimetre,公分，厘米
1756,central,中心的；主要的
1757,centre,中心；中枢；集中
1758,century,世纪，百年
1759,ceremony,典礼，仪式；礼节
1760,certain,确实的；肯定的
1761,certainly,一定，必定；当然
1762,certainty,必然；肯定
1763,certificate,证书，证件，执照
1764,chain,链，链条，项圈
1765,chair,椅子；主席
1766,chairman,主席；议长，会长
1767,chalk,白垩；粉笔
1768,challenge,挑战；要求，需要
1769,chamber,会议室；房间；腔
1770,champion,冠军，得胜者
1771,chance,机会，机遇；可能性
1772,change,改变，变化；零钱
1773,channel,海峡；渠道；频道
1774,chapter,章，回，篇
1775,character,性格；特性；角色
1776,characteristic,特有的；特性
1777,charge,索价；控告；费用
1778,charity,施舍；慈善事业
1779,charming,迷人的，可爱的
1780,chart,图，图表；海图
1781,chase,追逐，追赶，追求
1782,cheap,廉价的；劣质的
1783,cheat,骗取；哄；行骗
1784,check,检查；制止；检查
1785,cheek,面颊，脸蛋
1786,cheer,使振作；欢呼
1787,cheerful,快乐的，愉快的
1788,cheese,奶酪，干酪
1789,chemical,化学的；化学制品
1790,chemist,化学家；药剂师
1791,chemistry,化学
1792,cheque,支票
1793,cherry,樱桃；樱桃树
1794,chess,棋；国际象棋
1795,chest,胸腔，胸膛；箱子
1796,chew,咀嚼，嚼碎
1797,chicken,小鸡，小鸟；鸡肉
1798,chief,主要的；首席的
1799,child,小孩，儿童；儿子
1800,childhood,童年，幼年；早期
1801,childish,孩子的；幼稚的
1802,chill,使变冷；寒冷
1803,chimney,烟囱，烟筒；玻璃罩
1804,chin,颏，下巴
1805,China,中国
1806,Chinese,中国的；中国人
1807,chocolate,巧克力；巧克力糖
1808,choice,选择，抉择
1809,choke,使窒息；塞满
1810,choose,选择，挑选；情愿
1811,chop,砍，劈；切细；砍
1812,Christian,基督教徒；信徒
1813,Christmas,圣诞节
1814,church,教堂，礼拜堂；教会
1815,cigaret,香烟，纸烟，卷烟
1816,cinema,电影院；电影，影片
1817,circle,圆，圆周；圈子
1818,circuit,电路；环行；巡行
1819,circular,圆的；循环的
1820,circulate,使循环；循环
1821,circumference,圆周，周长，圆周线
1822,circumstance,情况，条件；境遇
1823,citizen,公民；市民，居民
1824,city,城市，都市
1825,civil,公民的；文职的
1826,civilization,文明，文化；开化
1827,civilize,使文明；教育
1828,claim,声称，主张；索取
1829,clap,拍手；拍，轻拍
1830,clarify,澄清，阐明
1831,clasp,扣子，钩子；别针
1832,class,班，班级；阶级
1833,classical,古典的；经典的
1834,classification,分类；分级；分类法
1835,classify,把…分类
1836,classmate,同班同学
1837,classroom,教室，课堂
1838,claw,爪，脚爪，螯
1839,clay,粘土，泥土；肉体
1840,clean,清洁的；纯洁的
1841,clear,清晰的；清除
1842,clearly,明白地，清晰地
1843,clerk,店员；办事员，职员
1844,clever,聪明的；机敏的
1845,cliff,悬崖，峭壁
1846,climate,气候；风土，地带
1847,climb,攀登，爬；爬
1848,cloak,斗篷；覆盖(物)
1849,clock,钟，仪表
1850,close,关，闭；结束
1851,closely,紧密地，接近地
1852,cloth,布；衣料；桌布
1853,clothe,给…穿衣服
1854,clothes,衣服，服装；被褥
1855,clothing,衣服，被褥
1856,cloud,云；云状物；阴影
1857,cloudy,多云的；云一般的
1858,club,俱乐部，夜总会
1859,clue,线索，暗示，提示
1860,clumsy,笨拙的；愚笨的
1861,coach,长途公共汽车
1862,coal,煤，煤块
1863,coarse,粗的，粗糙的
1864,coast,海岸，海滨(地区)
1865,coat,外套，上衣；表皮
1866,cock,公鸡；雄禽；旋塞
1867,code,准则；法典；代码
1868,coffee,咖啡，咖啡茶
1869,coil,(一)卷；线圈；卷
1870,coin,硬币；铸造(硬币)
1871,cold,冷的；冷淡的；冷
1872,collapse,倒坍；崩溃，瓦解
1873,collar,衣领，项圈
1874,colleague,同事，同僚
1875,collect,收集；收款
1876,collection,搜集，收集；收藏品
1877,collective,集体的；集合性的
1878,college,学院；大学
1879,collision,碰撞；冲突
1880,colonel,陆军上校；中校
1881,colony,殖民地；侨居地
1882,color,颜色，彩色；颜料
1883,column,柱，支柱，圆柱
1884,comb,梳子；梳理
1885,combination,结合，联合；化合
1886,combine,使结合；兼有
1887,come,来，来到；出现
1888,comfort,舒适；安慰；安慰
1889,comfortable,舒适的，安慰的
1890,command,命令，指挥；控制
1891,commander,司令官，指挥员
1892,comment,评论，意见；注释
1893,commerce,商业，贸易；社交
1894,commercial,商业的；商品化的
1895,commission,委任状；委员会
1896,commit,犯(错误);干(坏事)
1897,committee,委员会；全体委员
1898,common,普通的；共同的
1899,commonly,普通地，一般地
1900,communicate,通讯；传达；传播
1901,communication,通讯；传达；交通
1902,communism,共产主义
1903,communist,共产党员
1904,community,社区；社会；公社
1905,companion,同伴；共事者；伴侣
1906,company,公司，商号；同伴
1907,comparative,比较的，相对的
1908,compare,比较，对照；比作
1909,comparison,比较，对照；比似
1910,compass,罗盘，指南针；圆规
1911,compel,强迫，迫使屈服
1912,compete,比赛；竞争；对抗
1913,competent,有能力的；应该做的
1914,competition,竞争，比赛
1915,compile,编辑，编制，搜集
1916,complain,抱怨，拆苦；控告
1917,complaint,抱怨；怨言；控告
1918,complete,完整的；完成的
1919,completely,十分，完全地
1920,complex,结合的；复杂的
1921,complicate,使复杂；使陷入
1922,complicated,复杂的，难懂的
1923,component,组成部分；分；组件
1924,compose,组成，构成；创作
1925,composition,构成；作品；写作
1926,compound,化合物；复合词
1927,comprehension,理解，理解力；领悟
1928,comprehensive,广泛的；理解的
1929,compress,压紧，压缩
1930,comprise,包含，包括；构成
1931,compromise,妥协，和解
1932,compute,计算，估计，估算
1933,computer,计算机，电脑
1934,comrade,同志，亲密的同伴
1935,conceal,把…隐藏起来
1936,concentrate,集中；聚集；浓缩
1937,concentration,集中；专注；浓缩
1938,concept,概念，观念，设想
1939,concern,关心，挂念；关系
1940,concerning,关于
1941,concert,音乐会，演奏会
1942,conclude,推断出；结束
1943,conclusion,结论，推论；结尾
1944,concrete,混凝土；具体物
1945,condemn,谴责，指责；判刑
1946,condense,压缩，使缩短
1947,condition,状况，状态；环境
1948,conduct,举止，行为；指导
1949,conductor,售票员；(乐队)指挥
1950,conference,会议，讨论会
1951,confess,供认，承认；坦白
1952,confidence,信任；信赖；信心
1953,confident,确信的，自信的
1954,confine,限制；禁闭
1955,confirm,证实，肯定；批准
1956,conflict,争论；冲突；斗争
1957,confuse,使混乱，混淆
1958,confusion,混乱；骚乱；混淆
1959,congratulate,祝贺，向…道喜
1960,congratulation,祝贺；祝贺词
1961,congress,大会；国会，议会
1962,conjunction,接合，连接；连接词
1963,connect,连接，连结；联系
1964,connection,连接，联系；连贯性
1965,conquer,征服，战胜；破除
1966,conquest,攻取，征服；克服
1967,conscience,良心，道德心
1968,conscious,意识到的；有意的
1969,consciousness,意识，觉悟；知觉
1970,consent,同意，赞成；同意
1971,consequence,结果，后果
1972,consequently,因此，因而，所以
1973,conservation,保存，保护；守恒
1974,conservative,保守的；保守的人
1975,consider,认为；考虑；关心
1976,considerable,相当大的；重要的
1977,considerate,考虑周到的；体谅的
1978,consideration,考虑，思考；体贴
1979,consist,由…组成；在于
1980,consistent,坚持的，一贯的
1981,constant,经常的；永恒的
1982,constitution,章程；体质；构造
1983,construct,建造；建设；构筑
1984,construction,建造；建筑；建筑物
1985,consult,请教，查阅
1986,consume,消耗，消费；消灭
1987,consumption,消耗量；消耗
1988,contact,使接触；与…联系
1989,contain,包含，容纳；等于
1990,container,容器；集装箱
1991,contemporary,当代的，同时代的
1992,contempt,轻蔑；藐视；受辱
1993,content,满意的，满足的
1994,contest,争夺，争取；辩驳
1995,continent,大陆；陆地；洲
1996,continual,不断的；连续的
1997,continue,继续，连续；延伸
1998,continuous,连续不断的，持续的
1999,contract,契约，合同；婚约
2000,contradiction,矛盾，不一致；否认
2001,contrary,相反的；相反
2002,contrast,对比，对照，悬殊
2003,contribute,捐献，捐助；投稿
2004,control,控制，克制；控制
2005,convenience,便利，方便；厕所
2006,convenient,便利的；近便的
2007,convention,习俗，惯例；公约
2008,conventional,普通的；习惯的
2009,conversation,会话，非正式会谈
2010,conversely,相反地
2011,conversion,转变，转化；改变
2012,convert,使转变；使改变
2013,convey,传送；运送；传播
2014,convince,使确信，使信服
2015,cook,烹调，煮；烧菜
2016,cool,凉的，冷静的
2017,cooperate,合作，协作；配合
2018,coordinate,使协调，调节
2019,cope,对付，应付
2020,copper,铜；铜币，铜制器
2021,copy,抄件；抄写，复制
2022,cord,细绳，粗线，索
2023,cordial,真诚的，诚恳的
2024,core,果实的心，核心
2025,corn,谷物；(英)小麦
2026,corner,角；犄角；边远地区
2027,corporation,公司，企业；社团
2028,correct,正确的；纠正
2029,correction,改正，纠正，修改
2030,correspond,相符合；相当
2031,correspondent,通信者；通讯员
2032,corresponding,相应的；符合的
2033,corridor,走廊，回廊，通路
2034,cost,价格，代价；成本
2035,costly,昂贵的；价值高的
2036,cottage,村舍，小屋
2037,cotton,棉；棉线；棉布
2038,cough,咳，咳嗽；咳嗽
2039,could,v(can的过去式)
2040,council,理事会，委员会
2041,count,计算；数，计数
2042,counter,柜台；计数器
2043,country,国家，国土；农村
2044,countryside,乡下，农村
2045,county,英国的郡，美国的县
2046,couple,夫妇；(一)对；几个
2047,courage,勇气，胆量，胆识
2048,course,课程；过程；一道菜
2049,court,法院，法庭；庭院
2050,cousin,堂(或表)兄弟(姐妹)
2051,cover,盖，包括；盖子
2052,cow,母牛，奶牛；母兽
2053,coward,懦夫；胆怯者
2054,crack,裂缝，裂纹；爆裂
2055,craft,工艺；手艺，行业
2056,crane,起重机，摄影升降机
2057,crash,碰撞，坠落；碰撞
2058,crawl,爬，爬行
2059,crazy,疯狂的，荒唐的
2060,cream,奶油，乳脂；奶油色
2061,create,创造；引起，产生
2062,creative,创造性的，创作的
2063,creature,生物，动物，家畜
2064,credit,信用贷款；信用
2065,creep,爬行；缓慢地行进
2066,crew,全体船员
2067,cricket,板球；蟋蟀
2068,crime,罪，罪行；犯罪
2069,criminal,犯人，罪犯，刑事犯
2070,cripple,跛子；残废的人
2071,crisis,危机；存亡之际
2072,critic,批评家，爱挑剔的人
2073,critical,决定性的；批评的
2074,criticism,批评；批判；评论
2075,criticize,批评；评论；非难
2076,crop,农作物，庄稼；一熟
2077,cross,穿过；使交叉
2078,crow,鸦，乌鸦；啼
2079,crowd,群；大众；一伙人
2080,crown,王冠，冕；花冠
2081,crude,简陋的；天然的
2082,cruel,残忍的，残酷的
2083,crush,压碎，碾碎；镇压
2084,crust,面包皮；硬外皮
2085,cry,哭，哭泣；叫喊
2086,crystal,水晶，结晶体；晶粒
2087,cube,立方形；立方
2088,cubic,立方形的；立方的
2089,cucumber,黄瓜
2090,cultivate,耕；种植；培养
2091,culture,文化，文明；教养
2092,cunning,狡猾的，狡诈的
2093,cup,杯子；(一)杯；奖杯
2094,cupboard,碗柜，碗碟橱；食橱
2095,cure,医治；消除；治愈
2096,curiosity,好奇，好奇心；珍品
2097,curious,好奇的；稀奇古怪的
2098,curl,卷毛；螺旋；卷曲
2099,current,当前的；通用的
2100,curse,诅咒，咒骂；天谴
2101,curtain,帘，窗帘；幕(布)
2102,curve,曲线；弯；弄弯
2103,cushion,垫子，坐垫，靠垫
2104,custom,习惯，风俗；海关
2105,customer,顾客，主顾
2106,cut,切，割，剪；减少
2107,cycle,n自行车，循环
2108,daily,每日的；日报
2109,dairy,牛奶场；乳制品
2110,dam,水坝，水堤；障碍物
2111,damage,损害，毁坏；损害
2112,damp,潮湿的，有湿气的
2113,dance,跳舞；摇晃；舞
2114,danger,危险；危险事物
2115,dangerous,危险的，不安全的
2116,dare,v敢；竟敢
2117,daring,大胆的，勇敢的
2118,dark,暗的；黑色的
2119,darling,亲爱的人；宠儿
2120,dash,使猛撞；溅；猛冲
2121,data,数据;；资料
2122,date,日期；注…日期
2123,daughter,女儿
2124,dawn,黎明；开端；破晓
2125,day,(一)天，白昼，白天
2126,daylight,白昼，日光；黎明
2127,dead,死的，无生命的
2128,deadly,致命的，死一般的
2129,deaf,聋的；不愿听的
2130,deal,买卖；待遇；给予
2131,dear,亲爱的；啊
2132,death,死，死亡；灭亡
2133,debate,争论，辩论
2134,debt,债，债务，欠债
2135,decade,十年，十年期
2136,decay,腐烂；衰败；腐烂
2137,deceit,欺骗，欺诈
2138,deceive,欺骗，蒙蔽，行骗
2139,December,十二月
2140,decent,正派的；体面的
2141,decide,决定，决心；解决
2142,decision,决定，决心；果断
2143,deck,甲板；舱面；层面
2144,declare,断言；声明；表明
2145,decorate,装饰，装璜，修饰
2146,decrease,减少，减少
2147,deduce,演绎，推论，推断
2148,deed,行为；功绩；契约
2149,deep,深的；纵深的
2150,deepen,加深；深化
2151,deer,鹿
2152,defeat,战胜，击败；挫败
2153,defect,缺点，缺陷，欠缺
2154,defence,防御；防务；辩护
2155,defend,保卫，防守
2156,define,给…下定义；限定
2157,definite,明确的；肯定的
2158,definitely,一定地，明确地
2159,definition,定义，释义；定界
2160,degree,程度；度；学位
2161,delay,推迟；耽搁；延误
2162,delegation,代表团
2163,delete,删除；擦掉
2164,delicate,纤细的；易碎的
2165,delicious,美味的，怡人的
2166,delight,快乐；使高兴
2167,deliver,投递，送交；发表
2168,delivery,投递；交付；分娩
2169,demand,要求；需要；询问
2170,democracy,民主，民主制
2171,democratic,民主的，民主政体的
2172,demonstrate,说明；论证；表露
2173,dense,密集的；浓厚的
2174,density,密集，稠密；密度
2175,deny,否定；拒绝相信
2176,depart,离开，起程；出发
2177,department,部，司，局，处，系
2178,departure,离开，出发，起程
2179,depend,依靠，依赖；相信
2180,dependent,依靠的，依赖的
2181,deposit,使沉淀；存放
2182,depress,使沮丧；按下
2183,depth,深度；深厚；深处
2184,derive,取得；起源
2185,descend,下来，下降；下倾
2186,describe,形容；描写，描绘
2187,description,描写，形容；种类
2188,desert,沙漠；离弃；擅离
2189,deserve,应受，值得
2190,design,设计；设计；图样
2191,desirable,值得相望的；可取的
2192,desire,相望；要求；愿望
2193,desk,书桌，办公桌
2194,despair,绝望
2195,desperate,拼死的；绝望的
2196,despise,鄙视，蔑视
2197,despite,不管，不顾
2198,destination,目的地，终点；目标
2199,destroy,破坏；消灭；打破
2200,destruction,破坏，毁灭，消灭
2201,detail,细节；枝节；零件
2202,detect,察觉，发觉；侦察
2203,detection,察觉，发觉；侦察
2204,determination,决心；决定；确定
2205,determine,决定；查明；决心
2206,develop,发展；形成；开发
2207,development,发展；开发；生长
2208,device,器械，装置；设计
2209,devil,魔鬼，恶魔
2210,devise,设计，发明
2211,devote,将…奉献，致力于
2212,dew,露，露水
2213,diagram,图解，图表，简图
2214,dial,钟面；拨号盘；拨
2215,dialect,方言，土语，地方话
2216,dialog,对话，对白
2217,diameter,直径
2218,diamond,金钢石，钻石；菱形
2219,diary,日记，日记簿
2220,dictate,口授；命令
2221,dictation,口授笔录，听写
2222,dictionary,词典，字典
2223,die,死，死亡；灭亡
2224,differ,不同，相异
2225,difference,差别；差；分歧
2226,different,差异的；各种的
2227,difficult,困难的；难对付的
2228,difficulty,困难；难事；困境
2229,dig,掘，挖；采掘
2230,digest,消化；领会；文摘
2231,digital,数字的，计数的
2232,diligent,勤勉的，勤奋的
2233,dim,昏暗的；朦胧的
2234,dimension,尺寸，尺度；面积
2235,dinner,正餐，主餐；宴会
2236,dip,浸，蘸；浸一浸
2237,direct,直接的；直率的
2238,direction,方向，方位；指导
2239,directly,直接地；立即
2240,director,指导者；理事；导演
2241,dirt,尘，土；污物，污垢
2242,dirty,脏的；下流的
2243,disable,使无能，使伤残
2244,disadvantage,不利，不利地位
2245,disagree,有分歧；不一致
2246,disappear,不见，失踪；消失
2247,disappoint,使失望，使受挫折
2248,disaster,灾难，灾祸；天灾
2249,discard,丢弃，抛弃，遗弃
2250,discharge,释放；排出；释放
2251,discipline,纪律；训练；训练
2252,disclose,揭开，揭发；透露
2253,discourage,使泄气，使灰心
2254,discover,发现；暴露，显示
2255,discovery,发现；被发现的事物
2256,discuss,讨论，谈论；论述
2257,discussion,讨论，谈论；论述
2258,disease,病，疾病；病害
2259,disguise,隐瞒，掩埋；假装
2260,disgust,厌恶，憎恶
2261,dish,碟，盘子；菜肴
2262,dishonour,不光彩；丢脸的人
2263,disk,圆盘，唱片；磁盘
2264,dislike,不喜爱，厌恶
2265,dismiss,不再考虑；解雇
2266,disorder,混乱，杂乱；骚乱
2267,display,陈列，展览；显示
2268,displease,使不愉快，使生气
2269,disposal,丢掉，处理，销毁
2270,dispose,去掉，丢掉；销毁
2271,dispute,争论，争执；争论
2272,dissatisfy,使不满，使不平
2273,dissolve,使溶解；解散
2274,distance,距离，间距；远处
2275,distant,在远处的，疏远的
2276,distinct,与其它不同的
2277,distinction,差别，不同，区分
2278,distinguish,区别，辨别，认别
2279,distress,忧虑，悲伤；不幸
2280,distribute,分发，分送；分布
2281,distribution,分发，分配；分布
2282,district,区；地区，区域
2283,disturb,打扰，扰乱；弄乱
2284,ditch,沟，沟渠，渠道
2285,dive,跳水；潜水；俯冲
2286,diverse,不一样的，相异的
2287,divide,分；分配；分开
2288,division,分，分配；除法
2289,divorce,离婚，离异；离婚
2290,do,v；做，干，办
2291,dock,船坞；码头；船厂
2292,doctor,医生，医师；博士
2293,document,公文，文件；证件
2294,dog,狗，犬，犬科动物
2295,dollar,元(货币单位)
2296,domestic,本国的；家庭的
2297,donkey,驴；笨蛋
2298,door,门，通道；一家
2299,dorm,宿舍
2300,dormitory,集体寝室；宿舍
2301,dose,剂量，用量；一剂
2302,dot,点，圆点；打点于
2303,double,两倍的；双的
2304,doubt,怀疑；疑虑；怀疑
2305,doubtful,难以预测的；怀疑的
2306,doubtless,无疑地；很可能
2307,down,向下，在下面
2308,downstairs,在楼下；楼下的
2309,downward,向下的；向下地
2310,dozen,一打，十二个
2311,draft,草稿；汇票；起草
2312,drag,拖，拉；拖曳
2313,dragon,龙；凶暴的人
2314,drain,排去；放水；耗竭
2315,drama,一出戏剧，剧本
2316,dramatic,引人注目的，戏剧的
2317,draw,画，划；拖；拨出
2318,drawer,抽屉
2319,drawing,图画，素描；绘图
2320,dread,畏惧；恐怖；惧怕
2321,dream,梦；梦想；做梦
2322,dress,女服，童装；服装
2323,drift,漂流，漂泊；漂流
2324,drill,钻头；操练；钻孔
2325,drink,饮；喝；饮料
2326,drip,滴下；漏水；水滴
2327,drive,驾驶；打入；驱
2328,driver,驾驶员，司机
2329,drop,使落下；降低
2330,drought,旱灾，干旱
2331,drown,淹死，溺死
2332,drug,药，药物，药材
2333,drum,鼓；鼓状物，圆桶
2334,drunk,醉的；陶醉的
2335,dry,干的，干燥的
2336,duck,鸭，雌鸭；鸭肉
2337,due,预期的；应给的
2338,dull,枯燥的；不鲜明的
2339,dumb,哑的；无言的
2340,dump,倾卸，倾倒；倾销
2341,durable,耐久的，耐用的
2342,duration,持续，持久
2343,during,在…期间
2344,dusk,薄暮，黄昏，幽暗
2345,dust,尘土，灰尘
2346,duty,职责；责任；税
2347,dwelling,住处，寓所
2348,dye,染；染料；染色
2349,dying,垂死的；临终的
2350,dynamic,有活力的；动力的
2351,each,各，各自；各
2352,eager,渴望的，热切的
2353,eagle,鹰
2354,ear,耳朵；听力，听觉
2355,early,早；早的，早期的
2356,earn,赚得，挣得；获得
2357,earnest,认真的，诚恳的
2358,earth,地球；陆地，地面
2359,earthquake,地震；大震荡
2360,ease,容易，舒适；缓和
2361,easily,容易地；舒适的
2362,east,东；东部；在东方
2363,eastern,东方的；朝东的
2364,easy,容易的；安逸的
2365,eat,吃，喝；吃饭
2366,echo,回声，反响；重复
2367,economic,经济的，经济学的
2368,economical,节约的；经济学的
2369,economy,经济；节约，节省
2370,edge,边缘，边；刀口
2371,edition,版，版本，版次
2372,editor,编辑，编者，校订者
2373,educate,教育；培养；训练
2374,education,教育；训导；教育学
2375,effect,结果；效果，效力
2376,effective,有效的；有影响的
2377,efficiency,效率；功效，效能
2378,efficient,效率高的，有能力的
2379,effort,努力；努力的成果
2380,egg,蛋，鸡蛋，卵
2381,eight,八，八个，第八
2382,eighteen,十八，十八个
2383,eighth,第八；八分之一
2384,eighty,八十，八十个
2385,either,(两者)任何一个
2386,elaborate,复杂的；精心制作的
2387,elastic,松紧带；有弹性的
2388,elbow,肘，肘部；弯管
2389,elder,年龄较大的；长者
2390,elect,选举，推选；选择
2391,election,选举，选择权；当选
2392,electric,电的，电动的
2393,electrical,电的，电气科学的
2394,electricity,电，电学；电流
2395,electron,电子
2396,electronic,电子的
2397,electronics,电子学
2398,element,成分；要素；元素
2399,elementary,基本的；初级的
2400,elephant,象
2401,elevator,电梯；升降机
2402,eleven,十一，十一个
2403,eleventh,第十一(个)
2404,eliminate,消灭，消除，排除
2405,elimination,消灭，排除，消除
2406,else,其它，另外；别的
2407,elsewhere,在别处，向别处
2408,embarrass,使窘迫，使为难
2409,embrace,拥抱；包括；包围
2410,emerge,出现，涌现；冒出
2411,emergency,紧急情况，突然事件
2412,emit,散发；发射；发表
2413,emotion,情感，感情；激动
2414,emotional,感情的，情绪的
2415,emperor,皇帝
2416,emphasis,强调，重点，重要性
2417,emphasize,强调，着重
2418,empire,帝国
2419,employ,雇用；用；使忙于
2420,employee,受雇者，雇员，雇工
2421,employer,雇佣者，雇主
2422,employment,工业；雇用；使用
2423,empty,空的；空洞的
2424,enable,使能够，使可能
2425,enclose,围住，圈起；附上
2426,encounter,遭遇，遇到；遭遇
2427,encourage,鼓励，支持，助长
2428,end,末端；目标；结束
2429,ending,结尾，结局；死亡
2430,endless,无止境的
2431,endure,忍受；容忍
2432,enemy,敌人；仇敌；敌兵
2433,energy,活力；精力；能
2434,enforce,实施，执行；强制
2435,engage,使从事于；聘用
2436,engine,发动机，引擎；机车
2437,engineer,工程师，技师
2438,engineering,工程，工程学
2439,England,英格兰；英国
2440,English,英语；英国人的
2441,Englishman,英国男子
2442,enjoy,享受；欣赏，喜爱
2443,enlarge,扩大，扩展；放大
2444,enormous,巨大的，庞大的
2445,enough,足够的；足够地
2446,ensure,保证；保护；赋予
2447,enter,走进，进入；参加
2448,entertain,使欢乐；招待
2449,enthusiasm,热情，热心，热忱
2450,enthusiastic,热情的，热心的
2451,entire,全部的，整个的
2452,entitle,给…权利(或资格)
2453,entrance,入口，门口；进入
2454,entry,入口处；登记；进入
2455,envelope,信封；封套；封皮
2456,environment,环境，外界；围绕
2457,envy,妒忌；羡慕
2458,equal,相等的；平等的
2459,equality,等同，平等；相等
2460,equation,方程(式)；等式
2461,equip,装备，配备
2462,equipment,装备，设备，配备
2463,equivalent,相等的；等量的
2464,era,时代，年代；纪元
2465,erect,建造；使竖立
2466,error,错误，谬误；差错
2467,escape,逃跑；逸出；逃跑
2468,especially,特别，尤其，格外
2469,essay,短文，散文，小品文
2470,essential,必要的，本质的
2471,establish,建立，设立；确立
2472,establishment,建立，设立，确立
2473,estimate,估计，评价；估计
2474,Europe,欧洲
2475,European,欧洲的；欧洲人
2476,evaluate,评价，估…的价
2477,evaporate,使蒸发；蒸发
2478,eve,前夜，前夕，前一刻
2479,even,甚至；甚至更，还
2480,evening,傍晚，黄昏，晚上
2481,event,事件，大事；事变
2482,eventually,终于；最后
2483,ever,在任何时候；曾经
2484,every,每一的；每隔…的
2485,everybody,每人，人人
2486,everyday,每天的，日常的
2487,everyone,每人，人人
2488,everything,每件事，事事
2489,everywhere,到处，处处
2490,evidence,根据；证据，证人
2491,evident,明显的，明白的
2492,evil,邪恶；祸害；坏的
2493,evolution,进化，演化；发展
2494,evolve,使进化；使发展
2495,exact,确切的；精确的
2496,exactly,确切地；恰恰正是
2497,exaggerate,夸大，夸张
2498,exam,考试；检查，细查
2499,examination,考试；检查，细查
2500,examine,检查，仔细观察
2501,example,例子，实例；模范
2502,exceed,超过，胜过；超出
2503,exceedingly,极端地，非常
2504,excellent,优秀的，杰出的
2505,except,除…之外
2506,exception,例外，除外
2507,excess,超越；过量；过度
2508,excessive,过多的，极度的
2509,exchange,交换；交流；交换
2510,excite,使激动；引起
2511,exciting,令人兴奋的
2512,exclaim,呼喊；惊叫
2513,exclude,把…排除在外
2514,exclusively,专门地
2515,excursion,远足；短途旅行
2516,excuse,原谅；免除；借口
2517,execute,将…处死；实施
2518,executive,执行的；执行者
2519,exercise,锻炼，训练；练习
2520,exert,尽(力)，运用
2521,exhaust,使筋疲力尽；用尽
2522,exhibit,显示；陈列，展览
2523,exhibition,展览，陈列；展览会
2524,exist,存在；生存，生活
2525,existence,存在，实在；生存
2526,exit,出口；退场；退出
2527,expand,扩大；使膨胀
2528,expansion,扩大，扩充；扩张
2529,expect,预料，预期；等待
2530,expectation,期待，期望，预期
2531,expense,花费，消费；费用
2532,expensive,昂贵的，花钱多的
2533,experience,经验，感受；经历
2534,experiment,实验；试验
2535,experimental,实验的，试验的
2536,expert,专家；熟练的
2537,explain,解释；为…辩解
2538,explanation,解释，说明；辩解
2539,explode,使爆炸；爆炸
2540,exploit,剥削；利用；开拓
2541,explore,探险，探索
2542,explosion,爆炸，爆发，炸裂
2543,explosive,炸药；爆炸的
2544,export,输出，出口；运走
2545,expose,使暴露；揭露
2546,exposure,暴露；揭露；曝光
2547,express,表示；快车，快递
2548,expression,词句；表达；表情
2549,extend,延长；扩大；致
2550,extension,延长部分；伸展
2551,extensive,广阔的；广泛的
2552,extent,广度；范围；程度
2553,exterior,外部的；对外的
2554,external,外部的，外面的
2555,extra,额外的；特别地
2556,extraordinary,非同寻常的，特别的
2557,extreme,极度的；尽头的
2558,extremely,极端，极其，非常
2559,eye,眼睛；眼力；鉴赏力
2560,eyesight,视力，目力
2561,fable,寓言；虚构的故事
2562,fabric,织物，纺织品；结构
2563,face,脸；表面；外表
2564,facility,设备；容易；便利
2565,fact,事实；实际，实情
2566,factor,因素；因子，系数
2567,factory,工厂，制造厂
2568,faculty,才能，能力；系，科
2569,fade,褪色；逐渐消失
2570,Fahrenheit,华氏温度计
2571,fail,失败；失灵；不能
2572,failure,失败；失败的人
2573,faint,微弱的；虚弱的
2574,fair,公平的；相当的
2575,fairly,相当；公平地
2576,faith,信任，信心；信仰
2577,faithful,忠诚的；如实的
2578,fall,落下；跌倒；陷落
2579,FALSE,不真实的；伪造的
2580,fame,名声，名望
2581,familiar,熟悉的；冒昧的
2582,family,家，家庭；家族
2583,famine,饥荒；严重的缺乏
2584,famous,著名的，出名的
2585,fan,(运动等)狂热爱好者
2586,fancy,想象力；设想；爱好
2587,far,远的；远，遥远
2588,fare,车费，船费，票价
2589,farewell,再会；告别
2590,farm,农场，农庄；饲养场
2591,farmer,农民，农夫；农场主
2592,farther,更远地；更远的
2593,fashion,样子，方式；风尚
2594,fashionable,流行的，时髦的
2595,fast,快的；偏快的；快
2596,fasten,扎牢，扣住
2597,fatal,致命的；命运的
2598,fate,命运，天数
2599,father,父亲；神父；创始人
2600,fatigue,疲劳，劳累
2601,fault,缺点；过失；故障
2602,faulty,有错误的，有缺点的
2603,favour,好感；赞同；恩惠
2604,favourable,有利的；赞成的
2605,favourite,特别受喜爱的
2606,fear,害怕；担心；害怕
2607,fearful,害怕的，可怕的
2608,feasible,可行的；可能的
2609,feast,盛宴，筵席；节日
2610,feather,羽毛；翎毛；羽状物
2611,feature,特征，特色；面貌
2612,February,二月
2613,federal,联邦的；联盟的
2614,fee,费，酬金；赏金
2615,feeble,虚弱的；微弱的
2616,feed,喂(养)；吃饲料
2617,feedback,回授，反馈，反应
2618,feel,有知觉；触，摸
2619,feeling,感情；感觉，知觉
2620,fellow,人，家伙；伙伴
2621,female,雌性的动物；女子
2622,fence,栅栏
2623,fertile,肥沃的；多产的
2624,fertilizer,肥料
2625,festival,节日；音乐节
2626,fetch,拿来；请来，接去
2627,fever,发热，发烧；狂热
2628,few,很少的；少数的
2629,fibre,纤维，纤维质
2630,fiction,小说；虚构，杜撰
2631,field,田野；田；运动场
2632,fierce,凶猛的，狂热的
2633,fifteen,十五；十五个
2634,fifth,第五；五分之一
2635,fifty,五十，五十个
2636,fight,打(仗)；斗争
2637,figure,数字；外形；人物
2638,file,档案；把…归档
2639,fill,装满，盛满；占满
2640,film,影片；胶卷；薄层
2641,filter,过滤；滤纸
2642,final,最后的；决定性的
2643,finally,最后；不可更改的
2644,finance,财政，金融；财源
2645,financial,财政的，金融的
2646,find,找到；发觉；找出
2647,finding,发现；调查的结果
2648,fine,美好的；纤细的
2649,finger,手指；指状物
2650,finish,完成，结束；结束
2651,fire,火；火灾；开火
2652,fireman,消防队员；司炉工
2653,firm,商行，商号，公司
2654,first,第一；最初
2655,fish,鱼，鱼肉；钓鱼
2656,fisherman,渔民，渔夫，打鱼人
2657,fist,拳(头)
2658,fit,适合；安装；适合
2659,five,五，五个，第五
2660,fix,使固定；决定
2661,flag,旗，旗帜；旗舰旗
2662,flame,火焰；光辉；热情
2663,flare,闪耀；使闪亮
2664,flash,闪光；闪，闪烁
2665,flat,平的，扁平的
2666,flavour,味，味道；风味
2667,fleet,舰队；船队，机群
2668,flesh,肉，肌肉；肉体
2669,flexible,易弯曲的；灵活的
2670,flight,航班；飞行；逃跑
2671,float,漂浮；使漂浮
2672,flock,羊群，群；大量
2673,flood,洪水；淹没
2674,floor,地板；楼层
2675,flour,面粉，粉；粉状物质
2676,flourish,繁荣，茂盛，兴旺
2677,flow,流动；飘垂；涨潮
2678,flower,花，花卉；开花
2679,flu,流行性感冒
2680,fluent,流利的，流畅的
2681,fluid,流体，液体
2682,flush,奔流；(脸)发红
2683,fly,蝇，苍蝇；飞行
2684,focus,聚焦，注视；焦点
2685,fog,雾；烟雾，尘雾
2686,fold,折叠；合拢；褶
2687,folk,人们，家属，亲属
2688,follow,跟随；结果是
2689,following,接着的；下列的
2690,fond,喜爱的；溺爱的
2691,food,食物，食品，养料
2692,fool,蠢人，傻子；欺骗
2693,foolish,愚蠢的；鲁莽的
2694,foot,脚；最下部；英尺
2695,football,足球比赛；足球
2696,footstep,脚步；脚步声；足迹
2697,for,为；给；因为
2698,forbid,禁止，不许；阻止
2699,force,强迫；力，力量
2700,forecast,预测，预报；预示
2701,forehead,额头，前部
2702,foreign,外国的；外来的
2703,foreigner,外国人
2704,foremost,最初的；第一流的
2705,forest,森林；森林地带
2706,forever,永远，总是，老是
2707,forget,忘记，遗忘
2708,forgive,原谅，饶恕，宽恕
2709,fork,餐叉；叉；分叉
2710,form,形式；形状；形成
2711,formal,正式的；礼仪上的
2712,formation,形成；构成；形成物
2713,former,在前的；前者
2714,formula,公式，式
2715,forth,向前；向外，往外
2716,fortnight,两星期，十四天
2717,fortunate,幸运的，侥幸的
2718,fortunately,幸运地，幸亏
2719,fortune,命运，运气；财产
2720,forty,四十，第四十
2721,forward,向前；今后，往后
2722,found,创立，创办；建立
2723,foundation,基础；地基；基金
2724,fountain,泉水，喷泉；源泉
2725,four,四，四个，第四
2726,fourteen,十四，第十四
2727,fourth,第四，四分之一
2728,fox,狐狸；狡猾的人
2729,fraction,小部分；片断；分数
2730,fragment,碎片，破片，碎块
2731,frame,框架，框子；构架
2732,framework,框架，构架，结构
2733,France,法国，法兰西
2734,frank,坦白的，直率的
2735,free,自由的；空闲的
2736,freedom,自由；自主
2737,freely,自由地；直率地
2738,freeze,冻；结冻；使结冰
2739,freight,货运；货物；运费
2740,French,法国的；法国人
2741,frequency,屡次；次数；频率
2742,frequent,时常发生的；经常的
2743,frequently,时常，常常
2744,fresh,新的；新鲜的
2745,friction,摩擦，摩擦力
2746,Friday,星期五
2747,fridge,电冰箱
2748,friend,朋友，友人
2749,friendly,友好的，友谊的
2750,friendship,友谊，友好
2751,frighten,使惊恐，吓唬
2752,frog,蛙
2753,from,从…来；离开
2754,front,前面的；前部
2755,frontier,边境；边疆；新领域
2756,frost,冰冻，严寒；霜
2757,frown,皱眉，蹙额
2758,fruit,水果；果实；成果
2759,fruitful,多产的；肥沃的
2760,fry,油煎，油炸，油炒
2761,fuel,燃料；给…加燃料
2762,fulfil,履行；满足；完成
2763,full,满的；完全的
2764,fun,乐趣，娱乐；玩笑
2765,function,功能；职务；函数
2766,fund,资金；基金；存款
2767,fundamental,基础的，基本的
2768,funeral,葬礼，丧礼，丧葬
2769,funny,古怪的；滑稽的
2770,fur,软毛；毛皮，裘皮
2771,furious,狂怒的；狂暴的
2772,furnace,炉子，熔炉；鼓风炉
2773,furnish,供应，提供；装备
2774,furniture,家具；装置，设备
2775,further,更远地；更远的
2776,furthermore,而且，此外
2777,future,将来，未来；前途
2778,gain,获得；增加；增进
2779,gallery,长廊，游廊；画廊
2780,gallon,加仑
2781,game,游戏；比赛；猎物
2782,gang,一帮，一伙
2783,gap,缺口；间隔；差距
2784,garage,车库；加油站
2785,garbage,垃圾，污物，废料
2786,garden,花园，菜园；公园
2787,gardener,园丁，花匠
2788,gas,煤气；气体；汽油
2789,gaseous,气体的，气态的
2790,gasoline,(美)汽油
2791,gasp,气喘，喘息
2792,gate,大门；篱笆门
2793,gather,聚集；集合vt收集
2794,gauge,量，测量；量器
2795,gay,快乐的；鲜明的
2796,gaze,凝视，盯，注视
2797,general,总的；一般的n将军
2798,generally,一般地；通常地
2799,generate,发生；引起；生殖
2800,generation,一代，一代人；产生
2801,generator,发电机；发生者
2802,generous,慷慨的；宽厚的
2803,genius,天才，天赋，天资
2804,gentle,和蔼的；轻柔的
2805,gentleman,绅士；有教养的人
2806,gently,有礼貌地；柔和地
2807,genuine,真的；真正的
2808,geography,地理，地理学
2809,geometry,几何，几何学
2810,germ,微生物，细菌，幼芽
2811,German,德国的；德国人
2812,Germany,德意志，德国
2813,gesture,姿势，手势；姿态
2814,get,变得，成为；到达
2815,ghost,鬼，灵魂；鬼魂
2816,giant,巨人；巨物
2817,gift,礼物，赠品；天赋
2818,girl,女孩子，姑娘；女儿
2819,give,做，作；送给
2820,glad,高兴的；乐意的
2821,glance,看一下；一瞥
2822,glare,瞪眼
2823,glass,玻璃；玻璃杯
2824,glide,滑动；消逝；滑行
2825,glimpse,瞥见；一瞥，一看
2826,glitter,闪闪发光；闪光
2827,globe,地球，世界；地界仪
2828,gloomy,黑暗的；令人沮丧的
2829,glorious,光荣的；壮丽的
2830,glory,光荣；荣誉的事
2831,glove,手套
2832,glow,白热光；发白热光
2833,glue,胶，胶水；胶合
2834,go,去；走；变为
2835,goal,球门；得分；目的
2836,goat,山羊
2837,God,神，神像；上帝
2838,gold,金；钱财；金制的
2839,golden,金色的；极好的
2840,golf,高尔夫球
2841,good,好的；有本事的
2842,goodness,优良，德性，仁慈
2843,goods,货物，商品
2844,goose,鹅，雌鹅
2845,govern,统治，治理；支配
2846,government,政府；治理；政治
2847,governor,州长；主管人员
2848,gown,长袍，长外衣
2849,grace,优美，文雅；雅致
2850,graceful,优美的，优雅的
2851,gracious,有礼貌的；仁慈的
2852,grade,给…分等级；等级
2853,gradual,逐渐的；渐进的
2854,gradually,逐渐地，逐步地
2855,graduate,毕业生；大学毕业
2856,grain,谷物，谷粒；颗粒
2857,grammar,语法；语法书
2858,grammatical,语法上的
2859,gramme,克(重量单位)
2860,grand,宏伟的；重大的
2861,granddaughter,孙女，外孙女
2862,grandfather,祖父；外祖父
2863,grandmother,祖母，外祖母
2864,grandson,孙子，外孙子
2865,grant,授给物；授予
2866,grape,葡萄；葡萄藤
2867,graph,(曲线)图，图表
2868,grasp,抓紧；掌握；抓
2869,grass,草；牧草；草地
2870,grateful,感激的；令人愉快的
2871,gratitude,感激，感谢，感恩
2872,grave,坟墓；严重的
2873,gravity,重力，引力；严重性
2874,gray,灰色的；灰色
2875,great,大的；伟大的
2876,greatly,大大地，非常
2877,greedy,贪吃的；贪婪的
2878,Greek,希腊的；希腊人
2879,green,绿色的；绿色
2880,greenhouse,温室，玻璃暖房
2881,greet,问候，招呼；反应
2882,greeting,问候，招呼，致敬
2883,grey,灰色的；灰色
2884,grieve,使悲痛；悲痛
2885,grind,磨(碎)；磨快
2886,grip,握紧，抓牢；紧握
2887,groan,哼，呻吟；呻吟
2888,grocer,食品商；杂货商
2889,grocery,食品杂货店
2890,gross,总的；严重的
2891,ground,地；场地；根据
2892,group,小组，群；聚集
2893,grow,生长；变得；增长
2894,growth,增长；增长量；生长
2895,guarantee,保证；担保物
2896,guard,守卫；看守；卫兵
2897,guess,猜测，推测
2898,guest,客人，宾客；旅客
2899,guidance,引导，指导，领导
2900,guide,导游者；给…导游
2901,guilty,内疚的；有罪的
2902,gulf,海湾
2903,gum,口香糖；树胶
2904,gun,枪，炮，手枪
2905,gunpowder,黑色火药；有烟火药
2906,gymnasium,体育馆，健身房
2907,habit,习惯；习性
2908,habitual,习惯性的，惯常的
2909,hair,头发，毛发；毛
2910,haircut,理发
2911,half,半，一半；一半的
2912,hall,门厅；过道；会堂
2913,halt,停止；立定；停住
2914,hamburger,汉堡包，牛肉饼
2915,hammer,锤，榔头；锤击
2916,hand,手；人手；指针
2917,handful,一把；少数，一小撮
2918,handkerchief,手帕
2919,handle,柄，把手；拿，触
2920,handsome,英俊的；相当大的
2921,handwriting,笔迹，手迹，书法
2922,handy,手边的；便于使用的
2923,hang,挂，悬；吊死
2924,happen,发生；碰巧，恰好
2925,happiness,幸福，幸运；快乐
2926,happy,快乐的；幸福的
2927,harbour,海港，港口；庇护
2928,hard,硬的；困难的
2929,harden,使变硬；变硬
2930,hardly,几乎不，简直不
2931,hardship,艰难，困苦
2932,hardware,五金器具；硬件
2933,hare,野兔
2934,harm,伤害，损害；损害
2935,harmful,有害的
2936,harmony,调合，协调，和谐
2937,harness,治理；马具，挽具
2938,harsh,严厉的；刺耳的
2939,harvest,收获，收成；收割
2940,haste,急速，急忙；草率
2941,hasten,催促；赶紧
2942,hasty,急速的；仓促的
2943,hat,帽子(一般指有边的)
2944,hatch,孵出；(蛋)孵化
2945,hate,恨，憎恨；不喜欢
2946,hateful,可恨的，可恶的
2947,hatred,憎恶，憎恨，仇恨
2948,have,aux已经；有；吃
2949,hawk,鹰，隼
2950,hay,干草
2951,hazard,危险；公害
2952,he,(主格)他
2953,head,头；上端；率领
2954,headache,头痛；头痛的事
2955,heading,标题，题词，题名
2956,headline,大字标题；新闻提要
2957,headmaster,校长
2958,headquarters,司令部；总部
2959,heal,治愈；使和解
2960,health,健康，健康状况
2961,healthy,健康的；有益健康的
2962,heap,(一)堆；大量
2963,hear,听见；审讯；听说
2964,heart,心，内心；勇气
2965,heat,热，炎热；变热
2966,heating,加热，供暖
2967,heaven,天堂；天，天空
2968,heavily,重重地；大量地
2969,heavy,重的；大的；充满的
2970,hedge,篱笆，树篱；障碍物
2971,heel,脚后跟，踵，后跟
2972,height,高，高度；高处
2973,heir,后嗣，继承人
2974,helicopter,直升机
2975,hell,地狱；极大的痛苦
2976,hello,喂
2977,helmet,头盔，钢盔
2978,help,帮助；援助；帮手
2979,helpful,给予帮助的；有用的
2980,helpless,无助的；无能的
2981,hen,母鸡，雌禽
2982,hence,因此，所以；今后
2983,her,(宾格)她；她的
2984,herd,兽群，牧群；放牧
2985,here,这里；向这里
2986,hero,男主角；英雄；勇士
2987,heroic,英雄的；英勇的
2988,heroine,女主角；女英雄
2989,hers,她的(所有物)
2990,herself,她自己；她亲自
2991,hesitate,犹豫，踌躇；含糊
2992,hi,嗨(表示问候等)
2993,hide,把…藏起来；隐瞒
2994,high,高的；高级的；高
2995,highly,高度地，很，非常
2996,highway,公路；大路
2997,hill,小山，山岗；丘陵
2998,hillside,(小山)山腰，山坡
2999,him,(宾格)他
3000,himself,他自己；他亲自
3001,hint,暗示，示意；建议
3002,hire,租借；租用，雇用
3003,his,他的，他的东西
3004,historical,历史的，有关历史的
3005,history,历史；个人经历
3006,hit,打；碰撞；击
3007,hobby,业余爱好，癖好
3008,hold,拿住；掌握；拥有
3009,hole,洞；孔眼，裂开处
3010,holiday,假日，节日；假期
3011,hollow,空的；空洞的
3012,holy,神圣的；圣洁的
3013,home,家；家乡；家庭的
3014,honest,诚实的；可敬的
3015,honesty,诚实，正直
3016,honey,蜜，蜂蜜；甜，甜蜜
3017,honeymoon,蜜月
3018,honour,光荣；尊敬，敬意
3019,honourable,诚实的；光荣的
3020,hook,钩，挂钩；钩住
3021,hope,希望
3022,hopeful,有希望的
3023,hopeless,没有希望的，绝望的
3024,horizon,地平线；眼界，见识
3025,horizontal,地平的；水平的
3026,horn,号角；警报器；角
3027,horror,恐怖；战栗；憎恶
3028,horse,马；马科动物
3029,horsepower,马力
3030,hospital,医院
3031,host,主人；东道主
3032,hostess,女主人；空姐
3033,hostile,敌方的；不友善的
3034,hot,热的；刺激的；辣的
3035,hotel,旅馆
3036,hour,小时；时间，时刻
3037,house,房屋，住宅；商号
3038,household,家庭，户；家务
3039,housewife,家庭主妇
3040,how,怎么；怎样；多少
3041,however,然而；不管怎样
3042,huge,巨大的，庞大的
3043,human,人的，人类的；人
3044,humble,谦逊的；地位低下的
3045,humid,湿的，湿气重的
3046,humorous,富于幽默的，诙谐的
3047,humour,幽默，诙谐，幽默感
3048,hundred,百，百个；许多
3049,hunger,饿，饥饿；渴望
3050,hungry,饥饿的；渴望的
3051,hunt,打猎；搜寻；追猎
3052,hurry,赶紧；催促
3053,hurt,使受伤；使痛心
3054,husband,丈夫
3055,hut,小屋，棚屋
3056,hydrogen,氢
3057,I,(主格)我
3058,ice,冰，冰块；冰镇
3059,idea,想法；思想；意见
3060,ideal,理想的；观念的
3061,identical,完全相同的；同一的
3062,identify,认出，识别，鉴定
3063,idiom,习语，成语
3064,idle,空闲的；懒散的
3065,if,假如，如果
3066,ignorant,不知道的；无知的
3067,ignore,不顾，不理，忽视
3068,ill,有病的；坏的；坏
3069,illegal,不合法的，非法的
3070,illness,病，疾病
3071,illustrate,(用图等)说明
3072,illustration,说明，图解；例证
3073,image,像；形象；映象
3074,imaginary,想象中的，假想的
3075,imagination,想象；想象力；空想
3076,imagine,想象，设想；料想
3077,imitate,模仿，仿效；仿制
3078,immediate,立即的；直接的
3079,immediately,立即；直接地
3080,immense,巨大的；极好的
3081,immigrant,移民；移民的
3082,impact,影响，作用；冲击
3083,impatient,不耐烦的，急躁的
3084,implication,含义，暗示，暗指
3085,imply,暗示，意指
3086,import,输入，进口
3087,importance,重要；重要性
3088,important,重要的；有势力的
3089,impose,把…强加；征(税)
3090,impossible,不可能的，办不到的
3091,impress,给…深刻印象
3092,impression,印；印象；印记
3093,impressive,给人印象深刻的
3094,imprison,关押，监禁；限制
3095,improve,使更好；改善
3096,improvement,改进，改善；改进处
3097,in,在…里ad进，入
3098,inch,英寸
3099,incident,发生的事；事件
3100,incline,斜坡；使倾斜
3101,include,包括，包含
3102,income,收入；收益；进款
3103,incorrect,不正确的，错误的
3104,increase,增加
3105,increasingly,日益，越来越多地
3106,indeed,真正地；确实
3107,indefinite,不明确的；不定的
3108,independence,独立，自主，自立
3109,independent,独立的；自主的
3110,index,索引；指数；指标
3111,India,印度
3112,Indian,印度的；印度人
3113,indicate,标示，表示；表明
3114,indication,指示；表示；表明
3115,indifferent,冷漠的；不积极的
3116,indignant,愤慨的，义愤的
3117,indirect,间接的；不坦率的
3118,indispensable,必不可少的，必需的
3119,individual,个别的；独特的
3120,indoors,在室内，在屋里
3121,industrial,工业的；产业的
3122,industrialize,使工业化
3123,industry,工业，产业；勤劳
3124,inefficient,效率低的，无能的
3125,inevitable,不可避免的，必然的
3126,inexpensive,花费不多的，廉价的
3127,infant,婴儿；婴儿的
3128,infect,传染；感染
3129,infer,推论，推断；猜想
3130,inferior,下等的；劣等的
3131,infinite,无限的；无数的
3132,influence,影响；势力；影响
3133,influential,有影响的；有权势的
3134,inform,通知，向…报告
3135,information,消息，信息；通知
3136,inhabit,居住于，栖息于
3137,inhabitant,居民，住户
3138,inherit,继承(传统等)
3139,initial,最初的；词首的
3140,injection,注射，注入；充满
3141,injure,伤害，损害，损伤
3142,injury,损害，伤害；受伤处
3143,ink,墨水，油墨
3144,inn,小旅店；小酒店
3145,inner,内部的；内心的
3146,innocent,清白的，幼稚的
3147,input,输入；投入的资金
3148,inquire,打听，询问；调查
3149,inquiry,询问，打听；调查
3150,insect,昆虫，虫
3151,insert,插入；嵌入；登载
3152,inside,在…里面；内部
3153,insist,坚持；坚持要求
3154,inspect,检查，审查；检阅
3155,inspection,检查，审查；检阅
3156,inspire,鼓舞；给…以灵感
3157,install,安装，设置
3158,installation,安装；装置；设施
3159,instance,例子，实例，事例
3160,instant,瞬间；立即的
3161,instantly,立即，即刻
3162,instead,代替，顶替；反而
3163,instinct,本能；直觉；生性
3164,institute,研究所；学院
3165,institution,协会；制度，习俗
3166,instruct,教；指示；通知
3167,instruction,命令；教学；教训
3168,instrument,仪器；工具；乐器
3169,insufficient,不足的；不适当的
3170,insult,侮辱，凌辱
3171,insurance,保险；保险费
3172,insure,给…保险；确保
3173,intellectual,知识分子；智力的
3174,intelligence,智力；理解力；情报
3175,intelligent,聪明的；理智的
3176,intend,想要，打算；意指
3177,intense,强烈的；紧张的
3178,intensity,强烈，剧烈；强度
3179,intensive,加强的；精耕细作的
3180,intention,意图，意向，目的
3181,intentional,故意的，有意识的
3182,interaction,相互作用；干扰
3183,interest,兴趣；利益；利息
3184,interesting,有趣的，引人入胜的
3185,interfere,干涉，干预；妨碍
3186,interference,干涉，干预；阻碍
3187,interior,内的；内地的n内部
3188,intermediate,中间的；中级的
3189,internal,内的；国内的
3190,international,国际的，世界(性)的
3191,interpret,解释，说明；口译
3192,interpretation,解释；口译
3193,interpreter,译员，口译者
3194,interrupt,打断，打扰；中止
3195,interruption,中断，打断；障碍物
3196,interval,间隔；休息；间距
3197,interview,接见；会见；面谈
3198,intimate,亲密的；个人的
3199,into,进，入；进入到
3200,introduce,介绍；引进，传入
3201,introduction,介绍；引进；引言
3202,invade,入侵，侵略；侵袭
3203,invasion,入侵，侵略；侵犯
3204,invent,发明，创造；捏造
3205,invention,发明，创造；捏造
3206,inventor,发明者；发明家
3207,invest,投资；投入
3208,investigate,调查
3209,investigation,调查，调查研究
3210,investment,投资，投资额，投入
3211,invisible,看不见的，无形的
3212,invitation,邀请，招待；请柬
3213,invite,邀请，聘请；招待
3214,involve,使卷入；牵涉
3215,inward,里面的；向内
3216,iron,铁；烙铁；烫(衣)
3217,irregular,不规则的；不整齐的
3218,island,岛，岛屿
3219,isolate,使隔离，使孤立
3220,issue,问题；发行；发行
3221,it,这，那，它
3222,Italian,意大利的n意大利人
3223,item,条，条款；一条
3224,its,它的
3225,itself,它自己；自身
3226,jacket,短上衣，茄克衫
3227,jail,监狱；监禁
3228,jam,果酱
3229,January,一月
3230,Japan,日本，日本国
3231,Japanese,日本的；日本人
3232,jar,罐子，坛子，广口瓶
3233,jaw,颌，颚
3234,jazz,爵士音乐，爵士舞曲
3235,jealous,妒忌的；猜疑的
3236,jet,喷气式飞机；喷嘴
3237,jewel,宝石；宝石饰物
3238,jewish,犹太人的
3239,job,职业；工作；零活
3240,join,参加；连接
3241,joint,接头，接缝；关节
3242,joke,笑话；说笑话
3243,jolly,快活的；令人高兴的
3244,journal,日报，杂志；日志
3245,journalist,记者，新闻工作者
3246,journey,旅行，旅程；旅行
3247,joy,欢乐，喜悦；乐事
3248,joyful,十分喜悦的，快乐的
3249,judge,法官；裁判员
3250,judgement,意见；审判；判断
3251,juice,(水果等)汁，液
3252,July,七月
3253,jump,跳；暴涨；跳过
3254,June,六月
3255,jungle,丛林，密林，莽丛
3256,junior,年少的；晚辈
3257,jury,陪审团；评奖团
3258,just,刚才；只是；正好
3259,justice,正义，公正；司法
3260,justify,证明…是正当的
3261,keen,热心的；激烈的
3262,keep,保持；坚持
3263,keeper,看护人；饲养员
3264,kettle,水壶，水锅
3265,key,钥匙；键；答案
3266,keyboard,键盘
3267,kick,踢
3268,kid,小孩，儿童，少年
3269,kill,杀死；扼杀；消磨
3270,kilogram,千克，公斤
3271,kilometre,千米，公里
3272,kind,种类
3273,kindness,仁慈，好意
3274,king,国王，君主
3275,kingdom,王国；领域，界
3276,kiss,吻；接吻
3277,kitchen,厨房，灶间
3278,kite,风筝
3279,knee,膝，膝盖，膝关节
3280,kneel,跪，跪下，跪着
3281,knife,小刀，刀，餐刀
3282,knit,把…编结；编织
3283,knob,门把，拉手；旋纽
3284,knock,敲，击，打
3285,knot,(绳的)结，(树的)节
3286,know,知道；认识；通晓
3287,knowledge,知识，学识；知道
3288,lab,实验室，研究室
3289,label,标签；标记，符号
3290,laboratory,实验室，研究室
3291,labour,劳动；工作；劳工
3292,lace,鞋带，系带；花边
3293,lack,缺乏，不足
3294,ladder,梯子，梯状物
3295,lady,女士，夫人；贵妇人
3296,lag,走得慢；落后
3297,lake,湖
3298,lamb,羔羊，小羊；羔羊肉
3299,lame,跛的；瘸的，残废的
3300,lamp,灯
3301,land,陆地；土地；上岸
3302,landing,上岸，登陆，着陆
3303,landlady,女房东；女地主
3304,landlord,地主；房东，店主
3305,lane,(乡间)小路；跑道
3306,language,语言，语言课程
3307,lantern,提灯，灯笼
3308,lap,膝部；一圈
3309,large,大的；巨大的
3310,largely,大部分；大量地
3311,laser,激光
3312,last,最后的；最后
3313,late,迟的；迟，晚
3314,lately,最近，不久前
3315,later,后来；过一会儿
3316,Latin,拉丁的；拉丁语
3317,latter,(两者中)后者的
3318,laugh,笑，发笑；笑
3319,laughter,笑，笑声
3320,launch,发射，投射；发动
3321,laundry,洗衣房，洗衣店
3322,lavatory,盥洗室，厕所
3323,law,法律，法令；法则
3324,lawn,草地，草坪，草场
3325,lawyer,律师；法学家
3326,lay,置放；铺设；设置
3327,layer,层，层次；铺设者
3328,layout,布局，安排，设计
3329,lazy,懒惰的，懒散的
3330,lead,铅，铅制品
3331,leader,领袖，领导人；首领
3332,leadership,领导
3333,leading,指导的；最主要的
3334,leaf,叶，叶子
3335,league,同盟，联盟；联合会
3336,leak,漏；泄露；漏洞
3337,lean,倾斜，屈身；靠
3338,leap,跳，跃；跳跃
3339,learn,学，学习
3340,learned,有学问的；学术上的
3341,learning,学习；学问，知识
3342,least,最少的；最少
3343,leather,皮革；皮革制品
3344,leave,离去；离开
3345,lecture,演讲，讲课
3346,left,左边的；在左边
3347,leg,腿，腿部
3348,legal,法律的；合法的
3349,legend,传说，传奇
3350,leisure,空闲时间；悠闲
3351,lemon,柠檬，柠檬树
3352,lend,把…借给，贷(款)
3353,length,长，长度；一段
3354,lens,透镜，镜片；镜头
3355,less,更少的；更少地
3356,lessen,减少，减轻；缩小
3357,lesson,功课，课；课程
3358,lest,惟恐，以免
3359,let,允许，让；使
3360,letter,信；证书；字母
3361,level,水平面；水平的
3362,lever,杆，杠杆；控制杆
3363,liable,易于…的；可能的
3364,liar,说谎的人
3365,liberal,心胸宽大的；慷慨的
3366,liberate,解放；释放
3367,liberation,解放
3368,liberty,自由；释放；许可
3369,librarian,图书馆馆长
3370,library,图书馆；藏书
3371,license,许可；执照；准许
3372,lick,舔；舔吃
3373,lid,盖子，盖，囊盖
3374,lie,躺，平放；位于
3375,lieutenant,陆军中尉；副职官员
3376,life,生命；一生；寿命
3377,lifetime,一生，终身
3378,lift,提起，提高；电梯
3379,light,轻的，少量的
3380,lighten,照亮，使明亮
3381,lightly,轻轻地，轻松地
3382,lightning,闪电，闪电放电
3383,like,喜欢；喜爱；希望
3384,likely,可能的；很可能
3385,likewise,同样地；也，又
3386,limb,肢，臂，翼；树枝
3387,lime,石灰
3388,limit,限度；限制；范围
3389,limitation,限制；限度，局限
3390,limited,有限的
3391,line,线；排；路线；线条
3392,linen,亚麻布；亚麻织物
3393,liner,班船，班机
3394,link,有环连接；环
3395,lion,狮子；勇猛的人
3396,lip,嘴唇
3397,liquid,液体；液体的
3398,liquor,酒；溶液，液剂
3399,list,表，目录；列举
3400,listen,听，留神听；听从
3401,listener,听者，听众之一
3402,liter,升(容量单位)
3403,literary,文学(上)的
3404,literature,文学；文献
3405,little,小的；少；幼小的
3406,live,居住；活；活的
3407,lively,活泼的；逼真的
3408,liver,肝；肝脏
3409,living,活的；生活，生计
3410,load,装；装满；负载
3411,loaf,一条面包，一个面包
3412,loan,贷款；暂借；借出
3413,local,地方的；局部的
3414,locate,探明，找出，查出
3415,location,位置，场所
3416,lock,锁；锁上，锁住
3417,locomotive,火车头，机车
3418,lodge,暂住，借宿，投宿
3419,log,原木，木料
3420,logic,逻辑，推理；逻辑性
3421,logical,逻辑的；符合逻辑的
3422,lonely,孤独的；荒凉的
3423,long,渴望，极想念
3424,look,看，显得；看
3425,loop,圈，环，环孔
3426,loose,松的；宽松的
3427,loosen,解开；使松驰
3428,lord,贵族；上帝
3429,lorry,运货汽车，卡车
3430,lose,失去；迷失；输掉
3431,loss,遗失；损失；失败
3432,lot,许多，大量；签，阄
3433,loud,响亮的；吵闹的
3434,loudspeaker,扬声器，喇叭
3435,love,爱，喜欢；爱
3436,lovely,可爱的；令人愉快的
3437,lover,爱好者；情人；情侣
3438,low,低的，矮的；低下的
3439,lower,较低的；放下
3440,loyal,忠诚的，忠心的
3441,loyalty,忠诚，忠心
3442,luck,运气；好运，幸运
3443,lucky,幸运的；吉祥的
3444,luggage,行李；皮箱，皮包
3445,lumber,木材；木料；制材
3446,lump,团，块；肿块
3447,lunch,午餐，(美)便餐
3448,lung,肺脏，肺
3449,luxury,奢侈，奢华；奢侈品
3450,machine,机器；机械
3451,mad,发疯的；恼火的
3452,madam,夫人，女士，太太
3453,magazine,杂志，期刊
3454,magic,魔法，巫术；戏法
3455,magnet,磁铁，磁石，磁体
3456,magnetic,磁的，有吸引力的
3457,magnificent,壮丽的；华丽的
3458,maid,女佣，女仆；少女
3459,mail,邮件；邮寄
3460,main,主要的，最重要的
3461,mainland,大陆
3462,mainly,主要地，大体上
3463,maintain,维持；赡养；维修
3464,maintenance,维持，保持；维修
3465,major,较大的；专业
3466,majority,多数，大多数
3467,make,使；做，制造
3468,male,男的，雄的；男子
3469,man,男人；人；人类
3470,manage,管理；设法；对付
3471,management,管理；经营，处理
3472,manager,经理，管理人
3473,mankind,人类
3474,manly,男子气概的，果断的
3475,manner,方式；态度；礼貌
3476,manual,体力的；手册
3477,manufacture,制造；制造；产品
3478,manufacturer,制造商；制造厂
3479,many,许多的；许多人
3480,map,地图；图；天体图
3481,marble,大理石
3482,March,三月
3483,margin,页边的空白；边缘
3484,marine,海的；海上的
3485,mark,斑点；记号；标明
3486,market,市场；集市；销路
3487,marriage,结婚，婚姻；婚礼
3488,married,已婚的；婚姻的
3489,marry,娶，嫁；结婚
3490,marvellous,奇迹般的；了不起的
3491,Marxism,马克思主义
3492,Marxist,马克思主义的
3493,mask,面具；伪装；掩饰
3494,mass,众多；团；群众
3495,master,主人；能手；硕士
3496,masterpiece,杰作，名著
3497,mat,席子；草席；垫子
3498,match,比赛，竞赛；对手
3499,mate,伙伴，同事；配偶
3500,material,材料；素材a物质的
3501,materialism,唯物主义
3502,mathematical,数学的，数学上的
3503,mathematics,数学
3504,maths,(英)数学
3505,matter,事情；物质；要紧
3506,mature,成熟的；使成熟
3507,maximum,最大量；最大的
3508,may,aux可能；可以，祝
3509,maybe,大概，或许；也许
3510,mayor,市长
3511,me,(宾格)我
3512,meadow,草地，牧草地
3513,meal,膳食，一餐
3514,mean,作…解释；意指
3515,meaning,意义，意思；意图
3516,means,方法，手段，工具
3517,meantime,其时，其间；当时
3518,meanwhile,同时，当时
3519,measurable,可测量的
3520,measure,量，测量；分量
3521,measurement,衡量，测量；尺寸
3522,meat,肉
3523,mechanic,技工，机械，机修工
3524,mechanical,机械的；力学的
3525,mechanically,机械地
3526,mechanics,力学；技术性细节
3527,medal,奖章，勋章，纪念章
3528,medical,医学的；内科的
3529,medicine,内服药；医学
3530,Mediterranean,地中海；地中海的
3531,medium,媒质；中间a中等的
3532,meet,遇见；相遇
3533,meeting,聚集，会合，会见
3534,melon,瓜，甜瓜
3535,melt,融化；使融化
3536,member,成员，会员
3537,memorial,纪念的；记忆的
3538,memory,记忆；回忆；存储
3539,mend,修理，修补，缝补
3540,mental,智力的；精神的
3541,mention,提及，说起
3542,menu,菜单；饭菜，菜肴
3543,merchant,商人；零售商
3544,mercury,水银，汞
3545,mercy,仁慈，慈悲，恩惠
3546,mere,仅仅的；纯粹的
3547,merely,仅仅，只不过
3548,merit,长处，优点；功过
3549,merry,欢乐的，愉快的
3550,mess,混乱，混杂，肮脏
3551,message,信息，消息；启示
3552,messenger,送信者，信使
3553,metal,金属，金属制品
3554,meter,计量器，计，表
3555,method,方法，办法；教学法
3556,metre,米，公尺
3557,metric,公制的，米制的
3558,microcomputer,微型计算机，微机
3559,microphone,话筒，麦克风
3560,microscope,显微镜
3561,midday,正午，中午
3562,middle,中部；中部的
3563,midnight,午夜，子夜，夜半
3564,midst,中部，中间，当中
3565,might,aux可能，会，也许
3566,mild,和缓的；温柔的
3567,mile,英里
3568,military,军事的；军人的
3569,milk,乳，牛奶；挤(奶)
3570,mill,磨坊；制造厂
3571,millimetre,毫米
3572,million,百万；许多
3573,mind,头脑；理智；记忆
3574,mine,我的
3575,miner,矿工
3576,mineral,矿物；矿物的
3577,minimum,最小量；最小的
3578,minister,部长，大臣；公使
3579,ministry,(政府的)部
3580,minor,较小的；较次要的
3581,minority,少数；少数民族
3582,minus,负的；减(去)
3583,minute,分，分钟；一会儿
3584,miracle,奇迹，令人惊奇的人
3585,mirror,镜子；反映，反射
3586,miserable,痛苦的，悲惨的
3587,mislead,使误入岐途
3588,miss,小姐
3589,missile,发射物；导弹
3590,missing,缺掉的，失去的
3591,mission,使命，任务；使团
3592,mist,薄雾
3593,mistake,错误；误解，弄错
3594,Mister,先生
3595,mistress,女主人；夫人
3596,misunderstand,误解，误会，曲解
3597,mix,使混合，混淆
3598,mixture,混合；混合物
3599,moan,呻吟声；呻吟
3600,mobile,运动的；流动的
3601,mode,方式，样式
3602,model,模型；模式；模特儿
3603,moderate,温和的；有节制的
3604,modern,现代的，近代的
3605,modest,有节制的；谦虚的
3606,modify,更改，修改；修饰
3607,moist,湿润的；多雨的
3608,moisture,潮湿，湿气；温度
3609,molecule,分子，克分子
3610,moment,片刻，瞬间，时刻
3611,Monday,星期一
3612,money,货币；金钱，财富
3613,monitor,班长；监视器
3614,monkey,猴子，猿
3615,month,月，月份
3616,monthly,每月的；每月
3617,monument,纪念碑；纪念馆
3618,mood,心情，情绪；语气
3619,moon,月球，月亮；卫星
3620,moral,道德的；合乎道德的
3621,more,更多的；更
3622,moreover,再者，加之，此外
3623,morning,早晨，上午
3624,mortal,终有一死的；致死的
3625,mosquito,蚊子
3626,most,最多的；最，很
3627,mostly,主要的，大部分
3628,mother,母亲，妈妈
3629,motion,运动；手势；提议
3630,motivate,促动；激励，激发
3631,motive,动机，目的
3632,motor,发动机；机动车
3633,mould,模子，模型；浇铸
3634,mount,登上，爬上；…山
3635,mountain,山，山岳；山脉
3636,mourn,哀痛，哀悼
3637,mouse,鼠，耗子
3638,mouth,嘴，口，口腔
3639,mouthful,满口，一口，少量
3640,move,移动；感动；动
3641,movement,动作，活动；移动
3642,movie,电影；电影院
3643,much,非常，很；许多的
3644,mud,软泥，泥浆
3645,muddy,多泥的，泥泞的
3646,mug,大杯
3647,multiple,复合的；并联的
3648,multiply,使增加；乘
3649,murder,谋杀，凶杀
3650,murderer,杀人犯，凶手
3651,muscle,肌肉，肌；体力
3652,museum,博物馆；展览馆
3653,mushroom,蘑菇，菌类植物
3654,music,音乐，乐曲，乐谱
3655,musical,音乐的；和谐的
3656,musician,音乐家；作曲家
3657,must,aux必须；必然要
3658,mute,缄默的；哑巴
3659,mutter,轻声低语；抱怨
3660,mutton,羊肉
3661,mutual,相互的；共同的
3662,my,我的
3663,myself,我自己；我亲自
3664,mysterious,神秘的；难以理解的
3665,mystery,神秘；神秘的事物
3666,nail,钉；指甲；钉
3667,naked,裸体的；无遮敝的
3668,name,名字；名誉；说出
3669,namely,即，也就是
3670,nap,小睡，打盹，瞌睡
3671,narrow,狭的，狭窄的
3672,nasty,龌龊的；淫猥的
3673,nation,民族；国家
3674,national,民族的；国家的
3675,nationality,国籍；民族，族
3676,native,本土的；本地人
3677,natural,自然界的；天然的
3678,naturally,自然地；天然地
3679,nature,大自然；本性；性质
3680,naughty,顽皮的，淘气的
3681,naval,海军的，军舰的
3682,navigation,航行；航海术；导航
3683,navy,海军
3684,near,近，接近；近的
3685,nearby,附近的；在附近
3686,nearly,差不多；密切地
3687,neat,整洁的；熟练的
3688,necessarily,必然，必定
3689,necessary,必要的；必然的
3690,necessity,必要性；必然性
3691,neck,颈，脖子
3692,necklace,项链，项圈
3693,need,需要；aux需要
3694,needle,针，缝补，编织针
3695,needless,不需要的
3696,negative,否定的；消极的
3697,neglect,忽视，忽略；疏忽
3698,Negro,黑人
3699,neighbour,邻居，邻国，邻人
3700,neighbourhood,邻居关系；邻近
3701,neither,(两者)都不的
3702,nephew,侄子，外甥
3703,nerve,神经；勇敢，胆量
3704,nervous,神经的；易激动的
3705,nest,巢，窝，穴
3706,net,网，网状物；通信网
3707,network,网状物；网络
3708,neutral,中立的；中性的
3709,never,永不，决不；不
3710,nevertheless,然而；仍然
3711,new,新的；新近出现的
3712,newly,新近，最近
3713,news,新闻，消息
3714,newspaper,报纸，报
3715,next,紧接的；贴近的
3716,nice,美好的，令人愉快的
3717,niece,侄女，外甥女
3718,night,夜，夜间
3719,nine,九，九个
3720,nineteen,十九，十九个
3721,ninety,九十，九十个
3722,ninth,第九；九分之一
3723,nitrogen,氮
3724,no,不；并不；没有
3725,noble,贵族的；高尚的
3726,nobody,谁也不；无人
3727,nod,点(头)；点头表示
3728,noise,喧闹声；响声；噪声
3729,noisy,嘈杂的；喧闹的
3730,none,没有人；毫不
3731,nonsense,胡说，废话
3732,noon,正午，中午
3733,nor,也不；不
3734,normal,正常的，普通的
3735,normally,通常，正常地
3736,north,北，北方；北方的
3737,northeast,东北；位于东北的
3738,northern,北方的，北部的
3739,northwest,西北；位于西北的
3740,nose,鼻子；突出部分
3741,not,不，没有
3742,note,笔记；便条；注释
3743,notebook,笔记本，期票簿
3744,nothing,没有东西；毫不
3745,notice,注意；通知；注意
3746,noticeable,显而易见的；重要的
3747,noun,名词
3748,novel,小说；新的
3749,November,十一月
3750,now,现在；立刻；于是
3751,nowadays,现今，现在
3752,nowhere,任何地方都不
3753,nuclear,原子核的；核心的
3754,nucleus,核，核心；(原子)核
3755,nuisance,讨厌的东西
3756,number,数，数字；号码
3757,numerous,为数众多的；许多
3758,nurse,保姆；护士；看护
3759,nursery,托儿所；苗圃
3760,nut,坚果，干果；螺母
3761,nylon,尼龙，耐纶
3762,oak,栎属植物；栎木
3763,oar,浆，橹
3764,obey,顺从；服从
3765,object,物，物体；目的
3766,objection,反对，异议；不喜欢
3767,objective,客观的；无偏见的
3768,oblige,迫使；施恩惠于
3769,observation,注意；观察；观察力
3770,observe,遵守；看到；说
3771,observer,观察员，观测者
3772,obstacle,障碍，障碍物，妨害
3773,obtain,获得，得到，买到
3774,obvious,明显的，显而易见的
3775,obviously,明显地，显然地
3776,occasion,场合，时刻；时机
3777,occasional,偶然的；临时的
3778,occasionally,偶然；非经常地
3779,occupation,占领，占据；职业
3780,occupy,占领；占，占有
3781,occur,发生；出现，存在
3782,occurrence,发生，出现；事件
3783,ocean,海洋；洋
3784,Oceania,大洋洲
3785,October,十月
3786,odd,奇数的；单只的
3787,odour,气味，香气；味道
3788,of,…的；由于
3789,off,(离)开；(停)止
3790,offend,冒犯；犯过错
3791,offer,提供；提出；提供
3792,office,办公室；处，局，社
3793,officer,官员；干事；军官
3794,official,官员的；官方的
3795,often,经常，常常
3796,oh,嗬，哦，唉呀
3797,oil,油；石油；加油于
3798,okay,对，好
3799,old,老的；…岁的
3800,omit,省略，省去；遗漏
3801,on,在…上；在…旁
3802,once,一次；曾经；一次
3803,one,一；一个人
3804,oneself,自己；亲自
3805,onion,洋葱，洋葱头
3806,only,只，仅仅；唯一的
3807,onto,到…上
3808,open,开的；开放的；开
3809,opening,开始的；开始
3810,opera,歌剧
3811,operate,操作；施行手术
3812,operation,操作；手术；运算
3813,operational,操作上的；可使用的
3814,operator,操作人员，接线员
3815,opinion,意见，看法，主张
3816,opponent,对手，敌手；对抗者
3817,opportunity,机会，良机
3818,oppose,反对；反抗
3819,opposite,对面的；对立物
3820,oppress,压迫，压制；压抑
3821,optical,眼的；光学的
3822,optimistic,乐观的；乐观主义的
3823,option,选择，选择权
3824,optional,可以任意选择的
3825,or,或，或者；即
3826,oral,口头的；口的
3827,orange,橙(树)；柑(树)
3828,orbit,运行轨道；环绕
3829,orchestra,管弦乐队
3830,order,次序；整齐；命令
3831,orderly,整洁的；有秩序的
3832,ordinary,平常的；平凡的
3833,ore,矿，矿石，矿砂
3834,organ,器官；机构；管风琴
3835,organic,有机体的；器官的
3836,organism,生物体；有机体
3837,organization,组织；团体，机构
3838,organize,组织，编组
3839,oriental,东方的；东方国家的
3840,origin,起源，由来；出身
3841,original,最初的；新颖的
3842,ornament,装饰物；装饰
3843,orphan,孤儿
3844,other,另外的；其余的
3845,otherwise,另外；要不然
3846,ought,aux应当，应该
3847,ounce,盎司，英两
3848,our,我们的
3849,ours,我们的
3850,ourselves,我们自己
3851,out,出，在外；现出来
3852,outcome,结果，后果，成果
3853,outdoor,户外的，室外的
3854,outdoors,在户外，在野外
3855,outer,外部的，外面的
3856,outlet,出口，出路；排遣
3857,outline,轮廓；略图；大纲
3858,outlook,观点，看法；展望
3859,output,产量；输出量；输出
3860,outset,开始，开端
3861,outside,外部；外表a外部的
3862,outskirt,外边，郊区
3863,outstanding,突出的，杰出的
3864,outward,外面的；向外的
3865,outwards,向外，往海外
3866,oven,炉，灶；烘箱
3867,over,在…上方；超过
3868,overall,工装裤；全面的
3869,overcoat,外衣，大衣
3870,overcome,战胜，克服
3871,overhead,在头顶上的；架空的
3872,overlook,眺望；看漏；放任
3873,overnight,一夜；突然
3874,overseas,海外；在海外的
3875,overtake,追上，赶上；压倒
3876,overtime,超时的，加班的
3877,owe,欠；应把…归功于
3878,owl,猫头鹰，枭
3879,own,自己的；有，拥有
3880,owner,物主，所有人
3881,ownership,所有(权)，所有制
3882,ox,牛；公牛，阉牛
3883,pace,步，步速；踱步
3884,pacific,和平的；太平洋
3885,pack,捆扎；挤满；包
3886,package,包裹，包，捆
3887,packet,小包(裹)，小捆
3888,pad,垫；本子；填塞
3889,page,页
3890,pain,痛，疼痛；辛苦
3891,painful,使痛的；费力的
3892,paint,画；油漆；绘画
3893,painter,漆工，画家，绘画者
3894,painting,油画；绘画；着色
3895,pair,一对；成对，配对
3896,palace,宫，宫殿
3897,pale,苍白的；浅的
3898,palm,手掌，手心；掌状物
3899,pan,平底锅，盘子
3900,panel,专门小组；面，板
3901,paper,纸；官方文件；文章
3902,parade,游行；检阅；游行
3903,paragraph,(文章的)段，节
3904,parallel,平行的；相同的
3905,parcel,包裹，小包，邮包
3906,pardon,原谅；赦免；原谅
3907,parent,父亲，母亲，双亲
3908,park,公园；停车场
3909,parliament,议会，国会
3910,part,一部分；零件；本份
3911,partial,部分的；不公平的
3912,participate,参与，参加；分享
3913,particle,粒子，微粒
3914,particular,特殊的；特定的
3915,particularly,特别，尤其，格外
3916,partly,部分地，不完全地
3917,partner,伙伴；搭挡；配偶
3918,party,党，党派；聚会
3919,pass,经过；通过；度过
3920,passage,通过；通路，通道
3921,passenger,乘客，旅客，过路人
3922,passion,激情，热情；爱好
3923,passive,被动的；消极的
3924,passport,护照
3925,past,过去的；过去
3926,paste,糊，酱；浆湖
3927,pat,轻拍
3928,patch,补钉；碎片；补缀
3929,path,路，小道；道路
3930,patience,忍耐，容忍，耐心
3931,patient,忍耐的；病人
3932,pattern,型，式样，模，模型
3933,pause,中止，暂停
3934,paw,脚爪，爪子
3935,pay,支付；付给；给予
3936,payment,支付，支付的款项
3937,pea,豌豆；豌豆属植物
3938,peace,和平；和睦；平静
3939,peaceful,和平的；安静的
3940,peach,桃子，桃树
3941,peak,山顶，巅；最高的
3942,pear,梨子，梨树
3943,peasant,农民
3944,peculiar,特有的；特别的
3945,pen,钢笔，自来水笔
3946,pencil,铅笔
3947,penetrate,穿过；穿入
3948,penny,(英)便士；(美)分
3949,people,人民，民族；人
3950,per,每
3951,perceive,察觉，发觉；理解
3952,percent,百分之…
3953,percentage,百分比，百分率
3954,perfect,完美的；完全的
3955,perform,履行，执行；演出
3956,performance,履行；演出；行为
3957,perhaps,也许，可能，多半
3958,period,时期；学时；句号
3959,permanent,永久的，持久的
3960,permission,允许，许可，同意
3961,permit,允许；执照
3962,persist,坚持，固执；持续
3963,person,人；人身；本人
3964,personal,个人的；本人的
3965,personnel,全体人员，全体职员
3966,perspective,透视；远景；观点
3967,persuade,说服；被说服
3968,pessimistic,悲观的；厌世的
3969,pet,爱畜；宠儿a宠爱的
3970,petrol,(英)汽油
3971,petroleum,石油
3972,phase,阶段；方面；相位
3973,phenomenon,现象
3974,philosopher,哲学家
3975,philosophy,哲学；哲理；人生观
3976,phone,电话，电话机；耳机
3977,photo,照片，相片
3978,photograph,照片，相片
3979,phrase,短语；习惯用语
3980,physical,物质的；物理的
3981,physician,医生，内科医生
3982,physicist,物理学家
3983,physics,物理学
3984,piano,钢琴
3985,pick,镐，鹤嘴锄
3986,picnic,郊游，野餐；野餐
3987,picture,画，图片；画
3988,pie,(西点)馅饼
3989,piece,碎片，块；拼合
3990,pierce,剌穿；穿入
3991,pig,猪，小猪，野猪
3992,pigeon,鸽子
3993,pile,堆；堆叠，累积
3994,pill,药丸，丸剂
3995,pillar,柱，柱子；栋梁
3996,pillow,枕头
3997,pilot,领航员；飞行员
3998,pin,针，饰针；别住
3999,pinch,捏，拧，掐掉
4000,pine,松树，松木
4001,pink,粉红色；粉红色的
4002,pint,品脱
4003,pioneer,拓荒者；先驱者
4004,pipe,管子，导管；烟斗
4005,pit,坑，地坑；煤矿
4006,pitch,沥青
4007,pity,怜悯；遗憾；同情
4008,place,地方，地点；住所
4009,plain,平原；清楚的
4010,plan,计划，打算
4011,plane,平面；飞机
4012,planet,行星
4013,plant,植物；工厂；栽种
4014,plantation,种植园；栽植
4015,plastic,可塑的；塑料
4016,plate,板，片，盘；电镀
4017,platform,平台；站台；讲台
4018,play,玩，游戏；演奏
4019,player,游戏的人；比赛者
4020,playground,操场，运动场
4021,pleasant,令人愉快的，舒适的
4022,please,使高兴，请vi满意
4023,pleasure,愉快，快乐；乐事
4024,plentiful,丰富的，富裕的
4025,plenty,丰富，充足，大量
4026,plot,小块土地；密谋
4027,plough,犁；犁，耕
4028,plug,塞子；插头；塞
4029,plunge,使投入；使陷入
4030,plural,复数的；复数
4031,plus,加，加上；正的
4032,pocket,衣袋；袖珍的
4033,poem,诗，韵文，诗体文
4034,poet,诗人
4035,poetry,诗，诗歌，诗作
4036,point,点；要点；细目；分
4037,poison,毒，毒药；毒害
4038,poisonous,有毒的，有害的
4039,pole,杆，柱
4040,police,警察；警察当局
4041,policeman,警察
4042,policy,政策，方针
4043,polish,磨光；使优美
4044,polite,有礼貌的；有教养的
4045,political,政治的，政治上的
4046,politician,政治家；政客
4047,politics,政治，政治学；政纲
4048,pollute,弄脏，污染，沾污
4049,pollution,污染
4050,pond,池塘
4051,pool,水塘，游泳池，水池
4052,poor,贫穷的；贫乏的
4053,pop,流行音乐，流行歌曲
4054,popular,民众的；流行的
4055,population,人口；全体居民
4056,pork,猪肉
4057,port,港，港口
4058,portable,轻便的；手提的
4059,porter,搬运工人
4060,portion,一部分；一分
4061,portrait,消像，画像
4062,position,位置；职位；姿势
4063,positive,确定的；积极的
4064,possess,占用，拥有(财产)
4065,possession,有，所有；占有物
4066,possibility,可能；可能的事
4067,possible,可能的；可能存在的
4068,possibly,可能地；也许
4069,post,柱，桩，杆；贴出
4070,postage,邮费，邮资
4071,postman,邮递员
4072,postpone,延迟，推迟，延缓
4073,pot,锅，壶，罐，盆
4074,potato,马铃薯，土豆
4075,potential,潜在的；潜力
4076,pound,磅；英磅
4077,pour,灌，倒；倾泻
4078,poverty,贫穷，贫困
4079,powder,粉末；药粉；火药
4080,power,能力；力；权；幂
4081,powerful,强有力的；有权威的
4082,practical,实践的；实用的
4083,practically,实际上；几乎
4084,practice,实践；练习；业务
4085,practise,练习，实习，训练
4086,praise,赞扬，赞美；赞扬
4087,pray,请求；祈祷
4088,precaution,预防；警惕
4089,preceding,在前的；在先的
4090,precious,珍贵的，宝贵的
4091,precise,精确的，准确的
4092,precision,精确，精密，精密度
4093,predict,预言，预告，预测
4094,preface,序言，前言，引语
4095,prefer,宁可，宁愿
4096,preferable,更可取的，更好的
4097,preference,偏爱，优先；优先权
4098,prejudice,偏见，成见
4099,preliminary,预备的，初步的
4100,preparation,准备，预备；制备
4101,prepare,准备，预备
4102,preposition,前置词，介词
4103,prescribe,命令；处(方)
4104,presence,出席，到场；在
4105,present,现在的；目前
4106,presently,一会儿；目前
4107,preserve,保护；保存；腌渍
4108,president,总统；校长；会长
4109,press,压，按，揿；催促
4110,pressure,压力；压力；压，按
4111,pretend,假托，借口vi假装
4112,pretty,漂亮的，标致的
4113,prevail,胜，优胜；流行
4114,prevent,预防，防止；阻止
4115,previous,先的；前的；在前
4116,price,价格，价钱；代价
4117,pride,骄傲；自豪；自夸
4118,primarily,首先；主要地
4119,primary,最初的；基本的
4120,prime,首要的；春，青春
4121,primitive,原始的；粗糙的
4122,prince,王子，亲王
4123,princess,公主，王妃
4124,principal,主要的；负责人
4125,principle,原则，原理；主义
4126,print,印刷；印刷；正片
4127,prior,在先的；优先的
4128,prison,监狱，监禁
4129,prisoner,囚犯
4130,private,私人的；私下的
4131,privilege,特权，优惠
4132,prize,奖赏，奖金；珍视
4133,probability,可能性；概率
4134,probable,或有的；大概的
4135,probably,或许，大概
4136,problem,问题；习题，问题
4137,procedure,程序；手续；过程
4138,proceed,进行；继续进行
4139,process,过程；工序；加工
4140,procession,队伍，行列
4141,produce,生产；产生；展现
4142,product,产品，产物；(乘)积
4143,production,生产；产品；总产量
4144,profession,职业
4145,professional,职业的；专业人员
4146,professor,教授
4147,profit,益处；利润；得益
4148,program,节目单；大纲；程序
4149,progress,前进，进展；进步
4150,progressive,进步的；向前进的
4151,prohibit,禁止，阻止
4152,project,方案，工程；伸出
4153,prominent,实起的；突出的
4154,promise,诺言；指望；允诺
4155,promote,促进，发扬；提升
4156,prompt,及时的；敦促
4157,pronoun,代名词
4158,pronounce,发…的音；宣布
4159,pronunciation,发音，发音法
4160,proof,证据；证明；校样
4161,proper,适合的；合乎体统的
4162,property,财产，资产；性质
4163,proportion,比，比率，部分
4164,proportional,比例的；相称的
4165,proposal,提议，建议；求婚
4166,propose,提议；求婚
4167,prospect,展望；前景，前程
4168,prosperity,繁荣；昌盛，兴旺
4169,prosperous,繁荣的，昌盛的
4170,protect,保护，保卫，警戒
4171,protection,保护，警戒
4172,protective,保护的，防护的
4173,protein,蛋白质，朊
4174,protest,抗议
4175,proud,骄傲的；自豪的
4176,prove,证明；结果是
4177,provide,提供；装备，供给
4178,provided,以…为条件
4179,province,省；领域，部门
4180,provision,供应；预备；存粮
4181,psychological,心理的，心理学的
4182,public,公众的；公众
4183,publication,公布；出版；出版物
4184,publish,公布；发表；出版
4185,pull,拉，拖；拉，拉力
4186,pulse,脉搏；脉冲，脉动
4187,pump,泵；用抽机抽
4188,punch,冲出；冲压机
4189,punctual,严守时刻的；准时的
4190,punish,罚，惩罚，处罚
4191,pupil,学生，小学生
4192,purchase,买，购买；买
4193,pure,纯粹的；纯洁的
4194,purple,紫色；紫的
4195,purpose,目的；意图；效果
4196,purse,钱包，小钱袋，手袋
4197,pursue,追赶，追踪；进行
4198,push,推，逼迫；推
4199,put,放，摆；使处于
4200,puzzle,难题；谜；使迷惑
4201,qualify,使具有资格
4202,quality,质量；品质，特性
4203,quantity,量，数量，分量
4204,quarrel,争吵，吵架，口角
4205,quarter,四分之一；一刻钟
4206,queen,王后；女王
4207,question,发问；问题；疑问
4208,queue,行列；排队等候
4209,quick,快的；敏捷的
4210,quiet,寂静的；安静的
4211,quit,离开，退出；停止
4212,quite,完全；相当；的确
4213,quotation,引用；引文；报价单
4214,quote,引用，引证；报价
4215,rabbit,兔子，野兔
4216,race,比赛，竞赛，竞争
4217,racial,种族的，人种的
4218,rack,搁物架；行李架
4219,radar,雷达，无线电探测器
4220,radiation,放射，发射；辐射能
4221,radio,无线电；收音机
4222,radioactive,放射性的
4223,radius,半径
4224,rag,破布，碎布，抹布
4225,rail,横条，横杆；铁轨
4226,railroad,铁路；由铁路运输
4227,railway,铁路，铁道
4228,rain,雨，雨水；下雨
4229,rainbow,虹，彩虹
4230,rainy,下雨的，多雨的
4231,raise,举起；引起；提高
4232,range,排，行；山脉；范围
4233,rank,排，横行；社会阶层
4234,rapid,快的；急流
4235,rare,稀薄的；稀有的
4236,rarely,很少，难得
4237,rat,老鼠，耗子
4238,rate,比率；速度；价格
4239,rather,宁可，宁愿；相当
4240,ratio,比，比率
4241,rational,理性的；出于理性的
4242,raw,未煮过的；未加工的
4243,ray,光线，射线，辐射线
4244,reach,抵达；伸出vi达到
4245,react,起反应；有影响
4246,reaction,反应；反作用
4247,read,读，看懂；读
4248,reader,读者；读物，读本
4249,reading,读，阅读；读书
4250,ready,准备好的；愿意的
4251,real,真的；现实的
4252,reality,现实；真实
4253,realize,实现；认识到
4254,really,真正地；实在
4255,realm,王国，国土；领域
4256,rear,后部，后面；背面
4257,reason,理由；理性；推理
4258,reasonable,合情合理的；公道的
4259,rebel,造反；造反者
4260,recall,回想；叫回；收回
4261,receipt,收到；收条，收据
4262,receive,收到；得到；接待
4263,receiver,收受者，收件人
4264,recent,新近的，最近的
4265,recently,最近，新近
4266,reception,接待；招待会；接受
4267,recognition,认出，识别；承认
4268,recognize,认识，认出；承认
4269,recommend,推荐，介绍；劝告
4270,recommendation,推荐，介绍；劝告
4271,record,记录；履历；记录
4272,recorder,记录者；录音机
4273,recover,重新获得；挽回
4274,recovery,重获；痊愈，恢复
4275,red,红色的；红色
4276,reduce,减少，减小；简化
4277,reduction,减少，减小，缩减
4278,refer,使求助于；谈到
4279,reference,参考；出处；提及
4280,refine,精炼，提纯
4281,reflect,反射；反映；思考
4282,reflection,反射；映象；反映
4283,reflexion,反射；映象；反映
4284,reform,改革，改良
4285,refresh,使清新vi恢复精神
4286,refrigerator,冰箱，冷藏库
4287,refusal,拒绝
4288,refuse,拒绝
4289,regard,把…看作；尊敬
4290,regarding,关于
4291,regardless,不顾一切地
4292,region,地区，地带；领域
4293,register,登记，注册
4294,regret,懊悔；抱歉；懊悔
4295,regular,规则的；整齐的
4296,regulate,管理，控制；调整
4297,regulation,规则，规章；管理
4298,reinforce,增援，支援；加强
4299,reject,拒绝；丢掉；驳回
4300,relate,叙述；使联系
4301,relation,关系，联系；家属
4302,relationship,关系，联系
4303,relative,有关系的；相对的
4304,relativity,相关性；相对性
4305,relax,使松弛；松弛
4306,release,释放；放松；发表
4307,relevant,有关的，贴切的
4308,reliability,可靠性
4309,reliable,可靠的，可信赖的
4310,relief,减轻；救济；援救
4311,relieve,减轻，解除；救济
4312,religion,宗教；宗教信仰
4313,religious,宗教的；虔诚的
4314,reluctant,不愿的，勉强的
4315,rely,依赖，依靠；信赖
4316,remain,剩下，余留；保持
4317,remark,评论，谈论
4318,remarkable,异常的，非凡的
4319,remedy,治疗；补救
4320,remember,记得，想起；记住
4321,remind,提醒，使想起
4322,remote,相隔很远的；冷淡的
4323,removal,移动；迁移；除掉
4324,remove,移动，搬开；脱掉
4325,render,表示，给予；使得
4326,renew,使更新；更新
4327,rent,租金，租；出租
4328,repair,修理，修补
4329,repeat,重说，重做；重复
4330,repeatedly,重复地；一再
4331,repetition,重复，反复
4332,reply,回答，答复
4333,report,报告；汇报
4334,reporter,记者，通讯员
4335,represent,描绘；代表；象征
4336,representative,代表性的；代表
4337,reproduce,繁殖，生殖
4338,republic,共和国，共和政体
4339,reputation,名誉，名声；好名声
4340,request,请求，要求
4341,require,需要；要求，命令
4342,requirement,需要；要求
4343,rescue,营救，解救，救援
4344,resemble,像，类似
4345,reserve,储备，保留；预定
4346,reservior,水库；蓄水池
4347,residence,居住；驻扎；住处
4348,resident,居住的；居民
4349,resign,放弃；辞职
4350,resist,抵抗，抵制
4351,resistance,抵抗；抵制；抵抗力
4352,resistant,抵抗的，反抗的
4353,resolution,坚决，坚定；决定
4354,resolve,解决；决心；决心
4355,resort,求助，凭借;诉诸于
4356,respective,各自的，各个的
4357,respectively,各自地，分别地
4358,respond,作答；响应
4359,response,作答，回答；响应
4360,restless,不安定的，焦虑的
4361,restore,恢复；归还；修补
4362,restrain,抑制，遏制；限制
4363,restraint,抑制；遏制；克制
4364,restrict,vt限制，限定，约束
4365,resume,恢复；重新开始
4366,retain,保持，保留，保有
4367,retire,退下；引退；就寝
4368,retreat,(被迫)退却，后退
4369,reveal,展现；揭示，揭露
4370,reverse,颠倒，翻转；背面
4371,review,再检查；复习
4372,revise,修订，校订；修改
4373,revolt,反抗，造反
4374,revolution,革命；旋转，绕转
4375,revolutionary,革命的；革命者
4376,reward,报答；报酬；报答
4377,rhythm,韵律，格律；节奏
4378,rib,肋，肋骨
4379,ribbon,缎带，丝带；带
4380,rid,使摆脱，使去掉
4381,ridge,脊；岭，山脉；垄
4382,ridiculous,荒谬的，可笑的
4383,rifle,步枪，来复枪
4384,rigid,刚硬的；僵硬的
4385,ripe,熟的；时机成熟的
4386,risk,风险，危险，冒险
4387,rival,竞争者；竞争的
4388,roar,吼叫；呼喊；吼
4389,roast,烤，炙，烘
4390,robot,机器人；自动机
4391,rocket,n.；火箭，火箭发动机
4392,rod,杆，竿，棒
4393,roll,滚动；转动
4394,roller,滚柱，滚筒，滚轴
4395,Roman,古罗马人；罗马的
4396,romantic,浪漫的；传奇的
4397,rotary,旋转的，转动的
4398,rotate,旋转；使旋转
4399,rotation,旋转，转动；循环
4400,rotten,腐烂的，发臭的
4401,rough,表面不平的；粗略的
4402,rouse,唤醒，唤起；惊起
4403,route,路，路线，路程
4404,routine,例行公事；日常的
4405,row,(一)排，(一)行
4406,royal,王的；皇家的
4407,rug,小地毯；毛毯
4408,rural,农村的，田园的
4409,rush,冲，奔；催促
4410,rust,锈；生锈，氧化
4411,sack,袋，麻袋；开除
4412,sacrifice,牺牲；南祭
4413,saddle,鞍子，马鞍
4414,sail,帆；船；航行
4415,sake,缘故，理由
4416,sample,样品；实例，标本
4417,satellite,卫星；人造卫星
4418,satisfactory,令人满意的，良好的
4419,saucer,茶托，浅碟
4420,sausage,香肠，腊肠
4421,saw,锯子；锯，锯开
4422,say,比如说[用于举例]
4423,scale,天平，磅秤，秤
4424,scan,细看；浏览；扫描
4425,scarcely,仅仅；几乎不
4426,scatter,使消散；撒；散播
4427,scenery,舞台布景；风景
4428,schedule,时间表；计划表
4429,scheme,计划，规划；诡计
4430,scholar,学者(尤指文学方面)
4431,scientific,科学(上)的
4432,scissors,剪刀，剪子
4433,score,得分，比数，成绩
4434,scout,侦察员，侦察机
4435,scrape,刮，擦
4436,scratch,搔；抓
4437,screw,螺旋，螺丝；拧紧
4438,seal,封蜡；印记；封
4439,secondary,第二的；次要的
4440,secretary,秘书；书记；大臣
4441,section,切片；一段；部门
4442,secure,安心的；安全的
4443,security,安全，安全感
4444,seed,种(子)，籽，萌芽
4445,seek,寻找，探索；试图
4446,seize,抓住，逮捕；夺取
4447,semiconductor,n.；半导体
4448,senate,参议院，上院
4449,senior,年少的；地位较高的
4450,sensible,感觉得到的；明智的
4451,sensitive,敏感的；灵敏的
4452,separate,分离的；个别的
4453,sequence,连续，继续；次序
4454,series,连续，系列；丛书
4455,serve,为…服务；招待
4456,session,会议，一段时间
4457,setting,安装，调整；环境
4458,settle,安排；安放；调停
4459,settlement,解决；殖民，殖民地
4460,severe,严格的；严厉的
4461,sew,缝制；缝纫
4462,shade,荫；遮光物；荫蔽
4463,shave,剃，刮；修面
4464,shear,剪；剥夺；剪
4465,shed,流出；散发；脱落
4466,sheet,被单；纸张；薄板
4467,shelf,搁板，架子
4468,shelter,隐蔽处；掩蔽，庇护
4469,shield,盾；防护物；保护
4470,shift,替换，转移；转换
4471,shiver,颤抖，哆嗦；冷颤
4472,shoot,发射；射中；发芽
4473,shore,滨，岸
4474,shortage,不足，缺少，不足额
4475,shortly,立刻；简短地
4476,shot,发射；弹丸；射门
4477,shower,阵雨；(一)阵；淋浴
4478,shriek,尖声喊叫；尖叫声
4479,sideways,斜着，斜向一边地
4480,sightseeing,观光，游览
4481,sign,符号；招牌；签名
4482,signal,信号；发信号
4483,signature,署名，签字，签名
4484,significance,意义，意味；重要性
4485,significant,有意义的；重要的
4486,silence,沉默；使沉默
4487,silent,沉默的；寂静无声的
4488,silk,蚕丝，丝，丝织品
4489,silly,傻的，愚蠢的
4490,silver,银；银子；银器
4491,similar,相似的，类似的
4492,similarly,类似地，相似地
4493,simplicity,简单，简易；朴素
4494,simplify,简化，使单纯
4495,simply,简单地；朴素地
4496,sincere,真诚的；真挚的
4497,singular,单一的；非凡的
4498,site,地点，地基；场所
4499,sketch,略图；速写；概略
4500,skilled,有技能的，熟练的
4501,skillful,灵巧的，娴熟的
4502,skim,掠过，擦过；略读
4503,slam,使劲关，砰地放下
4504,sleeve,袖子，袖套
4505,slender,细长的；微薄的
4506,slice,薄片，切片；部分
4507,slide,滑；使滑动
4508,slippery,滑的，使人滑跤的
4509,slit,裂缝；切开，撕开
4510,slope,倾斜；斜面；倾斜
4511,smart,巧妙的；洒脱的
4512,soak,浸，泡；浸泡
4513,soil,弄脏；变脏
4514,solar,太阳的，日光的
4515,sole,脚底，鞋底，袜底
4516,solemn,庄严的；隆重的
4517,solid,固体的；固体
4518,soluble,可溶的；可以解决的
4519,solution,解决，解答；溶解
4520,solve,解答，解释，解决
4521,somebody,某人，有人
4522,somehow,由于某种原因
4523,sometime,在某一时候；从前
4524,somewhat,一点儿；有点
4525,sophisticated,老于世故的；高级的
4526,sore,痛的；恼火的；疮
4527,sorrow,悲痛，悲哀，悲伤
4528,sort,种类；类别；整理
4529,sound,健康的；完好的
4530,sour,酸的；脾气坏的
4531,sow,播(种)；播种
4532,spacecraft,航天器，宇宙飞船
4533,spade,铲，铁锹
4534,span,跨距；一段时间
4535,spare,节约；多余的
4536,spark,火花，；火星
4537,specialist,专家
4538,specialize,成为…专家；专攻
4539,specific,特有的；具体的
4540,specify,指定，详细说明
4541,specimen,样本，标本，样品
4542,sphere,球，圆体；范围
4543,spill,使溢出；溢出
4544,spin,纺；使旋转；旋转
4545,spite,"n.；恶意,怨恨,不顾；vt.；刁难,欺侮"
4546,split,劈开；被劈开
4547,spoil,损坏，糟蹋；宠坏
4548,sponsor,发起者；发起
4549,sportsman,运动员
4550,spray,浪花；喷雾；喷
4551,spring,跳，跃；跳跃；泉
4552,spur,刺激物；刺激
4553,square,正方形；广场
4554,squeeze,榨，挤；压榨
4555,stability,稳定，稳定性，巩固
4556,stable,稳定的，不变的
4557,stack,堆，垛；堆积
4558,staff,工作人员；参谋
4559,stage,舞台；戏剧；阶段
4560,stain,沾污；给…着色
4561,stair,楼梯
4562,stake,桩；赌金；奖品
4563,stale,陈腐的；走了气的
4564,static,静的；静态的
4565,statistical,统计的，统计学的
4566,statue,塑像，雕像，铸像
4567,status,地位，身分
4568,steady,稳固的；使稳定
4569,steam,蒸汽；蒸发；蒸
4570,steamer,轮船，汽船
4571,steel,钢，钢铁
4572,steep,险峻的，陡峭的
4573,steer,驾驶
4574,stem,茎，(树)干；起源
4575,sticky,粘性的；胶粘的
4576,stiff,硬的；僵直的
4577,stimulate,刺激，激励，激发
4578,sting,刺；刺痛；刺
4579,stir,动；拨动；激动
4580,stock,原料；库存品；股本
4581,stocking,长(统)袜
4582,stoop,俯身；弯身；弯腰
4583,storage,贮藏；贮藏量
4584,store,贮藏；贮存品；商店
4585,storey,(层)楼
4586,stove,炉，火炉，电炉
4587,strain,拉紧；尽力
4588,strange,陌生的；奇怪的
4589,stranger,陌生人；新来者
4590,strap,带子；捆扎
4591,strategy,战略；策略
4592,straw,稻草，麦杆吸管
4593,strengthen,加强，巩固
4594,stress,压力；重音；着重
4595,stretch,伸展；伸
4596,string,线，细绳；一串
4597,strip,剥；夺去；条带
4598,stripe,条纹，条子
4599,stroke,打，击；鸣声；中风
4600,structural,结构的，构造的
4601,stuff,材料；装，填，塞
4602,submarine,水下的；潜水艇
4603,submerge,浸没；潜入水中
4604,submit,使服从；服从
4605,subsequent,随后的，后来的
4606,substance,物质；实质；本旨
4607,substantial,物质的；坚固的
4608,substitute,代替人；用…代替
4609,subtract,减，减去，去掉
4610,subway,地道；地下铁路
4611,succession,连续；继任，继承
4612,successive,连续的；接连的
4613,suck,吸，吮，啜；吸收
4614,sufficient,足够的，充分的
4615,suit,起拆，诉讼；适合
4616,sulfur,硫(磺)，硫黄
4617,sulphur,硫(磺)，硫黄
4618,sum,总数；金额；共计
4619,summarize,概括，概述，总结
4620,superficial,表面的；肤浅的
4621,superior,较高的；优越的
4622,supplement,增补，补充
4623,suppose,猜想；假定；让
4624,supreme,最高的；最大的
4625,surgery,外科，外科手术
4626,surrender,交出；投降
4627,surroundings,周围的事物，环境
4628,survey,俯瞰；检查；测量
4629,survive,幸免于；活下来
4630,suspect,怀疑；疑心
4631,suspend,吊，悬；推迟
4632,suspicion,怀疑，疑心，猜疑
4633,suspicious,怀疑的；可疑的
4634,sustain,支撑；供养；忍受
4635,swallow,燕子
4636,sway,摇动；摇；摇动
4637,swear,宣(誓)；诅咒
4638,sweater,厚运动衫，毛线衫
4639,sweep,扫；刮起；扫过
4640,swell,膨胀；隆起；增长
4641,swift,快的；反应快的
4642,swing,摇摆；回转；摇摆
4643,switch,开关；转换；转换
4644,sword,剑，刀
4645,symbol,象征；符号，记号
4646,sympathetic,同情的；和谐的
4647,sympathize,同情；同感，共鸣
4648,synthetic,综合的；合成的
4649,systematical,有系统的；有计划的
4650,tag,附加语；标签
4651,tailor,裁缝；裁制衣服
4652,tale,故事，传说
4653,talent,天才；才能；人才
4654,talk,讲话；谈论
4655,tame,驯服的；顺从的
4656,tank,坦克；大容器，槽
4657,tap,轻叩
4658,taste,味觉，品味
4659,technical,技术的，工艺的
4660,technician,技术员，技师
4661,tedious,冗长乏味的，沉闷的
4662,telegram,电报
4663,telescope,望远镜
4664,temple,圣堂，神殿，庙宇
4665,temporary,暂时的，临时的
4666,tempt,引诱，诱惑；吸引
4667,temptation,诱惑，引诱
4668,tend,照管，照料，护理
4669,tendency,趋向，趋势，倾向
4670,tender,嫩的；脆弱的
4671,tense,时态，时
4672,tension,"n.；紧张,不安,拉紧,张力"
4673,terminal,末端的；末端
4674,terrible,可怕的；极度的
4675,territory,领土，版图；领域
4676,terror,恐怖，惊骇
4677,textile,n.；纺织品；纺织的
4678,theoretical,理论(上)的
4679,thereby,因此，从而，由此
4680,therefore,因此，所以
4681,thermometer,温度计，寒暑表
4682,thickness,厚(度)；密(度)
4683,thorough,彻底的；详尽的
4684,thoughtful,沉思的；体贴的
4685,thread,线；丝；螺纹；头绪
4686,threat,威胁，恐吓，凶兆
4687,threaten,威胁，恐吓
4688,thrive,兴旺，繁荣，旺盛
4689,throat,咽喉，喉咙；嗓音
4690,throughout,遍及；到处
4691,thrust,插，刺；插；讽刺
4692,thunder,雷；打雷；吼出
4693,thus,如此，这样；因而
4694,tide,潮，潮汐；潮流
4695,tidy,整洁的；整齐的
4696,tin,锡；罐头
4697,tip,轻击；给小费
4698,tire,疲劳，累；厌倦
4699,tissue,薄绢；薄纸；组织
4700,toast,烤面包；烘，烤
4701,toe,脚趾，足尖
4702,toilet,厕所，盥洗室，浴室
4703,tolerance,忍受，容忍；公差
4704,tolerate,忍受，容忍，宽恕
4705,tone,音；腔调；声调
4706,torch,火炬，火把；手电筒
4707,torture,拷问；折磨；拷打
4708,total,总的；合计，总共
4709,touch,触摸；触动；感动；触
4710,tough,坚韧的；健壮的
4711,tour,旅行，游历
4712,tourist,旅游者，观光者
4713,towel,毛巾，手巾
4714,tower,塔；屹立，高耸
4715,trace,痕迹；丝毫；跟踪
4716,track,行踪；路径；轨道
4717,tractor,拖拉机；牵引车
4718,trade,贸易；职业；交易
4719,traffic,交通，通行；交通量
4720,tragedy,悲剧；惨事，惨案
4721,trail,痕迹；小径；跟踪
4722,transfer,转移；调动vi转移
4723,transform,改变；改造；变换
4724,transformation,变化；改造；转变
4725,transformer,变压器，转换器
4726,transistor,晶体管
4727,transmission,传送；传动；发射
4728,transmit,传送，传达；发射
4729,transparent,透明的；易识破的
4730,transport,运输
4731,transportation,运输，运送，客运
4732,trap,陷阱；诡计；诱骗
4733,tray,(浅)盘，托盘，碟
4734,treasure,财富；珍宝；珍视
4735,treat,对待；处理；款待
4736,treatment,待遇；治疗，疗法
4737,treaty,条约；协议，协定
4738,tremble,发抖，哆嗦；摇动
4739,tremendous,极大的，非常的
4740,trend,伸向；倾向；倾向
4741,trial,试，试验；审判
4742,triangle,三角(形)
4743,trick,诡计；窍门；哄骗
4744,trim,整齐的；使整齐
4745,triumph,凯旋；胜利；成功
4746,troop,军队；一群，大量
4747,tropical,热带的
4748,troublesome,令人烦恼的；麻烦的
4749,trumpet,喇叭，小号
4750,trunk,树干；大衣箱，皮箱
4751,trust,信任；相信；委托
4752,truth,真理；真实；真实性
4753,tube,管；电子管，显像管
4754,tune,调子；和谐；调谐
4755,tunnel,隧道，坑道，地道
4756,turbine,叶轮机，汽轮机
4757,twin,孪生的；孪生儿
4758,twist,捻；拧；扭弯
4759,type,型，类型；打字
4760,typewriter,打字机
4761,typical,典型的，代表性的
4762,typist,打字员
4763,tyre,轮胎，车胎
4764,ultimate,最后的，最终的
4765,unconscious,不省人事的
4766,uncover,揭开…的盖子
4767,undergo,经历，经受，忍受
4768,undergraduate,大学在校生
4769,underline,划线于…之下
4770,underneath,在下面，在底下
4771,undertake,从事；承担；保证
4772,undo,解开，打开；取消
4773,undoubtedly,无容置疑，肯定地
4774,uneasy,心神不安的，忧虑的
4775,unexpected,想不到的，意外的
4776,uniform,一样的；制服
4777,union,联合；团结；协会
4778,unique,唯一的，独一无二的
4779,unit,单位；单元；部件
4780,unite,联合；使联合
4781,unity,单一；统一；团结
4782,universal,宇宙的；普遍的
4783,unknown,不知道的；未知的
4784,unless,除非，如果不
4785,unlike,不同的；不象…
4786,unlikely,未必的，未必可能的
4787,unload,卸(货)；卸货
4788,upper,上面的；地位较高的
4789,upright,垂直的；正直的
4790,upset,弄翻，打翻，倾覆
4791,upward,向上的，上升的
4792,urban,"a.；都市的,住在都市的"
4793,urge,推进；催促；冲动
4794,urgent,紧急的；强求的
4795,usage,使用，对待；惯用法
4796,utility,效用，有用，实用
4797,utilize,利用
4798,utmost,最远的；极限
4799,utter,完全的，彻底的
4800,vacant,空的；未被占用的
4801,vacuum,真空；真空吸尘器
4802,vague,模糊的，含糊的
4803,vain,徒劳的；自负的
4804,valid,有效的；正当的
4805,value,价值；价格；评价
4806,van,大篷车，运货车
4807,vanish,突然不见，消失
4808,vapour,汽，蒸气
4809,variable,易变的；变量
4810,variation,变化，变动；变异
4811,variety,多样化；种类；变种
4812,various,各种各样的，不同的
4813,vary,改变；使多样化
4814,vast,巨大的；大量的
4815,vehicle,车辆，机动车
4816,velocity,速度，速率
4817,venture,冒险；敢于
4818,verify,证实，查证；证明
4819,version,译文；说法；改写本
4820,vertical,垂直的，竖式的
4821,vessel,容器；船，飞船；管
4822,veteran,老兵，老手
4823,via,经过；通过
4824,vibrate,使颤动；颤动
4825,vice,罪恶；恶习；缺点
4826,vigorous,朝气蓬勃的
4827,vinegar,醋
4828,violent,猛烈的；狂暴的
4829,violet,紫罗兰
4830,virtually,实际上，事实上
4831,virtue,善；美德；优点
4832,visible,可见的，看得见的
4833,vision,视；想象力；梦幻
4834,visual,看的；看得见的
4835,vital,生命的；有生命力的
4836,vitamin,维生素，维他命
4837,vivid,鲜艳的；生动的
4838,volcano,火山
4839,volt,伏特，伏
4840,voltage,电压
4841,volume,卷，册；容积；音量
4842,voluntary,自愿的，志愿的
4843,voyage,航海，航空；字
4844,wage,开展(运动)
4845,waggon,四轮运货马车
4846,waken,醒来；弄醒
4847,wander,漫游；迷路；离题
4848,want,需要；缺乏
4849,warmth,暖和，温暖；热烈
4850,water,水；使湿，灌溉
4851,waterproof,不透水的，防水的
4852,wave,波；波涛；波动
4853,wax,蜡，蜂蜡
4854,weaken,削弱；变弱
4855,weakness,虚弱，软弱；弱点
4856,wear,磨损
4857,weave,织，编；纺织
4858,weed,杂草，野草；除草
4859,weep,哭泣，流泪
4860,weld,焊接，熔接
4861,welfare,幸福，福利
4862,wheat,小麦
4863,wheel,轮，车轮
4864,whilst,当…的时候
4865,whip,鞭笞；搅打；鞭子
4866,whisper,低声地讲；低语
4867,whistle,口哨；吹口哨
4868,wholly,完全地，全部
4869,wicked,坏的；令人厌恶的
4870,widen,加宽；变宽
4871,widow,寡妇
4872,width,宽阔，广阔；宽度
4873,willing,愿意的，心甘情愿的
4874,wind,绕，缠绕；卷曲
4875,wing,翼，翅膀，翅
4876,wire,金属线；电缆；电信
4877,wit,智力，才智，智能
4878,withdraw,收回；撤回vi撤退
4879,withstand,抵挡，反抗
4880,witness,证据；证人；目击
4881,wooden,木制的；呆板的
4882,wool,羊毛；毛线，绒线
4883,workman,工人，劳动者，工匠
4884,workshop,车间，工场；创作室
4885,worm,虫，蠕虫
4886,worship,礼拜；崇拜；崇拜
4887,worst,最坏的；最坏地
4888,worth,值…的；价值
4889,worthless,无价值的，无用的
4890,worthwhile,值得花时间的
4891,worthy,有价值的；值得的
4892,wound,创伤，伤；使受伤
4893,wrap,裹，包，捆；披肩
4894,wreck,失事；残骸；破坏
4895,wrist,腕，腕关节
4896,yard,院子，庭院；场地
4897,yawn,打呵欠；呵欠
4898,yearly,每年的；一年一度
4899,yield,出产；产量
4900,youth,青春；青年们；青年
4901,zone,地区，区域，范围
4902,cancel,取消， 撤销； 删去
4903,explosive,爆炸的； 极易引起争论的；炸药
4904,numerous,众多的
4905,govern,居支配地位， 占优势；统治，治理，支配
4906,analyse,分析； 分解； 解析
4907,discourage,使泄气， 使灰心； 阻止， 劝阻
4908,resemble,像， 类似于
4909,remote,遥远的； 偏僻的； 关系疏远的； 脱离的； 微乎其微的； 孤高的， 冷淡的； 遥控的
4910,salary,薪金， 薪水
4911,pollution,污染， 污染物
4912,pretend,装作， 假装
4913,kettle,水壶
4914,wreck,失事；残骸；精神或身体已垮的人；破坏
4915,drunk,醉的； 陶醉的
4916,calculate,计算； 估计； 计划
4917,persistent,坚持的， 不屈不挠的； 持续不断的； 反复出现的
4918,sake,缘故， 理由
4919,conceal,把…隐藏起来， 掩盖， 隐瞒
4920,audience,听众， 观众， 读者
4921,meanwhile,与此同时
4922,possess,占用， 拥有
4923,competent,有能力的， 能胜任的
4924,investment,投资， 投资额； 投入
4925,neutral,中立的； 中性的
4926,scratch,抓，搔，扒；刮，擦；刻出；抓痕， 划痕； 抓， 搔， 刮
4927,optional,可以任选的
4928,require,需要； 要求； 命令
4929,circular,圆的；循环的；兜圈子的；通知， 通告
4930,analysis,分析， 分析报告； 分解； 解析
4931,click,发出咔嗒声；点击；咔嗒声
4932,fashionable,流行的， 时髦的
4933,devise,设计， 发明
4934,apparent,表面上的， 明显的
4935,journalist,新闻工作者， 新闻记者
4936,exposure,暴露， 揭露； 曝光
4937,temper,韧度；心情，情绪；调和， 使缓和； 【冶】使回火
4938,protective,保护的， 防护的
4939,sideways,从一边， 向一边； 在一边； 斜着， 侧身
4940,multicultural,融合多种文化的
4941,object,反对， 不赞成；实物， 物体； 目的， 目标； 对象， 客体； 宾语
4942,humble,谦逊的； 地位低下的； 简陋的
4943,chapter,章， 回， 篇
4944,harbour,海港，港口；庇护； 心怀
4945,independent,独立的， 自主的； 无偏见的； 不相关联的
4946,carriage,客车厢， 四轮马车
4947,cliff,悬崖， 峭壁
4948,infinite,无限的； 无穷的
4949,concede,承认， 承认…为真； 承认失败； 允许， 让予； 让步， 认输
4950,elect,选举， 推选； 选择
4951,weekly,每周；每周的
4952,result,发生； 结果；结果；成果；比分
4953,golf,高尔夫球运动
4954,selfish,自私的， 利己的
4955,sexism,性别偏见， 性别歧视
4956,commission,委任状；委员会；佣金，回扣；授权，委托；委任， 委托
4957,headline,大字标题； 新闻提要
4958,connect,连接， 结合， 联系； 给…接通电话
4959,rational,理性的， 理智的； 合理的
4960,policy,政策， 方针； 保险单
4961,editorial,编辑的，主笔的，编者的；社论的，社论式的；社论， 重要评论
4962,resume,重新开始， 继续， 恢复；摘要， 概要； 简历
4963,rebuild,重建， 改造； 复原
4964,committee,委员会， 全体委员
4965,namely,即， 也就是
4966,artistic,艺术的， 艺术家的； 富有艺术性的， 精美的； 精彩的
4967,union,工会， 联盟； 联合， 团结； 一致
4968,plentiful,丰富的， 充足的； 大量的
4969,halt,停止，立定；停住
4970,component,组成的， 构成的；组成部分，部件，组件
4971,consultant,顾问； 会诊医师， 专科医生
4972,sunset,日落； 晚霞
4973,obvious,明显的
4974,illustration,说明， 图解， 例证
4975,disguise,假扮，化装，伪装；掩盖，掩饰；用来伪装的东西； 伪装， 掩饰
4976,wrap,裹，包，捆；披肩
4977,surgery,外科， 外科手术； 手术室
4978,liberal,心胸宽大的， 慷慨的； 自由的， 自由主义的
4979,violent,暴力引起的， 暴力的； 猛烈的， 剧烈的
4980,harmony,调和， 协调， 和谐
4981,resolve,解决， 解答； 决定， 决意
4982,chill,变冷，感到冷；寒冷， 寒气； 风寒， 寒战
4983,confront,迎面遇到， 遭遇； 勇敢地面对， 正视； 使对质， 使当面对证
4984,dominate,拥有优势；在…中占首要地位；支配，统治，控制；耸立于，俯视
4985,imitate,模仿， 仿效， 仿制
4986,faithful,忠诚的； 如实的； 尽职的
4987,reproduce,复制， 再现； 繁殖， 生殖
4988,institution,协会； 制度， 习俗
4989,pad,垫，衬垫；便笺本；发射台，直升机起落场；填塞
4990,provocation,激怒， 刺激； 挑衅， 挑拨
4991,ambition,雄心， 抱负； 野心； 期望得到的东西
4992,scholarship,奖学金； 学问， 学识
4993,exceed,超过， 胜过， 超出
4994,besides,而且；除…之外
4995,preposition,介词
4996,enlarge,扩大， 扩展， 放大
4997,implement,工具， 器具， 用具；使生效， 履行， 实施
4998,export,输出， 出口；输出， 出口； 输出品， 出口额
4999,Christ,基督， 救世主
5000,murder,谋杀，凶杀；谋杀罪；谋杀；杀害
5001,pat,非常恰当的， 适时的；轻拍
5002,fantasy,想象， 幻想； 想象的产物
5003,horsepower,马力
5004,visibility,可见度， 能见度； 可见性， 明显性
5005,invitation,邀请， 招待； 请柬； 吸引， 诱惑
5006,paw,用爪子抓， 用蹄扒； 翻找；爪子
5007,enormous,巨大的， 庞大的
5008,moisture,潮湿， 湿气
5009,toast,烤面包；祝酒，祝酒词；烘， 烤； 向…祝酒， 为…干杯
5010,frustrate,使沮丧， 使灰心； 挫败， 使受挫折
5011,external,外部的， 外面的
5012,aside,在旁边， 到旁边
5013,circumstance,情况， 条件； 境遇， 境况； 经济情况
5014,revise,修订， 修改； 复习
5015,authority,官方； 权力； 当权者， 行政管理机构； 权威， 专家
5016,creature,创造物， 产物； 生物， 动物， 家畜
5017,harm,伤害， 损害
5018,semiconductor,半导体
5019,rope,绳，索；用绳捆
5020,provided,假如， 若是
5021,instrument,仪器， 工具； 乐器
5022,gasoline,汽油
5023,indispensable,必不可少的， 必需的
5024,medium,中等的；媒体；媒介物，传导体
5025,lens,透镜， 镜片， 镜头
5026,wisdom,智慧， 才智； 名言
5027,fatal,致命的， 命运的； 重大的， 决定性的
5028,nowhere,任何地方都不
5029,motive,动机， 目的
5030,romantic,浪漫的； 多情的； 有浪漫色彩的， 传奇性的； 不切实际的， 空想的
5031,motivate,作为…的动机； 激励， 激发
5032,spoil,损坏，糟蹋；宠坏，溺爱；变质；战利品， 掠夺物
5033,airline,航空公司； 航线
5034,multiply,增加， 繁殖； 乘
5035,ridge,脊， 山脊； 垄， 埂， 脊状突起
5036,pilot,试验性的， 试点的；引航员；飞行员；驾驶；为引航；试验，试用
5037,umbrella,伞， 雨伞
5038,approval,赞成， 同意， 批准
5039,mobile,运动的； 流动的； 多变的
5040,perform,做， 履行， 完成； 表演， 演出； 工作情况， 表现
5041,multiple,复合的，多重的，多样的；倍数
5042,peak,达到高峰， 达到最大值；最大值的，高峰的；山顶，顶点
5043,evolution,进化， 演化， 发展
5044,portrait,肖像， 画像
5045,halfway,半路地； 在中途， 在半途；中途的；部分的；不彻底的
5046,expose,使接触； 揭露
5047,concentrate,全神贯注，全力以赴；集中，聚集；浓缩；浓缩物， 浓缩液
5048,magnet,磁铁， 磁体； 有吸引力的人或事物
5049,explosion,爆炸， 爆发， 炸裂； 激增， 扩大
5050,weld,焊接， 熔接
5051,up-to-date,直到最近的， 现代的； 跟上时代的
5052,complaint,抱怨， 怨言； 控告
5053,translation,翻译； 译文， 译本
5054,cancer,癌， 癌症； 肿瘤
5055,personnel,人员， 员工
5056,hopeless,没有希望的， 绝望的
5057,outlook,观点， 看法； 展望， 前景
5058,fountain,泉水； 喷泉； 源泉
5059,offense,犯规， 违法行为； 冒犯， 得罪
5060,breadth,宽度； 幅度， 幅面
5061,catalog,目录，目录册；一系列；将…编入目录， 将编目
5062,channel,海峡， 水道， 航道； 渠道， 途径； 频道
5063,focus,聚焦；集中；焦点； 中心
5064,invisible,看不见的， 无形的
5065,entire,全部的， 整个的
5066,pea,豌豆
5067,pill,药丸
5068,wrist,腕， 腕关节
5069,approach,向…靠近；靠近
5070,myth,杜撰出来的人； 神话
5071,flour,面粉； 粉， 粉状物质
5072,implication,含意， 暗示， 暗指； 卷入， 牵连
5073,camel,骆驼
5074,fierce,凶猛的； 狂热的
5075,bump,碰，撞；颠簸着前进；碰撞， 猛撞； 肿块； 隆起物
5076,reservation,预订； 保留； 犹豫； 保留地
5077,per,每， 每一
5078,proceed,继续进行； 行进， 前进
5079,considering,鉴于， 考虑到， 顾及
5080,corporation,公司， 企业， 社团
5081,loyalty,忠诚， 忠心
5082,bulb,电灯泡， 球状物
5083,dismiss,不再考虑； 解雇， 解散； 驳回
5084,propose,提议， 建议， 提出； 提名， 推荐； 打算， 计划； 求婚
5085,intelligence,智力； 理解力； 情报
5086,reform,改革， 改良， 改造； 改正， 改过自新
5087,draught,穿堂风，冷风；〔啤酒〕桶装的，散装的
5088,daylight,白昼， 日光， 黎明
5089,install,安装， 设置； 使就职， 任命
5090,integration,综合
5091,indication,指示， 表示， 表明； 象征， 迹象
5092,bulk,变得越来越大； 使更大；物体；体积；大批
5093,coach,长途公共汽车；教练，指导；旅客车厢；训练， 指导， 辅导
5094,despair,绝望；绝望，感到无望
5095,champion,冠军， 得胜者； 捍卫者， 拥护者
5096,gum,口香糖； 树胶
5097,circuit,电路， 线路； 环行， 巡行
5098,pine,消瘦， 衰弱； 痛苦， 悲哀； 渴望；松树，松木
5099,magnificent,宏伟的， 壮丽的； 华丽的； 极好的
5100,guy,家伙， 伙计
5101,respectively,各自地， 各个地， 分别地
5102,protection,保护， 防护
5103,pint,品脱
5104,restrict,限制， 约束， 限定
5105,instant,立即的； 紧急的； 可以速食的；瞬间
5106,conjunction,接合， 连接， 联合； 连词
5107,peer,仔细看， 费力地看；同龄人，同等地位的人；贵族
5108,orderly,整洁的； 有秩序的
5109,costly,昂贵的， 价值高的
5110,roast,烤，炙，烘；烤过的， 烘过的；烤肉
5111,violence,猛烈， 激烈； 暴力
5112,succession,连续； 一连串； 接替， 继任， 继承
5113,accordingly,因此， 所以； 照着
5114,consequence,结果， 后果； 重要， 重大
5115,product,产品， 产物； 乘积
5116,particularly,特别， 尤其
5117,dominant,占优势的， 支配的， 统治的； 居高临下的， 高耸的
5118,heading,标题， 题词， 题名； 新闻提要
5119,lover,爱好者； 情人
5120,vinegar,醋
5121,intellectual,智力的；知识分子
5122,cheat,欺骗；作弊；哄，行骗；欺骗， 欺骗行为； 骗子
5123,framework,框架， 结构； 准则； 体系
5124,undoubtedly,毋庸置疑地， 肯定地
5125,infect,传染， 感染； 影响
5126,tide,潮， 潮汐； 潮流， 趋势
5127,prohibit,禁止， 不准
5128,bacteria,细菌
5129,minor,辅修；较小的，较少的；次要的；未成年人；辅修科目
5130,arrow,箭， 箭状物； 箭头符号
5131,cop,警察
5132,fuel,加燃料； 加油；燃料，燃料剂；给…加燃料；刺激
5133,hostile,敌方的； 不友善的
5134,aeroplane,飞机
5135,manner,方式； 态度； 风度； 礼貌， 规矩
5136,employee,受雇者， 雇员， 雇工
5137,associate,结合； 交往；副的；把…联系在一起；使联合；伙伴，同事
5138,pray,祈祷， 祈求； 请求， 恳求
5139,lad,男孩， 小伙子
5140,crawl,爬， 爬行； 缓慢地行进
5141,identical,完全相同的， 同一的
5142,lag,走得慢；落后
5143,towel,毛巾， 手巾
5144,charity,救济金， 施舍物； 慈善团体， 慈善事业； 宽大， 宽容
5145,academic,学院的； 学术的； 纯理论的， 不切实际的
5146,function,运作， 运行；功能；职务，职责
5147,employer,雇佣者， 雇主
5148,pit,地洞，坑；煤矿，矿井；使有坑
5149,lap,舔； 拍打；膝部；一圈，一段
5150,mineral,矿物， 矿石， 矿物质
5151,stock,常用的， 常备的；原料，库存品；股本，公债；世系，血统；汤汁；家畜，牲畜；储备
5152,representative,有代表性的， 典型的；代表，代理人
5153,suspend,暂停， 终止； 吊， 悬
5154,pigeon,鸽子
5155,well-known,众所周知的， 著名的
5156,beneath,在下方， 在底下；在…下方；低于，次于；在…掩盖下；连…也不值得，有失…的身份
5157,terror,恐怖， 惊骇； 引起恐怖的人或事
5158,comparison,比较， 对照； 比拟， 比喻
5159,surge,蜂拥而出；洋溢，奔放；汹涌，奔腾；大浪， 波涛； 高涨； 汹涌
5160,lest,唯恐， 以免
5161,heroic,英雄的； 英勇的
5162,sway,摇，摇动；动摇；摇摆， 摇动； 起支配作用的影响
5163,basis,基础， 根据； 原则
5164,tutor,当…导师， 当…家庭教师；导师；家庭教师，私人教师
5165,senator,参议员
5166,adventure,奇遇； 冒险， 冒险活动
5167,successive,连续的， 接连的
5168,condition,状况， 状态； 环境
5169,thirsty,渴的； 渴望的
5170,ceremony,典礼， 仪式， 礼节
5171,obligation,义务， 责任
5172,improve,变得更好； 改善； 提高
5173,gym,体育馆； 健身房
5174,rarely,很少， 难得
5175,evil,坏的；邪恶，祸害
5176,governor,州长； 主管人员； 理事， 董事
5177,twist,缠绕，盘绕；转动，旋动；捻，搓；歪曲，曲解；扭歪，扭伤；曲折前进；转身；扭弯； 转折， 转变； 弯曲， 曲折处
5178,locate,探明， 找出； 把…设置在， 使…坐落于
5179,unite,联合， 统一
5180,lavatory,盥洗室， 厕所
5181,exterior,外部的；对外的；外部， 外表
5182,technique,技术， 技巧， 技能
5183,combat,战争，斗争，格斗；与…斗争， 与…战斗
5184,troop,成群结队而行；军队，部队；一群，大量
5185,scenery,风景， 景色； 舞台布景
5186,unity,单一， 统一， 团结； 和睦， 协调
5187,effective,有效的； 有影响的
5188,pursue,继续； 从事； 追赶， 追踪； 追求
5189,similarly,类似地， 相似地
5190,convey,表达， 传递； 运送， 输送
5191,muscle,肌肉， 体力； 力量， 实力
5192,design,设计；预定，指定；设计， 构想； 图样； 企图
5193,extra,特别地；额外的；特别的；额外的事物， 额外费用
5194,generous,慷慨的； 宽厚的； 大量的
5195,victim,牺牲者， 受害者
5196,possibility,可能； 可能的事
5197,lane,小路； 跑道； 航道， 航线
5198,garlic,大蒜
5199,chief,主要的，为首的；总的；首领， 长官； 酋长， 族长
5200,accord,相符合； 相一致；一致，符合；谅解，协议；使符合；使一致；调节；授予，赠与，给予
5201,aircraft,飞机， 飞行器
5202,automatic,自动的，机械的；不假思索的，无意识的；必然的，自然的；自动手枪； 有自动装置的汽车
5203,doubtful,难以预测的； 怀疑的
5204,despite,不管， 不顾
5205,opening,开首的，开始的；口子， 洞， 孔； 开始； 空缺
5206,industrial,工业的， 产业的
5207,obey,顺从， 服从
5208,conduct,举止， 行为； 指导； 管理； 实施；进行； 管理， 指挥， 引导； 传输， 传导
5209,stable,稳定的，不变的；沉稳的，持重的；厩， 马厩， 牛棚
5210,lamb,羔羊， 小羊； 羔羊肉
5211,pillow,枕头
5212,harness,治理；给上挽具；马具， 挽具
5213,fantastic,极好的， 极出色的， 了不起的； 极大的； 难以相信的； 异想天开的， 不实际的； 奇异的， 古怪的
5214,sketch,绘…的略图， 画…的素描； 概述；略图；梗概；素描，速写
5215,tidy,整洁的，整齐的；整洁， 整齐
5216,respond,回答， 答复； 作出反应， 响应
5217,incident,发生的事， 事件
5218,maintenance,维持； 保养； 抚养费
5219,marry,娶， 嫁； 为…证婚； 结婚， 结合
5220,decay,腐烂；衰败；腐烂
5221,absorb,吸收； 吸引…的注意， 使全神贯注； 把…并入， 同化
5222,supply,供给， 供应
5223,concern,关切的事，有关的事；关心，挂念；关系，关联；公司，企业；涉及， 有关； 使关心， 使担心
5224,circulate,循环， 流通； 流传， 散布， 传播
5225,liberty,自由； 许可， 准许； 过于随便， 放肆
5226,liable,易于…的； 可能的
5227,cargo,船货， 货物
5228,confidential,秘密的， 机密的； 亲信的
5229,drift,漂流，漂泊；漂流； 大意， 主旨； 趋势
5230,element,成分， 要素， 元素； 基础， 纲要； 自然力
5231,chaos,混乱， 紊乱
5232,mankind,人类
5233,abundant,丰富的， 富裕的； 大量的， 充足的
5234,pace,踱步；步，步速；速度；节奏
5235,exclaim,呼喊， 惊叫
5236,probable,很可能的， 大概的
5237,forecast,预测， 预报；预测，预报
5238,uncover,揭露， 暴露； 揭开…的盖子
5239,recognize,认出， 识别； 承认； 赏识， 表彰， 报偿
5240,pack,捆扎，把…打包；使挤在一起，塞满；包， 小盒
5241,restraint,抑制， 限制， 克制； 约束措施， 约束条件
5242,input,输入；投入的资金；输入的数据；把…输入计算机
5243,cue,暗示，信号；提示；提示； 暗示
5244,volt,伏特， 伏
5245,reality,现实， 实际； 真实
5246,stereotype,陈规，老套，固定的模式；铅版；把…浇铸成铅版； 对…形成固定看法
5247,enroll,入学，加入；招收， 吸收
5248,offend,冒犯， 伤害…的感情； 使厌恶； 违反
5249,molecule,分子
5250,resign,辞职；辞去， 放弃； 使听从， 使顺从
5251,bathe,洗澡； 游泳
5252,workman,工人， 劳动者， 工匠
5253,sophisticated,老于世故的； 高级的； 精密的， 复杂的； 高雅的
5254,sunrise,日出； 朝霞
5255,entertainment,娱乐， 文娱节目， 表演会； 招待， 款待， 请客
5256,document,公文，文件；证件；用文件等证明
5257,starve,挨饿， 饿死
5258,battery,电池， 蓄电池； 排炮， 炮组； 一系列， 一套
5259,chase,追逐， 追赶； 追求
5260,accident,意外， 事故
5261,marine,海的， 海生的； 海事的， 海军的， 海运的；海军陆战队士兵
5262,clay,黏土， 泥土； 肉体
5263,anyway,无论如何， 至少； 不论以何种方式， 无论从什么角度
5264,promote,促进， 增进， 发扬； 提升； 宣传， 推销
5265,routine,例行的， 常规的；例行公事，惯例，惯常的程序
5266,attack,攻击，打击；突然发作；攻击， 进攻
5267,humour,幽默， 诙谐， 幽默感
5268,divorce,离婚； 分离， 脱离；离婚，离异
5269,currency,通货， 货币； 通行， 流行
5270,canal,运河， 沟渠； 管
5271,attach,缚， 系， 贴； 附加； 使依恋， 使喜爱； 使附属； 认为有
5272,distribute,分发， 分送； 分布
5273,ankle,踝， 踝关节
5274,convict,证明…有罪， 宣判…有罪；囚犯
5275,legislation,法律， 法规； 立法， 法律的制定
5276,clause,条款； 从句， 分句
5277,quiz,智力竞赛，问答比赛；小测验；考查， 盘问
5278,participate,参与， 参加； 分享
5279,ingredient,组成部分， 成分； 原料； 要素， 因素
5280,surplus,过剩的， 多余的；过剩，剩余，盈余
5281,correspondence,信件， 函件； 通信， 通信联系； 符合， 一致， 相似
5282,refresh,振作精神， 恢复活力
5283,librarian,图书馆管理员
5284,intimate,亲密的；个人的；至交， 密友；暗示， 提示
5285,reporter,记者
5286,declaration,宣布， 宣告； 宣言， 声明； 申报
5287,disclose,揭示； 透露
5288,religion,宗教， 宗教信仰
5289,diagram,图解， 图表， 简图
5290,claw,抓， 撕；爪，脚爪，螯
5291,torture,拷问；折磨；拷打
5292,prayer,祷告， 祈祷； 祷文； 祈求， 祈望
5293,tragedy,悲剧， 惨事， 惨案； 悲剧艺术
5294,charm,迷人的特性，魅力；符咒，咒文；吸引， 迷住
5295,clap,拍手，轻拍；拍手， 鼓掌
5296,purple,紫的；紫色
5297,quit,停止， 放弃； 离开， 辞
5298,economical,节约的； 经济学的
5299,prosperous,繁荣的， 兴旺的
5300,polish,磨光；修改，润色，使优美；擦光剂
5301,cabinet,橱， 柜； 内阁
5302,chart,图表；航海图；用图表表示， 在图上表示
5303,optical,眼的， 光学的， 视觉的
5304,fashion,样子， 方式； 时尚； 流行款式
5305,insurance,保险， 保险费
5306,preface,序言， 前言， 引言
5307,principle,原则， 原理， 道义； 基本信念， 信条
5308,lid,盖子， 盖
5309,tedious,冗长乏味的， 沉闷的
5310,source,河的源头， 根源； 来源， 出处
5311,secure,安全的，可靠的；牢固的，稳固的；无忧虑的，安心的；得到， 获得； 使安全， 保卫； 缚牢
5312,domestic,本国的； 家庭的； 驯养的
5313,deception,欺骗； 诡计， 骗局
5314,basically,基本上， 从根本上说
5315,donation,捐款， 捐赠物； 捐赠， 赠送
5316,avenue,林荫道， 道路， 大街
5317,immense,巨大的； 极好的
5318,budget,规划，安排；编预算；低廉的， 收费公道的；预算，预算拨款
5319,given,规定的，特定的；假设的；已知的；有癖好的，有倾向的；考虑到
5320,hay,干草
5321,chest,胸腔， 胸膛； 箱子
5322,tension,紧张， 不安； 拉紧； 张力， 拉力
5323,definite,明确的， 肯定的
5324,reflection,映像， 倒影； 反射； 反映， 表达； 非议； 沉思， 反省
5325,ultimate,最后的，最终的；终极， 顶点
5326,campus,校园， 学校场地
5327,adapt,使适应； 改编
5328,solicitor,律师， 法律顾问
5329,cheerful,快乐的， 愉快的； 使人感到愉快的
5330,merit,长处，优点，价值；功劳，成绩；值得， 应受
5331,misunderstand,误解， 误会
5332,guilty,内疚的； 有罪的
5333,measure,测量，度量；衡量；分量； 尺寸； 量具； 计量单位； 量度， 测量； 措施， 办法
5334,overall,全面的， 总体的， 全部的
5335,receipt,发票， 收据； 收入， 进款； 收到， 接到
5336,assume,假定， 假设， 臆断； 承担， 担任； 呈现
5337,pepper,胡椒，胡椒粉；在…上撒； 使布满
5338,plural,复数的；复数
5339,doctoral,博士的
5340,concept,概念， 观念， 设想
5341,resistant,抵抗的， 抗…的， 耐…的
5342,effort,努力， 努力的成果
5343,video,录像的；电视的；录像
5344,disaster,灾难， 灾祸， 天灾； 彻底的失败
5345,agriculture,农业， 农学
5346,weapon,武器， 兵器
5347,grocer,食品商， 杂货商
5348,stare,盯， 凝视
5349,painful,疼痛的， 引起疼痛的； 困难的； 令人不快的
5350,vote,投票； 表决；票，选票；选举，投票，表决；表决结果，投票总数
5351,steady,稳定；稳的，平稳的；稳定的，持续的；稳固的
5352,enhance,提高， 增加， 加强
5353,enclose,围住， 圈起； 附上； 把…装入信封
5354,convention,习俗， 惯例； 公约； 会议
5355,disease,病， 疾病； 不健全； 弊端
5356,center,圆心， 正中； 中心
5357,suspicion,怀疑， 疑心， 猜疑； 一点儿， 少量
5358,purchase,买，购买；购买； 购买的物品
5359,refusal,拒绝
5360,technician,技术员， 技师
5361,generic,【生物】 属的， 类的； 一般的， 普通的
5362,genius,天才， 天赋， 天资； 天才人物
5363,alike,一样地， 相似地； 同样程度地；同样的，相同的
5364,fund,资金，基金；存款；为…提供资金
5365,gravity,重力， 引力； 严重性； 严肃， 庄重
5366,typical,典型的， 代表性的
5367,quotation,引文， 引语， 语录； 报价， 牌价， 行情
5368,finance,筹措资金；财政，金融；财源，财务情况
5369,studio,画室， 摄影室； 播音室， 录音室， 摄影棚
5370,tray,盘， 托盘， 碟
5371,downward,向下地；向下的
5372,cabbage,洋白菜， 卷心菜
5373,regulate,管理， 控制； 调整， 调节
5374,palm,手掌， 掌状物； 棕榈树
5375,hydrogen,氢
5376,infant,婴儿的； 幼稚的；婴儿
5377,hen,母鸡， 雌禽
5378,whoever,谁； 无论谁； 究竟是谁
5379,carbon,碳
5380,unload,卸， 卸货； 下客； 退出子弹； 卸下胶卷
5381,payment,支付， 支付的款项
5382,specifically,特别地， 特定地； 明确地， 具体地
5383,controversial,引起争论的， 有争议的
5384,attain,达到， 获得， 完成
5385,trap,陷阱，捕捉器；圈套，诡计；困境；设陷阱捕捉； 诱骗
5386,gallery,画廊， 美术馆； 楼座； 旁听席； 回廊， 走廊
5387,hardware,五金器具； 硬件
5388,deputy,副职， 副手； 代表， 代理人
5389,warmth,暖和， 温暖； 热烈， 热情， 热心
5390,supreme,最高的， 最大的； 极度的， 最重要的
5391,ambulance,救护车； 野战医院
5392,priority,优先， 重点； 优先考虑的事
5393,slope,倾斜；倾斜；斜面
5394,philosophy,哲学， 哲理， 人生哲学
5395,preventive,预防性的
5396,creative,创造性的， 创作的
5397,junior,年少的；资历较浅的；晚辈； 三年级学生
5398,allocate,分配， 分派， 把…拨给
5399,provide,提供， 供给
5400,standpoint,立场， 观点
5401,worship,礼拜；崇拜；信奉；崇拜
5402,lawn,草地， 草坪， 草场
5403,primary,首要的， 主要的； 基本的； 最初的， 初级的
5404,log,原木，木料；航海日志；正式记录
5405,solar,太阳的， 日光的； 太阳能的
5406,consume,消费， 吃完， 喝光； 毁灭； 使着迷， 充满
5407,formation,形成， 构成， 形成物； 队形， 排列
5408,layer,层， 层次
5409,triangle,三角
5410,accidental,偶然的， 意外的
5411,assure,使确信； 确保， 向…保证
5412,consult,请教； 查阅； 商议
5413,theme,主题， 题目
5414,smash,粉碎，打烂；狠打，猛击；破灭，失败；猛撞，猛冲；破碎 ； 猛击， 猛撞； 轰动的演出， 巨大的成功
5415,merely,仅仅， 只不过
5416,contradiction,矛盾， 不一致； 否认， 反驳
5417,fuss,忙乱； 大惊小怪， 小题大做； 烦恼， 过于忧虑
5418,wealth,财富， 财产； 丰富
5419,editor,编辑， 编者， 校订者
5420,barrel,桶； 圆筒； 枪管
5421,means,方法， 手段， 工具； 金钱， 财产
5422,desire,渴望；要求；愿望； 欲望
5423,survive,活下来， 幸存；从…逃出，幸免于；从中挺过来；比…活得长
5424,efficient,效率高的； 有能力的
5425,initial,最初的，开始的；首字母
5426,unfortunately,不幸地
5427,consistent,坚持的， 一贯的； 一致的， 符合的
5428,reverse,撤销，推翻；反向，倒转；彻底改变；反向的， 相反的， 倒转的；相反，对立面；反面，背面，后面；挫折，逆境
5429,heterogeneity,异种， 异质， 不同成分
5430,sword,剑， 刀
5431,permanent,永久的， 固定的
5432,barely,仅仅， 只不过， 几乎不
5433,summarize,概括， 概述， 总结
5434,chap,小伙子， 男人， 家伙
5435,facility,设备； 容易； 场所
5436,beam,梁，横梁；束，柱；笑容，喜色；面露喜色； 定向发出， 播送
5437,alliance,结盟， 联盟
5438,civilization,文明， 文化； 开化
5439,fiction,小说； 虚构， 杜撰
5440,possession,有， 所有； 所有物
5441,replace,代替， 取代； 更换， 调换； 把…放回原处
5442,appointment,任命； 约定； 约会； 委任的职位
5443,hip,臀部， 髋部
5444,merry,欢乐的， 愉快的
5445,dam,水坝，水堤；障碍物；筑堤挡住
5446,pessimistic,悲观的
5447,commander,司令官， 指挥员
5448,bloom,开花；花，开花，开花期；青春焕发
5449,major,较大的；主要的；重大的；少校； 专业
5450,zone,地区， 区域， 范围
5451,emphasis,强调； 重点， 重要性
5452,interrupt,打断， 打扰， 中断
5453,feasible,可行的， 可能的
5454,prescribe,开； 吩咐采用； 规定， 指定
5455,potential,潜在的，可能的；潜力， 潜能
5456,bean,豆， 蚕豆
5457,accustomed,惯常的， 习惯的
5458,combination,结合， 联合； 化合
5459,obtain,获得； 通用， 流行； 存在
5460,turbine,叶轮机， 汽轮机
5461,repeatedly,一再， 再三， 多次地
5462,curiosity,好奇， 好奇心； 奇物， 奇事， 珍品
5463,gross,总的； 严重的； 粗俗的； 臃肿的
5464,workshop,车间， 作坊， 创作室； 研讨会， 讲习班
5465,resist,抵抗， 反抗， 抵制； 抗， 耐； 忍住， 拒受…的影响
5466,liter,升
5467,format,设计，安排；格式，样式，版式；使格式化
5468,sacrifice,牺牲，舍身；献祭，供奉；牺牲； 供奉； 祭品
5469,illegal,不合法的， 非法的
5470,stimulate,刺激， 激励， 激发
5471,formal,正式的， 礼仪上的
5472,congratulate,祝贺， 向…道喜
5473,rainbow,虹， 彩虹
5474,soak,浸， 泡
5475,soar,猛增， 剧增； 高飞， 升腾； 高涨； 高耸， 屹立
5476,salesman,售货员， 推销员
5477,interference,干涉， 干预， 阻碍
5478,fibre,纤维， 纤维质
5479,sustain,保持， 使持续下去； 供养， 维持； 支持， 支撑； 经受， 遭受
5480,entertain,使欢乐； 招待， 请客
5481,altitude,海拔， 高度； 高处
5482,classify,把…分类， 把…分级
5483,ease,容易；舒适；缓和
5484,critical,决定性的； 批评的
5485,colony,殖民地； 侨居地， 聚居地； 群体， 集群
5486,mathematics,数学
5487,wagon,四轮马车， 大篷车； 铁路货车， 客货两用车
5488,elsewhere,在别处， 向别处
5489,penetrate,透入， 渗入， 进入； 刺穿； 洞察， 了解
5490,principal,最重要的，主要的；负责人， 校长； 资本， 本金； 主要演员， 主角
5491,tend,照管， 照料， 护理；易于，往往会；趋向，倾向
5492,exceedingly,极端地， 非常
5493,specimen,样本， 标本， 样品
5494,relief,轻松， 宽慰； 缓解； 调剂， 消遣； 接替
5495,dimension,尺寸， 尺度； 方面， 特点； 面积， 规模
5496,introduction,介绍， 引进； 引言
5497,deserve,应受， 值得
5498,process,过程；制作法；程序；加工； 办理
5499,philosopher,哲学家， 哲人
5500,restore,恢复， 使回复； 修复， 整修； 归还， 交还
5501,therapy,治疗， 理疗
5502,alternative,两者选一的， 供选择的； 另类的；替换物，选择；选择的自由
5503,banner,横幅； 旗， 旗帜
5504,concentration,集中； 专注， 专心； 浓缩， 浓度
5505,encounter,遭遇，遇到；遭遇
5506,soda,碳酸钠， 纯碱； 汽水， 苏打水
5507,colleague,同事， 同僚
5508,gratitude,感激， 感谢， 感恩
5509,approve,赞成， 称许； 批准
5510,interaction,相互作用， 干扰
5511,chew,咀嚼， 嚼碎
5512,interfere,干涉， 干预， 妨碍
5513,apartment,一套公寓房间
5514,account,说明原因； 占；记述；解释；账目
5515,uneasy,心神不安的， 忧虑的
5516,tolerate,忍受， 容忍； 容许， 承认
5517,developmental,发展的
5518,stack,堆，垛；堆积， 堆放于
5519,underline,在…下面画线； 强调， 使…突出
5520,innocent,清白的； 幼稚的； 没有恶意的
5521,compassion,同情， 怜悯
5522,alphabet,字母表， 字母系统
5523,parliament,议会， 国会
5524,evaluation,评价； 估计
5525,crack,爆裂； 噼啪地响； 打， 击；裂缝，裂纹；破裂声
5526,bind,捆绑， 包扎； 装订； 约束； 使结合， 使黏合
5527,trim,整齐的；使整齐
5528,appreciate,重视， 赏识； 领会， 体会； 感谢； 增值
5529,dental,牙齿的， 牙科的
5530,predictable,可预料的
5531,diverse,不一样的， 相异的； 多种多样的
5532,railway,铁路
5533,cube,清澈透明的；立方形，立方
5534,rally,集合， 团结； 恢复， 重新振作；集会；公路汽车赛
5535,prime,首要的；最好的；青春；全盛时期；使准备好
5536,happen,发生； 碰巧， 恰好
5537,festival,节日； 音乐节
5538,mild,温柔的； 温暖的； 轻微的
5539,profile,侧面；人物简介；轮廓，形象；姿态，引人注目的状态；为…描绘； 写…的传略
5540,loyal,忠诚的， 忠心的
5541,preference,喜爱， 偏爱； 偏爱的事物； 优先
5542,impact,影响， 作用， 冲击
5543,opportunity,机会， 良机
5544,active,活跃的， 积极的； 主动的； 起作用的
5545,dorm,宿舍
5546,whichever,无论哪个， 无论哪些
5547,court,法院， 法庭； 庭院； 宫廷； 球场
5548,venture,冒险， 敢于；风险投资，风险项目
5549,mill,磨， 碾；磨坊；碾磨机；制造厂，工厂
5550,bucket,水桶， 吊桶； 铲斗
5551,senior,资格较老的，地位较高的；年长的；较年长者； 毕业班学生
5552,dose,剂量， 用量， 一剂
5553,route,路线， 路程
5554,enthusiasm,热情， 热心， 热忱； 巨大兴趣
5555,flexible,易弯曲的， 灵活的
5556,adult,成年的； 成年人的， 适宜于成年人的；成年人
5557,attitude,态度， 看法； 姿势
5558,relative,有关系的，相对的；亲属， 亲戚
5559,organ,器官； 机构； 管风琴； 新闻媒介
5560,average,平均的；平常的；平均；平均数，平均
5561,treatment,待遇； 治疗， 疗法； 对待， 处理
5562,compare,比较， 对照； 把…比作
5563,pluralism,多重性； 兼职， 兼任
5564,influential,有影响的； 有权势的
5565,shiver,战栗， 颤抖
5566,Bible,圣经
5567,liquor,酒， 烈性酒
5568,honourable,光荣的； 可敬的； 正直的
5569,characteristic,特有的，典型的；特性
5570,transparent,透明的； 易识破的； 明显的， 清楚的
5571,interior,内部的；内地的；内部
5572,rouse,惊起； 唤起； 唤醒
5573,journal,日报， 杂志， 日志
5574,grasp,抓紧，握紧；理解；抓； 理解
5575,involvement,连累； 包含
5576,spark,发出火花；火花，火星
5577,unlike,不同的；不像…
5578,assembly,立法机构； 议会； 集合； 集会的人们； 装配， 组装
5579,hearing,听力， 听觉； 听力所及之距离； 意见听取会； 申辩的机会
5580,acquisition,取得， 获得， 习得； 获得物， 增添的人
5581,volcano,火山
5582,rigid,严格的； 死板的； 刚硬的， 僵硬的
5583,deadline,最后期限
5584,so-called,所谓的， 号称的
5585,grateful,感激的； 令人愉快的
5586,chip,屑片， 碎片； 炸土豆条； 集成电路片， 集成块； 缺口， 瑕疵
5587,chin,颏， 下巴
5588,emotional,感情的， 情绪的
5589,operational,运转的； 可使用的； 操作上的
5590,staff,工作人员；参谋；为…配备人员
5591,involve,使卷入， 牵涉； 包含， 含有
5592,noticeable,显而易见的
5593,assemble,集合， 召集； 装配
5594,blast,爆炸，冲击波；一阵；炸
5595,series,一系列， 连续； 丛书， 连续剧
5596,complicated,复杂的， 难懂的
5597,cultivate,耕作， 种植； 培养， 陶冶
5598,maximum,最大的， 最高的， 顶点的；最大量，顶点
5599,thrive,兴旺， 繁荣， 旺盛
5600,purse,钱包， 女用小提包
5601,represent,作为…的代表； 表示， 象征； 描绘， 表现
5602,compete,比赛， 竞争， 对抗
5603,dialect,方言， 土语， 地方话
5604,accountant,会计人员， 会计师
5605,stocking,长袜
5606,dim,昏暗的；朦胧的；模糊不清的；变暗淡
5607,emergency,紧急情况， 突然事件
5608,dip,蘸，浸；游一会儿泳
5609,recreational,休养的； 娱乐的
5610,faculty,才能， 能力； 系， 科； 全体教员
5611,trail,痕迹，小径；跟踪， 追踪
5612,passport,护照
5613,prior,在前的； 优先的
5614,considerate,考虑周到的， 体贴的， 体谅的
5615,clue,线索， 暗示， 提示
5616,legal,法律的； 合法的
5617,bracket,括号；把…归为同一类
5618,highway,公路， 大路
5619,vanish,突然不见， 消失； 不复存在， 绝迹
5620,signal,显著的， 重大的；信号，暗号；标志，表示；发信号；标志着
5621,sightseeing,观光， 游览
5622,parcel,包裹，小包，邮包；分， 分配； 把…包起来， 捆扎
5623,static,静的，静态的；静止的，停滞的；静电
5624,journey,旅行；旅行，旅程
5625,planet,行星
5626,finally,最后； 决定性地
5627,exhaust,使筋疲力尽；用尽；详尽论述；排气装置； 废气
5628,creep,爬行， 缓慢地行进
5629,strap,带子；捆扎； 用绷带包扎
5630,grape,葡萄， 葡萄藤
5631,conviction,确信； 坚定的信仰； 说服， 信服； 定罪， 判罪
5632,scholar,学者； 奖学金获得者
5633,straw,稻草； 麦秆吸管， 吸管
5634,regarding,关于
5635,graph,图， 图表
5636,vision,想象力； 梦幻； 视力， 视觉
5637,accompany,陪伴， 陪同， 伴随； 为…伴奏
5638,petrol,汽油
5639,acceptance,接受； 承认； 容忍
5640,relativity,相对论； 相关性
5641,beneficial,有利的， 有益的
5642,tackle,对付，处理；与…交涉；阻截，擒抱；阻截， 擒抱； 用具， 钓具； 辘轳， 滑车
5643,reckon,认为， 估计； 指望， 盼望； 测算， 测量
5644,confusion,困惑， 糊涂； 混淆； 骚乱
5645,occasion,场合，时刻；重大活动；时机；起因；引起
5646,loan,贷款， 借
5647,virtual,实质上的， 事实上的， 实际上的
5648,squeeze,挤；压榨，榨取；捏，握；挤； 握手； 拮据， 紧缺
5649,blank,空白的；茫然的，无表情的；空白； 空白表格
5650,landlord,地主， 房东； 店主
5651,session,会议， 一届会期； 集会
5652,additional,附加的， 追加的
5653,worthy,有价值的， 值得的
5654,endless,无止境的
5655,expectation,期待， 期望， 预期； 前程， 成功的前景
5656,title,标题， 题目； 称号， 头衔； 权利， 权益
5657,mist,蒙上薄雾； 模糊；薄雾
5658,primarily,首先； 主要地
5659,duration,持续， 持久
5660,plantation,种植园， 人工林
5661,ignore,不顾， 不理， 忽视
5662,loaf,游荡， 闲逛；面包
5663,nuclear,核子的， 核能的， 核武器的； 核心的
5664,reception,招待会， 欢迎会； 接受； 接待； 接收效果
5665,outward,外面的； 外表的； 向外的
5666,bloody,[用于加强语气]非常，很；[用于加强语气]非常的；该死的；流血的；嗜杀的；血染
5667,poetry,诗， 诗歌， 诗集
5668,owner,物主， 所有人
5669,vapour,蒸汽
5670,sole,单独的， 唯一的；脚底，鞋底，袜底
5671,jury,陪审团； 评奖团
5672,holy,神圣的， 圣洁的， 虔诚的
5673,spelling,拼字， 拼法， 拼写法
5674,relax,放松， 松弛； 放宽， 缓和
5675,priest,神父， 牧师
5676,monitor,班长；监视器，检测器；显示器；监听； 检测
5677,permission,允许， 许可， 准许
5678,grand,宏伟的； 重大的； 傲慢的； 派头大的； 绝佳的； 全部的
5679,schedule,时刻表，日程安排表；清单，明细表；安排， 排定
5680,postage,邮费， 邮资
5681,tame,驯服的，顺从的；沉闷的，乏味的；制服， 控制并利用； 驯化， 驯服
5682,material,物质的， 实体的； 肉体的； 重要的， 实质性的；材料，素材
5683,universe,宇宙， 世界； 领域， 范围
5684,interpret,解释， 说明； 口译
5685,spectacular,壮观的，引人注目的；壮观的演出； 惊人之举
5686,inherit,成为继承人；继承
5687,peculiar,奇怪的， 古怪的； 特有的
5688,blanket,毛毯， 毯子， 羊毛毯
5689,grant,授予物；补助金；授予， 给予； 同意
5690,injection,注射， 注入； 充满
5691,envy,妒忌，羡慕；妒忌的对象；妒忌， 羡慕
5692,hut,小屋， 棚屋
5693,invincible,不能征服的， 无敌的
5694,discount,折扣；将…打折扣； 不信； 漠视， 低估
5695,convert,转变， 转化； 改变
5696,construct,建造； 构思；建筑物； 构想， 观念
5697,attempt,尝试， 试图， 努力
5698,thick,厚厚地；厚的，密的，浓的；不清楚的，口音重的
5699,superficial,表面的， 肤浅的
5700,division,分， 分配； 除法； 分歧； 分裂
5701,executive,执行的；执行者
5702,navigation,航行， 航海， 航空； 导航， 领航
5703,melt,融化； 熔化； 消散
5704,hook,钩住；钩，挂钩
5705,stale,不新鲜的； 陈腐的， 过时的
5706,balance,使平衡；称；权衡，比较；天平； 平衡； 结存， 结欠
5707,cigar,雪茄烟
5708,action,行动； 已做的事； 作用， 功能； 情节
5709,stadium,运动场， 体育场
5710,whereas,然而， 但是， 尽管
5711,pitch,投， 掷； 架设， 搭， 营； 颠簸；球场；程度，强度；高度；音高；沥青；投掷；使猛然倒下；表达；把…定于特定程度；定调
5712,kindness,仁慈， 好意
5713,adoptive,收养关系的； 采用的
5714,chop,砍，劈；切细；排骨
5715,electrical,电的， 电气科学的
5716,statue,塑像， 雕像， 铸像
5717,being,存在； 生物， 生命
5718,sensitive,敏感的， 灵敏的， 神经过敏的； 容易生气的， 易受伤害的
5719,protest,抗议， 反对
5720,classification,分类， 分级， 分类法； 类别， 级别
5721,vacant,空的， 未被占用的； 空缺的； 茫然的， 空虚的
5722,physicist,物理学家
5723,afford,担负得起； 提供
5724,underground,在地下，往地下；秘密地，不公开地；地下的；秘密的，不公开的；地铁； 地下组织
5725,curse,诅咒，咒骂；天谴； 祸害， 祸根
5726,impression,印象； 印记
5727,baseball,棒球
5728,interval,间隔， 间距； 幕间休息
5729,evaluate,评价； 估…的价
5730,machinery,机器， 机械
5731,status,地位， 身份； 情形， 状况
5732,shield,防护物，护罩；盾；保护， 防护
5733,upset,心烦的， 苦恼的； 不适的；使心烦意乱，使苦恼，使不适；搅乱；弄翻，倾覆；翻倒；搅乱；不安；不适
5734,inference,推断结果， 结论； 推论， 推理， 推断
5735,curve,弯曲；曲线，弯，弯曲处
5736,dot,点，圆点；打点于
5737,skim,撇去， 掠过， 擦过； 浏览， 略读
5738,phenomenon,现象
5739,notify,通知， 告知， 报告
5740,mention,提及， 说起
5741,stream,流出， 涌出；河，溪流；一股，一串
5742,laundry,洗衣房， 洗衣店； 待洗的衣服， 洗好的衣服
5743,accumulate,积累， 堆积
5744,crime,罪， 罪行， 犯罪
5745,heave,起伏，隆起；呕吐，恶心；举起，提起，拉起，拖；扔；发出；举起； 起伏， 升降
5746,leisure,空闲时间； 悠闲
5747,nourish,提供养分， 养育
5748,surround,围， 围绕； 圈住
5749,mat,席子， 垫子
5750,cigarette,香烟， 纸烟， 卷烟
5751,torch,火炬， 火把； 手电筒
5752,positive,确实的， 明确的； 积极的， 肯定的
5753,favourite,特别受喜爱的；特别受喜爱的人
5754,menu,菜单
5755,prospect,勘探， 勘察；前景， 前途， 可能性； 景象， 景色； 可能成为主顾的人； 有希望的候选人
5756,radar,雷达
5757,refugee,难民
5758,aluminium,铝
5759,comparable,可比较的； 类似的； 比得上的
5760,specialize,成为…专家； 专攻
5761,rotate,旋转， 转动； 轮流
5762,instance,例子， 实例， 事例
5763,opera,歌剧
5764,presumably,大概， 可能， 据推测
5765,conscience,良心， 道德心
5766,subject,题目； 学科； 主语；使隶属
5767,practically,几乎， 简直； 实际上
5768,recognition,认出， 识别； 承认； 赏识， 表彰， 报偿
5769,cassette,盒式录音带
5770,blade,刀刃， 刀片， 叶片
5771,arrangement,整理， 排列， 安排； 准备工作
5772,revenue,收入， 收益； 税收， 岁入
5773,strip,脱光衣服；剥夺，夺去；条带
5774,solution,解决； 解决办法； 溶液
5775,continuous,连续不断的； 延伸的
5776,opponent,对手， 敌手， 对抗者
5777,accelerate,使加快， 使增速
5778,backward,[-]倒； 向后， 往回；向后的，倒的；落后的，进步慢的
5779,grain,谷物， 谷粒； 颗粒； 少量， 微量
5780,maid,女仆， 侍女
5781,residence,住处， 住宅； 居住； 居住资格
5782,credit,信贷，赊欠；赞扬，荣誉；学分；信任；相信； 把…记入贷方； 把…归于
5783,regardless,不顾后果地； 不管怎样， 无论如何
5784,oxygen,氧， 氧气
5785,intensive,加强的； 精深的， 透彻的； 精耕细作的
5786,alter,改变， 变更， 变动
5787,combine,结合， 联合； 化合；联合企业； 联合收割机
5788,ideal,理想的；观念的；空想的；理想； 理想的东西
5789,bearing,举止， 风度； 方位， 方向感； 影响
5790,illustrate,说明
5791,occur,发生， 出现， 存在； 被想起， 被想到
5792,comedy,喜剧， 喜剧性
5793,broom,扫帚
5794,establishment,建立， 设立， 确立； 企业； 当权人物
5795,pressure,压，压强；压迫；对…施加压力， 迫使
5796,breeze,飘然而行；微风，和风
5797,trash,垃圾，废物；拙劣的文学作品；没用的人，社会渣滓，败类；捣毁， 破坏
5798,painter,漆工； 画家
5799,millimetre,毫米
5800,horn,角； 号角； 警报器
5801,specialist,专家
5802,infer,推论， 推断； 猜想
5803,compass,罗盘， 指南针； 圆规； 界限， 范围
5804,background,出身背景， 经历； 背景资料； 背景， 底子
5805,sore,痛的；恼火的；急剧的，剧烈的；疮， 痛处
5806,dispose,处理， 解决； 使倾向于
5807,glow,发白热光；白热光；脸红；激情
5808,curtain,门帘， 窗帘； 幕
5809,laughter,笑， 笑声
5810,constitution,宪法， 章程； 组成； 设立
5811,blend,混合
5812,certificate,证书， 证件， 执照
5813,mess,凌乱状态，混乱的局面；困境；弄糟， 弄脏， 搞乱
5814,sour,酸的；馊的，酸味的；脾气坏的；变酸， 变馊； 变得乖戾
5815,delete,删除， 擦掉
5816,nonsense,胡说， 废话； 冒失的行动
5817,stain,玷污；给…着色；污点， 污迹
5818,transform,使改观， 改革； 变换， 把…转换成
5819,leadership,领导
5820,genuine,真的， 真正的； 真诚的
5821,X-ray,X射线， X光
5822,physical,身体的； 物理的； 物质的， 有形的
5823,fulfil,履行， 实现， 完成； 满足， 使满意
5824,wicked,坏的， 令人厌恶的； 淘气的， 顽皮的
5825,spokesman,发言人
5826,equation,方程， 等式
5827,impressive,给人深刻印象的
5828,compound,复合的， 化合的；化合物，复合物；复合词；使恶化， 加重； 使化合， 使合成
5829,structure,结构，构造；建造
5830,intensity,强烈， 剧烈； 强度
5831,waken,醒来， 弄醒
5832,stake,桩；利害关系；股份；赌金，赌注；以…打赌， 拿…冒险
5833,extraordinary,非同寻常的， 特别的
5834,witness,证据；目击者，证人；目击； 为…作证， 证明
5835,concerning,关于
5836,attraction,吸引， 吸引力； 引力； 具有吸引力的事物
5837,conventional,普通的； 习惯的， 常规的； 因循守旧的
5838,regulation,规章， 规则； 管理， 控制； 调节
5839,puzzle,迷惑，为难；苦思；智力测验； 谜， 难题， 令人费解的事； 困惑， 迷惑
5840,circulation,循环； 流传； 发行， 流通
5841,bake,烤， 烘， 焙
5842,mere,仅仅的； 纯粹的
5843,accommodation,住处； 膳宿
5844,evident,明显的， 明白的
5845,suburb,郊区， 郊外， 近郊
5846,lodge,暂住，借宿；乡间小屋； 旅舍
5847,threat,威胁， 恐吓； 凶兆， 征兆
5848,writer,作者， 作家
5849,simplify,简化， 使简明
5850,breast,乳房； 胸脯， 胸膛
5851,invention,发明， 创造； 捏造
5852,mercy,仁慈， 宽容； 恩惠； 幸运
5853,annoy,使恼怒； 打搅
5854,curl,鬈发； 卷曲， 卷曲物
5855,inform,告发， 告密；通知；报告
5856,psychological,心理的
5857,glue,胶，胶水；胶合
5858,commit,犯， 干； 使承诺； 把…托付给； 调拨…供使用， 拨出
5859,scream,尖叫，呼啸；尖叫声
5860,sorrow,悲痛， 悲哀， 悲伤； 伤心事， 不幸的事
5861,crash,发出撞击声；垮台，破产；冲，闯；碰撞；坠落；碰撞； 破裂声
5862,patch,补丁；斑，与周围不同的部分；一小块地；补， 修补
5863,observer,观察员， 观察者
5864,character,性格， 特性； 性质； 人物， 角色； 符号； 字
5865,reflect,反映， 显示； 反射， 映现； 深思， 考虑， 反省
5866,procession,队伍， 行列
5867,contribution,贡献， 促成作用； 捐款， 捐献物； 稿件
5868,Marxist,马克思主义的；马克思主义者
5869,bang,猛击， 猛撞； 发出砰的一声， 砰砰地响；巨响，枪声；猛击；猛击，猛撞；砰地敲
5870,brow,额， 眉， 眉毛
5871,meaning,意义， 意思； 目的； 重要性
5872,ignorant,不知道的， 无知的
5873,magnetic,磁的； 有吸引力的
5874,band,乐队；群，伙；带；条纹；波段；用带绑扎
5875,orbit,轨道；做轨道运行
5876,comprise,包含， 包括， 构成
5877,moderate,中等的； 温和的， 稳健的； 有节制的；和缓， 减轻； 节制
5878,resident,居住的， 定居的； 住校的， 住院的；居民，定居者；住院医生
5879,spray,喷， 溅散；浪花，水花；喷雾
5880,distinguish,区别， 辨别， 识别； 使显出特色， 使杰出
5881,receiver,听筒； 接收器
5882,outer,外面的， 外层的
5883,invent,发明， 创造； 捏造
5884,fluent,流利的， 流畅的
5885,shortcoming,短处， 缺点
5886,substantial,可观的， 大量的； 结实的， 坚固的； 实质的， 真实的
5887,execute,将…处死； 实施， 执行
5888,benefit,有益于； 得益；利益，恩惠；救济金，保险金，津贴
5889,flood,淹没； 涌入；洪水；大量
5890,vitamin,维生素
5891,intention,意图， 意向， 目的
5892,rude,粗鲁的， 不礼貌的； 粗糙的， 粗陋的
5893,symptom,症状； 征候， 征兆
5894,pillar,柱， 柱子； 栋梁
5895,thereby,因此， 从而， 由此
5896,unique,唯一的， 独一无二的； 极不寻常的， 极好的
5897,funeral,葬礼， 丧礼， 丧葬
5898,boost,提高，使增长；推动，激励；替…做广告，宣扬；提高， 增长； 推动， 激励
5899,fireman,消防队员； 司炉工
5900,sincere,真诚的， 诚挚的
5901,male,男的，雄的；男子， 雄性动物
5902,ministry,部
5903,religious,宗教的； 笃信宗教的， 虔诚的
5904,nevertheless,仍然， 然而
5905,prominent,突出的， 杰出的； 突起的， 凸出的
5906,shelter,掩蔽处，躲避处；住所；掩蔽，保护；掩蔽， 庇护； 躲避
5907,outset,开始， 开端
5908,jewel,宝石； 宝石饰物
5909,scan,细看，审视；扫描，浏览；扫描
5910,association,协会， 团体； 联合， 交往
5911,fundamental,基础的，基本的；基本原则
5912,eliminate,消灭， 消除， 排除； 淘汰
5913,global,全球的， 全世界的； 总的， 完整的
5914,entitle,给…权利； 给题名
5915,outline,提纲，要点；外形，略图；概述； 描…外形
5916,fade,褪色；逐渐消失；凋谢；使褪色
5917,unless,除非， 如果不
5918,butterfly,蝴蝶
5919,excess,过量的， 额外的；超越； 过量， 过度
5920,glance,看一下；一瞥；用扫视； 反射
5921,perspective,视角， 观点； 远景， 景观； 透视画法， 透视图
5922,relationship,关系， 关联
5923,equality,等同， 平等， 相等
5924,destruction,破坏， 毁灭， 消灭
5925,dictation,口授； 听写
5926,stiff,极其， 非常； 僵硬地；硬的，僵直的；不灵活的；拘谨的，生硬的；费劲的；强烈的
5927,expression,词语； 表达； 表情
5928,invade,入侵， 侵略， 侵袭
5929,reaction,反应； 反作用
5930,childhood,童年， 幼年， 早期
5931,wolf,狼
5932,accordance,一致； 和谐
5933,thorough,彻底的， 详尽的
5934,appeal,呼吁，恳求；申诉，上诉；上诉；感染力， 吸引力； 呼吁， 上诉
5935,democracy,民主， 民主制； 民主国家
5936,transportation,运输， 运送， 客运
5937,dye,染；染料； 染色
5938,evolve,使进化， 使发展
5939,extensive,广阔的， 广泛的
5940,congratulation,贺词； 祝贺， 恭喜
5941,abandon,离弃，丢弃；遗弃，抛弃；放弃；放任； 纵情
5942,definitely,一定地， 明确地
5943,inspire,吸气； 赋予灵感；鼓舞，给…以灵感
5944,marvelous,奇迹般的， 了不起的
5945,household,家庭的； 家喻户晓的；家庭，户；家务
5946,geometry,几何， 几何学
5947,ratio,比， 比率
5948,devote,将…奉献给； 把…专用
5949,agent,代理人， 代理商； 政府代表； 动因， 原因； 剂
5950,wool,羊毛； 毛线， 绒线
5951,wholly,完全地， 全部地
5952,instinct,本能， 天性； 直觉
5953,approximate,近似的；近似； 估计
5954,invest,投资， 投入； 授予
5955,afterward,后来， 以后
5956,reputation,名誉， 名气， 名声
5957,project,伸出； 投射； 预计；方案， 计划； 课题， 项目； 工程
5958,shrug,耸肩
5959,independence,独立， 自主， 自立
5960,coordination,同等； 调和
5961,presentation,提供， 显示； 外观， 图像； 授予， 赠送； 报告， 介绍； 表演
5962,diameter,直径
5963,barn,谷仓； 牲口棚
5964,bark,吠，叫；吠声， 叫声； 树皮
5965,loop,成环， 成圈；圈，环，回路；循环
5966,restrain,阻止， 控制； 抑制， 遏制
5967,greedy,贪吃的； 贪婪的； 渴望的
5968,awkward,笨拙的， 尴尬的； 难操纵的， 使用不便的； 不灵巧的
5969,bare,赤裸的；光秃的，无遮盖的；刚刚够的，勉强的；露出， 显露
5970,ruin,毁坏；毁灭；废墟
5971,crane,起重机， 摄影升降机； 鹤
5972,beard,胡须， 络腮胡子
5973,impatient,不耐烦的， 急躁的
5974,spill,溢出，洒落；溢出
5975,owing,应付的， 未付的
5976,collection,搜集， 聚集， 积聚； 收集， 收取； 收藏品， 收集的东西
5977,gardener,园丁， 花匠
5978,conquest,攻取， 征服， 克服
5979,finding,发现； 调查的结果； 裁决
5980,dense,密集的， 浓厚的； 密度大的
5981,fortnight,两星期， 十四天
5982,laboratory,实验室， 研究室
5983,inspect,进行检查； 进行视察；检查，审查；检阅
5984,campaign,参加运动； 参加竞选；战役；运动
5985,systematical,有系统的， 有计划的
5986,vital,致命的， 生死攸关的； 极其重要的； 生命的， 有生命力的
5987,conflict,冲突， 抵触；冲突， 抵触， 争论； 战斗， 战争
5988,farewell,告别， 欢送会
5989,allow,允许， 准许； 同意给； 承认； 允许…进入
5990,appliance,用具， 器具， 器械； 家电
5991,mass,大量的，大规模的；聚集， 集中；众多，大量；团，块，堆；群众；质量
5992,lord,领主， 君主， 贵族
5993,detect,察觉， 发觉； 侦查出
5994,amateur,业余爱好的， 业余的； 外行的；业余爱好者；外行
5995,poisonous,有毒的； 恶毒的
5996,condemn,谴责， 指责； 判…刑， 宣告…有罪
5997,beast,兽， 野兽， 牲畜； 凶残的人， 令人厌憎的人
5998,assistance,协助， 援助
5999,commerce,商业， 贸易； 社交
6000,gesture,做手势；姿势，手势，姿态
6001,admit,承认， 供认； 准许…进入
6002,poem,诗
6003,interest,兴趣；利益，利害关系；利息；使感兴趣
6004,gulf,海湾； 巨大的分歧
6005,poet,诗人
6006,definition,定义， 释义， 定界； 清晰， 鲜明
6007,shave,剃，刮，刨，削；修面，刮脸；修面， 刮脸
6008,organic,有机体的， 有机物的
6009,mask,面具，面罩，口罩；伪装；遮盖， 掩饰
6010,summary,概括的， 概要的； 实时的， 即决的；摘要，概要，一览
6011,apply,适用； 申请， 请求； 涂， 敷， 施；应用，实施；使用；涂敷；把…施于
6012,inferior,下等的，劣等的；次于…的；下级， 下属
6013,steamer,轮船， 汽船
6014,recently,最近， 新近
6015,overlook,忽视； 宽恕； 俯瞰
6016,politician,政治家， 政客
6017,incredible,不能相信的， 不可信的； 难以置信的， 不可思议的； 惊人的
6018,dramatic,引人注目的， 激动人心的； 突然的
6019,mosquito,蚊子
6020,guitar,吉他， 六弦琴
6021,layout,布局， 安排， 设计
6022,artificial,人工的， 人为的； 矫揉造作的； 模拟的
6023,imaginary,想象中的， 假想的
6024,removal,除去， 消除； 移动， 搬迁
6025,formula,公式， 方程式； 原则， 方案； 配方
6026,comment,评论；评论，意见，注释；闲话，议论
6027,revolt,反叛，起义；反抗，违抗；厌恶，生反感；反叛， 起义
6028,disgust,厌恶， 憎恶
6029,stem,起源；茎，干；词干；堵住， 止住， 停住
6030,sunshine,日光， 阳光
6031,trend,伸向；倾向；倾向
6032,achievement,完成； 成就， 成绩
6033,mechanic,技工， 机修工； 力学， 机械学； 过程， 方法， 技术性细节
6034,desirable,值得向往的， 令人满意的
6035,balcony,阳台； 楼厅， 楼座
6036,consist,由…组成； 在于； 一致
6037,preparation,准备， 预备； 制剂
6038,reliable,可靠的， 可信赖的
6039,relate,有关， 涉及； 符合； 相处；使有关联；讲述，叙述
6040,critic,批评家， 爱挑剔的人
6041,elevator,电梯， 升降机
6042,grammar,语法； 语法书
6043,enable,使能够， 使可能
6044,preliminary,预备的，初步的；初步做法， 起始行为
6045,dependent,依靠的， 依赖的； 取决于…的
6046,obstacle,障碍， 障碍物， 妨碍
6047,profession,职业； 声明， 表白
6048,calculator,计算器， 计算者
6049,van,大篷车， 运货车
6050,biology,生物学， 生态学
6051,worm,虫， 蠕虫
6052,compress,压紧， 压缩
6053,arise,出现； 由…引起； 起身， 起床
6054,collaborative,合作的， 协作的， 协力完成的
6055,cherish,珍爱； 怀有
6056,constitute,组成， 形成； 设立； 任命
6057,cattle,牛； 牲口， 家畜
6058,imagination,想象， 想象力， 空想； 想象出
6059,resistance,反抗， 抵制； 抵抗力， 抵抗性； 阻力； 电阻
6060,underneath,在下面，在底下；在…下面，在…底下；下部， 底部
6061,nursery,托儿所， 保育室； 苗圃
6062,mate,成为配偶， 交配；伙伴，同事；配偶，配对物；大副
6063,convince,使确信， 使信服， 说服
6064,emperor,皇帝
6065,prolong,拉长， 延长
6066,theory,理论， 原理； 学说； 意见， 看法
6067,distress,忧虑， 痛苦， 悲伤； 不幸
6068,flock,羊群， 群； 大量
6069,internal,内的； 国内的； 内心的
6070,extension,延长部分， 伸展； 电话分机， 分机号码
6071,signature,署名， 签字， 签名
6072,steep,险峻的， 陡峭的； 过高的； 急剧的
6073,thumb,示意要求搭车；拇指
6074,republican,共和政体的；共和党的；共和党人
6075,literary,文学的； 文人的， 书卷气的
6076,architect,建筑师， 设计师； 缔造者
6077,forehead,额头； 前部
6078,classical,古典的， 经典的
6079,privilege,特权； 优惠
6080,foundation,基础；
6081,substitute,代替人；代用品；用…代替
6082,punch,猛击；穿孔；猛击； 冲床； 穿孔机； 力量， 效力
6083,naturally,当然； 天然地； 天生地
6084,flexibility,灵活性， 机动性， 柔韧性
6085,mysterious,神秘的， 诡秘的
6086,moreover,而且， 再者， 此外
6087,identity,身份； 个性， 特性； 同一性， 一致性
6088,scatter,撒， 散播； 散开， 驱散
6089,installation,安装； 装置， 设施； 就任， 就职
6090,writing,书写， 写； 著作
6091,federal,联邦的， 联盟的
6092,violate,违反， 违背； 亵渎； 侵犯； 妨碍
6093,verify,证实， 查证， 证明
6094,collective,集体的，集合性的；团体， 集体
6095,excursion,远足， 短途旅行
6096,steer,掌舵， 驾驶； 操纵
6097,event,事件， 大事， 事变
6098,academy,研究会， 学会； 专门学校
6099,undergo,经历， 经受， 忍受； 接受
6100,reward,报答，奖赏；报酬，酬金；报答， 酬谢， 奖励
6101,include,包括， 包含
6102,sympathize,同情， 怜悯； 体谅； 赞同
6103,alongside,在旁边，沿着边，并排地；在…旁边， 沿着…的边； 和…在一起
6104,swallow,燕子；吞，咽；吞， 咽； 轻信， 轻易接受； 承受， 使不流露； 咽下口水
6105,agency,经办， 代理； 代理处； 专门行政部门
6106,coupon,礼券， 优惠券， 配给券； 联票； 票证
6107,railroad,铁路；由铁路运输
6108,nucleus,核心； 核
6109,fascinating,迷人的， 有极大吸引力的
6110,abstract,抽象的，抽象派的；摘要， 梗概； 抽象派艺术作品；做…的摘要； 提取
6111,sting,刺，蜇，叮；刺伤处，蜇伤处
6112,haste,急速， 急忙； 草率
6113,agenda,议事日程
6114,appearance,出现， 来到； 外观
6115,liquid,液体的； 清澈的； 流畅的；液体
6116,culture,文化， 文明； 教养； 培养； 培养菌
6117,sleeve,袖子， 袖套
6118,devotion,献身， 奉献； 忠实； 热爱； 虔诚
6119,anonymous,匿名的； 无名的； 无特色的
6120,stir,搅动；拨动；激动；唤起；搅拌， 搅动； 激动， 骚乱
6121,fisherman,渔民， 渔夫
6122,span,跨距，一段时间；持续， 贯穿； 包括； 横跨， 跨越
6123,insult,侮辱， 凌辱
6124,existence,存在， 实在， 生存
6125,craft,工艺， 手艺； 船， 航空器
6126,butcher,肉商，肉贩，屠夫；屠宰， 残杀
6127,poll,民意测验；政治选举，大选；对…进行民意测验； 获得
6128,minority,少数； 少数民族
6129,pole,杆； 极， 磁极， 电极
6130,float,浮动， 漂浮； 飘动
6131,graceful,优美的， 优雅的； 得体的
6132,fourfold,四倍， 四重；四倍的，四重的
6133,preferable,更可取的， 更好的， 更合意的
6134,reference,提到， 论及； 参考； 引文； 参考书目； 证明书， 证明人
6135,frog,蛙
6136,spite,恶意，怨恨；刁难， 欺侮
6137,chamber,会议室， 会所； 房间； 腔， 室
6138,arrange,安排， 准备， 整理
6139,coarse,粗的， 粗糙的； 粗劣的； 粗俗的
6140,nephew,侄子， 外甥
6141,publicity,公众的注意， 名声； 宣传， 宣扬
6142,depart,离开， 起程， 出发
6143,exaggerate,夸大， 夸张
6144,imply,暗示， 意指
6145,capture,捕获， 俘获； 夺得
6146,commitment,承诺， 许诺， 保证； 信奉， 献身； 承担的义务
6147,spade,铲， 铁锹
6148,manufacture,制造，加工；制造， 制造业
6149,sequence,连续， 接续， 一连串； 次序， 顺序
6150,collision,碰撞； 冲突， 抵触
6151,qualification,资格， 资格证明， 合格证书； 限制， 限定
6152,provision,供应； 准备； 条款， 规定； 给养， 口粮
6153,recruit,招募，吸收；新兵； 新成员
6154,thrust,插；戳，刺；戳， 刺； 要点， 要旨； 推力
6155,fame,名声， 名望
6156,replacement,代替， 取代； 更换， 调换； 替代的人
6157,mud,泥， 泥浆
6158,mug,大杯；对…行凶抢劫
6159,pond,池塘
6160,arrival,到达， 到来； 到达者， 到达物
6161,scientific,科学的
6162,frequent,时常发生的，常见的；常到， 常去
6163,according,相等的， 一致的， 依…而定的
6164,insure,为…投保； 确保
6165,powder,粉， 粉末
6166,membership,会员身份， 会籍； 全体会员， 会员数
6167,error,错误， 谬误， 差错
6168,platform,平台， 站台， 讲台； 纲领， 宣言
6169,network,网状物； 广播网， 电视网； 网络
6170,jealous,妒忌的， 猜疑的； 精心守护的
6171,rust,生锈， 氧化；铁锈
6172,trace,痕迹；丝毫，少许；跟踪； 追溯； 描摹
6173,Negro,黑人
6174,modernization,现代化
6175,grave,严重的； 严肃的；坟墓
6176,criminology,犯罪学， 刑事学
6177,advantage,优点， 优势， 好处
6178,assistant,助理的， 辅助的；助手，助理，助教
6179,inn,小旅店， 小酒店
6180,instead,作为替代； 却， 反而
6181,controversy,争论， 辩论
6182,command,命令， 指挥， 控制
6183,newsstand,报摊， 杂志摊
6184,worthless,无价值的， 无用的
6185,performance,演出； 执行， 完成； 工作情况， 表现； 工作性能
6186,dessert,甜食， 点心
6187,ambassador,大使， 使节， 派驻国际组织的代表
6188,anticipate,预料， 预期， 期望； 先于…行动； 提前使用
6189,variable,易变的；变量
6190,temple,圣堂， 神殿， 庙宇
6191,growth,增长， 增长量； 生长， 生长物
6192,landscape,风景，景色；风景画；全景；美化…的景观
6193,weave,织， 编
6194,carrot,胡萝卜
6195,normally,通常； 正常地
6196,exception,例外， 除外
6197,vague,模糊的， 含糊的
6198,temporary,暂时的， 临时的
6199,fare,进展；车费，船费，票价
6200,desperate,拼死的， 不顾一切的； 绝望的； 极需要的
6201,leading,指导的， 带头的； 最主要的； 饰演主角的
6202,awful,令人不愉快的， 难过的； 非常的， 极大的
6203,accuracy,准确， 精确
6204,handy,手边的， 便于使用的
6205,urge,鼓励；推进，催促；竭力主张，强烈要求；冲动， 强烈的欲望
6206,resolution,正式决定， 决议； 决心， 决意； 解决， 解答； 分辨率， 清晰度
6207,via,经过， 通过
6208,setting,环境， 背景， 布景； 调节， 设定的位置
6209,score,得， 给…打分； 画线于， 做记号于； 赢得；得分，比数，成绩；二十
6210,quote,引用，援引；引文， 引语； 报价， 牌价； 引号
6211,graduate,研究生的；毕业；毕业生；研究生
6212,famine,饥荒； 严重的缺乏
6213,gramme,gram的英式拼法
6214,absent,缺席的， 不在场的； 缺乏的， 不存在的； 心不在焉的
6215,rag,破布， 碎布； 破旧衣服
6216,visual,看得见的；视觉资料
6217,understanding,体谅的， 宽容的， 通情达理的；理解，理解力；谅解；协议；相互理解，融洽
6218,empire,帝国
6219,educate,教育， 培养， 训练
6220,fairy,小精灵， 小仙子
6221,ashamed,惭愧的， 羞耻的， 害臊的
6222,instruct,指示， 命令； 通知； 教授， 训练
6223,rat,鼠
6224,mayor,市长
6225,virtually,实际上， 事实上
6226,fairly,相当， 尚可， 还； 公平地
6227,handwriting,笔迹， 手迹； 书法
6228,merchant,商人
6229,raw,自然状态的， 未加工过的； 生的； 未经分析的， 原始的； 生疏无知的， 未经训练的； 露肉而刺痛的
6230,proportional,比例的， 成比例的
6231,economy,经济； 节约， 节省
6232,community,社区， 社会， 公社； 团体， 界； 群落
6233,packet,小包， 小盒
6234,version,译本； 说法； 改写本
6235,airport,机场， 航空港
6236,courtyard,庭院， 院子
6237,nationality,国籍； 民族
6238,selection,选择， 挑选； 被挑选出来的人， 精选品； 可供选择的东西
6239,institute,研究所，学院；建立， 设立
6240,aboard,在船上， 上船
6241,endure,忍受， 容忍； 持久， 持续
6242,detail,细节，枝节；零件；详细说明
6243,shortly,立刻， 不久； 不耐烦地； 简短地
6244,hobby,业余爱好， 癖好
6245,appropriate,适当的， 恰当的
6246,providing,倘若
6247,fate,命运， 天数
6248,throat,咽喉， 喉咙； 嗓音
6249,utility,效用， 有用， 实用； 公用事业
6250,immediately,立即， 马上； 直接地， 紧接地
6251,manual,用手的；手工做的；手册， 指南
6252,measurement,衡量， 测量； 尺寸， 大小
6253,optimistic,乐观的， 乐观主义的
6254,vocabulary,词汇表， 词汇， 语汇
6255,retire,退休， 退役； 退下， 退出， 撤退； 就寝
6256,aspect,方面； 朝向， 方向； 样子， 外表
6257,particle,粒子， 微粒； 小品词， 语助词
6258,aggressive,侵略的， 好斗的； 敢做敢为的； 有进取心的
6259,behavior,行为， 举止， 表现
6260,musician,音乐家， 乐师
6261,minimize,将…减少； 最小化
6262,descend,下来， 下降； 下倾
6263,saint,圣徒； 圣人， 道德高尚的人； [用于人名或地名等前]圣
6264,density,密集， 稠密； 密度
6265,logical,逻辑的， 合乎常理的
6266,oblige,迫使； 施恩于， 帮…的忙； 使感激
6267,slam,砰地关上；猛力拉，砰地放下；猛烈抨击；砰的一声
6268,characterize,成为…的特征， 以…为特征； 描绘的特性， 描述
6269,swing,摇摆，回转；突然转向；摇摆； 秋千
6270,ridiculous,荒谬的， 可笑的
6271,handbag,手提包
6272,invasion,入侵， 侵略， 侵犯
6273,spin,旋转；晕眩；纺，织；绞干，甩干；旋转， 自转
6274,severe,严重的； 严厉的， 严格的； 严峻的， 艰难的； 朴素的， 不加装饰的
6275,emerge,出现， 涌现， 冒出
6276,shallow,浅的；浅薄的；浅滩， 浅水处
6277,lease,租约，租契；出租； 租得， 租有
6278,exploit,剥削； 利用； 开拓；业绩， 功绩
6279,slap,掴，掌击，拍；啪的一声放；掴， 掌击， 拍
6280,spit,吐唾沫，吐出；唾沫， 唾液
6281,scout,侦察， 寻找；侦察员，侦察机，侦察舰；童子军
6282,anniversary,周年纪念日
6283,register,登记， 注册； 指示， 自动记下； 流露； 表示， 表达； 把挂号；登记；登记表
6284,restless,焦躁不安的； 静不下来的， 运动不止的
6285,persuasive,劝诱的； 有说服力的
6286,fleet,舰队， 船队
6287,communicate,通讯； 交际， 交流； 连接， 相通； 传达， 传播； 传染
6288,evidence,根据， 证据； 证人
6289,saddle,鞍，鞍状物；车座；给…装鞍； 使承担任务
6290,rural,农村的， 乡村的
6291,official,官员的；官方的，正式的；官员， 行政人员， 高级人员
6292,historical,历史的， 有关历史的
6293,repetition,重复， 反复
6294,fortunately,幸运地； 幸亏
6295,acid,酸的， 酸性的；酸
6296,transmission,传播， 发射； 传送， 传递； 传染
6297,shortage,不足， 缺少
6298,discrimination,区别， 辨别； 识别力； 差别对待， 歧视
6299,female,雌的； 女的；雌性动物；女子
6300,microphone,扩音器， 话筒， 麦克风
6301,swift,快的； 反应快的； 敏捷的
6302,surrender,交出， 放弃； 投降
6303,faint,不清楚的，模糊的；晕倒，昏厥；昏厥
6304,world-wide,遍及全球的
6305,minister,部长， 大臣； 公使， 外交使节； 牧师
6306,pose,摆姿势；假装，装腔作势；使摆好姿势；造成，引起；提出，陈述；样子， 姿势
6307,remedy,补救办法，纠正办法；药品；治疗法；补救， 纠正； 医治， 治疗
6308,jail,监狱，看守所；监禁， 拘留； 塞满； 卡住； 干扰
6309,consent,同意；同意，赞成
6310,insist,坚持， 坚决认为； 坚持要求
6311,typewriter,打字机
6312,helpless,无助的； 无能的； 无法抗拒的
6313,respect,尊敬；尊重；问候；方面；尊敬； 尊重
6314,volume,卷， 册， 书卷； 容积， 体积； 音量， 响度
6315,retreat,退却， 撤退； 退避， 退缩
6316,ache,疼痛；渴望；疼痛
6317,mutual,相互的； 共同的
6318,shell,壳，贝壳；外壳，框架；炮弹；剥…的壳； 炮击
6319,guideline,指导方针， 准则
6320,loose,松的； 不精确的， 不严密的； 散漫的
6321,therefore,因此， 所以
6322,exchange,交换； 交流； 兑换
6323,hesitate,犹豫， 踌躇； 含糊； 不情愿
6324,rifle,来复枪， 步枪
6325,private,私人的；秘密的；私下的；私营的；士兵， 列兵
6326,baggage,行李
6327,companion,同伴， 共事者； 伴侣
6328,breakdown,垮， 衰竭； 损坏， 故障； 倒塌
6329,paste,糊，糨糊；粘， 贴
6330,overtake,追上， 超过； 突然降临于， 意外地碰上
6331,jeans,工装裤， 牛仔裤
6332,overnight,整夜， 通宵； 一夜间， 突然；一整夜的； 一夜间的， 突然的
6333,behave,表现， 举止； 运转， 作出反应
6334,stretch,伸展，延续；伸长，拉长；倾注全力；紧张；一段时间， 一段路程， 连绵的一片； 伸展， 延伸
6335,undo,解开， 打开； 取消， 撤销
6336,accomplish,达到； 完成
6337,laser,激光
6338,mixture,混合， 混合物
6339,engine,引擎， 发动机； 机车
6340,responsible,需负责任的， 承担责任的； 有责任感的， 负责可靠的； 责任重大的， 重要的
6341,scope,范围； 余地， 机会
6342,democratic,民主的， 民主政体的
6343,medal,奖牌， 奖章， 勋章
6344,satellite,卫星， 人造卫星
6345,bullet,枪弹， 子弹， 弹丸
6346,recorder,录音机， 录像机； 记录装置， 记录仪
6347,identify,一致；认出，鉴定；把…等同于
6348,embrace,拥抱，怀抱；拥抱； 包括； 包围
6349,nitrogen,氮
6350,pour,灌， 倒； 倾泻
6351,label,标签；标记，符号；贴标签于； 把…称为
6352,improvement,改进， 改善； 改进处
6353,slippery,滑的； 狡猾的
6354,scissors,剪刀
6355,significance,意义， 含义； 重要性， 重大
6356,modify,更改， 修改； 修饰
6357,horizon,地平线； 眼界， 见识
6358,environment,环境， 外界； 围绕
6359,airplane,飞机
6360,pledge,保证，誓言；保证， 许诺
6361,progressive,前进的； 渐进的； 进行式的
6362,reservoir,水库， 蓄水池； 储藏， 汇集
6363,deliberate,故意的， 蓄意的； 慎重的， 深思熟虑的；仔细考虑， 思考
6364,swear,宣誓； 咒骂
6365,atmosphere,大气， 空气； 气氛， 环境
6366,decorate,装饰， 装潢， 修饰
6367,copyright,版权
6368,biotechnology,生物工艺学
6369,career,生涯， 职业， 经历
6370,occupation,占领， 占据； 职业； 从事的活动， 消遣
6371,tendency,趋向， 趋势， 倾向
6372,release,释放， 排放； 解除， 解脱； 放开， 松开； 发布； 发行
6373,charter,包租的， 租用的；宪章，共同纲领；特许状，许可证；包租；包，租
6374,slim,苗条的；薄的；少的；减轻体重， 变苗条
6375,arithmetic,算术， 四则运算
6376,rib,肋骨
6377,faulty,有错误的， 有缺点的
6378,liberate,解放， 释放
6379,rid,使摆脱， 解除…的负担， 从…中清除
6380,variation,变化， 变动； 变异； 变奏
6381,moral,道德的，有道德的；品行； 道德规范； 寓意
6382,defect,变节， 叛变；缺点， 缺陷， 欠缺
6383,reinforce,增强， 加强， 增援
6384,explode,爆炸； 激增； 发怒；使爆炸
6385,casual,偶然的； 非正式的； 临时的， 不定期的； 漠不关心的， 冷淡的
6386,decline,下降， 减少； 衰退， 衰落； 谢绝， 拒绝；下降，减少；衰退
6387,property,财产， 所有物； 房产； 物业； 性质， 性能
6388,succeeding,以后的， 随后的
6389,brave,勇敢的； 华丽的
6390,similar,相似的， 类似的
6391,viewpoint,观点， 看法， 见解
6392,anyhow,无论如何， 不管怎么说； 随随便便地， 杂乱无章地
6393,specify,指定； 详细说明
6394,whistle,吹口哨， 鸣笛声； 呼啸而过；口哨；呼啸而过
6395,handle,柄，把手；拿， 触； 操作， 处理
6396,forth,向前； 向外， 往外
6397,tough,困难的， 难对付的； 坚强的， 能吃苦耐劳的； 健壮的； 坚硬的， 严格的； 老的， 硬的； 粗暴的， 充满暴力的
6398,crossing,人行横道， 交叉口； 横渡
6399,script,剧本， 广播稿； 书写用的字母； 笔迹， 手迹
6400,submerge,淹没， 潜入水中
6401,system,系统； 制度， 体制； 方法， 做法； 身体
6402,compose,组成， 构成； 创作， 为…谱曲； 使平静， 使镇静
6403,spot,点，斑点；地点，处所；少量；认出， 发现； 玷污
6404,roller,滚筒， 滚轴
6405,partial,部分的； 不公平的； 偏爱的， 偏袒的
6406,aid,帮助； 救护； 助手； 辅助手段
6407,tone,腔调， 语气； 音调； 风格， 气度； 色调， 明暗
6408,confident,确信的， 肯定的； 自信的
6409,retain,保留， 保持
6410,swell,膨胀，隆起；增长，增强，增多，扩大；波浪起伏； 鼓起， 隆起； 增强
6411,skilled,有技能的； 熟练的； 需要技能的
6412,local,地方性的； 本地的； 局部的； 狭隘的
6413,remind,提醒， 使想起
6414,crude,简陋的， 天然的； 粗鲁的， 粗俗的
6415,manufacturer,制造商； 制造厂
6416,crew,全体船员； 一队工作人员
6417,valid,有效的； 正当的； 有根据的， 有理的
6418,withstand,抵挡， 反抗
6419,defeat,战胜， 挫败
6420,vacuum,用吸尘器清扫；真空；真空吸尘器
6421,encourage,鼓励， 怂恿； 促进， 助长， 激发
6422,bubble,冒泡； 沸腾；泡
6423,era,时代， 年代， 纪元
6424,yield,出产；让出，放弃；屈服，顺从；倒塌，垮掉；产量
6425,electronic,电子的；电子学； 电子设备
6426,vacation,假期， 休假
6427,outcome,结果
6428,elegant,优美的， 文雅的， 讲究的； 简练的， 简洁的
6429,tender,嫩的；脆弱的；疼痛的，一触即痛的；温柔的；提出；投标
6430,curriculum,课程， 全部课程
6431,meantime,其间， 同时
6432,powerful,强大的， 有力的， 有权的； 强壮的， 强健的
6433,slip,滑跤，滑落，溜；下降，跌落；悄悄放进；疏漏， 差错
6434,species,种， 类
6435,anchor,抛锚， 停泊； 把…系住， 使固定； 担任主持人； 固定， 扎根；锚；给人安全感的物
6436,preceding,在前的， 在先的， 前面的
6437,cite,引用， 引证； 传唤， 传讯； 表彰， 嘉奖
6438,logic,逻辑， 推理， 逻辑学
6439,acquaintance,认识， 了解； 熟人
6440,royal,王室的， 皇家的
6441,internship,实习生身份； 实习医师期
6442,shed,脱落，脱去；流出，流下；发出，散发；棚， 小屋， 货棚
6443,eyesight,视力， 目力
6444,precision,精确， 精密
6445,glove,手套
6446,screen,屏幕，银幕；屏风；帘，纱窗；掩蔽， 遮蔽； 放映， 播放； 审查， 甄别
6447,naked,裸体的； 无遮蔽的
6448,trial,试， 试验； 审判； 讨厌的人
6449,correspond,相符合， 相当； 通信
6450,spur,刺激物；刺激， 鞭策， 激励
6451,perception,感知， 觉察； 认识， 观念， 看法
6452,rear,后部的，背后的；后部，背面；后方；抚养， 饲养； 种植
6453,amongst,在…之中
6454,undertake,从事； 承担； 同意； 保证
6455,insect,昆虫， 虫
6456,bureau,局， 司， 处， 社， 所
6457,moist,湿润的， 潮湿的
6458,cable,缆， 索， 电缆； 电报
6459,qualify,胜任， 具有资格， 合格； 限定
6460,intense,强烈的； 紧张的； 认真的； 热情的
6461,pregnant,怀孕的， 妊娠的
6462,border,边，边缘，边界；给…加上边， 围； 邻接； 与…接壤
6463,estate,土地， 住宅区， 地产； 财产， 遗产； 庄园， 种植园
6464,applicable,能应用的； 合适的， 适当的
6465,admission,允许进入； 承认； 入场费， 入场券
6466,brass,黄铜， 黄铜器， 铜管乐器
6467,expense,花费， 消费； 费用， 开支； 业务费用
6468,rumour,谣传， 谣言
6469,contemporary,当代的；同时代的；同代人， 当代人
6470,gear,齿轮，传动装置，排挡；用具，设备；衣服；使适应， 使适合
6471,boundary,分界线， 边界
6472,rob,抢劫， 盗窃
6473,elderly,较老的，年长的；到了晚年的人， 老年人
6474,financial,财政的， 金融的
6475,rod,杆， 棒
6476,dumb,哑的； 无言的； 说不出话的
6477,respective,各自的， 各个的， 分别的
6478,media,新闻媒介， 传播媒介
6479,favour,好感；赞同；恩惠；赞同； 喜爱， 偏爱； 有利于
6480,pollute,弄脏， 污染； 腐蚀
6481,harden,变硬； 变得坚强
6482,eve,前夜， 前夕， 前一刻
6483,pronoun,代词
6484,define,给…下定义， 限定
6485,dictate,口授； 命令， 规定， 要求；命令， 指挥
6486,construction,建造； 建筑物； 结构
6487,predict,预言， 预告， 预测
6488,dump,倾卸，倾倒；倾销；垃圾场
6489,render,使得， 致使； 给予， 提供； 翻译
6490,universal,普遍的； 通用的； 全世界的
6491,chemist,化学家， 药剂师
6492,frontier,边境， 边疆； 新领域
6493,abroad,到国外； 在传播， 在流传
6494,radical,根本的，基本的；激进的，激进派的；激进分子
6495,relieve,使轻松， 使宽慰， 缓解； 使得到调剂； 接替
6496,drawer,抽屉
6497,requirement,要求； 必要条件； 需要， 需要的东西
6498,transport,运输；运输， 运输工具
6499,employment,工作； 雇用； 使用
6500,specific,特有的；具体的，明确的；详情， 细节
6501,application,申请， 申请书； 施用， 涂抹； 应用， 实施； 实用性
6502,engage,使从事； 聘用； 吸引； 占用； 使订婚
6503,acre,英亩
6504,whisper,低声地讲；低语， 耳语
6505,appetite,食欲， 胃口； 欲望
6506,semester,学期
6507,strategy,战略， 策略
6508,dull,乏味的， 单调的； 晦暗的， 阴沉的； 低沉的； 笨的； 钝的
6509,collapse,倒坍；塌下；突然失败；突然瓦解
6510,clumsy,笨拙的， 愚笨的； 粗陋的； 不得体的
6511,territory,领土， 版图； 领域
6512,concession,让步， 妥协； 特许， 特许权； 承认， 认可
6513,accurate,准确的， 正确无误的
6514,maintain,维持； 维修， 保养； 主张； 赡养
6515,shift,移动，转移；改变，转变；转换， 转变； 轮班
6516,echo,重复， 模仿； 发出回声；回声；反响，共鸣
6517,erect,竖直的， 垂直的；建造；使竖立
6518,bargain,讨价还价；特价商品；协议，交易
6519,professional,职业的，专业的，专门的；自由职业者， 专业人员
6520,elective,选举的，有选举权的；可任意选择的；选修课程
6521,accusation,谴责； 【律】 指控
6522,protein,蛋白质
6523,annual,每年的，一年一次的；年报， 年鉴； 一年生的植物
6524,exclusive,奢华的，高级的；独有的，独享的；排斥的，排他的；不包括…的，不把…计算在内的；独家新闻
6525,jar,感到不快； 震动， 摇动；罐子，坛子，广口瓶
6526,poverty,贫穷， 贫困
6527,resort,求助，凭借，诉诸；求助， 凭借， 诉诸； 求助的对象， 采用的手段； 常去之地， 胜地
6528,goodness,天哪；善良， 美德， 好意
6529,lightning,闪电， 电光
6530,jaw,颌， 颚
6531,margin,页边空白； 差数， 差额； 余地； 边缘
6532,remain,剩下，余留；保持；仍然是；残余； 残骸； 遗迹
6533,amaze,使惊奇， 使惊愕
6534,refine,精炼， 精制， 提纯； 使优美， 使完善
6535,mount,登上；发起；安放；增加，加剧；山， 峰
6536,demand,要求， 需要； 查问
6537,mystery,神秘； 神秘的人
6538,atomic,原子的， 原子能的， 原子武器的
6539,deposit,使沉淀；存放，储蓄；定金， 押金； 存款； 矿藏
6540,centimetre,公分， 厘米
6541,telescope,望远镜
6542,rotten,腐烂的； 令人不愉快的； 糟糕的
6543,skillful,灵巧的， 娴熟的
6544,flash,闪， 闪烁； 飞驰；闪光；闪光灯
6545,accuse,指责， 归咎于
6546,housing,房屋， 住宅； 住房建筑， 住房供给； 外壳， 外罩
6547,devil,魔鬼， 恶魔； 家伙， 人
6548,guarantee,保证；保证书；担保物；保证， 担保
6549,recommend,推荐， 举荐； 劝告， 建议； 使成为可取； 使受欢迎
6550,acquire,取得， 获得， 学到
6551,fertile,肥沃的； 多产的； 丰富的
6552,automobile,汽车， 机动车
6553,notion,概念， 观念； 意图， 想法， 念头
6554,diversity,多样性； 差异； 不同点
6555,helicopter,直升机
6556,tractor,拖拉机， 牵引车
6557,patience,忍耐， 耐心
6558,grace,优美，优雅；风度，魅力；宽限，缓期；使优美
6559,advertisement,广告， 公告， 登广告； 广告活动， 宣传
6560,ripe,熟的； 时机成熟的
6561,attribute,把…归因于；属性
6562,mechanism,机械装置； 机制， 机理； 办法， 途径
6563,detection,察觉， 发觉； 侦查， 探测
6564,triumph,成功；凯旋，胜利
6565,vice,罪恶； 恶习， 缺点； 虎钳
6566,horror,恐怖； 憎恶； 令人恐怖的事物
6567,poison,毒，毒药；毒害
6568,thoughtful,沉思的； 体贴的
6569,gram,克
6570,empower,授权于； 使能够
6571,riot,聚众闹事；暴乱，骚乱；极度丰富；把浪费在放荡的生活上
6572,arouse,引起； 唤起， 唤醒
6573,nest,筑巢；巢，窝，穴
6574,tour,旅行， 游历
6575,calm,静的，平静的；平静， 镇静
6576,boring,令人厌烦的， 乏味的， 无聊的
6577,classic,最优秀的，典型的，标准的；传统式样的，典雅的；文学名著， 经典作品， 杰作； 优秀的典范； 古典文学， 古典语文研究
6578,ownership,所有， 所有制
6579,metric,公制的， 米制的
6580,absolute,十足的， 地道的； 绝对的， 完全的； 不受任何限制的
6581,ash,灰， 灰末； 骨灰
6582,describe,形容； 描写； 画出
6583,suck,吸， 吮， 啜； 吸收
6584,grab,抓取，攫取；赶紧做；抓住；抓，夺；抓， 夺
6585,rub,擦， 摩擦
6586,presently,不久， 一会儿； 现在， 目前
6587,wealthy,富有的， 富裕的
6588,rug,地毯
6589,jazz,爵士音乐， 爵士舞曲
6590,dusk,薄暮， 黄昏； 幽暗
6591,administration,管理； 管理部门， 行政机关； 实行， 执行
6592,occasional,偶尔的， 间或发生的
6593,boast,自夸；自豪；自夸，吹嘘；以拥有…而自豪；自吹自擂， 自夸的话
6594,operator,操作人员； 话务员， 报务员
6595,debate,争论， 辩论
6596,spacecraft,航天器， 宇宙飞船
6597,furniture,家具
6598,segment,部分， 片段； 瓣
6599,stripe,条纹
6600,jet,乘喷气式飞机；喷气式飞机；喷嘴；喷射
6601,helpful,给予帮助的； 有用的
6602,statistic,统计数值， 统计资料； 统计学
6603,attractive,有吸引力的， 引起注意的
6604,superb,极好的； 高质量的
6605,mold,霉，霉菌；模型，铸模；性格；用模子制作， 塑造； 使形成， 影响…的形成
6606,engineering,工程， 工程学
6607,significant,相当数量的； 重要的， 意义重大的， 意味深长的
6608,bold,勇敢的； 鲁莽的； 粗体的， 黑体的； 醒目的
6609,bleed,出血， 流血； 泌脂；勒索…的钱
6610,delicious,美味的； 芬芳的， 怡人的； 有趣的
6611,catalogue,目录；为…编目录，把…列入目录中
6612,whatever,[用于否定句中以加强语气]任何； 无论什么
6613,decrease,减少
6614,volunteer,自愿提供； 自愿， 志愿；志愿者；志愿兵
6615,museum,博物馆
6616,ignorance,无知， 愚昧
6617,senate,参议院， 上院
6618,trumpet,喇叭，小号；大声宣告， 鼓吹
6619,bolt,螺栓，插销；闩门
6620,string,连成一串； 排成一行前进；线，细绳；一串，一行；缚，扎，挂；串起，穿；使排成一列；伸展，拉直
6621,import,输入， 进口；输入， 进口； 进口商品； 意义， 重要性
6622,occupy,占领， 占， 占有
6623,submit,屈从， 听从， 服从；呈送，提交；主张，建议；使服从，使降服
6624,mood,心情， 情绪； 语气
6625,boom,激增， 繁荣， 迅速发展； 发出隆隆声；激增，繁荣，迅速发展；隆隆声，嗡嗡声
6626,absence,缺席， 不在； 缺席的时间， 外出期； 缺乏， 不存在
6627,attract,吸引， 引起…注意
6628,edition,版， 版本， 版次
6629,simplicity,简单， 简易； 朴素
6630,cautious,十分小心的， 谨慎的
6631,disappear,不见， 失踪， 消失
6632,summit,最高点， 峰顶； 最高级会议
6633,recession,衰退， 衰退期
6634,conclusion,结论， 推论； 结尾； 缔结， 议定
6635,typist,打字员
6636,durable,耐久的， 耐用的
6637,negative,否定的，消极的；负的；阴性的；负片， 底片； 负数
6638,impose,利用， 占便宜； 欺骗；把…强加于；征
6639,ally,结盟， 联合；同盟国， 同盟者； 支持者
6640,statement,陈述， 声明； 结算单， 报表
6641,hence,因此， 所以； 今后
6642,memorial,纪念的，悼念的；纪念碑， 纪念堂， 纪念仪式
6643,factor,因素； 因子； 系数
6644,boot,靴子， 长筒靴； 行李箱； 解雇
6645,pinch,捏，拧；撮， 微量
6646,delivery,投递， 交付； 分娩； 讲话方式； 投递的邮件
6647,rack,挂架，搁架；使痛苦， 折磨； 尽力使用
6648,election,选举； 选择权； 当选
6649,conquer,征服， 战胜； 破除， 克服
6650,learned,有学问的； 学术上的
6651,substance,物质； 实质； 大意， 要旨； 根据， 理由
6652,frown,皱眉， 蹙额
6653,bond,黏合， 结合；联结，联系；公债；契约，合同
6654,target,目标；把…作为目标； 瞄准
6655,wax,蜡，蜂蜡；给…上蜡
6656,grind,磨， 磨快
6657,urban,城市的， 都市的； 住在都市的
6658,furthermore,而且， 此外
6659,guidance,引导， 指导， 领导
6660,risk,危险，风险；引起危险的事物；冒…的危险， 使遭受危险
6661,flame,火焰， 光辉； 热情
6662,container,容器； 集装箱
6663,leader,领袖， 领导人， 首领
6664,delicate,纤细的， 易碎的； 微妙的； 精美的
6665,discard,丢弃， 抛弃， 遗弃
6666,fancy,昂贵的； 别致的；想象力，设想；爱好；喜欢；想象，猜想
6667,rebel,反叛， 造反； 反对， 不服从；反叛分子， 反对者
6668,bounce,弹起，反弹；颠簸；弹， 反弹
6669,usage,使用； 对待； 惯用法
6670,tissue,组织； 薄绢， 薄纸， 手巾纸
6671,experimental,实验的， 试验的
6672,loosen,解开； 放松， 松弛
6673,rent,租借，租用；出租，出借；租金； 出租
6674,nearby,在附近；附近的
6675,carpenter,木工， 木匠
6676,cart,运货马车
6677,modest,谦虚的； 适中的； 羞怯的
6678,cast,投，扔，抛；浇铸；演员表， 全体演员； 石膏绷带； 铸型， 铸件； 投， 抛
6679,anxious,忧虑的， 令人焦急的； 渴望的
6680,hatred,憎恶， 憎恨， 仇恨
6681,crush,压碎， 碾碎； 摧毁， 压垮
6682,largely,大部分， 大量地
6683,slice,薄片，切片；部分；切， 削
6684,frost,结霜；冰冻，严寒；霜
6685,electron,电子
6686,incline,倾斜； 弯； 倾向于；斜坡
6687,truly,真正地； 忠实地
6688,cash,现金，现款；把…兑现
6689,counsel,律师，法律顾问；忠告，劝告；劝告， 提议
6690,item,条， 条款， 一条
6691,gene,基因
6692,liver,肝
6693,suicide,自杀
6694,violet,紫色的；紫罗兰
6695,hollow,空的， 空洞的； 沉闷的； 虚伪的
6696,trunk,树干； 大衣箱， 皮箱； 汽车后备箱； 象鼻
6697,saving,节省， 节约； 储蓄金， 存款
6698,rely,依靠， 依赖； 信赖， 指望
6699,hospitalize,就医
6700,slide,滑；悄悄地移动；滑动； 滑道， 滑面； 幻灯片
6701,utilize,利用
6702,sticky,黏性的， 胶黏的； 湿热的
6703,prevail,流行， 盛行
6704,waist,腰， 腰部
6705,excessive,过多的， 极度的
6706,flesh,肉， 肌肉， 肉体
6707,jungle,丛林， 密林， 莽丛； 乱七八糟的一堆
6708,portion,一部分，一份；分配， 把…分给
6709,settle,安排， 安放； 调停； 支付， 核算； 安家； 飞落， 停留； 安定
6710,pattern,型，式样，模型；仿制， 使照…样子
6711,harsh,严厉的； 粗糙的
6712,connexion,connection的英式拼法
6713,vehicle,车辆， 机动车； 传播媒介， 工具， 手段
6714,scrape,刮，擦；刮， 擦； 刮擦声
6715,hardship,艰难， 困苦
6716,confuse,使困惑， 把…弄糊涂； 混淆， 把…混同； 混乱， 搞乱
6717,cushion,垫子， 坐垫， 靠垫
6718,scold,责骂， 训斥
6719,glorious,光荣的； 壮丽的； 令人愉快的
6720,civilize,使文明， 使开化， 教育
6721,physician,内科医生
6722,architecture,建筑学； 建筑式样， 建筑风格
6723,stress,压力；强调；重要性；应力；重音；强调， 着重； 重读
6724,grip,握紧，抓牢；吸引住；紧握
6725,explore,探险， 探索； 仔细查阅， 探究
6726,display,陈列， 展览， 显示
6727,electricity,电
6728,climate,气候； 风土， 地带； 风气， 气氛
6729,conductor,售票员， 列车长； 指挥； 导体
6730,bore,使厌烦；钻，挖；令人讨厌的人
6731,crust,面包皮， 硬外皮； 外壳， 地壳
6732,disorder,混乱， 杂乱， 骚乱
6733,criticize,批评； 评论； 非难
6734,organization,组织， 团体， 机构
6735,rage,狂吹； 汹涌； 激烈进行； 发怒， 发火；狂怒，盛怒；风靡一时的事物，时尚
6736,width,宽阔， 广阔； 宽度
6737,dairy,乳制品的；牛奶场；乳制品
6738,board,搭伙； 膳宿；板，牌子；木板，纸板；委员会，董事会；伙食；上
6739,economic,经济的，经济学的；经济学； 经济状况
6740,stuff,材料，东西；装， 填， 塞； 让…吃饱
6741,arrest,逮捕，拘留；停止，阻止；吸引；逮捕， 拘留， 扣留
6742,widow,寡妇
6743,distinction,差别， 不同， 区分
6744,mature,成熟的；成年人的；深思熟虑的；到期的，应支付的；使成熟
6745,navy,海军
6746,fee,费； 酬金， 赏金
6747,section,部分， 章节； 部门， 科； 截面， 剖面
6748,influence,影响，作用；影响力，势力；产生影响力的人；影响
6749,whip,鞭笞；猛地移动；搅打成糊状；鞭子
6750,protocol,礼仪， 礼节； 草案， 议定书
6751,whale,鲸
6752,provoke,对…挑衅， 激怒； 激起， 引起
6753,threaten,威胁， 恐吓； 预示快要来临， 是…的征兆； 构成威胁； 可能发生
6754,talent,天才， 才能； 人才
6755,percentage,百分比， 百分率
6756,negotiate,洽谈， 协商； 顺利通过， 成功越过； 协商， 谈判
6757,strain,扭伤， 拉伤； 尽力； 拉紧；拉紧；过劳；极度紧张；张力；扭伤，拉伤；旋律；品种，家系；气质，个性特点
6758,hunt,打猎； 搜寻； 驱逐
6759,violin,小提琴
6760,remonstrate,抗议
6761,package,包裹，包装；一揽子交易；把…打包； 包装
6762,visible,可见的， 看得见的， 有形的
6763,crisis,危机， 存亡之际； 关键阶段
6764,rail,责骂， 抱怨；栏杆，横杆；铁轨，轨道；铁路
6765,survival,幸存； 幸存者， 残存物
6766,germ,微生物， 细菌； 幼芽
6767,inner,内部的； 内心的
6768,market,市场； 股市； 行情， 销路
6769,keen,热心的； 激烈的； 敏锐的， 敏捷的
6770,glimpse,看一眼，一瞥；瞥见；一瞥， 一看
6771,detective,侦探， 私人侦探
6772,transfer,搬， 转移； 调动， 转学； 转让， 过户； 乘车， 转乘
6773,footstep,脚步， 脚步声， 足迹
6774,veteran,老兵， 老手
6775,indifferent,冷漠的， 不积极的； 一般的， 平平的
6776,outside,外部的；在…的外面； 向…的外面； 除…以外；外部，外表
6777,nerve,神经； 勇敢， 胆量
6778,affection,感情； 爱， 爱慕
6779,eagle,鹰
6780,cruise,航游，巡航；缓慢巡行；航游， 游弋
6781,elementary,基本的， 初级的
6782,topic,题目， 论题， 话题
6783,solemn,庄严的， 隆重的； 严肃的
6784,perceive,感知， 感觉， 察觉； 认识到， 意识到； 理解
6785,omit,省略； 遗漏
6786,embarrass,使窘迫， 使为难
6787,option,选择， 选择权， 选择自由； 选择的事物或人， 选课
6788,erroneous,错误的， 不正确的
6789,raid,袭击； 突入查抄， 突入搜捕； 劫掠
6790,politics,政治， 政治学； 政纲， 政见
6791,acute,严重的； 急性的； 灵敏的， 敏锐的； 精明的
6792,limitation,限制， 限度； 局限
6793,sponsor,发起者；发起； 资助， 赞助； 支持
6794,kindergarten,幼儿园
6795,unexpected,想不到的， 意外的
6796,crucial,至关重要的， 决定性的
6797,contribute,捐献， 捐款； 投稿
6798,faith,信任； 信心； 信仰， 信条； 忠诚
6799,generator,发电机； 发生器
6800,insert,插入， 嵌入； 登载
6801,remark,说；评论说；话语； 谈论， 评论
6802,forbid,禁止， 不许， 阻止
6803,microscope,显微镜
6804,necessarily,必要地； 必然
6805,highlight,强调，突出，使显著；最精彩的部分； 最重要的事件
6806,candidate,候选人； 投考者， 申请求职者
6807,billion,十亿
6808,parallel,平行的；类似的；并列的，并联的；可相比拟的事物；相似处；平行线，平行面；纬线；与…平行； 与…相似， 与…相当， 比得上
6809,reject,拒绝； 拒纳， 退回；次品
6810,patient,忍耐的，有耐心的；病人
6811,cashier,出纳
6812,sheer,垂直地，陡峭地；急转向， 偏离；完全的，十足的；陡峭的，垂直的；极薄的，透明的
6813,miracle,奇迹， 令人惊奇的人
6814,profit,受益；益处；利润，收益；有益于，有利于
6815,original,最初的；新颖的；原版的；原件， 原作
6816,wit,风趣； 妙语； 智力， 才智， 智能
6817,handful,一把， 少数， 一小撮
6818,assignment,任务， 指定的作业； 分配， 指派
6819,nylon,尼龙
6820,yawn,打呵欠；呵欠
6821,electric,电的， 电动的
6822,terminal,晚期的，不治的；末端的，终点的，极限的；终点； 终端； 接线端
6823,kingdom,王国； 领域； 界
6824,differ,不同， 相异； 发生分歧
6825,various,各种各样的， 不同的
6826,latter,后者的； 后一半的
6827,depression,抑郁， 沮丧； 不景气， 萧条； 洼地， 凹陷
6828,reduction,减少， 缩小； 下降， 降低
6829,extent,广度； 范围； 程度
6830,equivalent,相等的，等量的；相等物， 等价物
6831,gaol,监禁；监狱
6832,conversely,相反
6833,sauce,调味汁， 作料
6834,ban,取缔，查禁；禁止；禁止， 禁令
6835,fascinate,有吸引力， 迷人；迷住，强烈吸引
6836,suffer,遭受， 忍受， 容许； 受痛苦， 受损
6837,diplomatic,外交的， 从事外交的； 策略的， 有手腕的
6838,bat,蝙蝠； 球棒， 球拍
6839,neighbourhood,四邻； 附近； 接近
6840,draft,草稿；汇票；征兵；通风；起草； 征募
6841,complex,由许多部分组成的， 复合的； 复杂的， 难懂的
6842,rank,给…评定等级； 列入， 占特定等级；军衔，职衔；地位，社会阶层；排，行列
6843,assumption,假定， 臆断； 担任， 承担
6844,pension,养老金，抚恤金；发给…养老金
6845,giant,巨大的；巨人，巨物；才智超群的人
6846,fluid,流动的；流体，液体
6847,bay,湾； 分隔间
6848,outlet,出口， 出路； 发泄途径
6849,neglect,疏于照料；疏忽；疏忽
6850,addition,加， 加法； 附加物
6851,gang,聚集， 结成一伙；一帮，一伙
6852,shrink,起皱； 收缩； 退缩， 畏缩
6853,ancestor,祖宗， 祖先； 原型； 先驱
6854,textile,纺织的；纺织品；纺织业
6855,former,在前的；前者
6856,panic,恐慌， 惊慌失措；恐慌，惊慌，慌乱
6857,extend,延长， 扩大； 提供， 给予； 伸展， 达到
6858,fold,折叠，合拢；褶， 折叠的部分
6859,plastic,塑料的；可塑的；塑料， 塑料制品； 信用卡
6860,globe,地球， 世界； 地球仪； 球体
6861,chemical,化学的；化学制品
6862,interpretation,解释； 口译； 艺术处理
6863,ax,斧子
6864,intermediate,中间的； 中级的
6865,folk,人们； 家属， 亲属； 大伙儿， 各位
6866,consideration,考虑， 思考， 要考虑的事； 体贴， 关心
6867,competitive,竞争的， 比赛的； 好竞争的， 求胜心切的； 有竞争力的
6868,enquiry,询问
6869,applause,鼓掌， 掌声
6870,frank,坦白的， 直率的
6871,abuse,滥用； 虐待， 伤害； 辱骂， 毁谤
6872,prove,证实， 证明； 结果是
6873,scheme,密谋， 策划；计划，方案；阴谋
6874,affect,影响； 感动
6875,deaf,聋的； 不愿听的
6876,admire,钦佩， 羡慕； 赞赏， 称赞， 夸奖
6877,consequently,因此， 因而， 所以
6878,virus,病毒； 病毒性疾病， 病毒病
6879,drain,排去，放水；耗竭； 排水沟， 排水管
6880,isolate,使隔离， 使孤立
6881,sailor,水手， 海员
6882,amuse,逗…乐， 给…娱乐
6883,inward,向内；里面的；内心的
6884,responsibility,责任， 责任心； 职责， 义务
6885,enquire,询问
6886,civil,公民的； 文职的； 民用的； 民事的， 民法的； 文明的
6887,popularity,普及， 流行； 声望
6888,subsequent,随后的， 后来的
6889,indicate,标示， 表示， 表明
6890,scarcely,几乎不， 简直不； 决不； 刚刚， 才
6891,panel,专门小组； 面， 板； 控制板， 仪表盘
6892,outstanding,突出的， 杰出的； 未解决的； 未偿付的
6893,charge,索价；控告；充电，充满；向前冲；费用； 管理； 控告， 指责； 电荷， 充电
6894,sew,缝制， 缝纫
6895,oval,椭圆形的；椭圆形
6896,column,柱， 支柱， 圆柱； 纵队； 栏， 专栏
6897,procedure,程序， 手续， 步骤
6898,sample,样品，试样，样本；从…抽样； 品尝， 体验
6899,integrate,成为一体， 合并
6900,survivor,生还者； 残存物
6901,applicant,申请人
6902,tropical,热带的； 炎热的
6903,partner,做…的搭档；伙伴，合伙人，搭档，配偶
6904,plunge,纵身投入， 猛冲； 猛跌
6905,diagnose,诊断
6906,somewhat,有点儿；一点儿
6907,earnest,认真的， 诚恳的
6908,spider,蜘蛛
6909,interview,接见， 会见； 面谈， 面试； 采访
6910,essential,必要的；本质的；要素； 必需品
6911,clarify,澄清， 阐明
6912,furnace,炉子， 熔炉， 鼓风炉
6913,ditch,沟， 沟渠， 渠道
6914,deck,甲板， 舱面； 层面
6915,scare,吓， 使害怕； 受惊吓， 感到害怕；惊恐，恐慌
6916,thunder,打雷， 轰隆响； 大声喊， 吼；雷，雷声；擂鼓般的响声，轰隆声
6917,observe,注意到， 观察； 评说； 遵守
6918,humorous,幽默的， 诙谐的
6919,furnish,供应， 提供； 装备
6920,bet,打赌；敢说，确信；打赌； 赌金， 赌注
6921,contact,接触；联系，交往；与…接触， 与…取得联系
6922,rare,稀有的， 冷僻的； 珍奇的； 出类拔萃的； 稀薄的； 煎得嫩的
6923,discharge,释放， 排出； 卸货；释放， 放电
6924,exclude,把…排除在外
6925,scary,引起惊慌的
6926,criticism,批评， 批判； 评论， 评论文章
6927,utmost,最远的；极限
6928,image,像； 形象； 映像； 形象的描述
6929,consultancy,咨询公司
6930,ribbon,缎带， 丝带； 色带
6931,garbage,垃圾， 废物； 废话； 无用的资料
6932,complain,抱怨， 诉苦； 控告， 投诉
6933,mainland,大陆
6934,homogeneous,同种类的， 同性质的， 有相同特征的
6935,anxiety,焦虑， 忧虑； 渴望， 热望
6936,temptation,诱惑， 引诱
6937,adjust,调整， 调节， 校正
6938,popularize,普及
6939,burst,爆裂，爆炸；挤满；突然打开；突然发作；使爆炸；突然打开；爆炸
6940,vigorous,朝气蓬勃的； 有力的， 用力的
6941,debt,债， 债务， 欠债
6942,refrigerator,冰箱， 冷藏库
6943,necessity,必需品； 必要性， 需要
6944,fog,雾， 烟雾， 尘雾
6945,frame,框架，框子，构架；给…镶框； 陷害， 诬告； 制定； 表达
6946,lucky,幸运的， 侥幸的； 吉利的
6947,origin,起源， 起因； 出身， 血统
6948,industrialize,工业化
6949,clash,发生冲突；不协调；砰地相撞，发出刺耳的撞击声；冲突； 不协调； 刺耳的撞击声
6950,compel,强迫， 迫使屈服
6951,capable,有能力的， 有才能的
6952,depress,使沮丧； 使不景气； 削弱， 抑制
6953,parade,游行， 列队前进； 招摇而行；游行；检阅
6954,burden,重担，精神负担；加重压于， 烦扰； 负担， 装载
6955,precaution,预防； 防备， 警惕
6956,lemon,柠檬； 柠檬树； 柠檬黄， 淡黄色
6957,personality,人格， 个性； 人物， 名人
6958,plot,密谋， 计划； 绘制…的平面图， 在图上标绘…的位置；故事情节；计划，密谋；小块土地
6959,sanction,批准，认可；批准， 认可； 约束因素， 约束力； 国际制裁
6960,rate,被评价； 被列入特定级别；速度，速率；比率；价格，费用；等级；评估；给…定级，把…列为；值得，应得
6961,alert,警觉的，留神的，注意的；使认识到，使意识到；警戒， 戒备； 警报
6962,await,等候； 期待； 将降临到…身上
6963,sin,犯戒律， 犯过失；罪，罪孽
6964,client,委托人， 当事人， 顾客
6965,prosperity,繁荣， 兴旺
6966,divide,分，分开；分配，分享；除；产生分歧；分歧； 分界线， 分水岭
6967,contrary,相反的；相反
6968,lump,结块； 将…归并在一起；块，肿块
6969,digital,数字的， 数位的
6970,brilliant,光辉的； 卓越的
6971,historic,历史上著名的， 具有重大历史意义的
6972,oven,炉， 烤箱
6973,bound,跳跃；弹回，反跃；一定的；有义务的；跳跃；弹回，反跃；成为…的界限，给…划界；跳跃； 界限， 限制
6974,counter,柜台； 计数器； 筹码
6975,rhythm,韵律， 节奏
6976,stroke,中风；一举，一次努力；划桨，划水；击，敲；报时的钟声；笔画，一笔；抚摸；抚摸
6977,breed,繁殖； 养育， 培育； 酿成， 产生；品种
6978,management,管理； 处理； 管理部门； 管理人员
6979,publish,公布， 发表； 出版， 刊印
6980,realm,界， 领域， 范围； 王国， 国度
6981,correspondent,通讯员， 记者
6982,avoid,避免， 躲开； 撤销
6983,renew,重新开始， 继续； 更新； 恢复； 延长有效期
6984,bid,企图，努力；喊价，出价，投标；喊价， 投标， 出； 祝， 表示； 命令
6985,prompt,敏捷的，及时的；促使，推动；提示；提示台词， 提示
6986,astonish,使惊讶， 使吃惊
6987,comprehensive,广泛的， 综合的； 理解的
6988,tunnel,挖， 开；隧道，坑道，地道
6989,withdraw,收回， 撤回； 撤退
6990,assign,指派， 分配， 布置； 指定
6991,elaborate,复杂的； 精心制作的；详述， 详细制订
6992,feather,羽毛， 翎毛
6993,corridor,走廊， 回廊， 通路
6994,decade,十年， 十年期
6995,expert,熟练的；专家
6996,select,精选的， 挑选出来的； 优等的， 第一流的；选择，挑选
6997,fulfill,履行， 实现， 完成； 满足， 使满意
6998,crowd,聚集； 挤满； 挤； 推；群，一批
6999,congress,代表大会； [C-]国会， 议会
7000,advanced,先进的； 高级的； 年迈的； 后阶段的
7001,mechanical,机械的， 机械制造的； 机械学的， 力学的； 呆板的
7002,recommendation,推荐， 推荐信； 建议； 优点， 可取之处
7003,welfare,幸福； 福利， 福利救济
7004,flourish,繁荣，茂盛，兴旺；挥动
7005,output,产量；输出；输出功率；输出
7006,fatigue,疲劳；疲劳，劳累
7007,striking,显著的， 突出的； 惹人注目的， 容貌出众的
7008,vessel,容器； 船； 飞船； 管
7009,majority,多数， 大多数
7010,drag,拖，拉；迫使，硬拉；拖着脚步走；累赘； 一吸， 一抽
7011,crown,王冠， 冕
7012,likely,可能；可能的；适合的
7013,inquire,打听， 询问； 调查
7014,gymnasium,体育馆， 健身房
7015,issue,发行， 分发， 发出；问题；发行，分发
7016,vain,徒劳的； 自负的
7017,lower,较低的；下面的；放下， 降低
7018,index,索引； 指数， 指标
7019,fry,油煎， 油炸， 油炒
7020,youngster,青年， 年轻人， 孩子
7021,odd,奇特的； 临时的； 奇数的； 单只的； 剩余的， 挂零的
7022,lung,肺
7023,conservation,保存； 保护； 守恒
7024,distraction,分心的事； 心烦意乱； 精神错乱； 娱乐， 消遣
7025,supplement,增补， 补充； 增刊， 副刊；增补， 补充
7026,contrast,形成对比， 对比之下显出区别；对比， 对照； 反差；对比，对照
7027,paragraph,段， 节
7028,judgement,意见； 审判； 判断
7029,proportion,比例； 部分， 份儿； 均衡， 相称
7030,widen,加宽， 变宽
7031,crystal,水晶， 结晶体， 晶粒
7032,occurrence,发生， 出现； 发生的事件
7033,inflation,通货膨胀； 膨胀
7034,thinking,深思的， 有理性的；想法，意见，见解
7035,cycle,循环（周期）；骑自行车
7036,disposal,丢掉， 销毁； 处理； 排列， 布置
7037,settlement,解决； 协议； 居留地
7038,delegate,代表， 代表团成员；委派…为代表； 授 ， 把…委托给
7039,literature,文学， 文学作品； 文献， 图书资料
7040,sphere,球， 球体； 范围
7041,inquiry,询问， 打听； 调查
7042,prejudice,偏见，成见；使有偏见； 对…不利， 损害
7043,dissolve,溶解； 解散； 消失， 减弱； 结束
7044,digest,消化； 领会；文摘； 摘要
7045,angle,角， 角度； 观点， 立场
7046,immigrant,移民， 侨民
7047,tradition,传统， 惯例
7048,ability,能力， 本领； 才能， 才智
7049,urgent,紧急的， 急迫的
7050,belief,信任， 相信； 信念
7051,bundle,捆，包，束；包袱；收集， 归拢； 把…塞入
7052,suggestion,建议， 意见； 细微的迹象； 暗示
7053,systematic,有系统的， 有计划的
7054,cupboard,柜橱； 碗碟橱， 食橱
7055,generally,一般地， 通常地； 普遍地
7056,bacon,咸肉
7057,likewise,同样地； 也， 又
7058,slender,细长的， 苗条的； 微薄的， 不足的
7059,troublesome,令人烦恼的， 麻烦的
7060,instruction,命令， 指示； 用法说明； 教学， 教导
7061,oral,口头的； 口的
7062,married,已婚的； 婚姻的
7063,transaction,办理， 处理； 交易， 业务； 会报， 学报
7064,conscious,意识到的， 自觉的； 神志清醒的； 有意的， 存心的
7065,fur,软毛， 毛皮， 裘皮； 毛皮衣服
7066,auto,汽车
7067,sigh,叹气， 叹息；叹息
7068,constant,经常的，不断的，连续发生的；永恒的；忠实的，忠诚的；常数， 恒量
7069,pants,长裤， 便裤； 内裤
7070,mislead,给…错误印象， 使误解； 把…带错路； 使误入歧途
7071,split,分裂，分离；被撕裂，裂开；分担，分享；裂口
7072,orchestra,管弦乐队
7073,publication,出版， 发行； 公布， 发表
7074,sufficient,足够的， 充分的
7075,claim,声称，主张；对…提出要求，索取；以…为其成果；需要，值得；要求， 认领， 索赔； 声称； 断言
7076,antique,古时的， 过时的；古物，古董
7077,sow,播， 播种
7078,widespread,分布广的， 普遍的
7079,petroleum,石油
7080,communication,通讯， 交流， 交际； 通信工具， 交通联系
7081,directly,直接地； 正好地， 截然； 立即
7082,tolerance,忍受， 容忍， 忍耐力； 公差
7083,kneel,跪， 跪下， 跪着
7084,porter,搬运工人； 看门人， 大楼管理员
7085,fasten,扎牢， 扣住
7086,contest,竞赛， 争夺；争夺， 与…竞争； 对…提出质疑， 辩驳
7087,author,著作家， 作者
7088,dirt,灰尘， 土； 污物， 污垢
7089,astrophysics,天体物理学
7090,greenhouse,温室， 暖房
7091,preserve,保护， 维持； 保存； 腌制
7092,plus,表示加的；正的；加，加上；加号， 正号
7093,establish,建立， 设立； 确立； 证实
7094,expansion,扩大， 扩充， 扩张， 膨胀
7095,relevant,有关的， 切题的
7096,entry,入口处； 登记； 进入； 参赛者名单； 条目
7097,license,许可，执照；准许
7098,synthetic,综合的， 合成的； 虚假的
7099,headquarters,司令部， 总部
7100,expand,扩大， 使膨胀
7101,gaze,凝视， 盯， 注视
7102,essay,短文， 散文， 小品文
7103,survey,俯瞰； 检查； 测量；调查， 勘察； 测量， 勘测； 全面审视， 概括论述
7104,plug,插头，插座；塞子，栓；把…塞住， 用…塞住
7105,bunch,集中， 挤在一起； 形成一束；群，伙；束，串，捆；使成一束
7106,thermometer,温度计， 寒暑表
7107,tense,拉紧的；紧张的；拉紧， 绷紧；时态
7108,postpone,延迟， 延期
7109,bride,新娘
7110,favourable,有利的， 赞成的； 顺利的
7111,hammer,锤击；锤，榔头
7112,candy,糖果
7113,seal,封铅，封条；印，图章；海豹；封
7114,mental,心理的， 精神的， 思想上的； 精神病的； 智力的
7115,decent,像样的， 过得去的， 体面的； 宽厚的， 大方的； 正派的； 合乎礼仪的， 得体的
7116,storage,贮藏； 贮藏量
7117,investigate,调查， 研究
7118,racial,种族的， 人种的
7119,switch,转换， 改变；开关，电闸；转换，改变
7120,niece,侄女， 外甥女
7121,considerable,相当大的； 重要的
7122,auxiliary,辅助的， 附属的； 后备的
7123,heal,愈合， 痊愈， 恢复健康；使愈合，治愈，使康复；调停，消除
7124,reserve,保留，留存；预订；储备； 保留； 拘谨， 矜持； 替补队员， 后备部队； 自然保护区
7125,somehow,由于某种原因， 不知怎么的； 以某种方式
7126,dive,跳水； 潜水； 俯冲
7127,brick,砖， 砖块， 砖状物
7128,sympathy,同情； 一致， 支持， 赞同
7129,heap,堆， 大量
7130,consumer,消费者， 用户， 消耗者
7131,rescue,营救， 救援
7132,cripple,跛子；残疾人；使跛； 使残疾
7133,highly,高度地， 极， 非常赞许地
7134,brief,简短的，短暂的；向…介绍基本情况，做…的提要；概要， 摘要
7135,keyboard,键盘
7136,initiative,主动性； 首创精神； 主动的行动， 倡议； 主动权
7137,recover,重新获得， 挽回； 恢复
7138,determine,决意；决定；查明；使下决心
7139,nature,大自然； 本性； 性质
7140,social,社会的； 交际的， 社交的
7141,medication,药物治疗； 药物
7142,drill,钻， 打； 训练；钻头；操练，训练
7143,intelligent,聪明的， 理智的
7144,whilst,当…的时候
7145,clerk,店员， 办事员， 职员
7146,lobby,向进行游说；大厅；休息室；院外活动集团
7147,acknowledge,承认， 承认…的权威； 告知收到， 确认； 对…表示感谢， 报偿
7148,equip,装备， 配备； 使有准备
7149,radiation,放射物， 辐射能； 辐射
7150,Christian,基督教的；基督教徒，信徒
7151,pulse,搏动， 跳动；脉搏；脉冲
7152,luxury,奢侈； 奢侈品
7153,spiritual,精神的， 心灵的； 宗教的
7154,worthwhile,值得花时间的， 值得做的
7155,mould,霉，霉菌；模型，铸模；性格，气质；用模子做， 浇铸； 使形成， 把…铸造成
7156,increasingly,日益， 越来越多地
7157,elbow,肘，肘部；用肘部， 用肘挤
7158,salad,色拉， 凉拌菜
7159,strategic,对全局有重要意义的， 关键的； 战略的
7160,vary,改变； 多样化
7161,readily,乐意地， 欣然地； 容易地； 很快地， 立即
7162,stoop,俯身，弯腰；堕落，自贬；弯腰， 曲背
7163,upper,上面的， 地位较高的
7164,rocket,迅速上升， 猛涨；火箭
7165,splendid,壮丽的； 极好的
7166,county,郡， 县
7167,respondent,回答者； 响应者； 被告
7168,episode,一个事件； 插曲， 片段； 连续剧的一集
7169,convenience,方便； 便利设施
7170,determination,决心， 决定； 确定
7171,discipline,纪律；训练；惩罚；学科；训练； 惩罚， 处罚
7172,behalf,利益
7173,evidently,明显地， 显然
7174,objective,客观的， 无偏见的；目标，目的
7175,injure,伤害， 损害， 使遭受损伤
7176,victimize,使受害， 使牺牲
7177,exert,尽； 运用
7178,province,省； 领域， 范围
7179,scandal,丑事， 丑闻； 流言蜚语； 反感， 愤慨
7180,horrible,令人恐惧的， 可怕的； 骇人听闻的； 极讨厌的， 使人不愉快的； 糟透的
7181,estimate,估计； 评价；估计； 评价， 看法
7182,strengthen,加强， 巩固
7183,drip,滴下，漏水；水滴； 滴水声
7184,injury,损害， 伤害； 受伤处
7185,exhibit,显示；陈列，展览；展览品
7186,brand,品牌；烙印；铭刻， 打烙印于； 加污名于， 谴责
7187,mushroom,迅速成长；蘑菇
7188,alcohol,酒精， 乙醇
7189,choke,使窒息； 塞满， 塞住
7190,proposal,提议， 建议； 求婚
7191,inevitable,不可避免的， 必然的
7192,deny,否定， 否认； 拒绝…的要求
7193,miserable,痛苦的； 悲惨的； 令人难受的
7194,recreation,娱乐活动， 消遣
7195,subtract,减， 减去， 去掉
7196,allowance,津贴， 补贴； 零用钱
7197,portable,便于携带的， 手提式的
7198,ancient,古代的， 古老的； 年老的， 看上去很老的
7199,glory,光荣， 荣誉的事； 美丽
7200,secondary,次要的， 第二的； 中等的； 辅助的， 从属的
7201,mission,使命， 任务； 使团
7202,attorney,律师， 代理人
7203,wander,漫游， 闲逛， 漫步； 偏离正道； 走神， 恍惚
7204,adopt,收养； 采用， 采取； 正式通过， 批准
7205,oppose,反对； 反抗
7206,singular,单数的； 非凡的， 奇特的； 独一无二的
7207,device,器械， 装置， 设备； 手段， 策略
7208,mainframe,主机， 大型机
7209,motor,发动机， 电动车
7210,minus,负的；减；负数；减号
7211,conservative,保守的，守旧的；不时兴的，传统的；保守的人
7212,access,接近；通道，入口；接近的机会；存取
7213,conference,会议， 讨论会； 讨论， 商谈
7214,activity,活动； 活力； 行动
7215,primitive,原始的，早期的；简单的；粗糙的；原人； 原始事物
7216,advisable,明智的， 可取的
7217,dormitory,集体寝室， 宿舍
7218,overcome,战胜， 克服； 压倒， 使受不了
7219,cooperate,合作， 协作； 配合
7220,cabin,小屋； 船舱， 机舱
7221,sum,共计；总数；金额；算术
7222,current,当前的， 通用的； 流行的， 流传的
7223,heel,脚后跟， 踵； 后跟
7224,variety,多样化； 种类； 变种
7225,disturb,打扰， 扰乱； 弄乱； 使不安
7226,copper,铜； 铜币， 铜制器
7227,persist,坚持， 持续
7228,audio,听觉的， 声音的
7229,civilian,平民， 百姓
7230,pump,泵；抽， 泵送， 打气
7231,pierce,刺穿， 穿孔于
7232,teenager,青少年
7233,apart,成距离，相间隔；分开，除去；分离的， 分隔的
7234,calendar,日历， 历书， 历法
7235,offensive,冒犯的，无礼的；进攻的，攻击性的；进攻， 攻势
7236,cartoon,卡通画， 幽默画； 动画片， 卡通片
7237,speculate,推测， 推断； 投机， 做投机买卖
7238,launch,发射，投射，发动；使下水；发射； 下水
7239,amid,在…中间， 在…之中， 被…围绕
7240,beloved,所钟爱的， 所爱戴的
7241,single,单一的；独身的；单程的；单程票；
7242,confirm,证实， 肯定； 确认； 批准
7243,cement,水泥，胶泥；黏结； 巩固， 使团结
7244,subway,地道； 地铁
7245,gallon,加仑
7246,acquaint,使认识， 使了解
7247,appoint,任命， 委任； 约定， 指定
7248,elastic,有弹性的， 灵活的；松紧带
7249,assist,援助， 帮助， 协助
7250,vast,巨大的， 大量的； 浩瀚的
7251,intervene,干涉， 调停， 干预； 插入， 介入； 干扰， 打扰
7252,undergraduate,大学本科生
7253,symbol,象征； 符号， 标志
7254,commercial,商业的， 商务的； 商品化的， 商业性的
7255,joint,连接的； 共同的；接头，接缝；关节
7256,reasonable,通情达理的， 讲道理的； 合理的； 公道的； 尚好的， 过得去的
7257,available,现成可使用的， 通用的； 可取的； 联系的； 可得到的
7258,confine,限制， 使局限； 使不外出， 禁闭
7259,advocate,拥护， 提倡， 主张；拥护者， 提倡者； 辩护者， 律师
7260,frequency,屡次； 次数， 频率
7261,horizontal,地平的， 水平的
7262,luggage,行李
7263,lick,舔，舔吃；打败，克服；轻拍，吞卷；舔； 少量， 少许
7264,missile,导弹， 飞弹， 投射物
7265,dynamic,有活力的；动力的；不断变化的；动力； 动力学
7266,satisfactory,令人满意的
7267,military,军事的，军用的；军队， 武装力量
7268,reluctant,不情愿的， 勉强的
7269,generate,发生， 引起； 生殖
7270,unusual,不平常的， 少有的； 独特的， 与众不同的
7271,sector,部门， 部分； 防御地段， 防区； 扇形
7272,passion,激情， 热情； 酷爱
7273,extreme,极度的；末端的；极端， 过分
7274,coil,卷，圈；线圈；卷
7275,ensure,保证； 保护
7276,coordinate,同等的， 并列的；协调， 调节；坐标
7277,organism,生物， 有机体； 机体， 有机组织
7278,athlete,运动员， 体育家
7279,epidemic,流行性的；传染的；流行病； 传播
7280,suppose,猜想， 假定， 让； [常用于被动语态]期望， 认为应该
7281,upright,挺直着， 竖立着；垂直的；正直的，诚实的
7282,remarkable,值得注意的， 引人注目的； 异常的， 非凡的
7283,brake,制动； 刹住， 用闸使放慢速度；闸，刹车
7284,tube,管， 电子管， 显像管
7285,naval,海军的
7286,failure,失败， 失败的人； 失灵， 故障； 不履行
7287,accountancy,会计工作； 会计学
7288,forge,打制， 锻造； 伪造
7289,carpet,地毯
7290,solve,解答； 解释； 解决
7291,hint,暗示， 示意；暗示，示意；细微的迹象；建议
7292,knot,打结；结；节疤；节；把…打成结
7293,demonstrate,说明； 论证； 表露
7294,region,地区， 地带， 区域； 范围， 幅度
7295,support,支撑；支持；供养；证实；支持， 支撑物， 支持者
7296,yearly,一年一度地；每年的
7297,deceive,欺骗， 蒙蔽， 行骗
7298,saucer,茶托， 碟子
7299,hire,租用； 雇用
7300,kid,戏弄， 开玩笑；小孩；年轻人
7301,donkey,驴； 笨蛋
7302,destination,目的地， 终点， 目标
7303,vertical,垂直的， 竖式的
7304,learning,学习； 学问， 知识
7305,monument,纪念碑， 纪念馆； 历史遗迹
7306,misconception,误解
7307,damp,潮湿的，微湿的；潮湿，湿气；使潮湿； 使沮丧； 抑制
7308,vivid,鲜艳的； 生动的， 栩栩如生的
7309,honey,蜜， 蜂蜜； 甜， 甜蜜； [常用于称呼] 宝贝儿
7310,screw,螺丝；固定， 拧紧
7311,gap,缺口； 间隔； 差距； 缺陷
7312,missing,缺掉的， 失踪的
7313,emphasize,强调， 着重
7314,virtue,善， 美德； 优点， 长处
7315,normal,正常的， 平常的； 正规的， 规范的
7316,socialist,社会主义者
7317,gradual,逐渐的， 渐进的； 坡度平缓的
7318,figure,出现； 合乎情理； 计算； 认为， 猜想；数字；人物；算术；体形，体态；轮廓；画像，塑像；图，图形
7319,ore,矿， 矿石
7320,slight,轻微的，微小的；侮慢；轻视，冷落
7321,previous,先的， 前的； 以前的
7322,transmit,传送， 传递； 传染； 播送， 发射
7323,socialism,社会主义
7324,consumption,消耗， 消费
7325,argue,争辩， 争论；争论，争辩，辩论；主张；说服
7326,technology,工艺学； 工艺， 技术
7327,weaken,削弱， 变弱
7328,voltage,电压
7329,damn,该死，见鬼〔表示很生气或失望〕；非常，很；该死的〔表示对某人或某事物生气〕
7330,superior,上级的，较高的；优越的；有优越感的，高傲的；上级， 长官
7331,location,位置， 场所； 外景拍摄地
7332,compensation,补偿， 赔偿
7333,bankrupt,破产的
7334,punctual,严守时刻的， 准时的
7335,advertise,为…做广告， 宣传； 公告； 登广告
7336,compromise,妥协； 危及； 放弃；妥协，和解，折中办法
7337,sack,麻袋，包；解雇；洗劫，劫掠；解雇； 洗劫， 劫掠
7338,software,软件
7339,seminar,研究班， 研讨会
7340,comparative,比较的， 相对的
7341,competition,竞争， 比赛
7342,fruitful,多产的， 肥沃的
7343,react,反应， 作出反应
7344,dragon,龙
7345,hesitant,犹豫的； 吞吞吐吐的
7346,beyond,在更远处， 再往后；在…的那边，远于；迟于；越出
7347,hell,地狱； 极大的痛苦
7348,feedback,回授， 反馈， 反应
7349,hazard,危险；公害；尝试着做； 冒…风险
7350,justify,证明…是正当的
7351,voluntary,自愿的， 志愿的
7352,connection,联系， 关系； 连接， 衔接； 连贯性； 熟人， 关系
7353,proof,耐…的， 能防…的；证据，证明；校样，样张
7354,timber,木材， 原木； 大木料， 栋木
7355,roar,吼叫，怒号，咆哮；轰鸣；大声喊出，大声表示；呐喊声， 咆哮声， 吼叫声； 轰鸣
7356,presence,出席， 到场； 存在； 仪表， 仪态
7357,phase,阶段； 方面； 相， 相位
7358,surrounding,附近的；四周的
7359,efficiency,效率； 功效， 效能
7360,overhead,在头顶上；在头顶上的，架空的；经常费用， 管理费用
7361,contract,缩小； 订合同； 感染， 染上；契约， 合同
7362,conclude,推断出， 推论出； 结束， 终了； 缔结， 议定
7363,comprehension,理解， 理解力， 领悟； 理解力测验
7364,beggar,乞丐；使贫穷
7365,leather,皮革， 皮革制品
7366,comb,梳子；鸡冠，冠状物；梳理； 在…搜寻； 彻底搜查
7367,innovative,创新的， 革新的
7368,insight,洞察力； 洞悉； 深刻见解
7369,fabric,织物， 纺织品； 结构
7370,revolutionary,革命的，革新的；革命者
7371,following,接着的，下列的；一批追随者
7372,exact,确切的，精确的；强求， 索取
7373,indoor,在室内， 在户内；室内的
7374,force,强迫；用力推动，用力打开；军队， 兵力； 暴力， 武力； 力， 力气； 影响力， 效力
7375,centigrade,百分度的； 摄氏的
7376,sexual,性的， 两性的； 性别的
7377,sympathetic,同情的； 和谐的； 赞同的， 支持的； 合意的
7378,freight,货运；货物；运费；运送
7379,range,变动； 漫游， 四处搜索； 使排列成行；一系列；范围；射程，距离；脉；射击场
7380,distribution,分发， 分配； 分布
7381,tyre,轮胎， 车胎
7382,derive,取得； 起源
7383,capacity,容量； 能力， 才能； 能量； 身份， 地位
7384,cope,应付， 处理
7385,overseas,在海外；在海外的
7386,impress,给人印象，引人注目；给…深刻印象；印，压印；印记； 特征
7387,confess,供认， 坦白； 承认
7388,leak,漏；泄露；漏洞
7389,ghost,鬼， 灵魂， 鬼魂
7390,feature,起重要作用；特征，特色；面貌；特写，专题节目；故事片；突出；由…主演
7391,lean,倾斜；屈身；靠；瘦的； 贫瘠的
7392,flat,平直地； 直截了当地；平的；固定的；漏气的；平淡的；沉闷的；浅的；一套房间，单元住宅
7393,recall,回忆； 召回， 叫回； 收回， 撤销
7394,leap,跳，跃；跳跃； 骤变
7395,waterproof,不透水的， 防水的
7396,barber,理发师
7397,precise,精确的， 准确的； 严谨的
7398,sensible,明智的； 合情理的； 有知觉的
7399,objection,反对， 异议； 反对的理由
7400,dispute,争论， 争执； 对…表示异议；争论
7401,precious,珍贵的， 宝贵的
7402,observation,注意， 观察； 言论， 评论； 观察资料
7403,tremble,发抖，哆嗦；摇动；颤抖； 摇晃， 摇动
7404,suspect,可疑的， 不信任的；疑有；推测；对…表示怀疑；嫌疑犯，可疑分子
7405,apologize,道歉， 谢罪， 认错
7406,inhabitant,居民， 住户
7407,fraction,小部分； 片断； 分数
7408,filter,过滤，透；走漏；滤纸， 过滤嘴
7409,sunlight,日光， 阳光
7410,site,地点，场所；使坐落在； 设置
7411,emotion,情感， 感情； 激动
7412,massive,大的， 大而重的； 大块的； 大量的， 大规模的
7413,cease,停止， 终止
7414,assess,对估价； 评价， 评论
7415,asset,资产， 财产； 有价值的特性或技能， 优点
7416,owe,欠； 应把…归功于； 感激， 感恩
7417,scarce,缺乏的， 不足的； 稀少的， 罕见的
7418,minimum,最低的， 最小的；最低限度；最小量
7419,queue,排队等候；长队，行列
7420,mathematical,数学的
7421,apology,道歉， 认错， 谢罪
7422,magic,有魔力的； 魔术的；魔法，魅力
7423,argument,争论， 辩论； 理由； 说理， 论证
7424,reveal,揭露， 泄露； 展现， 显示
7425,data,资料，数据
7426,theoretical,理论的
7427,adequate,足够的； 可以胜任的
7428,utter,完全的，彻底的；发出， 说， 讲
7429,onion,洋葱； 洋葱类植物
7430,vibrate,颤动
7431,drum,有节奏地敲击；鼓，鼓状物；圆桶
7432,sausage,香肠， 腊肠
7433,hopeful,有希望的
7434,tremendous,极大的， 非常的； 精彩的， 了不起的
7435,condense,冷凝， 凝结； 浓缩， 压缩， 简缩
7436,barrier,栅栏； 检票口； 屏障； 障碍， 隔阂
7437,realistic,现实的； 实际可行的； 现实主义的； 逼真的
7438,justice,正义， 公正； 司法
7439,create,创造； 引起， 产生
7440,criminal,犯罪的， 刑事的；犯人，罪犯，刑事犯
7441,tag,尾随；附加语；标签；给…加上标签
7442,notebook,笔记本
7443,curious,好奇的； 奇怪的
7444,indirect,间接的， 婉转的
7445,individual,个别的；独特的；个人， 个体
7446,resource,资源； 财力； 应付办法， 谋略
7447,ugly,丑陋的； 可怕的
7448,nuisance,讨厌的东西
7449,tax,税，税款；负担；对…征税； 使负担重， 使费尽力气
7450,earthquake,地震， 大震荡
7451,excitement,刺激， 激动， 兴奋； 令人兴奋的事， 刺激的因素
7452,nightmare,噩梦； 可怕的事物， 无法摆脱的恐惧
7453,cord,细绳， 粗线， 索； 灯芯绒裤
7454,ending,结尾， 结局； 死亡
7455,core,果实的心； 核心， 要点
7456,council,理事会， 委员会
7457,enforce,实施， 执行； 强制， 强迫， 迫使
7458,embassy,大使馆； 大使馆全体成员
7459,departure,离开， 起程， 出发； 背离， 违背
7460,dash,猛冲，击碎；使猛撞，飞奔；溅；猛冲； 破折号
7461,concrete,实在的， 具体的；混凝土；具体物
7462,penalty,处罚， 惩罚； 罚金
7463,sociology,社会学
7464,link,连接，联系；环节， 联系， 纽带
7465,flee,逃走， 逃掉， 逃离； 避开， 逃避
7466,distinct,与其他不同的； 清楚的， 明显的
7467,scale,大小，规模；等级，级别；天平，磅秤；比例；刻度，标度；鳞；攀登， 爬越
7468,recovery,恢复， 痊愈； 追回， 寻回， 收复
7469,hedge,用篱笆围； 避免直接回答；篱笆，树篱；障碍物
7470,tune,调子；和谐；调整， 调节； 为调音
7471,weep,哭泣， 流泪； 渗出
7472,aware,知道的， 意识到的
7473,drama,戏剧， 剧本； 戏剧性事件
7474,security,安全， 保障； 抵押品； 证券
7475,limp,软的；不强壮的；〔因一腿受伤而〕跛行，一瘸一拐地走；跛行
7476,award,奖，奖品；判定；授予， 给予； 判给， 裁定
7477,organize,组织， 把…编组； 使有条理
7478,marriage,结婚， 婚姻； 婚礼
7479,stove,炉， 火炉， 电炉
7480,alarm,惊恐；忧虑；警报；使惊恐； 使担心
7481,weed,除草；杂草，野草
7482,continual,连续的； 频频的
7483,herd,兽群，牧群；放牧
7484,limb,肢， 臂， 腿； 树枝
7485,balloon,气球， 玩具气球
7486,motion,打手势， 示意；运动；手势，眼色，动作；提议
7487,limited,有限的
7488,idle,空闲的，懒散的；无用的；虚度， 无所事事
7489,confidence,信任， 信赖； 信心， 自信
7490,arbitrary,随心所欲的， 专断的
7491,fearful,害怕的， 可怕的； 不安的， 忧虑的
7492,accent,口音， 腔调； 重音
7493,passive,被动的， 消极的
7494,fertilizer,肥料
7495,lorry,运货汽车， 卡车
7496,carrier,运输工具， 运载工具； 带菌者； 载重架， 置物架
7497,fragment,成碎片；碎片，破片，碎块
7498,corresponding,相应的， 符合的
7499,response,回答， 答复； 反应， 响应
7500,treaty,条约， 协议， 协定
7501,responsive,响应的； 敏感的， 易受影响的
7502,ounce,盎司
7503,challenge,挑战；邀请比赛；艰巨的任务；怀疑，质问；反对， 公然反抗； 向…挑战； 对…质疑
7504,emit,散发； 发射； 发表
7505,category,种类， 类， 类别
7506,rival,竞争的，对抗的；竞争对手，敌手；可与匹敌的人；与 …竞争； 与…匹敌， 比得上
7507,intend,想要， 打算； 意思是； 打算使
7508,snap,咔嚓折断，啪地绷断；吧嗒一声；猛咬；厉声说话，怒声责骂；仓促的， 突然的；吧嗒声；快照
